date,coef_a,coef_b
2012-12-13 13:14,0.24305503629421327,4.251435614015732
2012-12-13 13:24,0.46730550628890893,2.18337743628594
2012-12-13 13:34,0.49898092652453035,0.0
2012-12-13 13:44,0.47169190552994866,2.2966864187093354
2012-12-13 13:54,0.7253594998238436,1.1630047196912385
2012-12-13 14:04,0.7730296357279844,0.21675450326717696
2012-12-13 14:14,0.850699658820299,0.6125180373196588
2012-12-13 14:24,0.6019111801607345,1.8498773371901498
2012-12-13 14:34,0.9396444685809536,0.3304329736793781
2012-12-13 14:44,0.804582335544748,0.9377899644848539
2012-12-13 14:54,0.7802276219865809,1.0470530632903434
2012-12-13 15:04,0.8209111968355628,0.8639077390086629
2012-12-13 15:14,0.8935282923667182,0.0
2012-12-13 15:24,0.8820579955264586,0.0
2012-12-13 15:34,1.004417271011051,0.03835106738432784
2012-12-13 15:44,0.9392253472934265,0.3311761124876929
2012-12-13 15:54,1.0428597010110467,0.0
2012-12-13 16:04,1.0150383203013091,0.0
2012-12-13 16:14,0.714959763404065,0.5784619009857878
2012-12-13 16:24,0.8523612605293494,0.0
2012-12-13 16:34,0.8882723677716882,0.5559904534122713
2012-12-13 16:44,0.8714916873261683,0.6302510334629091
2012-12-13 16:54,1.0140483908015987,0.0
2012-12-13 17:04,0.9398665056781904,0.3203169593536638
2012-12-13 17:14,1.0434238695991631,0.0
2012-12-13 17:24,1.049462618737172,0.0
2012-12-13 17:34,0.748227198122023,1.1803626841151913
2012-12-13 17:44,0.7432082041265632,0.0
2012-12-13 17:54,0.7109253712845116,1.3467354169506873
2012-12-13 18:04,0.8293711706618105,0.8134775347176622
2012-12-13 18:14,0.6610113657325094,1.5704933314411846
2012-12-13 18:24,0.6462963292278142,1.6360312921818039
2012-12-13 18:34,0.7628688472616134,0.0
2012-12-13 18:44,0.748780437881283,0.0
2012-12-13 18:54,0.5108962283399053,2.241552454101278
2012-12-13 19:04,0.7431405525708226,1.1953589303703775
2012-12-13 19:14,0.8781822304826429,0.5854623005278053
2012-12-13 19:24,0.7359560523927079,1.2226348257974526
2012-12-13 19:34,0.7060276543621372,1.2744376703805722
2012-12-13 19:44,0.4828810568610788,2.2782476079698566
2012-12-13 19:54,0.656037288850188,1.4993425910874933
2012-12-13 20:04,0.38622907529972084,2.7912021172969532
2012-12-14 01:34,0.33247875190029524,2.810057530340495
2012-12-14 01:44,0.24182042275259605,3.2378448860499303
2012-12-14 01:54,0.3442310709528203,2.789926583340362
2012-12-14 02:04,0.25994456946737,3.1590246417283394
2012-12-14 02:14,0.24717460539798605,4.061807254968559
2012-12-14 02:24,0.287174580128418,3.0044653875130787
2012-12-14 02:34,0.5344726620048725,2.80624796027212
2012-12-14 02:44,0.26334315772214917,4.026886629470191
2012-12-14 02:54,0.6109400694332243,2.3701990401825785
2012-12-14 03:04,0.46565385810718246,2.2551209342305376
2012-12-14 03:14,0.5430719032641068,1.9079332854896427
2012-12-14 03:24,0.6042722075464851,1.630178928906138
2012-12-14 03:34,0.5756855925858174,2.5229737987397667
2012-12-14 03:44,0.7440742440447173,1.770365534410074
2012-12-14 03:54,0.7618403985749379,1.694419634164034
2012-12-14 04:04,0.8742122914600262,0.3382231978732656
2012-12-14 04:14,0.8086544660946224,0.024980942767831978
2012-12-14 04:24,0.8698579989552414,0.36189851030262626
2012-12-14 04:34,0.5651280354600893,2.587815676252377
2012-12-14 04:44,0.9989833672792953,0.6370684971803857
2012-12-14 04:54,0.7830050037275721,1.6064793949476954
2012-12-14 05:04,0.8255707411604664,0.0
2012-12-14 05:14,0.758291401209725,0.0
2012-12-14 05:24,0.7220584273368645,1.1107637146269478
2012-12-14 05:34,0.5586904736036159,2.730301196136824
2012-12-14 05:44,0.8596670256689755,0.0
2012-12-14 05:54,0.5338186826171565,2.8558385698873465
2012-12-14 06:04,0.5951557655228799,1.6959339010361059
2012-12-14 06:14,0.5269015025865983,1.9909136919306076
2012-12-14 06:24,0.4398152772030947,2.380015261223594
2012-12-14 06:34,0.46570730919991704,3.134507085318709
2012-12-14 06:44,0.3836997259551346,3.496518608257999
2012-12-14 06:54,0.4572891080971119,3.1656500297911108
2012-12-14 07:04,0.2928930424583361,3.904766910747216
2012-12-14 07:14,0.5036910072296279,0.9951726356566789
2012-12-14 07:24,0.3776249507903799,2.64401283194553
2012-12-14 07:34,0.42000498319045826,2.539140468085695
2012-12-14 07:44,0.4454940938863207,3.3052369676455076
2012-12-14 07:54,0.30425490784606224,3.9466929577426577
2012-12-14 08:04,0.24010328812152465,3.3669116959160736
2012-12-14 08:14,0.27913308918063134,3.2122425966370667
2012-12-14 08:24,0.22163410504005862,4.385565163943063
2012-12-14 14:04,0.15488536640083073,3.4666817460520245
2012-12-14 14:14,0.2151345451161386,3.1806572626856853
2012-12-14 14:24,0.26637015775822415,2.3727678007790285
2012-12-14 14:34,0.13031510636382673,5.115977718542067
2012-12-14 14:44,0.3070746431731718,2.1742350221308318
2012-12-14 14:54,0.349898546015681,1.263656531138375
2012-12-14 15:04,0.2907087769114539,2.739020360526115
2012-12-14 15:14,0.3634695794232996,3.082713891752259
2012-12-14 15:24,0.3529991786732565,3.1291328908232807
2012-12-14 15:34,0.5507581858728977,1.0607298664719467
2012-12-14 15:44,0.4448373831734144,2.719720841324094
2012-12-14 15:54,0.43995881744075616,0.0
2012-12-14 16:04,0.5389506405939883,2.260040583491653
2012-12-14 16:14,0.4592476938723521,2.618724576757228
2012-12-14 16:24,0.5661304484248488,2.137640890369955
2012-12-14 16:34,0.4366018025710255,0.0
2012-12-14 16:44,0.6166962620845515,0.7386508023412675
2012-12-14 16:54,0.6740741869193843,1.651755346430013
2012-12-14 17:04,0.7140827292214635,1.4716922754930515
2012-12-14 17:14,0.4436628591041175,0.0
2012-12-14 17:24,0.7554772023082292,1.2853928019726628
2012-12-14 17:34,0.7152932333245333,0.7968966322724635
2012-12-14 17:44,0.735477033779073,0.20404803973086488
2012-12-14 17:54,0.7456369269538144,0.660312260816282
2012-12-14 18:04,0.7045208275845498,0.8453383977264501
2012-12-14 18:14,0.48167642562714325,0.0
2012-12-14 18:24,0.5375834381817038,4.608713861702606
2012-12-14 18:34,0.5767276826017308,2.0898017202458745
2012-12-14 18:44,0.6026371973106728,4.315943433386499
2012-12-14 18:54,0.6079829484233177,1.2797628533519896
2012-12-14 19:04,0.5496636071271473,0.0
2012-12-14 19:14,0.5946832557182224,2.1000170963495948
2012-12-14 19:24,0.5999451467593151,1.9851239005545067
2012-12-14 19:34,0.6152837222088275,1.9157278052376998
2012-12-14 19:44,0.3741326799517751,5.343949376896544
2012-12-14 19:54,0.43600342134976133,2.1396383725536383
2012-12-14 20:04,0.27997927523332566,5.918156180785256
2012-12-14 20:14,0.3437629609626284,3.236944809906636
2012-12-14 20:24,0.47832709557832487,0.23779257939684495
2012-12-14 20:34,0.34769501603240155,3.296473489600792
2012-12-14 20:44,0.2490950064259966,6.161296055147569
2012-12-14 20:54,0.38350546897965415,3.1223581631619797
2012-12-15 02:24,0.45672017878058674,0.0
2012-12-15 02:34,0.41698467664850597,0.8012155545971344
2012-12-15 02:44,0.453513841448219,3.301692379399429
2012-12-15 02:54,0.5452546995572469,2.7807540791186187
2012-12-15 03:04,0.4747120592954422,3.0944794398897466
2012-12-15 03:14,0.5802983659700168,2.616457665862895
2012-12-15 03:24,0.7046491780261069,2.0533515328247685
2012-12-15 03:34,0.6156224569072749,2.4496608227176777
2012-12-15 03:44,0.6658694666534967,2.2184154145191046
2012-12-15 03:54,0.7270892400659394,1.0689797537716674
2012-12-15 04:04,0.6480024581217554,2.220584975940573
2012-12-15 04:14,0.8939998406117214,1.109614128617278
2012-12-15 04:24,0.7592643349229219,0.8573015572036378
2012-12-15 04:34,0.8226013201382999,1.4234678457180947
2012-12-15 04:44,0.8584110981309687,1.2589817111659272
2012-12-15 04:54,0.7904838249034774,0.7084317215711391
2012-12-15 05:04,0.8262581537662412,1.3983922724831834
2012-12-15 05:14,0.971729863637546,0.0
2012-12-15 05:24,0.7139706904862451,1.9018045511088957
2012-12-15 05:34,0.814240211591463,1.4497062491046604
2012-12-15 05:44,0.8297876361916499,1.3788488323569057
2012-12-15 05:54,0.5852117328692301,0.0
2012-12-15 06:04,0.846294216342153,0.0
2012-12-15 06:14,0.8421248823920231,0.4721642288236444
2012-12-15 06:24,0.7624683066613398,0.22323118522237187
2012-12-15 06:34,0.8579702375754197,1.257276695249046
2012-12-15 06:44,0.7017824213787431,1.9623588383505506
2012-12-15 06:54,0.8433889713487713,1.3276274384992728
2012-12-15 07:04,0.8924113861546006,1.1117209090304867
2012-12-15 07:14,0.6997971879252634,1.98696989280125
2012-12-15 07:24,0.76209403235546,1.7779361651887977
2012-12-15 07:34,0.6547580862061535,2.2681338464531553
2012-12-15 07:44,0.6825687542943311,0.19044769943298703
2012-12-15 07:54,0.6518578862512421,2.2874741604327964
2012-12-15 08:04,0.7584414571807947,1.806839408665655
2012-12-15 08:14,0.5368148514987614,2.8025178790039926
2012-12-15 08:24,0.6284500043548634,2.38996433291196
2012-12-15 08:34,0.5808543150466898,1.7350792386674136
2012-12-15 08:44,0.5879293912515163,2.6841986386746166
2012-12-15 08:54,0.5591489102690602,2.8180129291045466
2012-12-15 09:04,0.5759991357850578,2.7454498532634926
2012-12-15 09:14,0.4055366022036881,3.26799168995976
2012-12-15 15:04,0.355931045458914,2.4755766569169535
2012-12-15 15:14,0.4985509707417845,1.829742522817952
2012-12-15 15:24,0.46037172271322085,2.8121168457823096
2012-12-15 15:34,0.5830116159909033,2.256119145538557
2012-12-15 15:44,0.5197484271827676,2.5372967240320543
2012-12-15 15:54,0.6151815587661416,2.104457245709976
2012-12-15 16:04,0.7131701602946021,1.6615907099187035
2012-12-15 16:14,0.6120603674883818,0.0
2012-12-15 16:24,0.5604605105073579,2.347797025669992
2012-12-15 16:34,0.7652463802397773,1.4255702262168841
2012-12-15 16:44,0.7671496777859189,1.4166158239818814
2012-12-15 16:54,0.7196319469359513,0.0
2012-12-15 17:04,0.726947273221771,0.7010924554905533
2012-12-15 17:14,0.8239145159237662,1.059250073402948
2012-12-15 17:24,0.7539269420797905,1.3742574035410977
2012-12-15 17:34,0.8138220482368503,0.31000761552613765
2012-12-15 17:44,0.6938144083922577,0.0
2012-12-15 17:54,0.8672110994696856,0.06965968119744881
2012-12-15 18:04,0.6881124793098479,0.0
2012-12-15 18:14,0.8311197535161189,1.0222883270413141
2012-12-15 18:24,0.7786913142225532,0.4616281676971481
2012-12-15 18:34,0.8696133193470066,0.049503940722176294
2012-12-15 18:44,0.9620122329829808,0.42280733439016566
2012-12-15 18:54,0.8035885298179609,1.0310709542507546
2012-12-15 19:04,0.7680007175016876,2.350966548422231
2012-12-15 19:14,0.7907617095775008,1.086986246355742
2012-12-15 19:24,0.9371163077985653,0.0
2012-12-15 19:34,0.9795064863658806,0.237724061520941
2012-12-15 19:44,0.7730460006095681,0.3928596661533575
2012-12-15 19:54,0.5706841551680094,0.0
2012-12-15 20:04,0.8766525804674574,0.0
2012-12-15 20:14,0.7548043740253609,0.0
2012-12-15 20:24,0.6594462736928707,1.6582537468908154
2012-12-15 20:34,0.8055926299127812,0.9885768477502158
2012-12-15 20:44,0.7234775136953069,1.2721264200610343
2012-12-15 20:54,0.48314674917504896,0.0
2012-12-15 21:04,0.6652710905624087,2.663479568501171
2012-12-15 21:14,0.7237877009548007,2.405153122383008
2012-12-15 21:24,0.6261694930946711,2.9507958365503812
2012-12-15 21:34,0.6637633460151503,2.7901715514001597
2012-12-16 03:14,0.3911922169405764,3.8043692202362207
2012-12-16 03:24,0.4820433213678713,2.2819547040744523
2012-12-16 03:34,0.5538966853223914,0.0
2012-12-16 03:44,0.6427332868104139,1.558237326488742
2012-12-16 03:54,0.7274793064100683,1.1765581123444666
2012-12-16 04:04,0.5459738678354008,0.0
2012-12-16 04:14,0.8478260562385326,0.6345371053313831
2012-12-16 04:24,0.7312192122692396,1.1596758399927927
2012-12-16 04:34,0.8635390212178503,0.0
2012-12-16 04:44,0.8500998129960156,0.0
2012-12-16 04:54,0.769659121522173,0.0
2012-12-16 05:04,0.7956562589211514,0.8693574919520766
2012-12-16 05:14,1.0134272370425321,0.0
2012-12-16 05:24,0.9054518652152149,0.0
2012-12-16 05:34,1.005537446151703,0.0
2012-12-16 05:44,0.9073089624737393,0.0
2012-12-16 05:54,0.9397257119467428,0.0
2012-12-16 06:04,1.006345753943584,1.0335267251096167
2012-12-16 06:14,0.8495525019998427,0.0
2012-12-16 06:24,0.9365984136769369,1.3476518591966269
2012-12-16 06:34,0.695148776847917,0.0
2012-12-16 06:44,1.0363362901549322,0.0
2012-12-16 06:54,0.8887980677322527,0.0
2012-12-16 07:04,1.0343317233961207,0.0
2012-12-16 07:14,0.8640051247592362,0.5615234613009727
2012-12-16 07:24,0.933987596783816,0.2463681377508671
2012-12-16 07:34,0.9676652973172587,0.09470973797967779
2012-12-16 07:44,1.0165079597640736,0.0
2012-12-16 07:54,0.5840022531511391,0.0
2012-12-16 08:04,0.9640265844046524,0.11111792961345597
2012-12-16 08:14,0.6433465066629704,0.0
2012-12-16 08:24,0.8015360929983297,0.8428805578449915
2012-12-16 08:34,0.5134993152353007,0.0
2012-12-16 08:44,0.8325570843161533,0.7031801737276374
2012-12-16 08:54,0.7669089493159673,0.9988209181011481
2012-12-16 09:04,0.6471644777363785,0.0
2012-12-16 09:14,0.5547709162222895,0.0
2012-12-16 09:24,0.7435008284066671,2.217515075365274
2012-12-16 09:34,0.6135608812779697,2.8028228656621295
2012-12-16 09:44,0.5986682678526548,0.0
2012-12-16 09:54,0.6903877128127435,2.4569982908076686
2012-12-16 10:04,0.5515285910943933,0.0
2012-12-16 15:44,0.4105560974351146,2.603887144918779
2012-12-16 15:54,0.450894884183543,2.422195144176847
2012-12-16 16:04,0.5625066514527259,1.1773789213474002
2012-12-16 16:14,0.6689552207873795,1.4400996245806923
2012-12-16 16:24,0.5184859047020955,2.1177330742499887
2012-12-16 16:34,0.6121464889232748,1.6959057509251803
2012-12-16 16:44,0.7375990255238271,0.0
2012-12-16 16:54,0.6924992355093887,1.3339898797967802
2012-12-16 17:04,0.8517347663691945,0.6168566529515555
2012-12-16 17:14,0.838202347896484,0.6777915359552478
2012-12-16 17:24,0.8425876377513432,0.0
2012-12-16 17:34,0.7411772327341927,0.0
2012-12-16 17:44,0.958220925541289,0.13726922533726682
2012-12-16 17:54,0.8998114700455275,0.4003080205391624
2012-12-16 18:04,1.0216913756497963,0.0
2012-12-16 18:14,0.8785289741285345,0.0
2012-12-16 18:24,0.6451941669874203,0.0
2012-12-16 18:34,0.8714651466238229,0.5279713266623354
2012-12-16 18:44,0.9373955078434741,0.23105693395724003
2012-12-16 18:54,0.9905839431375686,0.0
2012-12-16 19:04,0.8625117448723689,0.0
2012-12-16 19:14,0.9000499810840669,0.3992552954684693
2012-12-16 19:24,0.7579920071706017,0.0
2012-12-16 19:34,0.9890597103641209,0.0
2012-12-16 19:44,0.683727592373727,0.0
2012-12-16 19:54,0.9002011339654623,0.0
2012-12-16 20:04,0.9350292704526716,1.3549312434790108
2012-12-16 20:14,0.8964620382274168,0.0
2012-12-16 20:24,0.8510295103234683,1.7332629458708468
2012-12-16 20:34,0.9306070086841572,0.2616928566174561
2012-12-16 20:44,0.9423108170840674,0.20899002092087324
2012-12-16 20:54,0.8716915320186486,0.5270398514985448
2012-12-16 21:04,0.9108533062143547,0.35067822763763024
2012-12-16 21:14,0.9275516754155315,0.275484742033339
2012-12-16 21:24,0.635192959558612,0.0
2012-12-16 21:34,0.620221268145746,0.0
2012-12-16 21:44,0.6876236413010678,0.0
2012-12-16 21:54,0.7968164294167153,0.8643005832734878
2012-12-16 22:04,0.5713413977051869,0.0
2012-12-16 22:14,0.622165542472472,0.0
2012-12-16 22:24,0.5727610931208869,2.065318143614264
2012-12-16 22:34,0.5295034306764336,3.4214824082223667
2012-12-17 04:04,0.6094287142060598,1.8111910802991222
2012-12-17 04:14,0.5618193128860635,2.0243318590608497
2012-12-17 04:24,0.6522821394598228,1.6159296576753692
2012-12-17 04:34,0.6101578765579554,0.0
2012-12-17 04:44,0.6224648546041954,0.0
2012-12-17 04:54,0.7173943232903702,1.3204348022299277
2012-12-17 05:04,0.8549674371816226,0.7004800086481989
2012-12-17 05:14,0.8546179291115213,0.0
2012-12-17 05:24,0.918791820885401,0.0
2012-12-17 05:34,0.8893308032051785,0.0
2012-12-17 05:44,1.0103747730301194,0.0
2012-12-17 05:54,0.7341068522212676,0.0
2012-12-17 06:04,0.8817254114696814,0.0
2012-12-17 06:14,1.0347849780846219,0.0
2012-12-17 06:24,0.896229169768108,0.0
2012-12-17 06:34,1.0258799250643633,0.0
2012-12-17 06:44,1.0452325908774391,0.0
2012-12-17 06:54,0.7252172206171581,0.0
2012-12-17 07:04,0.7629339757763395,0.0
2012-12-17 07:14,0.7642930732201627,0.0
2012-12-17 07:24,1.062803967506041,0.0
2012-12-17 07:34,1.0218055934064671,0.0
2012-12-17 07:44,0.8616559596466932,0.0
2012-12-17 07:54,1.0465172485584937,0.0
2012-12-17 08:04,1.0337037622542862,0.0
2012-12-17 08:14,0.8854870936157728,0.0
2012-12-17 08:24,0.8594720309792054,0.0
2012-12-17 08:34,1.0530188102034934,0.8236019917408273
2012-12-17 08:44,1.0278142512784216,0.0
2012-12-17 08:54,0.6346468413699998,0.0
2012-12-17 09:04,0.9631840014447117,0.11498949679670717
2012-12-17 09:14,0.7185713096184703,0.0
2012-12-17 09:24,0.6573320462209906,0.0
2012-12-17 09:34,0.8796463477714958,0.0
2012-12-17 09:44,0.6968994382444434,0.0
2012-12-17 09:54,0.7468538058839439,0.0
2012-12-17 10:04,0.7617663539530742,1.0221424483986494
2012-12-17 10:14,0.6955584691288943,1.320329368991164
2012-12-17 10:24,0.7867547373041305,0.9983415333583762
2012-12-17 10:34,0.627546139636749,0.0
2012-12-17 10:44,0.6582079206977843,1.580138153460074
2012-12-17 10:54,0.6182282952780471,1.003753062861306
2012-12-17 16:34,0.4382059652132739,3.0061858946341564
2012-12-17 16:44,0.4860665050883843,2.7907440141096984
2012-12-17 16:54,0.4946545759351782,2.752073553448231
2012-12-17 17:04,0.6219349507639236,1.3493919722867898
2012-12-17 17:14,0.7146868284129035,0.3392201599791076
2012-12-17 17:24,0.5393451138840467,0.0
2012-12-17 17:34,0.6385519216636321,2.10432152163861
2012-12-17 17:44,0.8327097875048644,0.4006705615804019
2012-12-17 17:54,0.7992416205648516,0.0
2012-12-17 18:04,0.7509987616306426,0.7684401759893705
2012-12-17 18:14,0.6837787868834381,0.0
2012-12-17 18:24,0.8372674694672898,0.38015836820921234
2012-12-17 18:34,0.8283189883548744,0.4204351948995964
2012-12-17 18:44,0.8459396872588054,0.34113052050103243
2012-12-17 18:54,0.8908058529581458,0.9689000619295486
2012-12-17 19:04,0.8689431732323818,0.23760366578868494
2012-12-17 19:14,0.7416600360668092,0.0
2012-12-17 19:24,0.9235943291334703,0.0
2012-12-17 19:34,0.9650653558658809,0.0
2012-12-17 19:44,0.7806079746688116,0.0
2012-12-17 19:54,0.7064654014829207,0.0
2012-12-17 20:04,0.8712953485560222,0.0
2012-12-17 20:14,1.000645724861856,0.0
2012-12-17 20:24,0.9211579217459374,0.9050936383953556
2012-12-17 20:34,0.8783356620855417,0.0
2012-12-17 20:44,0.8841756204291167,1.0734126231426968
2012-12-17 20:54,0.8496781751527799,0.0
2012-12-17 21:04,0.8179772991814669,0.0
2012-12-17 21:14,0.700255110478397,0.0
2012-12-17 21:24,0.6880350308152853,0.0
2012-12-17 21:34,0.8245135689639358,0.0
2012-12-17 21:44,0.7777118889755456,0.0
2012-12-17 21:54,0.6519328685475229,0.0
2012-12-17 22:04,0.7324645824378438,1.7885544322004236
2012-12-17 22:14,0.6865428107765797,0.08990701328991792
2012-12-17 22:24,0.768519596680127,0.25728518508377496
2012-12-17 22:34,0.6113589119418441,2.454120234452502
2012-12-17 22:44,0.511944820372779,0.0
2012-12-17 22:54,0.5831013308085354,0.0
2012-12-17 23:04,0.6203897554325396,0.466257758622607
2012-12-17 23:14,0.5733738828261938,2.6352868993881557
2012-12-18 04:44,0.5323911352347666,0.0
2012-12-18 04:54,0.515154614826193,1.1165338923657322
2012-12-18 05:04,0.5741774746601823,1.993599696629918
2012-12-18 05:14,0.666268356228055,1.5768935169694613
2012-12-18 05:24,0.5665790920096949,0.0
2012-12-18 05:34,0.6642266285846238,1.6947522938269535
2012-12-18 05:44,0.7839629782949987,0.0
2012-12-18 05:54,0.784731699032399,1.046213167031069
2012-12-18 06:04,0.8146365611447014,0.9146597167310405
2012-12-18 06:14,0.8587457873543056,0.7211222087813137
2012-12-18 06:24,0.7075314442618078,0.0
2012-12-18 06:34,0.7277195036968896,0.0
2012-12-18 06:44,0.8417934533398327,0.8200369359096588
2012-12-18 06:54,0.8397794423827064,0.17804572314240402
2012-12-18 07:04,0.9385686855223718,0.3977274131031871
2012-12-18 07:14,0.9794482198950782,0.2122696449221815
2012-12-18 07:24,0.6911060770684442,0.0
2012-12-18 07:34,0.676331927047063,0.0
2012-12-18 07:44,0.9161711635656546,0.4813292198000195
2012-12-18 07:54,0.6293232225286265,0.0
2012-12-18 08:04,1.0291551667099534,0.0
2012-12-18 08:14,0.61727901202116,0.0
2012-12-18 08:24,0.6228300078026213,0.0
2012-12-18 08:34,0.8464261721473056,0.7815145184857469
2012-12-18 08:44,0.9783448465861216,0.18629501688773875
2012-12-18 08:54,0.639228310487482,0.0
2012-12-18 09:04,0.9014516402137973,0.6275137743071998
2012-12-18 09:14,0.9392051040020221,0.4578641762178324
2012-12-18 09:24,0.9273468108660556,0.5115891881247033
2012-12-18 09:34,0.8489046610527212,0.86456485822209
2012-12-18 09:44,0.825394304358143,1.9077589695543162
2012-12-18 09:54,0.7501150168968068,0.0
2012-12-18 10:04,0.8523852372430805,0.849231897522528
2012-12-18 10:14,0.8995545782457715,0.6369458787807163
2012-12-18 10:24,0.7001779253350626,1.5342426055571603
2012-12-18 10:34,0.6468549869505524,1.7742209355712226
2012-12-18 10:44,0.7182791733304248,0.7834366831011117
2012-12-18 10:54,0.7643669447070912,1.245356752717187
2012-12-18 11:04,0.4705011757226724,2.5678891755787197
2012-12-18 11:14,0.5441342996968666,2.2365029690800493
2012-12-18 11:24,0.7077143158621036,0.8309747536044074
2012-12-18 11:34,0.5461340082403807,2.227499047942661
2012-12-18 11:44,0.6292424979233466,1.8534672806964458
2012-12-18 17:14,0.3808597191898005,1.6512462752971704
2012-12-18 17:24,0.3443495526512665,1.815676729983222
2012-12-18 17:34,0.32036145141135386,3.6060135114471352
2012-12-18 17:44,0.4446233933809195,3.17015719427475
2012-12-18 17:54,0.509136540913219,0.0
2012-12-18 18:04,0.704313576265699,0.7068853365927286
2012-12-18 18:14,0.40312218095414787,3.357638872099057
2012-12-18 18:24,0.4923288303667165,2.2230734806290964
2012-12-18 18:34,0.6989336012174755,2.040247325282556
2012-12-18 18:44,0.6827666824118499,1.3781609659306704
2012-12-18 18:54,0.5746205153495276,1.3127256145068515
2012-12-18 19:04,0.4924937776821556,2.982892506847627
2012-12-18 19:14,0.4953243435110797,2.967658800858387
2012-12-18 19:24,0.5464695815598116,2.735097902682966
2012-12-18 19:34,0.6039323995697602,2.474257224315081
2012-12-18 19:44,0.6892710193314786,0.7005639582876818
2012-12-18 19:54,0.7110133776324893,0.7929362941865624
2012-12-18 20:04,0.7846055973557605,1.0320300860074463
2012-12-18 20:14,0.7024429397884318,2.1625390987611164
2012-12-18 20:24,0.695873041810321,1.4350662531877807
2012-12-18 20:34,0.574501952333538,2.7453152140643553
2012-12-18 20:44,0.6349189859235448,1.7157965197359424
2012-12-18 20:54,0.398271176076128,3.545846960517363
2012-12-18 21:04,0.5856990994203702,1.3714016777795406
2012-12-18 21:14,0.5905412800369394,2.6868537758562714
2012-12-18 21:24,0.5710602090057804,1.4404363491179715
2012-12-18 21:34,0.5472538807909054,2.1220226229638883
2012-12-18 21:44,0.5834067072710795,2.0505646735739806
2012-12-18 21:54,0.42411504858932997,2.7680939893414567
2012-12-18 22:04,0.3564651389633317,3.8541727635582563
2012-12-18 22:14,0.27816497432367565,3.430488926265426
2012-12-18 22:24,0.30920795332774237,3.29494007219757
2012-12-18 22:34,0.253565461507264,4.33037751970237
2012-12-18 22:44,0.2396301871260578,4.507488196691369
2012-12-18 22:54,0.11921059329391884,5.056144580530222
2012-12-18 23:04,0.26719665827985495,2.9996471891849357
2012-12-18 23:14,0.16673859279372763,4.862329931547099
2012-12-18 23:24,0.21196856873361253,3.265822589685256
2012-12-18 23:34,0.2414106201104755,3.7462743647858106
2012-12-18 23:44,0.0,6.774806003729454
2012-12-19 00:04,0.053834217181791016,4.614235236129354
2012-12-19 00:14,0.14430192677071,3.13402451095627
2012-12-19 05:24,0.0,4.837936237104543
2012-12-19 05:34,0.030055303616443846,3.6323022621834293
2012-12-19 05:44,0.047858488955624334,4.625572334641029
2012-12-19 05:54,0.1496322756819302,3.0904179677580825
2012-12-19 06:04,0.030353299487250854,4.699681642094265
2012-12-19 06:14,0.048473705609164024,4.6173616238100825
2012-12-19 06:24,0.14717188665243697,3.5686137573202137
2012-12-19 06:34,0.08823766184209922,3.362688029245403
2012-12-19 06:44,0.0,6.747825768229261
2012-12-19 06:54,0.16169743355980806,3.031168039168643
2012-12-19 07:04,0.1598110947665622,3.5087527788115427
2012-12-19 07:14,0.10906623526607451,3.2667233136052993
2012-12-19 07:24,0.175770778244787,4.039830668864749
2012-12-19 07:34,0.07040674894945613,4.636448583773295
2012-12-19 07:44,0.10172935260710038,4.4995833063541575
2012-12-19 07:54,0.2808196728840438,2.595292944142088
2012-12-19 08:04,0.40531211041314735,1.1507309980502642
2012-12-19 08:14,0.3949689995093501,2.1898428122873326
2012-12-19 08:24,0.17450414233473593,5.1653843877472685
2012-12-19 08:34,0.2615222147914181,3.930627645247397
2012-12-19 08:44,0.4202961259556037,2.581386863017327
2012-12-19 08:54,0.3017747136602755,3.756509012608204
2012-12-19 09:04,0.3517154519536898,3.0211389192883695
2012-12-19 09:14,0.41636682329388597,0.0
2012-12-19 09:24,0.2598580252468743,4.967190035440362
2012-12-19 09:34,0.3616927778890262,2.8449467662964127
2012-12-19 09:44,0.3222395202764221,3.6525644182501744
2012-12-19 09:54,0.5007293719530653,0.0
2012-12-19 10:04,0.45059322270025015,0.0
2012-12-19 10:14,0.3858839071387411,2.727404909490475
2012-12-19 10:24,0.28404783422885416,3.9747477029198155
2012-12-19 10:34,0.3433225419526652,3.056400837032931
2012-12-19 10:44,0.19515295873547972,4.3856486180174405
2012-12-19 10:54,0.4099454687995072,0.6167910407964144
2012-12-19 11:04,0.3009098536619066,2.7509349642397383
2012-12-19 11:14,0.08960067475659918,5.7574507336835286
2012-12-19 11:24,0.1433848057224902,3.9847750488068034
2012-12-19 11:34,0.07326030723362763,5.449507120574746
2012-12-19 11:44,0.16409499767103095,2.8682857012696714
2012-12-19 11:54,0.20527540685374177,1.9312532365438084
2012-12-19 12:04,0.01452858986342089,5.237032823150905
2012-12-19 12:14,0.009760626709769495,5.263515321929968
2012-12-19 12:24,0.0,5.299038505808964
2012-12-19 12:34,0.0,5.466053939304027
2012-12-19 12:44,0.0,5.478483296683603
2012-12-19 18:04,0.07744146157591442,3.98247894830262
2012-12-19 18:14,0.1121362407789659,2.957741195651257
2012-12-19 18:24,0.11595912833201749,3.709214810700795
2012-12-19 18:34,0.10289078455390058,3.296652486051872
2012-12-19 18:44,0.13395502778064738,2.4711339622749455
2012-12-19 18:54,0.12093202907044202,3.6755328200287343
2012-12-19 19:04,0.14317151687099564,3.5680406065106762
2012-12-19 19:14,0.1882072378154449,2.893505589590308
2012-12-19 19:24,0.1414071063225884,4.1672185932098325
2012-12-19 19:34,0.13218101277458524,3.6038388721383385
2012-12-19 19:44,0.09203235785384307,5.178329404297394
2012-12-19 19:54,0.19741840358591045,3.3030325154097726
2012-12-19 20:04,0.15946480183955436,3.4732027714805973
2012-12-19 20:14,0.33844849977920877,0.8739991722587496
2012-12-19 20:24,0.15564293760590617,4.894270354633153
2012-12-19 20:34,0.22815322804936702,3.772326350808593
2012-12-19 20:44,0.24145448728883906,3.115610950731671
2012-12-19 20:54,0.20996210642840135,3.860621813148636
2012-12-19 21:04,0.32313310265531736,2.2862798435059877
2012-12-19 21:14,0.287360501523973,2.9167141525382405
2012-12-19 21:24,0.27303677966761825,2.9833013257856615
2012-12-19 21:34,0.4699704078845269,0.0
2012-12-19 21:44,0.2515151225308946,3.686497333156277
2012-12-19 21:54,0.2576539221642974,3.0587594999669987
2012-12-19 22:04,0.24139790429614227,3.13471562920452
2012-12-19 22:14,0.2500647339908149,3.0995961550759303
2012-12-19 22:24,0.17007353487097734,4.064849563621363
2012-12-19 22:34,0.07905838766140161,5.280802280325785
2012-12-19 22:44,0.21580449737412707,3.2575148774193874
2012-12-19 22:54,0.15684842840711416,3.611173839879152
2012-12-19 23:04,0.12203076923945838,3.778591157151284
2012-12-19 23:14,0.0,6.926597884748665
2012-12-19 23:24,0.21543026699236828,3.36410844716579
2012-12-19 23:34,0.16962516681355763,3.575694700878582
2012-12-19 23:44,0.1865126383255492,2.6362293842357647
2012-12-20 00:04,0.05511687471392056,4.979693377796728
2012-12-20 00:14,0.08337992225466474,3.6934636697519947
2012-12-20 00:24,0.0,7.293786713492076
2012-12-20 00:34,0.06579048114669486,4.296106654693395
2012-12-20 00:44,0.07598874610966594,3.7515862592459492
2012-12-20 00:54,0.045030319586306704,4.418204984123686
2012-12-20 01:04,0.011735510759026903,5.245449233073766
2012-12-20 06:04,0.0,6.730825801133011
2012-12-20 06:14,0.0,6.187034471108426
2012-12-20 06:24,0.18127858680896694,2.7625314503774665
2012-12-20 06:34,0.2113352329823924,1.867571601989705
2012-12-20 06:44,0.07677373336798686,4.99839387591331
2012-12-20 06:54,0.03204287476737781,5.099845678003843
2012-12-20 07:04,0.18637468760328876,2.4402451086020864
2012-12-20 07:14,0.2539652346118656,1.2444903907474705
2012-12-20 07:24,0.09105090924755362,4.844337336191852
2012-12-20 07:34,0.23027469227312297,4.217611871436936
2012-12-20 07:44,0.17789034186864625,4.384445944959253
2012-12-20 07:54,0.29617240385533095,0.0
2012-12-20 08:04,0.23368037149474666,4.117322485711037
2012-12-20 08:14,0.3111269988828214,0.0
2012-12-20 08:24,0.3476378037607057,0.0
2012-12-20 08:34,0.4850188438375973,2.965170369372665
2012-12-20 08:44,0.44543694435319403,3.1352283915568955
2012-12-20 08:54,0.6873393010885248,0.11580603064936651
2012-12-20 09:04,0.420180602943836,0.0
2012-12-20 09:14,0.6652220196205599,0.2062952532498537
2012-12-20 09:24,0.7100456336454204,0.0
2012-12-20 09:34,0.5632394206030716,2.566046366266943
2012-12-20 09:44,0.5798872498479827,2.48004275427691
2012-12-20 09:54,0.4308093871398384,0.0
2012-12-20 10:04,0.40562802616790883,0.0
2012-12-20 10:14,0.5846092287022702,2.426704761000907
2012-12-20 10:24,0.6663138068071025,1.0888054149052346
2012-12-20 10:34,0.5646194909599764,2.366526613080662
2012-12-20 10:44,0.34352380748477895,0.0
2012-12-20 10:54,0.5243045568278528,1.7340294517997974
2012-12-20 11:04,0.5130585982517651,2.60463424203402
2012-12-20 11:14,0.5064932687085753,2.633356289785563
2012-12-20 11:24,0.5356561381424558,2.4985605981288246
2012-12-20 11:34,0.6272939156079467,2.081182929806866
2012-12-20 11:44,0.580596673012325,2.2858770088191336
2012-12-20 11:54,0.6514460610472343,1.1465508684003987
2012-12-20 12:04,0.6421636203175086,1.9985610574992727
2012-12-20 12:14,0.47729069435466726,1.9213385510973326
2012-12-20 12:24,0.46407768589838483,1.9774422582232722
2012-12-20 12:34,0.40921163621357604,2.3949842674935864
2012-12-20 12:44,0.3801560958386418,3.3894275892029415
2012-12-20 12:54,0.2636316142927333,4.0323733760884295
2012-12-20 13:04,0.2365459391632986,4.156080466970333
2012-12-20 13:14,0.26758647877185365,3.1486201239101574
2012-12-20 13:24,0.21284460990126342,4.175891323058167
2012-12-20 13:34,0.21722905180062746,4.25157396428145
2012-12-20 18:54,0.23689722820790354,4.1548366944939765
2012-12-20 19:04,0.34111458286914986,3.679907640934374
2012-12-20 19:14,0.3613651607786626,2.716913332177004
2012-12-20 19:24,0.3231946882704579,2.8869545470848537
2012-12-20 19:34,0.4297246377407927,1.3215403997899264
2012-12-20 19:44,0.3776348512152413,3.5082476585457765
2012-12-20 19:54,0.4756911466380163,0.0
2012-12-20 20:04,0.424274070726393,2.347303840252986
2012-12-20 20:14,0.4966092144615261,2.870474402930297
2012-12-20 20:24,0.492677473630157,2.8852353654021434
2012-12-20 20:34,0.6173592280452643,1.4698240774547944
2012-12-20 20:44,0.6589585103893597,2.1257017032930317
2012-12-20 20:54,0.6450755104152549,2.180203339624342
2012-12-20 21:04,0.7211025477385955,1.8308739412310986
2012-12-20 21:14,0.5538836053426444,1.6571950808425782
2012-12-20 21:24,0.6546426987504766,1.203806420246503
2012-12-20 21:34,0.7569525140394361,1.5733445171604123
2012-12-20 21:44,0.7176646014086153,1.7501287837420105
2012-12-20 21:54,0.544939495015113,2.5273370898528347
2012-12-20 22:04,0.5894528954747156,2.3270394652023145
2012-12-20 22:14,0.6878590486980416,1.8842450575033303
2012-12-20 22:24,0.788770766055866,0.6002824372338076
2012-12-20 22:34,0.7539208511432051,0.7570974152478867
2012-12-20 22:44,0.6803522161978967,1.9180263266848516
2012-12-20 22:54,0.7512912767765243,0.8390051373256925
2012-12-20 23:04,0.613023940304707,2.3051653628747326
2012-12-20 23:14,0.7847837711057418,0.6878095476806483
2012-12-20 23:24,0.6685106443303318,2.054178861074956
2012-12-20 23:34,0.6768256696101606,0.11796924111216335
2012-12-20 23:44,0.5966516145520421,2.376163738211135
2012-12-21 00:04,0.5785529668136006,2.457302009733826
2012-12-21 00:14,0.5537126709077864,2.571276667947965
2012-12-21 00:24,0.4846810389380907,2.8842938755032277
2012-12-21 00:34,0.6012535505411337,2.362313547530002
2012-12-21 00:44,0.6087672039096574,0.8825202200132086
2012-12-21 00:54,0.6977498038256462,0.4842358950474112
2012-12-21 01:04,0.5668878653345069,0.6222308061068768
2012-12-21 01:14,0.6287141367280321,1.4049512836762634
2012-12-21 01:24,0.3113360028237077,3.7848394553085303
2012-12-21 01:34,0.5086045353735005,2.0374938659060002
2012-12-21 01:44,0.40342126791527283,3.3820113224191615
2012-12-21 01:54,0.48709979851205587,2.1443136427120257
2012-12-21 02:04,0.45343263080236573,3.169531450244365
2012-12-21 07:14,0.3080207976241463,3.365281421327297
2012-12-21 07:24,0.3242685923141837,3.2889710691963625
2012-12-21 07:34,0.2436899869843952,3.52433613585119
2012-12-21 07:44,0.38652428841825437,2.8828048710108507
2012-12-21 07:54,0.42644170572267986,2.043208644211491
2012-12-21 08:04,0.47892750513033416,1.8066535105935424
2012-12-21 08:14,0.4428772796297326,2.6282598559056014
2012-12-21 08:24,0.45228255238774584,0.2744217436880517
2012-12-21 08:34,0.39542033313681724,2.8384712872785762
2012-12-21 08:44,0.5187054212935533,2.2815278860572406
2012-12-21 08:54,0.43000103894243663,0.0
2012-12-21 09:04,0.6033297157239165,0.7435277248178308
2012-12-21 09:14,0.4757409081833414,1.8750489356220366
2012-12-21 09:24,0.5412249517558398,0.0
2012-12-21 09:34,0.48614863124579943,2.4975839349139726
2012-12-21 09:44,0.543697311233894,2.2385827243212026
2012-12-21 09:54,0.5003545069896265,2.4336637178756804
2012-12-21 10:04,0.6565751818387394,1.7305778271902312
2012-12-21 10:14,0.4455240078492145,2.680517017446606
2012-12-21 10:24,0.5766332357567745,2.090468394727835
2012-12-21 10:34,0.6330716985994969,1.8364781099353573
2012-12-21 10:44,0.6711225406879733,0.4938500384383761
2012-12-21 10:54,0.5044949714835846,3.352255237471836
2012-12-21 11:04,0.5059547776842338,2.4085780494231175
2012-12-21 11:14,0.6328264989422224,1.8376139948395271
2012-12-21 11:24,0.5901538879134133,2.029748474189884
2012-12-21 11:34,0.5834725673605077,2.05981720317988
2012-12-21 11:44,0.7193507173761762,0.7789740498148583
2012-12-21 11:54,0.6041496545901978,1.2974035869533964
2012-12-21 12:04,0.6026984254572821,1.9733010461210503
2012-12-21 12:14,0.45896979768412743,2.620112842964053
2012-12-21 12:24,0.5639428758255848,2.1477115928277284
2012-12-21 12:34,0.49015121613962237,2.4797929813668467
2012-12-21 12:44,0.5498302369679664,2.211224119744412
2012-12-21 12:54,0.51493096575301,1.6989106116374997
2012-12-21 13:04,0.42049871750113954,2.7932523002711136
2012-12-21 13:14,0.4529684291052835,2.647130253823173
2012-12-21 13:24,0.3644998760425335,3.0452063249409176
2012-12-21 13:34,0.40313898423866484,2.871311260984101
2012-12-21 13:44,0.4779272221994643,0.9728364429281373
2012-12-21 13:54,0.35996735839473254,3.0656068469094473
2012-12-21 14:04,0.2658164471247043,4.4264871583862835
2012-12-21 14:14,0.37346962602425166,3.0050149985290915
2012-12-21 14:24,0.4202592445010196,2.124892426614008
2012-12-21 14:34,0.32834753502122616,3.2081401441421558
2012-12-21 19:44,0.2979471785366033,2.675576571121372
2012-12-21 19:54,0.5366073558630006,0.0
2012-12-21 20:04,0.40756217757880187,2.182168230358679
2012-12-21 20:14,0.3201518881783347,2.575675241545497
2012-12-21 20:24,0.325632416565605,3.2204896077731395
2012-12-21 20:34,0.40067108141720165,2.8827030828779296
2012-12-21 20:44,0.48587362024060543,1.8297302385986747
2012-12-21 20:54,0.36049899831255466,3.128868601945007
2012-12-21 21:04,0.491217817424717,1.3489487459966287
2012-12-21 21:14,0.39921857276321626,2.9449067662010346
2012-12-21 21:24,0.46387741000185145,1.971909938307963
2012-12-21 21:34,0.48501633971869873,1.8714951574786451
2012-12-21 21:44,0.4850433199947441,1.359218020502327
2012-12-21 21:54,0.5287947018243667,2.33592133392022
2012-12-21 22:04,0.4056511837462914,2.8885986164216937
2012-12-21 22:14,0.42418938898973474,2.8089848938688156
2012-12-21 22:24,0.36791419737860037,3.0672106921483793
2012-12-21 22:34,0.5674122531288961,1.4987416901545036
2012-12-21 22:44,0.4967814451691731,2.496656073143074
2012-12-21 22:54,0.4948639449435923,1.3252636993873301
2012-12-21 23:04,0.5972756371085546,2.0517737961336318
2012-12-21 23:14,0.42007159685151074,2.8515269848699916
2012-12-21 23:24,0.3743852429489696,1.8731479705738026
2012-12-21 23:34,0.501606036530922,1.3020316778431744
2012-12-21 23:44,0.3484298451564745,1.9930369293976058
2012-12-22 00:04,0.41340833847340275,2.2115424387774056
2012-12-22 00:14,0.5581937109570604,2.2369673335868763
2012-12-22 00:24,0.39918098673570557,2.951164003781581
2012-12-22 00:34,0.40592412856930904,2.918953525347994
2012-12-22 00:44,0.4261673368916137,2.147834663098189
2012-12-22 00:54,0.6508152011842049,0.6264889068960606
2012-12-22 01:04,0.4511430801623471,2.711326136913591
2012-12-22 01:14,0.33645062916243257,2.563847297428128
2012-12-22 01:24,0.32888258400152814,4.252793757594106
2012-12-22 01:34,0.3816838947905158,3.0732957120988944
2012-12-22 01:44,0.26067227088163863,3.6264079334731085
2012-12-22 01:54,0.3173233009435457,3.3738024626778573
2012-12-22 02:04,0.36513767700843963,2.03488213867586
2012-12-22 02:14,0.3586120404515856,3.2912183022337054
2012-12-22 02:24,0.3729479342600033,2.5243149320032727
2012-12-22 02:34,0.2240289456009403,3.1980532966430117
2012-12-22 02:44,0.15838861748002128,5.275183696107543
2012-12-22 02:54,0.29746691567513106,2.4116282196764023
2012-12-22 03:04,0.3691210587770361,2.0982054646314636
2012-12-22 03:14,0.25574906286546156,2.6855319408028833
2012-12-22 03:24,0.1550138197958351,4.43435201103025
2012-12-22 03:34,0.27747775682888653,3.1649678443792384
2012-12-22 07:54,0.24645375158334298,3.4823349598069737
2012-12-22 08:04,0.18700617521734772,3.7451208731397423
2012-12-22 08:14,0.2505622794103296,4.212562822381875
2012-12-22 08:24,0.27285264582435137,3.3403257070048435
2012-12-22 08:34,0.2780959081122513,3.3082424672226045
2012-12-22 08:44,0.3366848368936218,3.036573641915428
2012-12-22 08:54,0.35581287215506907,2.9431430252084563
2012-12-22 09:04,0.2297364470943467,4.263295479100754
2012-12-22 09:14,0.4101957469781636,2.1264182781514314
2012-12-22 09:24,0.38235478651270005,2.7123066307174413
2012-12-22 09:34,0.3126416595973462,3.026921827186186
2012-12-22 09:44,0.4438671052610171,2.4367396962874874
2012-12-22 09:54,0.36035056904936597,2.813446385393812
2012-12-22 10:04,0.41594630279398315,3.3031014749198113
2012-12-22 10:14,0.39542179963182644,2.1019196286561823
2012-12-22 10:24,0.41111025356330966,3.325921785952547
2012-12-22 10:34,0.4503134619639048,2.4102724334339207
2012-12-22 10:44,0.4371569998150322,3.2096581253117
2012-12-22 10:54,0.46135335379470244,3.1012069687493917
2012-12-22 11:04,0.4060339020120116,3.3507098406746656
2012-12-22 11:14,0.501125963404307,1.628058653681677
2012-12-22 11:24,0.41222286525820934,3.323487318302507
2012-12-22 11:34,0.501536995704438,2.9216691230942677
2012-12-22 11:44,0.4544643804876498,1.8388949529896907
2012-12-22 11:54,0.5661468166775414,1.3362868042334428
2012-12-22 12:04,0.5657278394334396,1.891475604153958
2012-12-22 12:14,0.4464223240563205,3.0402032256102745
2012-12-22 12:24,0.4280578107739279,3.1167338488928498
2012-12-22 12:34,0.4574426647279341,2.258416661378106
2012-12-22 12:44,0.5032064675027664,1.0884368039890624
2012-12-22 12:54,0.4099197364492941,3.1782853148495835
2012-12-22 13:04,0.3969224533531353,3.2318457664717384
2012-12-22 13:14,0.40164914291165,1.9546451606521196
2012-12-22 13:24,0.38227361616782685,2.5779345680696464
2012-12-22 13:34,0.4729723061600297,2.8843196604612102
2012-12-22 13:44,0.41898461962059624,1.8726193715242183
2012-12-22 13:54,0.36855221568320645,3.350854735657277
2012-12-22 14:04,0.4036163218067958,3.1911247650310193
2012-12-22 14:14,0.3126031349759474,3.5989657002379483
2012-12-22 14:24,0.3546630876509006,2.6931786511119333
2012-12-22 14:34,0.37669462071522725,2.0571221780225337
2012-12-22 14:44,0.39799998164098704,1.5441219535483182
2012-12-22 14:54,0.3754581640964629,2.5993264719639018
2012-12-22 15:04,0.35542461828178046,2.687508297306618
2012-12-22 15:14,0.3237355627042542,2.825175722884687
2012-12-22 15:24,0.3627522899600231,1.7693279403369069
2012-12-22 15:34,0.28245226881044955,2.9222625809373532
2012-12-22 15:44,0.2873837656465082,2.9027506399560137
2012-12-22 15:54,0.34307343510422694,0.716038004744773
2012-12-22 16:04,0.20588883242970088,3.976177830392311
2012-12-22 20:34,0.23749002235479208,2.5286447004965664
2012-12-22 20:44,0.2917671385738153,2.7976166114169185
2012-12-22 20:54,0.25286499679932856,2.9722454035656156
2012-12-22 21:04,0.2075477017304468,3.1757811010183272
2012-12-22 21:14,0.2639153604792637,2.9214159578353374
2012-12-22 21:24,0.3902130606716861,0.16034664780077532
2012-12-22 21:34,0.3156717413660282,2.6869061621599526
2012-12-22 21:44,0.2442467774207966,3.0075839018105213
2012-12-22 21:54,0.36436946875600645,1.8731654728982652
2012-12-22 22:04,0.34920967845778156,2.443594212314955
2012-12-22 22:14,0.4593295258734612,0.09367685640372728
2012-12-22 22:24,0.44828800127774365,2.6668755331891965
2012-12-22 22:34,0.35565160879708496,3.0841996569182153
2012-12-22 22:44,0.33056706737257274,3.3027185678024558
2012-12-22 22:54,0.4881683611621996,1.7242021559542147
2012-12-22 23:04,0.4190194307616631,2.0355736189542957
2012-12-22 23:14,0.5061074577103917,2.297725722905746
2012-12-22 23:24,0.5337974902349422,1.029381697480917
2012-12-22 23:34,0.5186603377461407,2.2424416151515665
2012-12-22 23:44,0.4797669974255066,2.4182316248375217
2012-12-23 00:04,0.6608312814457004,0.45892363031070527
2012-12-23 00:14,0.508682061161817,2.2876000723449788
2012-12-23 00:24,0.5376768324737883,0.0
2012-12-23 00:34,0.6129352486970695,1.8158285830009233
2012-12-23 00:44,0.4924989055896498,2.356862866678964
2012-12-23 00:54,0.5286118206590447,3.1076303041476865
2012-12-23 01:04,0.4653932274257762,1.823603042398394
2012-12-23 01:14,0.5206959259707229,2.2274601674507264
2012-12-23 01:24,0.5896120588116844,1.2637978243420693
2012-12-23 01:34,0.5870021331901492,1.928348319529267
2012-12-23 01:44,0.5891591417355857,1.9183730925985978
2012-12-23 01:54,0.35388057732856326,0.0
2012-12-23 02:04,0.5011166747758857,2.3137623952646567
2012-12-23 02:14,0.49065471077146483,1.7067777883294326
2012-12-23 02:24,0.5246898370299711,0.0
2012-12-23 02:34,0.40235120063444463,2.6471846441523477
2012-12-23 02:44,0.5333477612619762,1.9464011273442907
2012-12-23 02:54,0.5001828458551936,2.095057114456582
2012-12-23 03:04,0.40194277284405694,3.4058057601791623
2012-12-23 03:14,0.4122644944441545,1.8689412058153445
2012-12-23 03:24,0.38224459575770164,2.6250180797936635
2012-12-23 03:34,0.4173537861398467,1.8458665676097843
2012-12-23 03:44,0.3834640335758553,2.619319275398023
2012-12-23 03:54,0.31573338066501033,2.924238304732608
2012-12-23 04:04,0.3853388389763817,1.989751549233177
2012-12-23 04:14,0.3134463740134878,2.934379138772659
2012-12-23 04:24,0.3637398536201311,2.0869362602737365
2012-12-23 04:34,0.22041213718663688,4.222467815516421
2012-12-23 04:44,0.3152181191103415,1.907513100751345
2012-12-23 09:24,0.17577750657752123,3.5632199629086525
2012-12-23 09:34,0.37246307098680076,2.68018593358147
2012-12-23 09:44,0.31002864960338344,2.341652166519375
2012-12-23 09:54,0.2778523675256176,2.4906255219654914
2012-12-23 10:04,0.25211452814300844,2.6124816350281743
2012-12-23 10:14,0.3119665481305032,2.977844027732526
2012-12-23 10:24,0.3282279271273049,2.913031509769661
2012-12-23 10:34,0.3347022684671513,2.8840080768217393
2012-12-23 10:44,0.461734182425744,0.0
2012-12-23 10:54,0.4208243303255417,2.4762663078277565
2012-12-23 11:04,0.41610175878998124,1.8649861615838796
2012-12-23 11:14,0.4191527485449501,2.4674899799508134
2012-12-23 11:24,0.43321032123597364,2.399495532930973
2012-12-23 11:34,0.3674323536518913,2.6920731801314384
2012-12-23 11:44,0.389392321410198,2.590841170033599
2012-12-23 11:54,0.36728796440747835,2.6885729463618
2012-12-23 12:04,0.42425657087363056,2.4311459266679023
2012-12-23 12:14,0.42423329745544297,2.4306378338235275
2012-12-23 12:24,0.4278261149256464,1.7940035416055793
2012-12-23 12:34,0.5031450767231118,2.0756341822858695
2012-12-23 12:44,0.5070687788293092,2.058752694991815
2012-12-23 12:54,0.5302539094604087,1.9552245284423688
2012-12-23 13:04,0.5301790110436514,1.9560806839663236
2012-12-23 13:14,0.4415138075206874,2.355189398974904
2012-12-23 13:24,0.6044308660005561,1.622018979013636
2012-12-23 13:34,0.4824562261752973,2.1710633769733954
2012-12-23 13:44,0.5238629838936258,1.896751840502367
2012-12-23 13:54,0.5416720421676078,1.2078013017290332
2012-12-23 14:04,0.5236658180708742,1.8952620929992856
2012-12-23 14:14,0.5494359050323798,1.7780288176500438
2012-12-23 14:24,0.4837785568034623,2.0719238284739387
2012-12-23 14:34,0.5337473829413719,1.845609270235429
2012-12-23 14:44,0.4642552015160195,3.0054496545205738
2012-12-23 14:54,0.5143099447201158,0.0
2012-12-23 15:04,0.4225607206255513,2.340632581608817
2012-12-23 15:14,0.3381893587455524,3.6845731043088454
2012-12-23 15:24,0.5050329020785066,2.0664045397854656
2012-12-23 15:34,0.5805465395748499,1.1087676049402777
2012-12-23 15:44,0.5117718365897187,2.040133812505575
2012-12-23 15:54,0.43790305926206435,0.0
2012-12-23 16:04,0.6451743252208684,0.35655486258583297
2012-12-23 16:14,0.47958442107701643,2.1900504526576015
2012-12-23 16:24,0.5249341576389955,0.24766537791274387
2012-12-23 16:34,0.5141200928869072,1.5051702873078108
2012-12-23 16:44,0.4639811579420598,0.0
2012-12-23 16:54,0.49875019596104947,2.21477469019771
2012-12-23 21:54,0.25683307316595166,2.9416199618219188
2012-12-23 22:04,0.43469434209010166,1.6278626411233499
2012-12-23 22:14,0.30331631481005844,3.4123676804728693
2012-12-23 22:24,0.28794565925885124,3.480005832777658
2012-12-23 22:34,0.30481017945221056,3.4024640938727253
2012-12-23 22:44,0.40014250414412456,2.2898948990208408
2012-12-23 22:54,0.31016500804666064,3.374726243218246
2012-12-23 23:04,0.4991281204490433,1.8412508476246507
2012-12-23 23:14,0.37551943707128177,3.077187969947615
2012-12-23 23:24,0.4332392341903395,1.6243650905618932
2012-12-23 23:34,0.3286759424068918,3.2846077323689062
2012-12-23 23:44,0.49330072908352934,2.5419316340874727
2012-12-24 00:04,0.4294665558332737,2.145458244419238
2012-12-24 00:14,0.3454230752977221,3.200458237165251
2012-12-24 00:24,0.4869799305279435,1.881325103502242
2012-12-24 00:34,0.42881891121819843,2.8185405883397014
2012-12-24 00:44,0.48996962510390335,2.53967337322563
2012-12-24 00:54,0.5870187603699325,1.4216652785473383
2012-12-24 01:04,0.5074051629806888,1.7775207815246323
2012-12-24 01:14,0.4935584399865614,2.515801005580863
2012-12-24 01:24,0.5100220087194005,2.4409590107972075
2012-12-24 01:34,0.5666342291851983,2.1856469624315693
2012-12-24 01:44,0.5821732408317445,2.115491446717901
2012-12-24 01:54,0.6262520806283793,1.917184508790147
2012-12-24 02:04,0.5005931749468651,2.483425511610048
2012-12-24 02:14,0.451793743064437,2.7041571513473017
2012-12-24 02:24,0.48921043864808017,2.536830996561826
2012-12-24 02:34,0.5149949027716538,2.4218672677162405
2012-12-24 02:44,0.5445798616030643,2.289790921461371
2012-12-24 02:54,0.3849167986290888,3.009567316338485
2012-12-24 03:04,0.5172553279254949,1.2288736402729266
2012-12-24 03:14,0.296031849131704,4.359833029561425
2012-12-24 03:24,0.3588879007822154,3.1291444351202493
2012-12-24 03:34,0.5129047339277577,1.7592193172569328
2012-12-24 03:44,0.3828899706674019,3.025102935171586
2012-12-24 03:54,0.3970054838340781,1.7775241469894398
2012-12-24 04:04,0.3344441525476289,3.256123843008065
2012-12-24 04:14,0.4338305439697577,2.1397588275339423
2012-12-24 04:24,0.2652997300427622,3.651474180250068
2012-12-24 04:34,0.28229667011809806,3.592208418306732
2012-12-24 04:44,0.2624193815227526,2.999760049936842
2012-12-24 04:54,0.25774596123196447,3.031614426977367
2012-12-24 05:04,0.15825727542806808,4.187953749341168
2012-12-24 05:14,0.1991556728821364,4.0116240453560446
2012-12-24 05:24,0.2242574613975633,3.203143077677108
2012-12-24 05:34,0.23263021111154852,2.643024363002474
2012-12-24 10:24,0.17181550717698862,4.136550127282323
2012-12-24 10:34,0.21065510435987056,3.246247757297138
2012-12-24 10:44,0.2632476126668881,2.9865321275914782
2012-12-24 10:54,0.24755147671374167,3.0192350546292395
2012-12-24 11:04,0.3621680893666185,1.940988132080681
2012-12-24 11:14,0.41922496911371665,0.48729309693864103
2012-12-24 11:24,0.3344651161087119,2.5792890042263052
2012-12-24 11:34,0.3547866772317312,2.492719096149908
2012-12-24 11:44,0.4779040953627067,1.4283671824339244
2012-12-24 11:54,0.28589037269743384,4.336647224517064
2012-12-24 12:04,0.4641324426642702,2.5969754732059243
2012-12-24 12:14,0.4044459237985047,2.865686936843494
2012-12-24 12:24,0.5156614917892101,1.1934334263118338
2012-12-24 12:34,0.5674504106085277,0.9603339346449904
2012-12-24 12:44,0.4367893754454927,0.0
2012-12-24 12:54,0.5166192521928056,1.7441554167735025
2012-12-24 13:04,0.5629865123799224,1.0222137206379782
2012-12-24 13:14,0.4850932385198908,2.554422722413937
2012-12-24 13:24,0.43809686476569326,2.7618815841092896
2012-12-24 13:34,0.4560984198695453,0.0
2012-12-24 13:44,0.5535766076041563,1.051606147637916
2012-12-24 13:54,0.509516068020862,2.425273569860739
2012-12-24 14:04,0.5275988243603994,2.3380982710014884
2012-12-24 14:14,0.5504384918437116,2.2296492027313373
2012-12-24 14:24,0.6566225381482923,0.5714395472923134
2012-12-24 14:34,0.5990895221951468,0.8307007116793356
2012-12-24 14:44,0.6163604878234886,0.7568719003215064
2012-12-24 14:54,0.646465932542349,0.6258076885065401
2012-12-24 15:04,0.5436834073157014,2.272244727565498
2012-12-24 15:14,0.5282248957545643,1.6723190778316896
2012-12-24 15:24,0.4409785331568748,1.5627382716471014
2012-12-24 15:34,0.44946298828238285,2.711990980919027
2012-12-24 15:44,0.3683354872133086,2.4046407650894
2012-12-24 15:54,0.5299802678013426,0.7771272575017234
2012-12-24 16:04,0.4611486064249431,1.485867494527824
2012-12-24 16:14,0.34031133911898087,3.223537245958998
2012-12-24 16:24,0.2709618950192616,3.5431234925932285
2012-12-24 16:34,0.2976707256118678,3.430811526896881
2012-12-24 16:44,0.35343519910063387,2.5038676133382958
2012-12-24 16:54,0.2661602360050909,3.5851542473273152
2012-12-24 17:04,0.26779238132755157,2.385630533102928
2012-12-24 17:14,0.24563146945741687,3.6845527995771823
2012-12-24 17:24,0.27608740924255076,2.8624184827119206
2012-12-24 17:34,0.11645782366550096,4.268730171169691
2012-12-24 17:44,0.17148178132779338,3.428000574077244
2012-12-24 17:54,0.15359580378518348,4.213417537628338
2012-12-24 22:44,0.14883879584077267,3.9050093759489872
2012-12-24 22:54,0.17300842433297134,3.219610969277201
2012-12-24 23:04,0.20380128415383345,3.665636278610377
2012-12-24 23:14,0.22944060178521178,3.6581106452381116
2012-12-24 23:24,0.22200566932720736,3.6857251664665536
2012-12-24 23:34,0.19962919869777157,4.564921281575423
2012-12-24 23:44,0.1637693835837092,4.844992777960054
2012-12-25 00:04,0.17159085310754169,6.444662851414887
2012-12-25 00:14,0.39487099473616916,2.2291359172158547
2012-12-25 00:24,0.37450925999370177,2.8183102223222707
2012-12-25 00:34,0.3456148429632584,3.588175164615066
2012-12-25 00:44,0.3369680663345549,3.6235934931079075
2012-12-25 00:54,0.4276817675487236,2.436093542798585
2012-12-25 01:04,0.3551876092481948,4.206489483283585
2012-12-25 01:14,0.4614979496710858,2.2531768936938765
2012-12-25 01:24,0.46709085040031273,3.5083654737568395
2012-12-25 01:34,0.5130423364348377,2.4727353787091375
2012-12-25 01:44,0.4465475340164322,3.538654955015306
2012-12-25 01:54,0.4493203159673721,2.7097529629001524
2012-12-25 02:04,0.5614140717004454,1.6017443454789975
2012-12-25 02:14,0.5138806679878142,3.1798115265777036
2012-12-25 02:24,0.4938932966976426,0.0
2012-12-25 02:34,0.4655893525894033,1.9600625527526707
2012-12-25 02:44,0.537150222469355,1.1886037044261466
2012-12-25 02:54,0.5272944576927965,1.6869360513879135
2012-12-25 03:04,0.49692857445329763,1.8293453198698097
2012-12-25 03:14,0.5236661117068052,0.0
2012-12-25 03:24,0.5059399856178813,1.3498255095278462
2012-12-25 03:34,0.4850070630127269,1.0853305752379623
2012-12-25 03:44,0.49642720979960864,3.2175437990959534
2012-12-25 03:54,0.4565113283739914,4.491846350615518
2012-12-25 04:04,0.4998624805287104,1.8420570225093293
2012-12-25 04:14,0.3265469260495351,5.094301112003856
2012-12-25 04:24,0.3564672214685971,2.156672169750157
2012-12-25 04:34,0.3611308501023214,3.212831445088161
2012-12-25 04:44,0.2592075013545597,5.4612342435706385
2012-12-25 04:54,0.33867869108922644,2.6203133035801756
2012-12-25 05:04,0.32636720970016203,3.270614010401112
2012-12-25 05:14,0.28128703000852356,5.369779840798855
2012-12-25 05:24,0.4235420514265988,0.6438824155498029
2012-12-25 05:34,0.2737102100049852,4.289647259299439
2012-12-25 05:44,0.36120046014316487,2.507736019009281
2012-12-25 05:54,0.22697212625026236,4.479309887906473
2012-12-25 06:04,0.3237734009046836,2.661313250638101
2012-12-25 06:14,0.2902068073843373,3.5183309398365874
2012-12-25 06:24,0.29349648700895903,2.570091608549251
2012-12-25 11:24,0.43495036858458896,2.7949411014175403
2012-12-25 11:34,0.4805226652929326,1.9040233114512515
2012-12-25 11:44,0.5636654060091539,0.0
2012-12-25 11:54,0.4914270908976748,2.4720577210935724
2012-12-25 12:04,0.4540558949610427,3.5774896659018443
2012-12-25 12:14,0.49954326250806314,1.766114084361417
2012-12-25 12:24,0.5372650649090188,0.0
2012-12-25 12:34,0.5867474380427502,2.0426473896747557
2012-12-25 12:44,0.5722457716211794,0.0
2012-12-25 12:54,0.6516591433566559,1.7502908558788344
2012-12-25 13:04,0.6970758388040813,1.5457420021921147
2012-12-25 13:14,0.7183241456017256,1.450047345057587
2012-12-25 13:24,0.7231440015524497,0.0
2012-12-25 13:34,0.671460685980526,1.6611387197554013
2012-12-25 13:44,0.736515226898428,1.3681384535388585
2012-12-25 13:54,0.7300210761536918,1.3973954809430473
2012-12-25 14:04,0.8846856025089099,0.03143532619587123
2012-12-25 14:14,0.9179535861918026,0.5509462473422669
2012-12-25 14:24,0.728113685420081,1.405999992367817
2012-12-25 14:34,0.7253680461832783,0.7490172353831136
2012-12-25 14:44,0.8483016122424492,0.8646704859072847
2012-12-25 14:54,0.5887650293827545,0.0
2012-12-25 15:04,0.6530434314882357,1.0754111867472038
2012-12-25 15:14,0.8759762663753026,0.7411280756968149
2012-12-25 15:24,0.9155617216949774,0.5633849671767525
2012-12-25 15:34,0.8064584041166293,1.054406511094751
2012-12-25 15:44,0.7892529232541663,1.0247104952991606
2012-12-25 15:54,0.8291403328497832,0.8445572357179585
2012-12-25 16:04,0.7663891311897424,1.1272390838705109
2012-12-25 16:14,0.7689585451178858,1.117427026398825
2012-12-25 16:24,0.6596693114447741,0.0
2012-12-25 16:34,0.982371221182172,0.26237535477734525
2012-12-25 16:44,0.7768769412609265,1.187601770953836
2012-12-25 16:54,0.847783546077932,0.1990031830068063
2012-12-25 17:04,0.7053051622201179,1.509847618389306
2012-12-25 17:14,0.6518026856393673,1.0813896561808207
2012-12-25 17:24,0.6901030889251529,1.5782896047561925
2012-12-25 17:34,0.6795898199011138,0.45425816993022206
2012-12-25 17:44,0.6599733718981395,1.0445932108976614
2012-12-25 17:54,0.5775726867455214,2.0849517396099446
2012-12-25 18:04,0.5003932756721785,0.0
2012-12-25 18:14,0.5306397222008022,2.296269091683747
2012-12-25 18:24,0.5043089735902824,2.4148259993351817
2012-12-25 18:34,0.5099179203392863,0.827432313741482
2012-12-26 00:04,0.5044458222615669,0.0
2012-12-26 00:14,0.489691880091934,1.9959597587401234
2012-12-26 00:24,0.5494541571565822,0.46723210096382417
2012-12-26 00:34,0.5546354568670736,1.7064100562011086
2012-12-26 00:44,0.5340876824034502,0.0
2012-12-26 00:54,0.5724847215759602,1.6283403741407114
2012-12-26 01:04,0.5246533169691305,2.5470179700362077
2012-12-26 01:14,0.581028017326868,1.5944860237640257
2012-12-26 01:24,0.569654845575271,1.6480837346801676
2012-12-26 01:34,0.6862320524028739,1.8275661879071594
2012-12-26 01:44,0.6042125235705833,0.9686098352037603
2012-12-26 01:54,0.6792770346904191,2.1139709864842184
2012-12-26 02:04,0.7642422795734275,0.9930471318101122
2012-12-26 02:14,0.8633672617719186,1.2846496992179521
2012-12-26 02:24,0.7363161262563133,1.8552893227183718
2012-12-26 02:34,0.796356336659161,1.5837580415496029
2012-12-26 02:44,0.7947640425184083,1.5894530502198705
2012-12-26 02:54,0.8546656545589948,0.027008962850717674
2012-12-26 03:04,0.6620894004185865,0.0
2012-12-26 03:14,0.7639769504706427,0.4332773541361242
2012-12-26 03:24,0.8377358705931296,0.10046978193779432
2012-12-26 03:34,0.8636048160790679,0.5360209849214108
2012-12-26 03:44,0.8430946087754521,0.07453413533393778
2012-12-26 03:54,0.7859493770261108,0.0
2012-12-26 04:04,0.7574641544100312,1.7451807060330191
2012-12-26 04:14,0.7479423420584387,1.5570661978143656
2012-12-26 04:24,0.6070216215875189,0.0
2012-12-26 04:34,0.7361821906737028,1.59958451245892
2012-12-26 04:44,0.8124214609951075,1.2505898170848637
2012-12-26 04:54,0.7444775252791637,0.0
2012-12-26 05:04,0.7404335153631432,0.0
2012-12-26 05:14,0.7229121092882248,0.42444387613638396
2012-12-26 05:24,0.69466433596046,0.0
2012-12-26 05:34,0.5617795316201485,1.6836915265572494
2012-12-26 05:44,0.6144493882287134,0.9229947470256349
2012-12-26 05:54,0.6927145135573969,1.3135542082709086
2012-12-26 06:04,0.5649528560076386,1.8925823907387354
2012-12-26 06:14,0.7503618838447167,1.0586747725473744
2012-12-26 06:24,0.5592419426816717,0.0
2012-12-26 06:34,0.4926140763701501,2.220173415472195
2012-12-26 06:44,0.5412521168296226,2.741564482900084
2012-12-26 06:54,0.5144820970839363,1.5672280573798365
2012-12-26 12:14,0.3664895629775897,2.99477953244942
2012-12-26 12:24,0.5433473520690226,1.170249373025777
2012-12-26 12:34,0.5450715274862669,1.6161345366305304
2012-12-26 12:44,0.573980495790558,2.06583523515413
2012-12-26 12:54,0.6287122504780936,0.0
2012-12-26 13:04,0.4793563198261242,2.485738127802562
2012-12-26 13:14,0.6220240332756855,1.8494625811935608
2012-12-26 13:24,0.6201277695965954,0.0
2012-12-26 13:34,0.6535910921928816,1.7191828510912346
2012-12-26 13:44,0.6615015952969292,0.0
2012-12-26 13:54,0.6890683084569155,2.349901747757607
2012-12-26 14:04,0.6875015774305239,1.5859453495549019
2012-12-26 14:14,0.6912925801496643,0.9930899849533444
2012-12-26 14:24,0.6035899770823272,0.0
2012-12-26 14:34,0.7367569976805153,1.3919732037181864
2012-12-26 14:44,0.8301138547762735,0.38749849620685506
2012-12-26 14:54,0.6124394717783743,2.016946124657222
2012-12-26 15:04,0.6279724936168201,0.8831167657232366
2012-12-26 15:14,0.8056241904492459,1.1354619532294943
2012-12-26 15:24,0.7372971770048148,1.4338865814777115
2012-12-26 15:34,0.7854658824794644,1.2081262922573597
2012-12-26 15:44,0.8332486763738147,0.39291710540019464
2012-12-26 15:54,0.8563058317748439,0.8742011917858055
2012-12-26 16:04,0.7359423393521005,1.4101428171115817
2012-12-26 16:14,0.6923204403283655,1.6014871369309374
2012-12-26 16:24,0.8566107181085659,0.0
2012-12-26 16:34,0.7420101280214161,1.3700779911745362
2012-12-26 16:44,0.8375408838021141,0.9369623966921212
2012-12-26 16:54,0.867234218111001,0.800767362341109
2012-12-26 17:04,0.7626535724748206,0.6819589207663745
2012-12-26 17:14,0.6209440257974548,1.9072660507922323
2012-12-26 17:24,0.7025528338461006,0.8607804601235296
2012-12-26 17:34,0.7059084528505265,0.84285559193542
2012-12-26 17:44,0.7913117510614,1.029754808979584
2012-12-26 17:54,0.6601886825754584,1.6173248026503346
2012-12-26 18:04,0.6998313851083111,0.8629912705704987
2012-12-26 18:14,0.7514967411541497,0.6288513165017668
2012-12-26 18:24,0.557085204307577,0.4796735611809015
2012-12-26 18:34,0.6494066839197021,0.0
2012-12-26 18:44,0.5711667691228254,2.118292435820313
2012-12-26 18:54,0.4441693785511317,2.685917031100172
2012-12-26 19:04,0.5031063171576384,2.415791692736989
2012-12-26 19:14,0.5354701922122107,0.10689240995582851
2012-12-27 00:24,0.35965188210298693,2.9763820951770135
2012-12-27 00:34,0.48608869444656316,2.408204632313189
2012-12-27 00:44,0.5212332176007329,1.5846265724449342
2012-12-27 00:54,0.4704013666946382,2.372977412720804
2012-12-27 01:04,0.5417409126107464,2.0540517595133676
2012-12-27 01:14,0.8024116590968786,0.9939033374313911
2012-12-27 01:24,0.7036470233979644,1.4458266301181042
2012-12-27 01:34,0.6541799920289243,1.673474117746031
2012-12-27 01:44,0.6193828771113601,0.44680558632308487
2012-12-27 01:54,0.5709757274837554,2.052376807575256
2012-12-27 02:04,0.6216010461126655,1.82288709579445
2012-12-27 02:14,0.8360305105132213,0.2765838362711533
2012-12-27 02:24,0.7698640592486485,0.5709737110629078
2012-12-27 02:34,0.6905681207760104,1.5006511574374117
2012-12-27 02:44,0.8364287428178796,0.26433717209263885
2012-12-27 02:54,0.8101782343428094,0.9544209902625707
2012-12-27 03:04,0.8613120853637707,0.7215489047643727
2012-12-27 03:14,0.7815415842958151,1.0795507519950618
2012-12-27 03:24,0.6563752057523631,0.0
2012-12-27 03:34,0.8523683890560211,0.7584681743385138
2012-12-27 03:44,0.8200155022608637,0.0
2012-12-27 03:54,0.7801349891859413,0.5073203779788024
2012-12-27 04:04,1.0149242633784112,0.02454605463319781
2012-12-27 04:14,1.026676820285132,0.0
2012-12-27 04:24,1.0354082492956385,0.0
2012-12-27 04:34,0.8653111062400874,0.1286218820274325
2012-12-27 04:44,0.81270930582481,1.7091343005834114
2012-12-27 04:54,0.8662384204756859,1.4704469478864484
2012-12-27 05:04,0.948488212959949,0.34162373827949816
2012-12-27 05:14,0.8642298927652412,0.7375337787237163
2012-12-27 05:24,0.9582513961318863,0.319132422064545
2012-12-27 05:34,0.6615453333525614,2.416366772502999
2012-12-27 05:44,0.8974050819227197,0.5704283058691361
2012-12-27 05:54,0.8283686558878066,0.8693295249389901
2012-12-27 06:04,0.8789528263291564,0.6317731588529509
2012-12-27 06:14,0.688248845203115,1.5829365278615402
2012-12-27 06:24,0.7361032087433625,1.1443422862771269
2012-12-27 06:34,0.7142812350973962,2.0007359611077242
2012-12-27 06:44,0.6440303712972407,1.7280601498811807
2012-12-27 06:54,0.5305548834758919,2.216388779497277
2012-12-27 07:04,0.5127827359148603,0.0
2012-12-27 07:14,0.6335317630108742,2.540156890480172
2012-12-27 07:24,0.5865593504828273,0.0
2012-12-27 07:34,0.5782100530201679,2.8168255324695877
2012-12-27 07:44,0.5173854683823885,2.1334880431481746
2012-12-27 12:54,0.6319038765971519,0.0
2012-12-27 13:04,0.7898448393482707,1.0127364767107958
2012-12-27 13:14,0.8019426376600474,0.9569933696055534
2012-12-27 13:24,0.9488909894034401,0.18534798842206626
2012-12-27 13:34,1.0021528285441852,0.0
2012-12-27 13:44,0.7419587837817808,0.0
2012-12-27 13:54,1.0030279212547102,0.8186320729485759
2012-12-27 14:04,1.0278912110154115,0.0
2012-12-27 14:14,1.0070799922459965,0.0
2012-12-27 14:24,0.8433440757055358,0.0
2012-12-27 14:34,0.7676297265960335,0.0
2012-12-27 14:44,0.9022893460723932,0.0
2012-12-27 14:54,1.0030412520402219,0.0
2012-12-27 15:04,1.0471884323732361,0.0
2012-12-27 15:14,0.787428208572792,0.0
2012-12-27 15:24,1.0309382767427941,0.0
2012-12-27 15:34,1.049838525897959,0.0
2012-12-27 15:44,0.9241840413925362,0.0
2012-12-27 15:54,1.1353134951793855,0.0
2012-12-27 16:04,1.2833792919929954,0.0
2012-12-27 16:14,1.0494485614278846,0.0
2012-12-27 16:24,1.099659878464647,0.0
2012-12-27 16:34,1.2052533543310036,0.0
2012-12-27 16:44,1.0613462491117347,0.0
2012-12-27 16:54,1.0728585211874815,0.0
2012-12-27 17:04,1.1478072012166267,0.0
2012-12-27 17:14,1.1888657892970103,0.0
2012-12-27 17:24,1.14496661488739,0.0
2012-12-27 17:34,0.7599336505327436,0.0
2012-12-27 17:44,0.8328894533034819,0.0
2012-12-27 17:54,0.7353764566991532,0.0
2012-12-27 18:04,1.1741669445694254,0.0
2012-12-27 18:14,0.7849577839186095,0.0
2012-12-27 18:24,0.8871663001143396,0.0
2012-12-27 18:34,0.9334177760119423,0.013693235408365008
2012-12-27 18:44,0.7459901030879692,1.694889771564902
2012-12-27 18:54,0.8140198201964802,1.3832329801995347
2012-12-27 19:04,0.6684957434845425,1.1933618290567474
2012-12-27 19:14,0.6725359968007008,1.9512546521535366
2012-12-27 19:24,0.5776022554418566,1.5488172466570491
2012-12-27 19:34,0.6248936795644173,2.165645235091205
2012-12-28 01:04,0.6003753687308951,1.023345830820386
2012-12-28 01:14,0.42707897889760577,3.2918907139409845
2012-12-28 01:24,0.6087251835069988,1.6037103352354
2012-12-28 01:34,0.6063106085970377,1.612561786808845
2012-12-28 01:44,0.5816711333933837,1.7212831814469014
2012-12-28 01:54,0.6541188626420318,0.30863944015521766
2012-12-28 02:04,0.6015136734146947,0.0
2012-12-28 02:14,0.6821415080612372,2.0525754300328956
2012-12-28 02:24,0.5649672394427138,0.0
2012-12-28 02:34,0.6647011145649717,0.0
2012-12-28 02:44,0.7889009562139302,0.7155971490094316
2012-12-28 02:54,0.9853449617299456,0.0
2012-12-28 03:04,0.9558058865855237,0.0
2012-12-28 03:14,0.7145954951707324,0.0
2012-12-28 03:24,0.922132353689605,0.10904701313413168
2012-12-28 03:34,0.9716463861252921,0.0
2012-12-28 03:44,0.7957441894607274,0.7550165307847478
2012-12-28 03:54,0.9933867809780343,0.736160451369474
2012-12-28 04:04,0.9632956046069714,0.005614225540291682
2012-12-28 04:14,0.8808520161662219,0.0
2012-12-28 04:24,0.7384559826802144,1.8867620936856948
2012-12-28 04:34,0.9787531759682835,0.0
2012-12-28 04:44,0.9003591441717473,0.29076332933481175
2012-12-28 04:54,0.6606712974043225,0.0
2012-12-28 05:04,0.7190089124896208,1.107517612144708
2012-12-28 05:14,0.9354410248562043,0.13386466389282733
2012-12-28 05:24,0.7987764255923252,1.6178536001154153
2012-12-28 05:34,0.7312311667163055,0.4327741959701833
2012-12-28 05:44,0.791694867011926,0.7814655399067872
2012-12-28 05:54,0.8458261695951926,0.5380790417727652
2012-12-28 06:04,0.7703652167148246,1.7472035262768038
2012-12-28 06:14,0.7947708589683687,0.1487065070417247
2012-12-28 06:24,0.667140958874656,2.2146261239338303
2012-12-28 06:34,0.6927778103293245,2.222931087797097
2012-12-28 06:44,0.6607747692884588,0.8427174284615001
2012-12-28 06:54,0.4934815275639008,3.1240889680396062
2012-12-28 07:04,0.5202842803035677,3.0045377644814533
2012-12-28 07:14,0.5011594130344349,1.5629762246800887
2012-12-28 07:24,0.4592787837185977,3.278563662061049
2012-12-28 07:34,0.47324535673316365,3.2153163110231753
2012-12-28 07:44,0.4828422144004877,0.0
2012-12-28 07:54,0.5154985949674322,0.0
2012-12-28 08:04,0.4903729806359586,2.2498043028522368
2012-12-28 13:34,0.3344048995621291,2.580925036691419
2012-12-28 13:44,0.40301831350323375,2.9555679400212993
2012-12-28 13:54,0.4075493538190119,2.937311489656719
2012-12-28 14:04,0.39160216930460223,2.3288416130853156
2012-12-28 14:14,0.512697013813615,1.7847493511560677
2012-12-28 14:24,0.512022857184488,1.277064944466258
2012-12-28 14:34,0.4412981090595704,2.7910013686524935
2012-12-28 14:44,0.5285086889375108,3.3552192939635277
2012-12-28 14:54,0.59641326701307,2.000302546903311
2012-12-28 15:04,0.5747904340445957,3.034796903781667
2012-12-28 15:14,0.6970443891226027,1.5472797710708877
2012-12-28 15:24,0.7146815078245772,1.4681479839755607
2012-12-28 15:34,0.9109846107743896,0.0
2012-12-28 15:44,0.9786901645803948,0.27999194229863283
2012-12-28 15:54,0.8459139890493679,0.20862597878492112
2012-12-28 16:04,0.8262877714104009,0.0
2012-12-28 16:14,0.7831585894027868,2.097265493773933
2012-12-28 16:24,0.911228565028854,0.584298221056839
2012-12-28 16:34,1.0322083164632596,0.03979954817121722
2012-12-28 16:44,0.7859790305698708,1.148018247142203
2012-12-28 16:54,0.8918063305367275,0.6717175705404643
2012-12-28 17:04,0.7001019137315106,1.5345302995327874
2012-12-28 17:14,0.9774848402597521,0.2860975095123607
2012-12-28 17:24,0.9228768637054476,0.0
2012-12-28 17:34,0.7622693771173112,1.2547261089142565
2012-12-28 17:44,0.9515217443262988,0.40264575132751707
2012-12-28 17:54,0.8047711860647014,1.0631805347642036
2012-12-28 18:04,0.8903018708583827,0.678190125464945
2012-12-28 18:14,0.7993379358606552,2.0244575135119036
2012-12-28 18:24,0.8134344594509284,1.0235745581502809
2012-12-28 18:34,0.6969132952641676,0.8784953264730314
2012-12-28 18:44,0.7186893139166554,1.4497893973680143
2012-12-28 18:54,0.6448906734492975,1.8788400706124635
2012-12-28 19:04,0.4804284593145248,3.575344327357329
2012-12-28 19:14,0.47509941984506265,1.9585401118240802
2012-12-28 19:24,0.4290972286195886,3.8030784805746314
2012-12-28 19:34,0.46429921042974837,2.0042202182069824
2012-12-28 19:44,0.4236660092428965,2.1851245601052693
2012-12-28 19:54,0.42500650529290834,2.1762803875613494
2012-12-28 20:04,0.4955092070037047,1.3438574105896977
2012-12-28 20:14,0.34889705967176204,3.1892282964573724
2012-12-28 20:24,0.3070804311747442,2.6897405225782016
2012-12-29 01:44,0.4270741002415021,2.6594800182581912
2012-12-29 01:54,0.5778679594293447,1.9786863068595713
2012-12-29 02:04,0.5980028657931807,1.886096342705152
2012-12-29 02:14,0.5976527189721133,0.0
2012-12-29 02:24,0.5265783049366168,2.205034784668606
2012-12-29 02:34,0.6232724251096902,1.6625645113848406
2012-12-29 02:44,0.5565603980108632,1.9589937096069776
2012-12-29 02:54,0.5847893610820882,1.827834018486455
2012-12-29 03:04,0.7453564627999845,1.1011611882608865
2012-12-29 03:14,0.9329319234729095,0.25323866075685497
2012-12-29 03:24,0.6207471432009539,0.0
2012-12-29 03:34,0.9793474045008292,0.037837139771677714
2012-12-29 03:44,0.8347551976080919,0.5975265131933605
2012-12-29 03:54,0.7591295699408825,0.9350893926321032
2012-12-29 04:04,0.816817808901321,0.6732716205130586
2012-12-29 04:14,0.8272783916100577,0.6246983968771886
2012-12-29 04:24,0.781338019184631,1.699321870326451
2012-12-29 04:34,0.9879627886466781,0.0
2012-12-29 04:44,1.0035381830549397,0.0
2012-12-29 04:54,0.9406326633379277,0.10938070766213735
2012-12-29 05:04,0.9708048396592401,0.0
2012-12-29 05:14,0.9254753686024974,0.0
2012-12-29 05:24,0.9335651636601057,0.1405608162114915
2012-12-29 05:34,0.8368894507520797,0.518181331653713
2012-12-29 05:44,0.7684911549127047,0.8304186077333758
2012-12-29 05:54,0.735230882778283,0.3719244942478557
2012-12-29 06:04,0.7496095442049437,0.0
2012-12-29 06:14,0.9959394826982818,0.0
2012-12-29 06:24,0.7410689557978981,1.0255109565731855
2012-12-29 06:34,0.6470885855730377,0.0
2012-12-29 06:44,0.8177801834401602,1.6971358215890961
2012-12-29 06:54,0.8870444751315281,0.45408246543033376
2012-12-29 07:04,0.7355561235662442,1.95960375864384
2012-12-29 07:14,0.6520585741938271,0.0
2012-12-29 07:24,0.8029732476424988,0.7369512421611134
2012-12-29 07:34,0.6955196932646794,2.087894819972098
2012-12-29 07:44,0.759411448306479,1.8006443467316027
2012-12-29 07:54,0.677429502918036,2.170472925704803
2012-12-29 08:04,0.5919657327674824,2.553621112169841
2012-12-29 08:14,0.5125171895368505,4.052782815699205
2012-12-29 08:24,0.593220782048264,1.567590826287018
2012-12-29 08:34,0.4867732674477563,2.8928061273023142
2012-12-29 08:44,0.3939090077026085,3.308415282896578
2012-12-29 14:04,0.3991517077218023,2.994902021719079
2012-12-29 14:14,0.3370336679708264,3.2787027292413566
2012-12-29 14:24,0.47136044593463583,2.676202387999889
2012-12-29 14:34,0.47945543815093744,1.840809261967742
2012-12-29 14:44,0.5808528373072961,1.4565336700210474
2012-12-29 14:54,0.5317415028961288,0.0
2012-12-29 15:04,0.5481835795133881,0.0
2012-12-29 15:14,0.5768148807772026,1.4751035749836927
2012-12-29 15:24,0.6829561192893397,0.9972688578488473
2012-12-29 15:34,0.64564135897921,0.5834677245025567
2012-12-29 15:44,0.6332782895216856,2.0347690155403417
2012-12-29 15:54,0.7274851687991761,0.9516916110048677
2012-12-29 16:04,0.718922524617609,1.8404112286038403
2012-12-29 16:14,0.7377431733077596,0.9144045860713871
2012-12-29 16:24,0.6990116185165628,1.9414780983897801
2012-12-29 16:34,0.665153724893025,2.0989693445797744
2012-12-29 16:44,0.6679080482139318,0.1799324050850573
2012-12-29 16:54,0.9094426945561301,0.15805978724054454
2012-12-29 17:04,0.8414695109267551,0.0
2012-12-29 17:14,0.6068951939884935,0.0
2012-12-29 17:24,0.6095163561243675,0.0
2012-12-29 17:34,0.8040047717934476,1.4843229514113379
2012-12-29 17:44,0.8984928944928369,0.2087034202366373
2012-12-29 17:54,0.7173826775578237,0.0
2012-12-29 18:04,0.54573521299478,0.0
2012-12-29 18:14,0.6297834307490123,0.0
2012-12-29 18:24,0.7526443813497071,0.2529186233290984
2012-12-29 18:34,0.8249617314077153,0.529942679141113
2012-12-29 18:44,0.7405079471250426,1.7531784957295797
2012-12-29 18:54,0.612710837643322,2.3225987754738675
2012-12-29 19:04,0.6394956499604997,2.194816231937233
2012-12-29 19:14,0.6605101938832126,0.0
2012-12-29 19:24,0.6379309854541116,1.3528268873861828
2012-12-29 19:34,0.5736996046177042,2.48486461031337
2012-12-29 19:44,0.5988117084353611,2.369876803318011
2012-12-29 19:54,0.5052266127229073,0.0
2012-12-29 20:04,0.6307094920393284,2.2209278224880493
2012-12-29 20:14,0.46373555323673377,2.968155389033662
2012-12-29 20:24,0.5141340141792473,1.8955262069733043
2012-12-29 20:34,0.46960708451976274,2.93589598704415
2012-12-29 20:44,0.5879770983634777,0.0
2012-12-29 20:54,0.4817852673152228,2.9739500259368117
2012-12-30 02:14,0.5263609420713806,0.0
2012-12-30 02:24,0.5046597442385358,2.0698891343839523
2012-12-30 02:34,0.47357405531123675,3.0780743411809692
2012-12-30 02:44,0.5808885225665421,0.0
2012-12-30 02:54,0.6476650213914396,0.0
2012-12-30 03:04,0.6569709875981324,1.3834360264385994
2012-12-30 03:14,0.6404998653166021,0.837208056463212
2012-12-30 03:24,0.5781905811353727,0.0
2012-12-30 03:34,0.7224405764141311,1.0854814197181752
2012-12-30 03:44,0.6704519426547298,0.6986407949685138
2012-12-30 03:54,0.7228383004239313,1.0809919647924544
2012-12-30 04:04,0.6789308261063505,0.0
2012-12-30 04:14,0.7336001246608315,1.020501122437463
2012-12-30 04:24,0.7779365701482716,0.0
2012-12-30 04:34,0.7440716798050742,0.0
2012-12-30 04:44,0.7866882368604038,0.0
2012-12-30 04:54,0.7133213495195965,0.41046006975034577
2012-12-30 05:04,0.8084601285597505,0.5826752435387758
2012-12-30 05:14,0.8605896755040845,0.0
2012-12-30 05:24,0.8617952735538403,0.26974591302035994
2012-12-30 05:34,0.846589268379408,0.0
2012-12-30 05:44,0.9449753399208046,0.0
2012-12-30 05:54,0.8034699378311363,0.0
2012-12-30 06:04,0.8432595407475175,0.0
2012-12-30 06:14,0.8243106808665114,0.0
2012-12-30 06:24,0.8002711485922379,1.3763800767066476
2012-12-30 06:34,0.8647735946127011,1.0860587620024806
2012-12-30 06:44,0.7993935706669213,0.5506063353876903
2012-12-30 06:54,0.5959210059557877,0.0
2012-12-30 07:04,0.9275722906927214,0.0
2012-12-30 07:14,0.7392422960995054,0.0
2012-12-30 07:24,0.8635613206256803,1.091440213392564
2012-12-30 07:34,0.6743520946740449,0.0
2012-12-30 07:44,0.724223726859598,0.2962107429957075
2012-12-30 07:54,0.7877456449799898,0.6029428855273882
2012-12-30 08:04,0.7579830563363101,1.566628732821426
2012-12-30 08:14,0.6959853134942346,1.016017202279656
2012-12-30 08:24,0.8398182120890664,1.1983859879519876
2012-12-30 08:34,0.5907947566953277,0.0
2012-12-30 08:44,0.6077989154762493,0.0
2012-12-30 08:54,0.5259865958994263,2.61104705036674
2012-12-30 09:04,0.5589377081542379,2.4627383224177444
2012-12-30 14:44,0.47184465640382395,2.854769888481953
2012-12-30 14:54,0.5557265505960906,1.054727208263665
2012-12-30 15:04,0.593304661311681,1.4782665119115377
2012-12-30 15:14,0.5951484201677987,1.4699594307829869
2012-12-30 15:24,0.7187445441555352,0.9136331038032431
2012-12-30 15:34,0.6444083367808217,2.0779533068768727
2012-12-30 15:44,0.8924540030092137,0.9614844803843698
2012-12-30 15:54,0.6341981050190825,0.0
2012-12-30 16:04,0.6966010872829611,1.8429054027803264
2012-12-30 16:14,0.8416035968822221,0.36058819568315764
2012-12-30 16:24,0.8474492090133968,0.33425622099844704
2012-12-30 16:34,0.8812375417615138,0.0
2012-12-30 16:44,0.8551368194900902,1.1293129705789742
2012-12-30 16:54,0.8199878958883206,1.2875528243270127
2012-12-30 17:04,0.7407701637954993,1.6441211766640225
2012-12-30 17:14,0.8482056685063045,1.1606217000110082
2012-12-30 17:24,1.082783632229763,0.10486685885044286
2012-12-30 17:34,0.9279345906639616,0.8018141837993032
2012-12-30 17:44,1.1366720740296754,0.0
2012-12-30 17:54,0.7092448368985502,0.0
2012-12-30 18:04,0.7497023976869249,0.0
2012-12-30 18:14,1.0918425530143516,0.06408525557705098
2012-12-30 18:24,1.0145488270807281,0.0
2012-12-30 18:34,0.9346085799823215,0.0
2012-12-30 18:44,0.9878045405412309,0.5323565218586851
2012-12-30 18:54,1.1076628707235565,0.0
2012-12-30 19:04,1.0240375615912536,0.0
2012-12-30 19:14,0.9532367486550684,0.6879450241495657
2012-12-30 19:24,0.9410839723910915,0.0
2012-12-30 19:34,0.9233532932303268,0.8224513645279055
2012-12-30 19:44,0.8233485814734479,1.2725871458695694
2012-12-30 19:54,0.879801993548164,0.1887109500260414
2012-12-30 20:04,0.7027183236892292,1.7149357440629698
2012-12-30 20:14,0.5920602083131754,0.0
2012-12-30 20:24,0.6914856124522523,1.8661189115831773
2012-12-30 20:34,0.6533908979327244,1.2078178689955448
2012-12-30 20:44,0.8101999574204374,1.3317586500043983
2012-12-30 20:54,0.7708610186678023,1.508827462017002
2012-12-30 21:04,0.5379688934726493,2.5571162497317816
2012-12-30 21:14,0.5510092422375259,2.4984170369560363
2012-12-30 21:24,0.6556022495873438,2.027621377858742
2012-12-31 02:54,0.5144376531005145,2.78825515041146
2012-12-31 03:04,0.6744224585837985,1.218374775586404
2012-12-31 03:14,0.6122182331839638,2.3497766991283635
2012-12-31 03:24,0.51248666274432,0.0
2012-12-31 03:34,0.5766194714452868,0.0
2012-12-31 03:44,0.7364917283290772,1.7907335441082983
2012-12-31 03:54,0.6528566056009751,0.0
2012-12-31 04:04,0.8129898585830153,0.5886182074282402
2012-12-31 04:14,0.8136248600010326,1.4273855619545959
2012-12-31 04:24,0.9794536233970845,0.0
2012-12-31 04:34,0.9465447457906191,0.8085291792330289
2012-12-31 04:44,1.0788533521843822,0.21266169273552996
2012-12-31 04:54,0.8896726828590661,0.22517979981946792
2012-12-31 05:04,0.9507376618130188,0.0
2012-12-31 05:14,1.0058557694192762,0.0
2012-12-31 05:24,0.8895566353320931,0.0
2012-12-31 05:34,1.0069949908644529,0.0
2012-12-31 05:44,1.133849302103329,0.0
2012-12-31 05:54,0.8516302300659698,0.0
2012-12-31 06:04,0.946105328052625,0.0
2012-12-31 06:14,0.8474016856083805,0.0
2012-12-31 06:24,1.0045417651506028,0.5769541444664595
2012-12-31 06:34,1.0632429857978825,0.31391802839183086
2012-12-31 06:44,1.020494265948157,0.0
2012-12-31 06:54,0.990022024120593,0.0
2012-12-31 07:04,1.011564901976531,0.0
2012-12-31 07:14,0.9983593015057061,0.613117347555735
2012-12-31 07:24,0.8835083314356462,0.28244287048277494
2012-12-31 07:34,0.7442304819160277,0.0
2012-12-31 07:44,0.9331802489059923,0.9214521055588041
2012-12-31 07:54,0.912526119308523,0.16703388866932067
2012-12-31 08:04,0.8364161454471216,0.0
2012-12-31 08:14,0.6080620054746948,0.9465012629072979
2012-12-31 08:24,0.6247118999606301,2.365335567843122
2012-12-31 08:34,0.8350659702177317,1.4913993643097576
2012-12-31 08:44,0.5478170050351954,2.7904765591305685
2012-12-31 08:54,0.5507663227411095,2.772109173200844
2012-12-31 09:04,0.672711125818393,2.2140714403476442
2012-12-31 09:14,0.5819741295971165,1.7424885177312546
2012-12-31 09:24,0.5970583527988934,0.0
2012-12-31 09:34,0.5329492988865462,2.9195719076394204
2012-12-31 09:44,0.5760328175767798,2.728453842016469
2012-12-31 09:54,0.5329633884655707,2.0391632837041858
2012-12-31 15:14,0.4872721651782246,0.0
2012-12-31 15:24,0.48708543420996725,0.0
2012-12-31 15:34,0.4322724076608784,3.5741190143427666
2012-12-31 15:44,0.7092412656643904,0.7506670037963615
2012-12-31 15:54,0.5211913074741309,2.2522124338443623
2012-12-31 16:04,0.654382658475481,0.9914032004868292
2012-12-31 16:14,0.8388472722314569,0.1554279803501414
2012-12-31 16:24,0.6280074227094251,0.0
2012-12-31 16:34,0.744193969774975,0.5723733510334739
2012-12-31 16:44,0.7345953650241499,2.1795340040112077
2012-12-31 16:54,0.7936849423658453,0.9965863626304717
2012-12-31 17:04,0.9021995329592815,0.0
2012-12-31 17:14,0.839039368640386,0.686902501062969
2012-12-31 17:24,0.9425219644664244,0.2203675429142988
2012-12-31 17:34,0.8426955387705742,0.6688806211946255
2012-12-31 17:44,0.9528654794099628,0.17241171036123412
2012-12-31 17:54,0.9886020708642969,0.01098798347013809
2012-12-31 18:04,0.939090219657469,0.2333689867843332
2012-12-31 18:14,0.9440278429368173,0.2108803312841904
2012-12-31 18:24,1.0056249804162232,0.0
2012-12-31 18:34,0.9214337819644974,0.0
2012-12-31 18:44,1.0112326012024826,0.018195545363494596
2012-12-31 18:54,1.0091984393093671,0.027736681368454762
2012-12-31 19:04,0.8784948767914365,1.5285035439994528
2012-12-31 19:14,0.9613082974082062,0.13402728473863967
2012-12-31 19:24,0.7519617199280126,1.9675559332486405
2012-12-31 19:34,0.9097143732144531,0.3664200385497472
2012-12-31 19:44,1.0007293734236602,0.0
2012-12-31 19:54,0.7671728224392823,1.8997144273326534
2012-12-31 20:04,0.8616993525550692,0.5835682265151039
2012-12-31 20:14,0.9924506491710036,0.0
2012-12-31 20:24,0.6416108362708158,0.0
2012-12-31 20:34,0.6618595704320349,1.7063916086782955
2012-12-31 20:44,0.6549726397555907,1.7373755612785884
2012-12-31 20:54,0.5871829219030221,2.0422138147790605
2012-12-31 21:04,0.6133138660764732,1.2553472984839797
2012-12-31 21:14,0.6145773220014809,1.1543640706110088
2012-12-31 21:24,0.48536604220625396,2.390248490532529
2012-12-31 21:34,0.5571990469807065,2.0676862231348183
2012-12-31 21:44,0.5236439618586604,2.219625756923608
2012-12-31 21:54,0.46354280513602064,2.4911584547348298
2012-12-31 22:04,0.4614481286686119,2.606358085423623
2013-01-01 03:24,0.42934187566961274,2.7522658841917638
2013-01-01 03:34,0.39564590059113963,2.903977438520186
2013-01-01 03:44,0.4698886407078822,2.5697381251563587
2013-01-01 03:54,0.5201422298376602,1.6741764083399995
2013-01-01 04:04,0.4992116465943006,2.4377400947956995
2013-01-01 04:14,0.5264038404835617,0.0
2013-01-01 04:24,0.49956075957810425,2.436185299680899
2013-01-01 04:34,0.607921118514012,1.2789874906465266
2013-01-01 04:44,0.5846600671821249,0.0
2013-01-01 04:54,0.6761992554684897,1.6409181467177836
2013-01-01 05:04,0.7421753713858585,1.3438708483291875
2013-01-01 05:14,0.873856046596813,0.750994449919799
2013-01-01 05:24,0.7807281719324354,1.1702895863633311
2013-01-01 05:34,0.7822724976013709,0.4946556097583079
2013-01-01 05:44,0.7724506674406534,1.2081254650659636
2013-01-01 05:54,0.7690230850742406,0.5544950669504136
2013-01-01 06:04,0.875644365313966,0.7438943396692772
2013-01-01 06:14,0.8537322410306608,0.8428032026828159
2013-01-01 06:24,0.9545534534008588,0.3891989594163038
2013-01-01 06:34,0.9384563548410758,0.46203946289701425
2013-01-01 06:44,0.6640064478037727,0.0
2013-01-01 06:54,0.6747203338580409,0.0
2013-01-01 07:04,0.8356440979236612,0.9246873666009995
2013-01-01 07:14,0.9872192320080925,0.24265997634565237
2013-01-01 07:24,0.9040806540405117,0.6167559848943212
2013-01-01 07:34,0.5753121773620042,0.0
2013-01-01 07:44,1.0448302442765074,0.0
2013-01-01 07:54,0.8575878034996143,0.8258078908047626
2013-01-01 08:04,0.9545436553567478,0.38945092442288853
2013-01-01 08:14,0.6698097429564752,1.6708904345471396
2013-01-01 08:24,0.7451077400115463,1.3320720226898088
2013-01-01 08:34,0.682952602322501,1.6117408179357462
2013-01-01 08:44,0.556031771947392,0.0
2013-01-01 08:54,0.6664706020107708,1.6858916044843184
2013-01-01 09:04,0.6114924941483246,1.9332631936127358
2013-01-01 09:14,0.6202821940523671,1.8931775801531994
2013-01-01 09:24,0.5050326331522709,0.0
2013-01-01 09:34,0.46204308282160755,3.5417588185514695
2013-01-01 09:44,0.5587499941960431,0.04070500245177537
2013-01-01 09:54,0.46426624814261247,2.595201710955471
2013-01-01 10:04,0.41199393277433793,2.8304799119361124
2013-01-01 10:14,0.426013042235653,2.767357358299419
2013-01-01 15:54,0.3197297536029515,2.7621474287634684
2013-01-01 16:04,0.393390996081171,0.0
2013-01-01 16:14,0.3670504342667571,3.2483780259337878
2013-01-01 16:24,0.5008014257737793,0.6848273267576236
2013-01-01 16:34,0.46630312423446024,2.006544970205038
2013-01-01 16:44,0.46692294641691423,2.686755703489484
2013-01-01 16:54,0.5640307029789146,1.0515612617283034
2013-01-01 17:04,0.5372797991734312,1.684550917228929
2013-01-01 17:14,0.5723656238599403,0.6141730392749679
2013-01-01 17:24,0.6133159945264635,1.3411430176211105
2013-01-01 17:34,0.736539714389547,1.469593062955079
2013-01-01 17:44,0.7245846474407547,1.5229969417356073
2013-01-01 17:54,0.7097989855051532,0.3928778709570369
2013-01-01 18:04,0.5030561608351715,0.0
2013-01-01 18:14,0.7450815617325094,0.23437870262007257
2013-01-01 18:24,0.7306900063281417,0.2995369979154706
2013-01-01 18:34,0.6626024531963941,1.8031627430020574
2013-01-01 18:44,0.7106421638055264,0.3904851049420481
2013-01-01 18:54,0.7446683197097571,0.6639171582402034
2013-01-01 19:04,0.7236804763597704,0.0
2013-01-01 19:14,0.6025726140412508,1.9729205562025882
2013-01-01 19:24,0.620611948554659,1.2224951181755424
2013-01-01 19:34,0.681099999961789,1.6195345787647497
2013-01-01 19:44,0.5960926076719412,2.0021138861184906
2013-01-01 19:54,0.5606262409862623,0.0
2013-01-01 20:04,0.5383868842388128,0.0
2013-01-01 20:14,0.7233554401202922,1.4296619544969273
2013-01-01 20:24,0.6959979262326543,0.0
2013-01-01 20:34,0.5583803986558427,1.502577074504201
2013-01-01 20:44,0.7029091690708252,0.3507355069024039
2013-01-01 20:54,0.6163737078161764,1.9113102211362805
2013-01-01 21:04,0.5913264224904862,2.0240189118381005
2013-01-01 21:14,0.6433982015104265,0.6185253713512493
2013-01-01 21:24,0.5704872946001072,2.1177929746095554
2013-01-01 21:34,0.5824300946103169,1.3948056997094613
2013-01-01 21:44,0.5086168588069937,1.7269400963820172
2013-01-01 21:54,0.46948368097801474,1.40108485477758
2013-01-01 22:04,0.4246371869561221,3.7110289798073186
2013-01-01 22:14,0.39551148359279154,2.905125877878924
2013-01-01 22:24,0.49724909940272294,1.2761480450307177
2013-01-01 22:34,0.44804897667361887,2.6689595327600224
2013-01-02 04:04,0.4002289448334466,2.884169162635541
2013-01-02 04:14,0.4111090277375354,2.8351962078298274
2013-01-02 04:24,0.44234767002296027,2.6945984217493724
2013-01-02 04:34,0.4634857636594355,0.0
2013-01-02 04:44,0.39448187273618784,0.0
2013-01-02 04:54,0.5351997008225138,2.2767029637470486
2013-01-02 05:04,0.5707197930988165,2.116845148530442
2013-01-02 05:14,0.6890251275101396,0.9151164108442048
2013-01-02 05:24,0.5627885240497823,3.08956773397648
2013-01-02 05:34,0.7900006592624615,0.0
2013-01-02 05:44,0.5507669030486417,1.4741538743142735
2013-01-02 05:54,0.7941998650292794,0.37946439743744936
2013-01-02 06:04,0.6317425070219488,1.11137626332439
2013-01-02 06:14,0.5540654639569622,0.0
2013-01-02 06:24,0.6788280457464433,1.5631757138395508
2013-01-02 06:34,0.7666212692181954,1.1702151316642013
2013-01-02 06:44,0.7223229409469644,1.3711231479475507
2013-01-02 06:54,0.78533889835929,1.0886699093156549
2013-01-02 07:04,0.7812704605243588,1.105961558528323
2013-01-02 07:14,0.6775417231513644,1.5689091272269473
2013-01-02 07:24,0.7006218711307819,1.4608591029158289
2013-01-02 07:34,0.6119607653116699,1.855183244931846
2013-01-02 07:44,0.6978804517940292,1.4638537805900382
2013-01-02 07:54,0.6324602937996534,1.0963346664769653
2013-01-02 08:04,0.5895855100210982,1.9428912575739785
2013-01-02 08:14,0.6406705523170115,1.7121188341125924
2013-01-02 08:24,0.7505040118370131,0.5607759873805418
2013-01-02 08:34,0.5475326664052127,3.047671147511417
2013-01-02 08:44,0.6162337554202124,0.6711856874127984
2013-01-02 08:54,0.6177796338532229,1.8111153319607713
2013-01-02 09:04,0.6029873058398724,1.3025504848094975
2013-01-02 09:14,0.6362766172115812,1.822017395761082
2013-01-02 09:24,0.4703731115255316,2.568427355907973
2013-01-02 09:34,0.3947092877127516,3.845775192106419
2013-01-02 09:44,0.38692461182002685,3.880246129205443
2013-01-02 09:54,0.39136252086938106,2.9234890636698405
2013-01-02 10:04,0.5198855266825043,0.0
2013-01-02 10:14,0.4115068730607329,0.9592798641769296
2013-01-02 10:24,0.37754342089079607,2.9856833060456593
2013-01-02 10:34,0.32606387232156825,3.2177648299632367
2013-01-02 10:44,0.30857174671130677,4.233421159469913
2013-01-02 10:54,0.2982895151487415,3.342750855978737
2013-01-02 16:34,0.3213216049087276,3.239545591438164
2013-01-02 16:44,0.30187891235049863,3.3265686671496635
2013-01-02 16:54,0.37882089073232533,2.311119511066983
2013-01-02 17:04,0.5283851912490307,0.7458326235071668
2013-01-02 17:14,0.5298817548100723,0.0
2013-01-02 17:24,0.5213505705119996,1.6698376389978362
2013-01-02 17:34,0.49173639690538934,2.472289681348921
2013-01-02 17:44,0.537939800083035,1.595185387570813
2013-01-02 17:54,0.5425568765047195,1.0725023669797291
2013-01-02 18:04,0.5842643824782958,2.992805984038297
2013-01-02 18:14,0.6794246376259326,0.958682322909631
2013-01-02 18:24,0.5832884596685591,1.391140286118586
2013-01-02 18:34,0.6815879133174778,1.6181018344712117
2013-01-02 18:44,0.713665622149279,0.8045903622900309
2013-01-02 18:54,0.5509695635363294,1.5364984566040245
2013-01-02 19:04,0.7189240761550107,1.4500918298162688
2013-01-02 19:14,0.6584792480492928,1.72201819892828
2013-01-02 19:24,0.6198726636487445,1.8957019975775242
2013-01-02 19:34,0.6625958025936398,1.7037126769128423
2013-01-02 19:44,0.7947321053740585,1.1093857728726073
2013-01-02 19:54,0.6192749874043019,0.7275786027326103
2013-01-02 20:04,0.5462159490922964,2.2271927171128887
2013-01-02 20:14,0.6997745902703644,1.5367288309783314
2013-01-02 20:24,0.7061657502731814,0.8388557976893631
2013-01-02 20:34,0.6813743166035553,1.6195065367705581
2013-01-02 20:44,0.5934700931895195,2.0148639798498778
2013-01-02 20:54,0.7051255297565167,0.8435691054786657
2013-01-02 21:04,0.6315556718741174,1.174452542284367
2013-01-02 21:14,0.6196414160393565,1.8971776478683136
2013-01-02 21:24,0.5567453357598017,2.180054478356987
2013-01-02 21:34,0.6306000637731421,1.178931546769477
2013-01-02 21:44,0.6050945601168997,0.40133507592230366
2013-01-02 21:54,0.4977886915139945,1.7763470120976723
2013-01-02 22:04,0.42713917067495927,2.7633934237934414
2013-01-02 22:14,0.5117895434172693,2.382629369541576
2013-01-02 22:24,0.3356767243473645,4.111795415854622
2013-01-02 22:34,0.355267799729326,4.023404076564952
2013-01-02 22:44,0.3438928522793979,3.1380747919114906
2013-01-02 22:54,0.3579223111696736,3.0749582940263207
2013-01-02 23:04,0.26541755980180265,3.4912332636580263
2013-01-02 23:14,0.3637928700448189,1.877157607048386
2013-01-03 04:34,0.2434491616775268,2.1499751532401716
2013-01-03 04:44,0.20520931097451706,3.8484387186223055
2013-01-03 04:54,0.40929587022546476,0.2021439908572296
2013-01-03 05:04,0.33607830580844683,2.0622868636122416
2013-01-03 05:14,0.35669587430072364,3.158201021283889
2013-01-03 05:24,0.3556063903916516,2.4804323994184427
2013-01-03 05:34,0.41031459940540277,1.6674373890875385
2013-01-03 05:44,0.5042883572506531,0.8542384694725894
2013-01-03 05:54,0.26742693686071634,5.823707326330207
2013-01-03 06:04,0.4519564555058039,1.4800508760246662
2013-01-03 06:14,0.4648196853192443,1.422171850152078
2013-01-03 06:24,0.5212708890605552,0.0
2013-01-03 06:34,0.4957336762160644,1.2830774945696677
2013-01-03 06:44,0.5151456914143848,2.366844428501156
2013-01-03 06:54,0.523471072226027,2.3293771052458383
2013-01-03 07:04,0.5757948758797965,1.4247750320719827
2013-01-03 07:14,0.47844081366228197,2.531939751699045
2013-01-03 07:24,0.5115381453210243,2.3830328178223605
2013-01-03 07:34,0.585942526236869,2.048297951356878
2013-01-03 07:44,0.5666552603062426,0.9639859787582647
2013-01-03 07:54,0.41297268227851813,2.826435207640753
2013-01-03 08:04,0.5792175878061733,0.9074658998212849
2013-01-03 08:14,0.5425551284345166,1.5742944653282822
2013-01-03 08:24,0.49716110908205663,2.447712036723878
2013-01-03 08:34,0.5960828203251382,1.2687288715195701
2013-01-03 08:44,0.5980163103918817,0.7570270462156665
2013-01-03 08:54,0.5704263486046435,1.278285974697371
2013-01-03 09:04,0.5292477573188964,0.5936538732194694
2013-01-03 09:14,0.4390954888758358,1.8301730034640378
2013-01-03 09:24,0.5143195563366504,1.4763474578931792
2013-01-03 09:34,0.3633243479857691,2.6853135897072384
2013-01-03 09:44,0.39921985103170576,1.4360764011526859
2013-01-03 09:54,0.34677661627080386,1.6192260792218336
2013-01-03 10:04,0.3922996571290275,2.4716703410201264
2013-01-03 10:14,0.31289431800880163,2.8255394951606885
2013-01-03 10:24,0.34761763826619824,2.66379910049053
2013-01-03 10:34,0.32542368705730607,2.15187078718441
2013-01-03 10:44,0.40347787314686745,0.28930288612470595
2013-01-03 10:54,0.20731371977903015,3.277461152102599
2013-01-03 11:04,0.2565895396747493,2.0168131282156745
2013-01-03 11:14,0.3382133664523801,0.7938868933212111
2013-01-03 11:24,0.2400978286573567,3.1749096788968485
2013-01-03 11:34,0.17741811065738539,3.4636449424266047
2013-01-03 17:04,0.18521528866601608,2.2784788675760552
2013-01-03 17:14,0.18192006032569522,3.3304829370214435
2013-01-03 17:24,0.2779176884754489,2.898547326846622
2013-01-03 17:34,0.23743085882710485,3.0806529245139647
2013-01-03 17:44,0.2747375894850224,2.912807141179255
2013-01-03 17:54,0.4044877908907161,0.0
2013-01-03 18:04,0.43339113314861427,1.6063892434386469
2013-01-03 18:14,0.3657726379063769,1.9106137689048122
2013-01-03 18:24,0.3694949289639978,1.4493544961129559
2013-01-03 18:34,0.4411009559487927,1.127207840026025
2013-01-03 18:44,0.48063941961862416,1.9865823897237727
2013-01-03 18:54,0.6337166256076211,1.2978799324979946
2013-01-03 19:04,0.5191504135515255,0.7760665536480639
2013-01-03 19:14,0.45714727373144626,2.9219346923063814
2013-01-03 19:24,0.4488790340993248,2.129278311532382
2013-01-03 19:34,0.6977056839069908,0.0
2013-01-03 19:44,0.5901357803495412,0.9015216881934908
2013-01-03 19:54,0.7161574420352208,0.3347629931115202
2013-01-03 20:04,0.5474031435411983,0.0
2013-01-03 20:14,0.6901266348918912,1.0444771533357726
2013-01-03 20:24,0.6752015679469324,0.0
2013-01-03 20:34,0.7948585790622902,0.6659953371103645
2013-01-03 20:44,0.7722758900809709,0.16347216654434668
2013-01-03 20:54,0.6860229934245172,1.1591194433330894
2013-01-03 21:04,0.645678565562617,1.3421836551105437
2013-01-03 21:14,0.6966660445671011,0.05274217212876093
2013-01-03 21:24,0.5919660746568312,1.586881547897898
2013-01-03 21:34,0.6337467574973267,1.4003150696444802
2013-01-03 21:44,0.6926832872775175,1.1366045120508863
2013-01-03 21:54,0.7305288042138117,0.9674140388494299
2013-01-03 22:04,0.5357880667749113,1.8442042203899205
2013-01-03 22:14,0.6972929461437065,0.5108555645203879
2013-01-03 22:24,0.489112820891293,2.906909143893639
2013-01-03 22:34,0.44700139310270476,3.097304248418733
2013-01-03 22:44,0.45149281178150896,0.0
2013-01-03 22:54,0.5511271766928558,1.171079488054557
2013-01-03 23:04,0.5343517300158602,1.2473337556569684
2013-01-03 23:14,0.5994859168442322,1.5639096084289732
2013-01-03 23:24,0.5221335211064972,1.9128389437735576
2013-01-03 23:34,0.43839246932335857,1.6815712877917524
2013-01-03 23:44,0.4095751661682684,1.8119642924141037
2013-01-04 00:04,0.4163482633339772,2.3915108958843145
2013-01-04 05:14,0.32058130578968785,3.66193272938079
2013-01-04 05:24,0.3788440293978027,2.5540263450709877
2013-01-04 05:34,0.3039999067907952,3.7480109859493957
2013-01-04 05:44,0.5008751220330173,1.4044609018470862
2013-01-04 05:54,0.5707952429855631,1.162729947252669
2013-01-04 06:04,0.5216481687423168,2.0055475118870025
2013-01-04 06:14,0.5807553186145956,1.117911274820146
2013-01-04 06:24,0.5004120558048998,2.100742048971037
2013-01-04 06:34,0.5661886587999165,2.674539251129684
2013-01-04 06:44,0.7729605745704256,0.25193219988424764
2013-01-04 06:54,0.4583941222804866,2.2870225594006377
2013-01-04 07:04,0.648425832263038,0.34404501586895486
2013-01-04 07:14,0.7337139563092677,1.0461857107754093
2013-01-04 07:24,0.6772327065215311,0.0
2013-01-04 07:34,0.6474467014128339,1.4319249934898173
2013-01-04 07:44,0.7450536510631396,0.37149693692616115
2013-01-04 07:54,0.6839670854471599,1.2656404908073513
2013-01-04 08:04,0.5085185268008827,2.054088611662902
2013-01-04 08:14,0.6126227623089393,1.5856696582814322
2013-01-04 08:24,0.6357771845233018,2.3495027664253127
2013-01-04 08:34,0.6634534931772763,0.27159463644262044
2013-01-04 08:44,0.7385372592944566,1.8870583016169764
2013-01-04 08:54,0.6556080306005991,0.3067479382345304
2013-01-04 09:04,0.8608078223788793,0.4698557313771268
2013-01-04 09:14,0.47563887831950835,3.07318554318615
2013-01-04 09:24,0.5651810002056714,0.7842723698207914
2013-01-04 09:34,0.6041005265388133,1.722104687309944
2013-01-04 09:44,0.6847814395740246,0.7287500707356457
2013-01-04 09:54,0.47490146388468646,3.2007922677064555
2013-01-04 10:04,0.5445953439086095,2.0007309143088086
2013-01-04 10:14,0.5178041622733243,3.0121810313010027
2013-01-04 10:24,0.5092397092145979,3.0516914801250032
2013-01-04 10:34,0.5386780615263931,0.2489117258186282
2013-01-04 10:44,0.3626235801827729,3.7129877591891187
2013-01-04 10:54,0.37122425325212693,3.6752686344232215
2013-01-04 11:04,0.44092044338656966,1.3582416929996004
2013-01-04 11:14,0.30997408824987427,3.9530135478422164
2013-01-04 11:24,0.47560468282828766,2.317434701028602
2013-01-04 11:34,0.4211564002707686,1.9257532613441348
2013-01-04 11:44,0.3626223323615217,3.7172026558809357
2013-01-04 11:54,0.3353730231684996,3.8398950348840617
2013-01-04 12:04,0.2943855708149802,2.496248645998749
2013-01-04 12:14,0.3819374111207036,2.739316823695411
2013-01-04 12:24,0.3004742297549125,3.105868027550494
2013-01-04 17:54,0.28635349087916956,2.9639558372839376
2013-01-04 18:04,0.28176122318356334,1.0527636969875271
2013-01-04 18:14,0.29287033379135735,2.937856678327005
2013-01-04 18:24,0.28288616816087125,2.9835620660302906
2013-01-04 18:34,0.3993789792898849,1.040698896633126
2013-01-04 18:44,0.46736384205267834,0.9397290069728237
2013-01-04 18:54,0.3851808226950944,2.2200135305672903
2013-01-04 19:04,0.3667616965090518,2.9156383474387666
2013-01-04 19:14,0.43397333234493535,1.3093839037535557
2013-01-04 19:24,0.4743833790929706,1.7386868151786024
2013-01-04 19:34,0.41981035071072387,2.7581316959396815
2013-01-04 19:44,0.517965846278614,0.9886714529714953
2013-01-04 19:54,0.5665946645226464,0.35472440565598445
2013-01-04 20:04,0.5143565872164081,2.3310138807470837
2013-01-04 20:14,0.5843902182340465,2.015604992729737
2013-01-04 20:24,0.6430414230175009,0.42460646556381315
2013-01-04 20:34,0.5834510550186861,1.245072684777647
2013-01-04 20:44,0.40023001407860714,2.8425541473897695
2013-01-04 20:54,0.4667215490236116,0.0
2013-01-04 21:04,0.6363944173913894,1.005827851964049
2013-01-04 21:14,0.5877772245503403,1.9980518758587673
2013-01-04 21:24,0.6503505081368064,0.9429110540434054
2013-01-04 21:34,0.6479519736583014,0.9536252433618236
2013-01-04 21:44,0.6600563716783566,0.0
2013-01-04 21:54,0.4868050084169248,2.4518442129902143
2013-01-04 22:04,0.6384002094004065,0.02955707053920409
2013-01-04 22:14,0.6959143120905669,1.5118801052543558
2013-01-04 22:24,0.5101118153795609,2.3480178924929755
2013-01-04 22:34,0.5258619094015936,1.5037980651566507
2013-01-04 22:44,0.5459921771191671,2.1874804159419434
2013-01-04 22:54,0.5812854537567583,0.7023835971854032
2013-01-04 23:04,0.3545408537664071,3.0495443607270096
2013-01-04 23:14,0.4482161277090559,2.628892585699133
2013-01-04 23:24,0.5832532896532114,1.247874111300019
2013-01-04 23:34,0.43525489017124047,2.688374586072665
2013-01-04 23:44,0.4344594814216718,2.6924538889774077
2013-01-05 00:04,0.4689226634249548,1.8316791845595597
2013-01-05 00:14,0.34585343040685973,2.3911563518129455
2013-01-05 00:24,0.3634526578340019,3.108457785346477
2013-01-05 00:34,0.39973178836790857,2.241526590078654
2013-01-05 00:44,0.3839072328958482,3.128018910423744
2013-01-05 00:54,0.25828522618587335,3.7002311142189277
2013-01-05 06:04,0.5214844645110012,0.0
2013-01-05 06:14,0.3445290047969531,3.531675577755348
2013-01-05 06:24,0.3746076863809625,3.403512593457135
2013-01-05 06:34,0.3303529354518538,3.6100183792789555
2013-01-05 06:44,0.43488725722813354,2.2966265290732113
2013-01-05 06:54,0.5054347078717673,1.9842629288172624
2013-01-05 07:04,0.5155041097676898,2.7966444474272087
2013-01-05 07:14,0.43679059915407054,2.3041500423647836
2013-01-05 07:24,0.5590016477603096,1.758990758739841
2013-01-05 07:34,0.5892832020747307,1.6277764974256108
2013-01-05 07:44,0.5824233876167578,2.5208865708920065
2013-01-05 07:54,0.6962698216250219,2.0161549556077887
2013-01-05 08:04,0.6032569922714144,2.4409026680304944
2013-01-05 08:14,0.6251930756411448,2.346371948039978
2013-01-05 08:24,0.6715856126947394,2.1408187452059457
2013-01-05 08:34,0.6068241742966037,1.5745007777072
2013-01-05 08:44,0.7106148271563616,1.1100744163299932
2013-01-05 08:54,0.5871118260039782,2.528841395479405
2013-01-05 09:04,0.6429235579370178,2.279402230447337
2013-01-05 09:14,0.7331314770867899,1.0130959723203816
2013-01-05 09:24,0.6975094950601868,2.036444864539799
2013-01-05 09:34,0.6803887932976961,1.2520850078685088
2013-01-05 09:44,0.6730356965032885,2.1482724754320057
2013-01-05 09:54,0.6610864563554675,2.202557831631283
2013-01-05 10:04,0.562850113186246,1.782547286237731
2013-01-05 10:14,0.6509550978489882,1.3879004605818137
2013-01-05 10:24,0.7289275884622689,0.4221506656820816
2013-01-05 10:34,0.7625971207659057,1.7525854967719408
2013-01-05 10:44,0.6461185813278977,2.278195298738402
2013-01-05 10:54,0.49479672327924284,1.0159171721503772
2013-01-05 11:04,0.46269907955382855,1.6252280129249255
2013-01-05 11:14,0.602848809525025,2.4814720934099737
2013-01-05 11:24,0.508616274153327,2.909087328159443
2013-01-05 11:34,0.43482094434666185,3.2445145156027637
2013-01-05 11:44,0.35716596798316147,3.5969730156026505
2013-01-05 11:54,0.4300755314352626,2.404343978515421
2013-01-05 12:04,0.3827638711133456,3.4868232503909065
2013-01-05 12:14,0.3366325890823593,3.694652072809756
2013-01-05 12:24,0.3857547839633902,2.021450573830648
2013-01-05 12:34,0.3181320692982866,3.82725258124176
2013-01-05 12:44,0.28546623054176634,3.9726903642764038
2013-01-05 12:54,0.4464168561311049,2.371152199331574
2013-01-05 13:04,0.3438204066657501,3.707052351498337
2013-01-05 13:14,0.3214501994261963,2.305834759012114
2013-01-05 13:24,0.26602876364782585,3.1777990617730443
2013-01-05 18:44,0.23054758975077297,3.76039749718349
2013-01-05 18:54,0.46688895822579923,1.8908244946213713
2013-01-05 19:04,0.36169823815868574,3.1579668142491273
2013-01-05 19:14,0.334133685608173,1.9141280597656327
2013-01-05 19:24,0.420772336298169,2.09324816554527
2013-01-05 19:34,0.40540401664884584,2.9590731915639794
2013-01-05 19:44,0.47849810803220355,1.3966550333932712
2013-01-05 19:54,0.5176210190801712,1.2232518898932185
2013-01-05 20:04,0.3895793970223799,3.225026949878151
2013-01-05 20:14,0.5998471083340634,0.9350240022838687
2013-01-05 20:24,0.423375864616058,1.7304102592045143
2013-01-05 20:34,0.5254749244054991,0.8182392432799801
2013-01-05 20:44,0.5294866154062978,2.7119604224439477
2013-01-05 20:54,0.4396549494807419,3.1188117383187124
2013-01-05 21:04,0.39341530042021444,3.329075436192667
2013-01-05 21:14,0.6278283002858529,2.2759255779566367
2013-01-05 21:24,0.5436995689643425,1.805425921005085
2013-01-05 21:34,0.4925945595076806,2.886717671687634
2013-01-05 21:44,0.6032428008278177,2.3900041338499314
2013-01-05 21:54,0.5757556592477441,1.6638926418506825
2013-01-05 22:04,0.6212687516765549,2.3105964359914513
2013-01-05 22:14,0.6897346705522088,2.0029622182380704
2013-01-05 22:24,0.42744049424314456,3.183010650734581
2013-01-05 22:34,0.7646250868681546,1.666704903795021
2013-01-05 22:44,0.6316546887171954,2.265043979858335
2013-01-05 22:54,0.5724895567645119,1.6803417841452262
2013-01-05 23:04,0.517266093902103,1.9287173409751932
2013-01-05 23:14,0.551215612283989,0.0
2013-01-05 23:24,0.5670981299472355,1.703989265192894
2013-01-05 23:34,0.42790581154181784,3.180629202002728
2013-01-05 23:44,0.4695627650156113,2.992907124122567
2013-01-06 00:04,0.5592055725151407,1.7378194631293344
2013-01-06 00:14,0.4186341390551681,2.3681178857347236
2013-01-06 00:24,0.30858564315166725,3.710852227442653
2013-01-06 00:34,0.42512091640620225,2.3346767239709183
2013-01-06 00:44,0.450047891715109,1.6139680370583591
2013-01-06 00:54,0.44642193697463156,2.23449833099084
2013-01-06 01:04,0.4061949762653418,2.4129619920568626
2013-01-06 01:14,0.3083093914744458,2.850347559735072
2013-01-06 01:24,0.3542077128518764,3.4884122943716593
2013-01-06 01:34,0.5030863310696323,1.363776544501644
2013-01-06 01:44,0.25824585532861405,3.913073357412935
2013-01-06 01:54,0.4439229028832317,0.5381998465173984
2013-01-06 07:04,0.2639792946102917,3.8847772483544953
2013-01-06 07:14,0.33230322641568133,1.6808239465993047
2013-01-06 07:24,0.23215598259408102,3.198600398914516
2013-01-06 07:34,0.29275719924298055,2.326988152388741
2013-01-06 07:44,0.37969757341184285,2.550514831501197
2013-01-06 07:54,0.3498013815345352,2.083076866733904
2013-01-06 08:04,0.3523415353601725,2.6883356316078513
2013-01-06 08:14,0.3892330652297995,1.5150416066625807
2013-01-06 08:24,0.42562229563020254,1.4075592958348864
2013-01-06 08:34,0.3301990855020936,2.9450642623115084
2013-01-06 08:44,0.5767760804961966,0.7294299487924176
2013-01-06 08:54,0.43583852254632294,2.4746619799089955
2013-01-06 09:04,0.6108215382757421,0.5807929183087057
2013-01-06 09:14,0.42417903139395413,2.5333293830219743
2013-01-06 09:24,0.5631105955065508,1.9115079187197488
2013-01-06 09:34,0.5354746111011476,1.4037600463705706
2013-01-06 09:44,0.4240690638253835,2.5440678364841927
2013-01-06 09:54,0.5935779598506222,0.6710890108175942
2013-01-06 10:04,0.4849867602384836,2.27578616422749
2013-01-06 10:14,0.5454649199295847,2.0034771982902377
2013-01-06 10:24,0.4558686911336662,3.2979093358198384
2013-01-06 10:34,0.6620341302106295,1.4785446099128197
2013-01-06 10:44,0.6101462200976533,0.5975010806721998
2013-01-06 10:54,0.5685805017628051,1.8985432673089038
2013-01-06 11:04,0.5763126143645502,0.7507506007807784
2013-01-06 11:14,0.31844765179205375,3.920860624115979
2013-01-06 11:24,0.4234779408633285,2.5598374060353337
2013-01-06 11:34,0.3596907162804445,2.9552567158165655
2013-01-06 11:44,0.4096311292177264,2.733305686360085
2013-01-06 11:54,0.3461645413910905,3.021425153748315
2013-01-06 12:04,0.4113091680640479,3.647320501082545
2013-01-06 12:14,0.2769746361726444,3.3381894483830328
2013-01-06 12:24,0.31027447384805923,4.108548964206777
2013-01-06 12:34,0.43898645125265134,2.6152699503763173
2013-01-06 12:44,0.374092367001048,2.9096753322132747
2013-01-06 12:54,0.42528760056669984,1.5994032759067036
2013-01-06 13:04,0.38734411647151434,2.9411023728044157
2013-01-06 13:14,0.36609117098119953,3.036728992087366
2013-01-06 13:24,0.22921285490515889,3.6525855473854385
2013-01-06 13:34,0.3831757962675177,3.7914975206584267
2013-01-06 13:44,0.28951625656828794,3.293574926198797
2013-01-06 13:54,0.3219833493094769,3.1473604285926693
2013-01-06 14:04,0.3575961348984087,2.9881402474394863
2013-01-06 14:14,0.21822908565104956,3.61817616382623
2013-01-06 14:24,0.2307378232540027,3.5647979073333382
2013-01-06 14:34,0.2294738015563575,3.730286079305271
2013-01-06 19:44,0.13602096851616957,5.108737532580359
2013-01-06 19:54,0.20462091206796382,3.848266677855447
2013-01-06 20:04,0.46482069082420113,0.29274756332423485
2013-01-06 20:14,0.269390598014493,3.55869889768766
2013-01-06 20:24,0.4470551686830477,2.0046522987032023
2013-01-06 20:34,0.38749764304671275,2.2727428210350125
2013-01-06 20:44,0.4384046777597961,2.713101668809874
2013-01-06 20:54,0.47686782814615225,1.8705007386918595
2013-01-06 21:04,0.5375429712860341,2.26689715289293
2013-01-06 21:14,0.7094883805616239,0.8234781100974168
2013-01-06 21:24,0.6577180505343128,0.5545217304544728
2013-01-06 21:34,0.3424635801609885,3.1450406685490098
2013-01-06 21:44,0.6988744903342934,1.5409157146914294
2013-01-06 21:54,0.6705763977341426,1.6682899950530299
2013-01-06 22:04,0.5901969343790717,1.3605849864883033
2013-01-06 22:14,0.5613781972083703,3.0970380840504985
2013-01-06 22:24,0.4287477776944959,2.7555031691473757
2013-01-06 22:34,0.49186477788959365,3.408424303262458
2013-01-06 22:44,0.6747065497526359,1.648953963077929
2013-01-06 22:54,0.7580836444442384,0.6046540928151501
2013-01-06 23:04,0.44576651299858294,3.6154160673854125
2013-01-06 23:14,0.6076053545922043,1.950693924262587
2013-01-06 23:24,0.28351324510485804,4.3452623705555675
2013-01-06 23:34,0.5733813533491975,3.0414059313870028
2013-01-06 23:44,0.6396757970916074,1.8064540891139624
2013-01-07 00:04,0.5491186416117445,2.213799303727399
2013-01-07 00:14,0.6289646839828663,1.854643676066373
2013-01-07 00:24,0.350359012064382,3.1078426272112636
2013-01-07 00:34,0.37118466313732895,3.014167147321166
2013-01-07 00:44,0.5119001422468277,1.7121019160998843
2013-01-07 00:54,0.4038197660745252,2.1982596760383086
2013-01-07 01:04,0.42018570177065295,3.730513373957421
2013-01-07 01:14,0.3962038950178534,3.838379487981155
2013-01-07 01:24,0.5175405154817978,1.6867147639525335
2013-01-07 01:34,0.3730684748531006,2.3365631865667083
2013-01-07 01:44,0.40350746335096993,2.8687488162687615
2013-01-07 01:54,0.3735430988505691,3.0038629637235705
2013-01-07 02:04,0.35221412483398057,3.099821871960081
2013-01-07 02:14,0.33838584979773206,3.1620370836383
2013-01-07 02:24,0.33716216310733543,2.4983437011069665
2013-01-07 02:34,0.455551684356987,2.6360571944848177
2013-01-07 02:44,0.3203735380068657,3.244456011359342
2013-01-07 02:54,0.42097453818868397,2.791676129129412
2013-01-07 03:04,0.1302311422240014,5.03754103143273
2013-01-07 03:14,0.1474332489178999,4.960138341821176
2013-01-07 08:24,0.3558377737984667,2.4265950750751015
2013-01-07 08:34,0.2609269177238998,3.523906989506453
2013-01-07 08:44,0.2839630703135939,2.244487035031274
2013-01-07 08:54,0.24644357266278955,3.5863661485218947
2013-01-07 09:04,0.27546139587033164,3.534321189818344
2013-01-07 09:14,0.27963425914162293,3.5161013209065772
2013-01-07 09:24,0.3449453506023304,3.133743734904475
2013-01-07 09:34,0.3410644774023457,2.4817342989947
2013-01-07 09:44,0.3466050892977363,3.1262875582875034
2013-01-07 09:54,0.4351086561955143,2.72793167758594
2013-01-07 10:04,0.4376446979229188,2.7165259773867816
2013-01-07 10:14,0.6363805211694666,1.822005727014797
2013-01-07 10:24,0.4738135671645226,2.5537412420729733
2013-01-07 10:34,0.37714159857245905,2.9888758869121266
2013-01-07 10:44,0.5175741315683983,3.2941697413080564
2013-01-07 10:54,0.5922405959331313,2.020828523412035
2013-01-07 11:04,0.3845841141367705,2.9539702512173043
2013-01-07 11:14,0.8234503440873097,0.3104232063812465
2013-01-07 11:24,0.6880609617951481,1.5886721835797815
2013-01-07 11:34,0.5443855282274156,2.235034886671839
2013-01-07 11:44,0.44859503556989483,3.602791210423505
2013-01-07 11:54,0.7105442617101525,0.0
2013-01-07 12:04,0.5349897073188552,2.2772917630530807
2013-01-07 12:14,0.7958618768486194,0.0
2013-01-07 12:24,0.3665908965152038,3.971697871647335
2013-01-07 12:34,0.606275521780091,0.7855738058890406
2013-01-07 12:44,0.4867740608654834,2.4942058869159895
2013-01-07 12:54,0.5147146196283031,1.6993545543687512
2013-01-07 13:04,0.7355988210666805,1.3748043004280373
2013-01-07 13:14,0.5178144817450621,3.2913951589206953
2013-01-07 13:24,0.5879201550337797,2.0391896754913152
2013-01-07 13:34,0.419196238188489,2.1290921920411914
2013-01-07 13:44,0.5113640674794684,1.7144527918927401
2013-01-07 13:54,0.5817379799065501,2.068100897955804
2013-01-07 14:04,0.585434153565905,1.3818581501833311
2013-01-07 14:14,0.4095283835602999,2.1736070421829683
2013-01-07 14:24,0.42878465750402917,2.7564063282066216
2013-01-07 14:34,0.40781736316625783,2.849375956605956
2013-01-07 14:44,0.48723377516378963,0.14988503356165722
2013-01-07 14:54,0.37181360338633307,2.3422321189345205
2013-01-07 15:04,0.3599497182360837,1.823496122158168
2013-01-07 15:14,0.1739482007219403,3.8093079341481175
2013-01-07 15:24,0.39838282128999936,2.800147733238443
2013-01-07 15:34,0.3835674842159457,0.570688824801156
2013-01-07 15:44,0.2101876723628994,3.7346618211971494
2013-01-07 15:54,0.21746246396720806,3.703430443179179
2013-01-07 21:04,0.32352916021324224,2.133340142832104
2013-01-07 21:14,0.2492920549363628,3.659044528856327
2013-01-07 21:24,0.3396227289319351,3.2458682789940783
2013-01-07 21:34,0.23620215534825634,3.703832843388838
2013-01-07 21:44,0.30397866661551814,3.391438232196122
2013-01-07 21:54,0.22728430677523606,3.7313175506722094
2013-01-07 22:04,0.60132658981314,2.0448681683471
2013-01-07 22:14,0.3315437424211195,3.259192868213571
2013-01-07 22:24,0.41959977813815813,2.1850665394453777
2013-01-07 22:34,0.41870048583403086,2.190923311056251
2013-01-07 22:44,0.325467113475025,2.6127318733524194
2013-01-07 22:54,0.3302940298933981,2.5931840429102833
2013-01-07 23:04,0.3779103012747974,3.060982201786011
2013-01-07 23:14,0.4328173748085829,2.815567370598738
2013-01-07 23:24,0.4788183871636892,2.5311627383978954
2013-01-07 23:34,0.5095680453321001,2.392765767041972
2013-01-07 23:44,0.6009280374002222,1.9815604928535924
2013-01-08 00:04,0.6522032784298921,1.0813157315698916
2013-01-08 00:14,0.8397212198525371,0.9067851718465229
2013-01-08 00:24,0.4693716360420238,2.5737558655522985
2013-01-08 00:34,0.6223937794689424,1.8850107141539565
2013-01-08 00:44,0.6709769647111947,1.6664792669171038
2013-01-08 00:54,0.6436626273733888,1.7894279062130927
2013-01-08 01:04,0.5925338987741133,2.0195530337104564
2013-01-08 01:14,0.6243606304689238,1.8763138816353646
2013-01-08 01:24,0.5986443938276387,1.9920584061095705
2013-01-08 01:34,0.7849604828564052,0.0
2013-01-08 01:44,0.5551243656932079,2.1879337419083957
2013-01-08 01:54,0.6151709203070407,0.7460999486886315
2013-01-08 02:04,0.4811936353105583,2.520672021913304
2013-01-08 02:14,0.4509643658079356,2.6567215179227874
2013-01-08 02:24,0.3789806175331499,2.980696246453725
2013-01-08 02:34,0.6138371471803795,1.254192854860601
2013-01-08 02:44,0.3741541333857121,0.0
2013-01-08 02:54,0.38309701846829924,2.962167744783334
2013-01-08 03:04,0.5145854916413125,1.7008788754984556
2013-01-08 03:14,0.46859703241045014,0.23412739985442402
2013-01-08 03:24,0.48568568671963186,0.9382697792978156
2013-01-08 03:34,0.2897093769015076,3.3824378391607053
2013-01-08 03:44,0.38975932452226303,2.262595592076028
2013-01-08 03:54,0.18086482865294273,4.809636915592197
2013-01-08 04:04,0.2432598058978406,2.921995946380887
2013-01-08 04:14,0.31515016908642857,3.26788087327073
2013-01-08 04:24,0.17693820299113405,3.9854613480373513
2013-01-08 09:44,0.1319893581804319,4.014812005980705
2013-01-08 09:54,0.21806637532004816,3.042666078081044
2013-01-08 10:04,0.15513517369666346,3.893343959480195
2013-01-08 10:14,0.2584614953248359,1.514260970845588
2013-01-08 10:24,0.18599006598418008,4.514188002672675
2013-01-08 10:34,0.28760325791949215,4.054503889502429
2013-01-08 10:44,0.27625460140798214,3.3393211491328447
2013-01-08 10:54,0.2214063599370952,3.011399301556774
2013-01-08 11:04,0.3119263108373993,3.0625826307964386
2013-01-08 11:14,0.389255781995489,2.9409401510463193
2013-01-08 11:24,0.39758426778052436,2.90858801028651
2013-01-08 11:34,0.45645721331198735,2.6491537169898054
2013-01-08 11:44,0.46318406049429584,2.61730989039
2013-01-08 11:54,0.4586728243570444,2.636095730786902
2013-01-08 12:04,0.43399999281290697,2.8698442925863765
2013-01-08 12:14,0.40949785194682387,2.3776893049486367
2013-01-08 12:24,0.4103640796763137,2.374094127602744
2013-01-08 12:34,0.2633153659501249,4.307592510781162
2013-01-08 12:44,0.43898350674234077,2.736713122025143
2013-01-08 12:54,0.5661722422088902,2.1682149126562096
2013-01-08 13:04,0.4902189485271593,2.5129827505781677
2013-01-08 13:14,0.37686700050085326,3.933782077448144
2013-01-08 13:24,0.4588132442573678,2.762311940894958
2013-01-08 13:34,0.6290970853583829,1.997798408125479
2013-01-08 13:44,0.37632147996556403,3.1343393863644056
2013-01-08 13:54,0.3920518875093007,3.8686674912701124
2013-01-08 14:04,0.38830899950095576,3.081562928633315
2013-01-08 14:14,0.4107210064605982,3.7853085946255707
2013-01-08 14:24,0.3860270316138323,3.8963686982066528
2013-01-08 14:34,0.11336254557437775,7.937308146100908
2013-01-08 14:44,0.18717900830566955,7.605891047169241
2013-01-08 14:54,0.39640735394680976,3.045773123323714
2013-01-08 15:04,0.09945779550798745,8.000758518243765
2013-01-08 15:14,0.2972127027942919,4.296418752200837
2013-01-08 15:24,0.09622697166594552,8.015813402554441
2013-01-08 15:34,0.24876771850481422,3.709836265905433
2013-01-08 15:44,0.18410392847377208,7.621418718982287
2013-01-08 15:54,0.271264699597072,4.4127823789053195
2013-01-08 16:04,0.08061045465881266,8.081374060093937
2013-01-08 16:14,0.3665661662472414,2.571667212508406
2013-01-08 16:24,0.14385039577178324,7.785810543069208
2013-01-08 16:34,0.0801249482500757,8.090064374949906
2013-01-08 16:44,0.03551507376176136,8.29427005371464
2013-01-08 16:54,0.07310984214675056,8.123656704339892
2013-01-08 17:04,0.045002067390817246,8.240525686526011
2013-01-08 22:24,0.1757364275897662,5.024091119950242
2013-01-08 22:34,0.08993064274153362,5.408336057499117
2013-01-08 22:44,0.2569120871806699,4.655499113668224
2013-01-08 22:54,0.3418175474942417,1.7820319709140666
2013-01-08 23:04,0.40517107354618936,0.7586419419152213
2013-01-08 23:14,0.3844167236679897,4.07759053723832
2013-01-08 23:24,0.41029226752441533,3.9602751825667832
2013-01-08 23:34,0.5505923568015215,0.8403822200864934
2013-01-08 23:44,0.4269736796625253,2.662952047110628
2013-01-09 00:04,0.6176719600631814,1.8067195966966725
2013-01-09 00:14,0.5287758211991175,2.2055505008464813
2013-01-09 00:24,0.5572673713800952,2.0755445149163485
2013-01-09 00:34,0.6332909046053374,0.42245982594578363
2013-01-09 00:44,0.5577418273708038,0.0
2013-01-09 00:54,1.0269595879508682,0.0
2013-01-09 01:04,0.6846471942921976,1.4882850399668899
2013-01-09 01:14,0.5375493164824098,2.1466565724189035
2013-01-09 01:24,0.5341083698339898,2.158326477768242
2013-01-09 01:34,0.602079743368352,1.8484795347168457
2013-01-09 01:44,0.8158154319980525,0.8830608943185368
2013-01-09 01:54,0.5674964278975823,1.996141719356734
2013-01-09 02:04,0.5293321190651634,2.1651545551995457
2013-01-09 02:14,0.6448692541395618,1.6442925491539129
2013-01-09 02:24,0.6732556898537655,1.5162363244640635
2013-01-09 02:34,0.6637551016176456,1.5593081863971492
2013-01-09 02:44,0.5727709455600424,1.9693316016325206
2013-01-09 02:54,0.632234931401896,1.7029159472417899
2013-01-09 03:04,0.6381942663725112,1.6766268903492842
2013-01-09 03:14,0.6232391752958938,1.743706125110691
2013-01-09 03:24,0.7088866275243697,1.3584707744075648
2013-01-09 03:34,0.6336024380693349,1.6972200320020965
2013-01-09 03:44,0.9263446572894777,0.38093479064256436
2013-01-09 03:54,0.6544935104757245,1.60414592900413
2013-01-09 04:04,0.38083503523032675,2.837060368381563
2013-01-09 04:14,0.6813753459256551,1.4888687005957009
2013-01-09 04:24,0.523453777057413,2.201765195884349
2013-01-09 04:34,0.5712322260529441,1.9886304333224103
2013-01-09 04:44,0.715184711932673,1.4114213059213154
2013-01-09 04:54,0.5514166364177007,0.0
2013-01-09 05:04,0.7603193269689236,1.2183919961236496
2013-01-09 05:14,0.45938878568726754,2.5765439285147718
2013-01-09 05:24,0.3761137043296126,3.1282542829420255
2013-01-09 05:34,0.4615967384282502,2.7556739189581934
2013-01-09 11:04,0.44565899535304304,2.973994962804847
2013-01-09 11:14,0.434292380855172,3.0250588641081135
2013-01-09 11:24,0.3497616492446512,2.575506079873311
2013-01-09 11:34,0.47557096683113786,0.0
2013-01-09 11:44,0.29891011369724596,3.634100393758754
2013-01-09 11:54,0.4413319695207573,2.993329438876761
2013-01-09 12:04,0.5537571028021149,2.4875125833742544
2013-01-09 12:14,0.5368190586281286,2.563596591016084
2013-01-09 12:24,0.500393754268163,2.7274534354461872
2013-01-09 12:34,0.6298965182568746,2.237682802174219
2013-01-09 12:44,0.5474228918124783,1.7700149548663853
2013-01-09 12:54,0.568150429495821,1.077719213665526
2013-01-09 13:04,0.7301131433679869,1.8074173247437173
2013-01-09 13:14,0.716617792734446,1.8705965508873692
2013-01-09 13:24,0.7146676111333107,1.881615397786153
2013-01-09 13:34,0.9208844525745828,0.1062359555703109
2013-01-09 13:44,0.7257001635420833,0.0
2013-01-09 13:54,0.6774297005050439,2.048758363342052
2013-01-09 14:04,1.0940592916095822,0.1728295475072975
2013-01-09 14:14,0.7836719871052941,1.5666646465049558
2013-01-09 14:24,0.7991508896208463,1.4946752353575725
2013-01-09 14:34,0.8199993255391249,1.3982006661344821
2013-01-09 14:44,0.9450172702487266,0.8329330192114912
2013-01-09 14:54,0.74011370642334,0.9044891901912876
2013-01-09 15:04,0.68591755447696,1.1464110650094315
2013-01-09 15:14,0.8159106986172205,1.408300257585445
2013-01-09 15:24,0.8087299898768225,0.5949957908339724
2013-01-09 15:34,0.6339171339386328,0.0
2013-01-09 15:44,0.6326438732641392,2.2360232401013422
2013-01-09 15:54,0.9559432257423417,0.0
2013-01-09 16:04,0.7491081886929575,0.26285022225942206
2013-01-09 16:14,0.8953216167275557,1.0591116568480092
2013-01-09 16:24,0.8427027588590703,1.2969760924277642
2013-01-09 16:34,0.728198760271449,1.813249193635696
2013-01-09 16:44,0.766458314450239,1.6426377478933718
2013-01-09 16:54,0.4850869316369059,2.9095413049019876
2013-01-09 17:04,0.4469862995100068,3.083445724102037
2013-01-09 17:14,0.6281396621644739,2.272484670397344
2013-01-09 17:24,0.7665846360908791,0.8030877596738067
2013-01-09 17:34,0.46266381219809166,3.022899626401993
2013-01-09 17:44,0.41547918675227924,2.454970440803616
2013-01-09 17:54,0.4032722550673418,3.380523452791046
2013-01-09 18:04,0.35423899208294674,3.6084516442815358
2013-01-09 23:34,0.45342172646920503,1.9750589542348003
2013-01-09 23:44,0.34210857886534535,3.1450331070966553
2013-01-10 00:04,0.476905062359085,1.8138339633585046
2013-01-10 00:14,0.4648688594715824,1.9239871011223235
2013-01-10 00:24,0.49585650506265794,2.4537989937261835
2013-01-10 00:34,0.4329606808056083,2.7368747511342906
2013-01-10 00:44,0.49672075627479534,2.4499972962025356
2013-01-10 00:54,0.6009630070461748,1.9814702392084984
2013-01-10 01:04,0.8091103379353181,0.37596231205292446
2013-01-10 01:14,0.5540929682127548,2.1923404116629306
2013-01-10 01:24,0.8077652589602031,0.38235117733981794
2013-01-10 01:34,0.8071600096328387,1.0543355702324166
2013-01-10 01:44,0.8242304278750644,0.9773217513020034
2013-01-10 01:54,0.6618596762881307,0.5367441192886374
2013-01-10 02:04,0.6934747551549584,1.5655940877156957
2013-01-10 02:14,0.6705680187542281,1.6686058617394193
2013-01-10 02:24,0.8191805555626526,0.0
2013-01-10 02:34,0.6603834826677918,1.7143577937214185
2013-01-10 02:44,0.7924362957859077,1.1204300198098418
2013-01-10 02:54,0.8703514826385272,0.7700016271843013
2013-01-10 03:04,0.7205865404382649,0.774376175220197
2013-01-10 03:14,0.9299025189011882,0.5021720752972201
2013-01-10 03:24,0.8893125835603655,0.68473020357512
2013-01-10 03:34,0.9027235201007034,0.0
2013-01-10 03:44,1.0272335464761844,0.06442556066059833
2013-01-10 03:54,0.6979237842936207,1.5455162013090573
2013-01-10 04:04,0.6649900558013845,1.0244296553073653
2013-01-10 04:14,0.9014959496005146,0.6299343748268479
2013-01-10 04:24,0.6463298588203238,1.1083538362414234
2013-01-10 04:34,0.7827245543310013,0.0
2013-01-10 04:44,0.7280661358714636,1.4099492860247136
2013-01-10 04:54,0.591784484075067,2.0229015388658764
2013-01-10 05:04,0.6198718135094053,1.2273505416384896
2013-01-10 05:14,0.4496684824219622,2.6621165098846578
2013-01-10 05:24,0.3683770068231525,3.964694955652302
2013-01-10 05:34,0.282097824395474,4.352733993803137
2013-01-10 05:44,0.4011043063437236,2.8805005993390393
2013-01-10 05:54,0.4161856039902164,2.812843763737734
2013-01-10 06:04,0.30680743114893927,3.3048044402468912
2013-01-10 06:14,0.4202397758408462,2.794621419535404
2013-01-10 06:24,0.3066650200816931,3.3053570014634457
2013-01-10 06:34,0.32714482956056345,3.2132273707442405
2013-01-10 12:14,0.293335093969305,3.204203515222886
2013-01-10 12:24,0.31297098328438017,2.3632882487014775
2013-01-10 12:34,0.5048065481448383,1.5016641690624595
2013-01-10 12:44,0.4277308026570809,1.849750711798577
2013-01-10 12:54,0.4623908698807523,2.4501714940917463
2013-01-10 13:04,0.37571221644731373,2.8415873090425743
2013-01-10 13:14,0.4956102687157439,2.3897968250476382
2013-01-10 13:24,0.5438034057968515,2.179938451419645
2013-01-10 13:34,0.7305654224896118,1.3463754293913903
2013-01-10 13:44,0.679918540633959,1.5800444910758065
2013-01-10 13:54,0.7401023657453023,1.3147363640781917
2013-01-10 14:04,0.7564130188723214,0.47143531367478014
2013-01-10 14:14,0.7008268885310789,1.596430513111626
2013-01-10 14:24,0.48020050245631307,0.0
2013-01-10 14:34,0.7519341992129189,0.5806661639338379
2013-01-10 14:44,0.678899456072286,1.7048493967290377
2013-01-10 14:54,0.7539289475470033,0.5764177222270236
2013-01-10 15:04,0.7409423956174508,1.5355902235863805
2013-01-10 15:14,0.8331007825190442,0.31057953916924774
2013-01-10 15:24,0.8260746820559837,1.1549390021161006
2013-01-10 15:34,0.5333734497957018,0.0
2013-01-10 15:44,0.8423700480783837,1.1883347500712629
2013-01-10 15:54,0.7625803101497604,0.0
2013-01-10 16:04,0.7141707295325125,0.0
2013-01-10 16:14,0.7549985975895933,1.6914843412527463
2013-01-10 16:24,0.7824284418765434,1.5691389356097136
2013-01-10 16:34,0.6705096655400719,0.0
2013-01-10 16:44,0.8430307298815881,1.2976512265226734
2013-01-10 16:54,0.6050447035821224,0.0
2013-01-10 17:04,0.8392342962330145,1.314326565122765
2013-01-10 17:14,0.7862868050998756,1.5523259938986405
2013-01-10 17:24,0.5276816035957614,0.0
2013-01-10 17:34,0.7405620854674421,1.7573090045114537
2013-01-10 17:44,0.6203924178529115,2.297493255392283
2013-01-10 17:54,0.5938028905224395,2.4163558830951914
2013-01-10 18:04,0.654293623050995,2.143455816349149
2013-01-10 18:14,0.5983130138483869,2.394964125467355
2013-01-10 18:24,0.6195399144707663,0.0
2013-01-10 18:34,0.5447572127509396,2.6324439486132776
2013-01-10 18:44,0.44955979310852384,0.0
2013-01-10 18:54,0.4670966255288497,0.0
2013-01-11 00:34,0.3873802796592684,4.928983460300521
2013-01-11 00:44,0.46192600148815827,4.5900325572222025
2013-01-11 00:54,0.4776273468188729,0.0
2013-01-11 01:04,0.5017218479381184,2.1824031980581506
2013-01-11 01:14,0.4962948266274008,2.2041673346690662
2013-01-11 01:24,0.4623538593145649,4.571024059807468
2013-01-11 01:34,0.5184812020485342,4.314137467099331
2013-01-11 01:44,0.6750024199249002,0.0
2013-01-11 01:54,0.9277753088407492,0.25251161363094804
2013-01-11 02:04,0.821332346880822,0.6017935846926622
2013-01-11 02:14,0.9072633226352113,0.12906849476475574
2013-01-11 02:24,1.0208492242336014,0.27051372097987003
2013-01-11 02:34,0.8705594490434754,0.0
2013-01-11 02:44,0.6211478252300496,0.9795088180079407
2013-01-11 02:54,0.8548264604479001,0.0
2013-01-11 03:04,0.5813962423141369,0.0
2013-01-11 03:14,0.7443691896417572,0.0
2013-01-11 03:24,0.9091983612898097,0.0
2013-01-11 03:34,0.6888385515101738,0.0
2013-01-11 03:44,0.711147283485167,0.0
2013-01-11 03:54,0.8787803912197172,0.0
2013-01-11 04:04,0.9273649477103518,0.24218980779769134
2013-01-11 04:14,0.6013973923676001,0.0
2013-01-11 04:24,0.629780097041895,0.0
2013-01-11 04:34,1.0045046983344474,0.0
2013-01-11 04:44,0.9552265775244415,0.11681500770692786
2013-01-11 04:54,0.5593335676061928,0.0
2013-01-11 05:04,0.9135100105735268,0.3080941059053999
2013-01-11 05:14,0.7088856649743503,0.0
2013-01-11 05:24,0.8797729083345386,0.0
2013-01-11 05:34,1.0140891902720872,0.0
2013-01-11 05:44,0.9363553304443415,0.33275935181817407
2013-01-11 05:54,0.8254217148634279,0.8324545581063678
2013-01-11 06:04,0.7159380690566601,0.025943188388959947
2013-01-11 06:14,0.6101199405289857,1.8024430445833088
2013-01-11 06:24,0.5699924863776048,0.0
2013-01-11 06:34,0.5671428361101248,0.0
2013-01-11 06:44,0.6008397483804224,0.0
2013-01-11 06:54,0.7941395999763499,0.9754932161402089
2013-01-11 07:04,0.7465002980853549,1.190544180731476
2013-01-11 07:14,0.7874070545078573,1.0071934184365423
2013-01-11 07:24,0.4470371871450426,2.540587196503628
2013-01-11 13:14,0.4380472799100675,2.572890987979201
2013-01-11 13:24,0.4613595332321368,0.0
2013-01-11 13:34,0.6180356338602627,1.8671225494106614
2013-01-11 13:44,0.6054972551805644,2.03243138934801
2013-01-11 13:54,0.6538422642903164,1.823470246282073
2013-01-11 14:04,0.6139176482037884,2.012068328635002
2013-01-11 14:14,0.7459754919527418,1.5207412089884158
2013-01-11 14:24,0.7116328604494387,1.6809669759374373
2013-01-11 14:34,0.8604117341357824,1.018401890218757
2013-01-11 14:44,0.8476205880344331,1.0832882642616026
2013-01-11 14:54,0.950763560289678,0.6270774469009459
2013-01-11 15:04,0.8101684088769542,0.4481426383718298
2013-01-11 15:14,0.9227339255874842,0.8272679947596241
2013-01-11 15:24,0.8915520802978865,0.9675311940619051
2013-01-11 15:34,0.7743694101075598,1.4946920832754587
2013-01-11 15:44,0.8077208344251267,1.3446556976372361
2013-01-11 15:54,0.9333864118799187,0.7793300501287228
2013-01-11 16:04,0.8262916085684249,1.261147097907103
2013-01-11 16:14,0.9253759991223395,0.8153952682687287
2013-01-11 16:24,0.7536476140993985,0.0
2013-01-11 16:34,0.9079721648344876,0.8939385337537606
2013-01-11 16:44,0.9237069732658232,0.0
2013-01-11 16:54,0.9076843901721756,0.06564668099642272
2013-01-11 17:04,0.8401054881483524,1.1995083764245147
2013-01-11 17:14,0.8241666116943684,1.2712177935453834
2013-01-11 17:24,0.7454365353829857,1.6253268857490646
2013-01-11 17:34,0.9528492844459644,0.0
2013-01-11 17:44,0.9625867327956631,0.0
2013-01-11 17:54,0.7482444263951901,1.7158953185073205
2013-01-11 18:04,0.6973496183752864,1.9470942933120094
2013-01-11 18:14,0.8291972414683796,1.3551276813305484
2013-01-11 18:24,0.6035541165877584,2.3705575960052365
2013-01-11 18:34,0.7399854620265083,1.6499017672140737
2013-01-11 18:44,0.5531835332569774,2.597094204793343
2013-01-11 18:54,0.6642307447650718,2.0969615097689607
2013-01-11 19:04,0.7346152444813756,1.7784314237523136
2013-01-11 19:14,0.5575472365878227,2.5706796518242947
2013-01-11 19:24,0.5529414607898879,0.6845997118160587
2013-01-11 19:34,0.5818369911596136,0.0
2013-01-11 19:44,0.5877532799177335,2.419850533210664
2013-01-11 19:54,0.40459597513651824,3.238495378493878
2013-01-12 01:24,0.48208606632343015,2.176735921977634
2013-01-12 01:34,0.4133989635795057,2.4857711971689374
2013-01-12 01:44,0.3411679084365492,2.811627049243345
2013-01-12 01:54,0.37882351955029026,2.022592545479303
2013-01-12 02:04,0.35797382988517856,3.608001834377735
2013-01-12 02:14,0.4769009475477373,3.0705231353751103
2013-01-12 02:24,0.5516474787788153,1.2434851268633622
2013-01-12 02:34,0.5948563829546546,2.5376392922375115
2013-01-12 02:44,0.7546374337013414,1.819282870059781
2013-01-12 02:54,0.8564861465821944,1.3611639271168785
2013-01-12 03:04,0.7402149419383207,1.8854591988526517
2013-01-12 03:14,0.7646344618308273,0.0
2013-01-12 03:24,0.7288009769321991,0.0
2013-01-12 03:34,0.8859706742861658,0.0
2013-01-12 03:44,1.014802753875784,0.0
2013-01-12 03:54,0.8757273794085694,1.4086220978900772
2013-01-12 04:04,0.969822692661697,0.09523755981259503
2013-01-12 04:14,0.9188070049278002,0.0
2013-01-12 04:24,1.0265759075178875,0.0
2013-01-12 04:34,0.8628651766384021,0.5767052555603905
2013-01-12 04:44,0.9844422090183782,0.029877770165979062
2013-01-12 04:54,0.9064664383563054,0.38076403125906805
2013-01-12 05:04,0.9193161182484804,0.3236920427349273
2013-01-12 05:14,0.6651701513016677,0.0
2013-01-12 05:24,0.9749852575372172,0.18342196062383095
2013-01-12 05:34,0.9471781168729823,0.0
2013-01-12 05:44,0.7976984789820671,0.0
2013-01-12 05:54,0.8462173172050718,1.8137357419292135
2013-01-12 06:04,0.8155679732439082,1.0144017464779111
2013-01-12 06:14,0.8433484017721934,0.0
2013-01-12 06:24,0.7381740039918305,1.2523055799795106
2013-01-12 06:34,0.7862509900245533,0.4752426522793499
2013-01-12 06:44,0.7282122048104716,1.4055480445049813
2013-01-12 06:54,0.6469305519232703,2.708109810808925
2013-01-12 07:04,0.4501582428423482,3.593867666946385
2013-01-12 07:14,0.6095614815770688,1.9396890293100768
2013-01-12 07:24,0.6159691568909182,2.8476307225649737
2013-01-12 07:34,0.48897232244721,3.4194165873121207
2013-01-12 07:44,0.4099959625779753,3.775092534442268
2013-01-12 07:54,0.565491337976021,2.2202845087482124
2013-01-12 08:04,0.448447867887058,3.6965441205491447
2013-01-12 08:14,0.46330009746041706,1.9932469520407587
2013-01-12 14:04,0.3925991210136662,2.917794848769151
2013-01-12 14:14,0.45128499378671366,2.6535291315419807
2013-01-12 14:24,0.45926554949114246,2.6175754683459336
2013-01-12 14:34,0.3913845534047451,3.860227491628223
2013-01-12 14:44,0.38538410450579363,3.887249685268184
2013-01-12 14:54,0.436731362202447,3.656086932728708
2013-01-12 15:04,0.5038231373940559,3.354035863472735
2013-01-12 15:14,0.7792233381167127,1.1770587612584071
2013-01-12 15:24,0.5684877335571153,0.0
2013-01-12 15:34,0.7045164225350431,1.5134114896375988
2013-01-12 15:44,0.658428406176689,1.6224945641536879
2013-01-12 15:54,0.6961775527098081,1.4494945643785309
2013-01-12 16:04,0.8081977720248651,0.9433713849296042
2013-01-12 16:14,0.8509379475892707,0.750510514666741
2013-01-12 16:24,0.895670310068283,0.5487071585857674
2013-01-12 16:34,0.8801117465998848,0.6182895815610461
2013-01-12 16:44,0.6516952666533392,0.0
2013-01-12 16:54,0.7140210345081779,0.7109147162047361
2013-01-12 17:04,0.6953285010259005,0.0
2013-01-12 17:14,0.8059925916578077,0.9481620517450838
2013-01-12 17:24,0.7665408720179452,2.03867538700458
2013-01-12 17:34,0.8446591400875714,0.7704750904105147
2013-01-12 17:44,0.9820526391445454,0.9363784024428684
2013-01-12 17:54,0.9263520558541919,1.1839740228400724
2013-01-12 18:04,0.89110132191486,0.44811484620146996
2013-01-12 18:14,0.8962280194757213,0.0
2013-01-12 18:24,0.9190830384455732,1.20858221314236
2013-01-12 18:34,0.8770392747211879,0.5039453655794787
2013-01-12 18:44,0.8524555420487112,0.6130059238735137
2013-01-12 18:54,0.7747519622798014,0.9610678602301544
2013-01-12 19:04,0.8206099590257123,0.753895327357342
2013-01-12 19:14,0.8123188209279235,1.680491605714141
2013-01-12 19:24,0.7028137991493535,1.284100260375692
2013-01-12 19:34,0.7191433567380145,2.100008962589987
2013-01-12 19:44,0.5967383205694513,2.651421482826739
2013-01-12 19:54,0.5585075151665169,2.8240816723949647
2013-01-12 20:04,0.5932974520121791,1.7786242578023854
2013-01-12 20:14,0.6023625913502384,2.628398870597594
2013-01-12 20:24,0.4930879734591007,0.0
2013-01-12 20:34,0.4197160443321462,3.452540057167912
2013-01-13 02:14,0.3504011655609981,3.9165604010676858
2013-01-13 02:24,0.4873530887569756,0.0
2013-01-13 02:34,0.39595301984452724,2.7877474031815925
2013-01-13 02:44,0.39343423514437464,2.144660647359748
2013-01-13 02:54,0.5407758925740899,3.1880293197457044
2013-01-13 03:04,0.6507374208897635,0.8953064202852213
2013-01-13 03:14,0.6905669705325997,0.23911351851638832
2013-01-13 03:24,0.7929560652449694,0.8941416755758247
2013-01-13 03:34,0.7218342571334284,2.107404563771991
2013-01-13 03:44,0.8834724512885012,0.4890221388042457
2013-01-13 03:54,0.6082281603553303,0.0
2013-01-13 04:04,0.7791154186602629,0.9611191429971845
2013-01-13 04:14,0.9120905526569635,1.2576448646005687
2013-01-13 04:24,0.6806014162647243,2.3005168143607517
2013-01-13 04:34,0.9575448262300527,0.16236106092507513
2013-01-13 04:44,0.8711908801390924,0.0
2013-01-13 04:54,0.919428635345296,0.3355942538110772
2013-01-13 05:04,0.8883481029990686,1.3736169815167465
2013-01-13 05:14,0.8186557250136264,0.7996988494265429
2013-01-13 05:24,0.9276393792100834,0.41104400598956786
2013-01-13 05:34,1.032366314732499,0.0
2013-01-13 05:44,0.9017692771426761,0.5347332163183744
2013-01-13 05:54,0.7048385695807088,0.7668898809156938
2013-01-13 06:04,0.8760732701649663,0.0
2013-01-13 06:14,0.7072123139074646,2.330274288946063
2013-01-13 06:24,0.7953294138795431,1.932037699944316
2013-01-13 06:34,0.8520167347782018,0.7571455156922084
2013-01-13 06:44,0.7629526537865788,1.2519850625383204
2013-01-13 06:54,0.8787640154462907,0.730925969047617
2013-01-13 07:04,0.6768956349287572,1.639032021015126
2013-01-13 07:14,0.6989486740086838,1.5398299136752929
2013-01-13 07:24,0.5003755120460802,1.7639489239316288
2013-01-13 07:34,0.5266506206146095,1.645754363655067
2013-01-13 07:44,0.5243617829035709,2.3251847457929697
2013-01-13 07:54,0.5694843313950829,1.453073611304643
2013-01-13 08:04,0.6336156147523282,0.0
2013-01-13 08:14,0.5078690793746857,2.3993753351656952
2013-01-13 08:24,0.37435629162767886,3.936757290687313
2013-01-13 08:34,0.40687063253026645,1.6828967446622887
2013-01-13 08:44,0.35952781440055526,4.0039865153948675
2013-01-13 08:54,0.30100896542847216,4.267269454501291
2013-01-13 14:54,0.2393865805462902,3.0980846626043657
2013-01-13 15:04,0.23647647695737448,3.808725064648355
2013-01-13 15:14,0.2881273848201245,3.58201941201691
2013-01-13 15:24,0.26895836304050963,3.6746430331487376
2013-01-13 15:34,0.29566347387835434,3.558557579534374
2013-01-13 15:44,0.36086140070382544,2.0431963098819996
2013-01-13 15:54,0.3169137164392953,3.46352662161658
2013-01-13 16:04,0.3813320472165494,3.173782968969415
2013-01-13 16:14,0.43559987818792434,2.234535913276561
2013-01-13 16:24,0.4177271917213248,2.319734752391009
2013-01-13 16:34,0.4436620093622507,2.908975869637111
2013-01-13 16:44,0.4597860738032051,2.842042904697585
2013-01-13 16:54,0.48207360887782413,2.044174851699023
2013-01-13 17:04,0.441602226142871,2.9308088582114773
2013-01-13 17:14,0.5251653385611582,1.8504513545523698
2013-01-13 17:24,0.6045093414288774,1.4942371090876498
2013-01-13 17:34,0.48245517958298567,2.0447500588825434
2013-01-13 17:44,0.5000392991133397,2.6693258976487306
2013-01-13 17:54,0.5495981189406764,1.7401923336869227
2013-01-13 18:04,0.584809070638579,1.5818718546316313
2013-01-13 18:14,0.5833309141670674,2.29936975346036
2013-01-13 18:24,0.5160616727190632,2.610580574587173
2013-01-13 18:34,0.6308918297427355,0.0
2013-01-13 18:44,0.6482887035057072,1.3198296479277312
2013-01-13 18:54,0.4867515321609731,2.8433901752172086
2013-01-13 19:04,0.6126543534914846,1.022519598118779
2013-01-13 19:14,0.44173659304834345,2.333763006784507
2013-01-13 19:24,0.4841461716484917,2.1448626084304565
2013-01-13 19:34,0.4585529765425041,2.9833663525112977
2013-01-13 19:44,0.45081894460205346,2.2947375606980174
2013-01-13 19:54,0.3686294221439943,3.383631252443203
2013-01-13 20:04,0.24578422789867246,4.950175935960171
2013-01-13 20:14,0.3902435483921031,3.2968521493313734
2013-01-13 20:24,0.3992183200857353,3.262275887502244
2013-01-13 20:34,0.46600860707898556,0.0
2013-01-13 20:44,0.3629036321046292,2.8193701300171843
2013-01-13 20:54,0.5387680054790984,0.0
2013-01-13 21:04,0.37011071084369707,2.7828209390246244
2013-01-13 21:14,0.2892398394166259,3.1459234900227857
2013-01-14 03:04,0.28288983546021335,2.720392142718885
2013-01-14 03:14,0.24272852929178232,3.4717680414679304
2013-01-14 03:24,0.27592740319359577,3.322300596887224
2013-01-14 03:34,0.38130316660064023,2.847894343556919
2013-01-14 03:44,0.526086081307265,2.1960841024977515
2013-01-14 03:54,0.42391415619841305,2.085495876046821
2013-01-14 04:04,0.5130403950348185,2.254824782370491
2013-01-14 04:14,0.5607799481952301,2.041089820379559
2013-01-14 04:24,0.587993507434942,1.9186378209726793
2013-01-14 04:34,0.5173567941262776,1.6659657388564517
2013-01-14 04:44,0.45832603919884607,2.502552048099029
2013-01-14 04:54,0.6527028148485218,1.627448664511495
2013-01-14 05:04,0.725369061140887,1.3003101452221553
2013-01-14 05:14,0.7027570708033121,1.4021271454992343
2013-01-14 05:24,0.5911567890059524,1.335306274511099
2013-01-14 05:34,0.5961592921184473,2.6451323095675043
2013-01-14 05:44,0.45613520518256134,0.0
2013-01-14 05:54,0.4334001528591825,0.0
2013-01-14 06:04,0.5929026725479268,0.0
2013-01-14 06:14,0.549608679482746,0.0
2013-01-14 06:24,0.7832499758967745,0.4703619908233004
2013-01-14 06:34,0.6054904762136408,2.603106532761883
2013-01-14 06:44,0.7575454677776888,1.1570962712791635
2013-01-14 06:54,0.5808107429765702,0.0
2013-01-14 07:04,0.761409369845782,0.20872938266315105
2013-01-14 07:14,0.5865401760938708,0.0
2013-01-14 07:24,0.5689305435305763,0.0
2013-01-14 07:34,0.5561285057509398,0.0
2013-01-14 07:44,0.5689127013832842,0.0
2013-01-14 07:54,0.5310835430311628,0.0
2013-01-14 08:04,0.5222499039214865,0.0
2013-01-14 08:14,0.46755551230159875,0.0
2013-01-14 08:24,0.5663180580757158,2.1204167735468062
2013-01-14 08:34,0.5521899167719406,1.0642593881336742
2013-01-14 08:44,0.5300502998322864,0.0
2013-01-14 08:54,0.522897871351637,2.2105316676363094
2013-01-14 09:04,0.556026760993792,0.0
2013-01-14 09:14,0.5574622441636257,2.054899490826325
2013-01-14 09:24,0.43640592281548496,3.3607316522220807
2013-01-14 09:34,0.5585567749068526,0.14795995847512974
2013-01-14 09:44,0.5572333002342871,0.0
2013-01-14 15:34,0.4373557933038022,1.5148072571811844
2013-01-14 15:44,0.5361539868765878,0.9229684396205072
2013-01-14 15:54,0.5574743985286259,0.8195903593587698
2013-01-14 16:04,0.6954417543728977,0.0
2013-01-14 16:14,0.6370535539214552,0.0
2013-01-14 16:24,0.7259473675832512,0.34946169003923805
2013-01-14 16:34,0.7571818189229444,0.20586944224511186
2013-01-14 16:44,0.7541747136991178,0.0
2013-01-14 16:54,0.831893088739564,1.2192249907877482
2013-01-14 17:04,0.696266363580531,0.0
2013-01-14 17:14,0.9032568592378839,0.0
2013-01-14 17:24,0.8565962164152322,0.0
2013-01-14 17:34,0.8599094273967347,0.0
2013-01-14 17:44,0.7009913201220228,0.0
2013-01-14 17:54,0.9192857769198233,0.0
2013-01-14 18:04,0.924348279629824,0.0
2013-01-14 18:14,0.8227568841966562,0.0
2013-01-14 18:24,0.9838897037725995,0.0
2013-01-14 18:34,0.8772042747365405,0.0
2013-01-14 18:44,0.8302581621278713,0.0
2013-01-14 18:54,0.943532879497405,0.0
2013-01-14 19:04,0.9116925987351717,0.0
2013-01-14 19:14,0.8936711151753244,0.0
2013-01-14 19:24,0.9556771002073887,0.0
2013-01-14 19:34,0.9497159136967017,0.0
2013-01-14 19:44,0.9060126831339831,0.021369022543062575
2013-01-14 19:54,0.9070705747265038,0.5305062179164693
2013-01-14 20:04,0.8278363552247348,0.0
2013-01-14 20:14,0.727652990979575,0.0
2013-01-14 20:24,0.8645249066235926,0.20680840552097143
2013-01-14 20:34,0.7311259187648145,0.39804983053444354
2013-01-14 20:44,0.7315957410082655,1.320713277679598
2013-01-14 20:54,0.6597064541564882,1.6452594860448861
2013-01-14 21:04,0.6104589341875708,0.0
2013-01-14 21:14,0.5689717518033836,1.5411461415469734
2013-01-14 21:24,0.603317361481969,0.0
2013-01-14 21:34,0.5405883126013912,1.2582910369201477
2013-01-14 21:44,0.5778225686737067,1.0901678185351031
2013-01-14 21:54,0.5366284681180933,1.6872165438620033
2013-01-14 22:04,0.568550309950901,2.0568623455680486
2013-01-15 03:44,0.5109175041352382,1.343220205121292
2013-01-15 03:54,0.5180295124750254,1.3083281797280506
2013-01-15 04:04,0.6109041218434607,0.2790783308949829
2013-01-15 04:14,0.534757628202561,0.0
2013-01-15 04:24,0.7955024136183491,0.0
2013-01-15 04:34,0.7281206123040809,0.0
2013-01-15 04:44,0.7399635394220875,0.0
2013-01-15 04:54,0.7861223720572318,0.0
2013-01-15 05:04,0.8591575882390221,0.0
2013-01-15 05:14,0.824756017084546,0.0
2013-01-15 05:24,0.9269359983229851,0.0
2013-01-15 05:34,0.9326039619806483,0.018480434391390646
2013-01-15 05:44,0.898332026430543,0.0
2013-01-15 05:54,0.9838756386419951,0.0
2013-01-15 06:04,1.0641103118704522,0.0
2013-01-15 06:14,1.0628406211184467,0.0
2013-01-15 06:24,0.9722276069108559,0.0
2013-01-15 06:34,1.1017226265639957,0.0
2013-01-15 06:44,1.0088900337176008,0.0
2013-01-15 06:54,0.9836286924792853,0.0
2013-01-15 07:04,0.9690046531007667,0.0
2013-01-15 07:14,1.037288684927588,0.09255578435452903
2013-01-15 07:24,0.972879199235243,0.0
2013-01-15 07:34,0.9654789669710556,0.42394732486582837
2013-01-15 07:44,0.9180171598361048,0.0
2013-01-15 07:54,0.8979338887375332,0.0
2013-01-15 08:04,0.9388988969255416,0.019268235399075517
2013-01-15 08:14,0.8674218328811303,0.0
2013-01-15 08:24,0.8701527206116466,0.0
2013-01-15 08:34,0.7325388528057196,0.0
2013-01-15 08:44,0.7398441581367767,0.7823213728904965
2013-01-15 08:54,0.75847128658571,1.208870825086194
2013-01-15 09:04,0.7783817825362034,0.6036502898881722
2013-01-15 09:14,0.7232468317980645,0.8544371211595542
2013-01-15 09:24,0.6183787407578863,2.506452084304765
2013-01-15 09:34,0.7101172636732354,0.16258336655994432
2013-01-15 09:44,0.5992020610148385,1.5409985247842792
2013-01-15 09:54,0.6881080174484975,1.6648196723854454
2013-01-15 10:04,0.5576820382412919,1.71828080797952
2013-01-15 10:14,0.7126243935805384,1.0148321435434697
2013-01-15 10:24,0.5359068157515722,3.0142090592815527
2013-01-15 16:14,0.3778740559721612,1.996556559725081
2013-01-15 16:24,0.39062597676929384,1.6030649677818603
2013-01-15 16:34,0.29544566851751686,3.9591821736432298
2013-01-15 16:44,0.517619519401735,0.0
2013-01-15 16:54,0.4429840568789069,2.1182006274068277
2013-01-15 17:04,0.5124273039206031,0.7760724615601808
2013-01-15 17:14,0.48829666667539096,3.0907682295282797
2013-01-15 17:24,0.6500813504399412,0.7734645221311957
2013-01-15 17:34,0.5773847674266152,2.027903320014934
2013-01-15 17:44,0.5138948690304084,3.8586678737610196
2013-01-15 17:54,0.5758683042011794,1.9553911453365032
2013-01-15 18:04,0.5822105910140072,0.0
2013-01-15 18:14,0.5571730205452726,3.5607327643994466
2013-01-15 18:24,0.7682919057296673,0.5841047174316718
2013-01-15 18:34,0.6302523292253787,0.0
2013-01-15 18:44,0.5954459428821514,1.864853923135045
2013-01-15 18:54,0.6959824427400225,0.5696693274379594
2013-01-15 19:04,0.7767270212290693,0.20558132651661723
2013-01-15 19:14,0.7213293150655788,2.044552171282297
2013-01-15 19:24,0.6630405203574474,0.10026302335819325
2013-01-15 19:34,0.6435019543177783,2.395407847461803
2013-01-15 19:44,0.5695766054904235,2.0668827536784873
2013-01-15 19:54,0.6307971520006481,0.0
2013-01-15 20:04,0.6848828152900436,1.0319636398222913
2013-01-15 20:14,0.6038024703867585,1.9119002167458454
2013-01-15 20:24,0.6395297609567474,3.291613766136491
2013-01-15 20:34,0.6590928967788422,1.1461373765393634
2013-01-15 20:44,0.7003656933858398,0.9600805973051252
2013-01-15 20:54,0.684886066844164,1.5437539735037806
2013-01-15 21:04,0.45049251889183783,4.1413711925751695
2013-01-15 21:14,0.43831104048198,3.314569931229052
2013-01-15 21:24,0.5098299226561479,1.4048915463248137
2013-01-15 21:34,0.6024413553103315,0.0
2013-01-15 21:44,0.25039311139138837,6.271959262181347
2013-01-15 21:54,0.3323474143694083,3.788787841425144
2013-01-15 22:04,0.421877033401928,1.800246518322038
2013-01-15 22:14,0.4292238993230865,2.178086078337308
2013-01-15 22:24,0.25470285520332997,4.137866415835788
2013-01-15 22:34,0.29456797163096066,3.957404673340556
2013-01-15 22:44,0.2762004918006427,4.0400503472865
2013-01-16 04:24,0.062244634748836375,4.96138837801651
2013-01-16 04:34,0.0,6.95763617502855
2013-01-16 04:44,0.09669798358835645,4.235463340353067
2013-01-16 04:54,0.10531427535319575,4.785433396187334
2013-01-16 05:04,0.11792517999579073,4.937686824740939
2013-01-16 05:14,0.08128098944684259,5.115859690439565
2013-01-16 05:24,0.0,7.3344361722043425
2013-01-16 05:34,0.0642230880722411,5.230695218338021
2013-01-16 05:44,0.13833805958208115,4.9068891417971745
2013-01-16 05:54,0.09278956643006037,6.96881669677484
2013-01-16 06:04,0.1771657214319659,4.944086480814111
2013-01-16 06:14,0.039649162938764276,7.475596168225877
2013-01-16 06:24,0.15629516731757095,4.866642914309711
2013-01-16 06:34,0.12464920021298821,6.008657602089019
2013-01-16 06:44,0.15611442098192502,5.046644489759188
2013-01-16 06:54,0.08059922311354165,6.207571957497013
2013-01-16 07:04,0.20621519924188447,4.8250485925119815
2013-01-16 07:14,0.05062322761804413,7.44183464059503
2013-01-16 07:24,0.16304789802888406,4.3808880197631686
2013-01-16 07:34,0.2277433722528146,4.729872661656137
2013-01-16 07:44,0.07148917391628949,7.349703372242228
2013-01-16 07:54,0.07542763731151374,6.236422025461791
2013-01-16 08:04,0.1262774459232363,5.186097750962199
2013-01-16 08:14,0.14004896149817048,4.943672829423684
2013-01-16 08:24,0.11688084596394552,5.840864105741584
2013-01-16 08:34,0.03056474864266028,7.287646450107774
2013-01-16 08:44,0.0,7.418481063597161
2013-01-16 08:54,0.08170316656187804,5.186947744117454
2013-01-16 09:04,0.008333417608198898,7.348927716806724
2013-01-16 09:14,0.0,7.074015366267604
2013-01-16 09:24,0.05058063625005302,5.2861493767504015
2013-01-16 09:34,0.04307984710554105,6.083516306536638
2013-01-16 09:44,0.08817445664282839,5.072118606133524
2013-01-16 09:54,0.050835945022431134,4.6299660568302
2013-01-16 10:04,0.0,5.950828592665637
2013-01-16 10:14,0.0,5.191741983640047
2013-01-16 10:24,0.0,6.377460442093443
2013-01-16 10:34,0.06461818572367886,3.9721316246572638
2013-01-16 10:44,0.0,5.452882497185288
2013-01-16 10:54,0.11767854134629625,3.5722299104928905
2013-01-16 11:04,0.0,6.106246446821572
2013-01-16 11:14,0.0,4.598024947554082
2013-01-16 16:54,0.15903739792701896,3.27554306948084
2013-01-16 17:04,0.11044313294756558,4.631355084832181
2013-01-16 17:14,0.09182122945462107,4.072160334708578
2013-01-16 17:24,0.03694388355114627,5.811496683187466
2013-01-16 17:34,0.11009308606606771,3.9862024651628722
2013-01-16 17:44,0.19846967614934674,3.095421377409828
2013-01-16 17:54,0.17353124769541295,3.8399534967194477
2013-01-16 18:04,0.28395881427166225,2.828922870794059
2013-01-16 18:14,0.24224025499159077,3.0169232147574716
2013-01-16 18:24,0.14647277699059966,5.502470263868301
2013-01-16 18:34,0.2228186305496508,4.985009181825239
2013-01-16 18:44,0.30393272381008585,2.6229889940675917
2013-01-16 18:54,0.34712118936821607,3.5653028743592086
2013-01-16 19:04,0.40191835992198466,2.179260514420104
2013-01-16 19:14,0.4248740473059324,2.572689095530488
2013-01-16 19:24,0.3085514673945512,3.7342236026835955
2013-01-16 19:34,0.4525226649184239,2.4441297574787653
2013-01-16 19:44,0.23062154795051057,4.77982040501603
2013-01-16 19:54,0.41129155824198854,2.507698838257208
2013-01-16 20:04,0.3883221682403367,2.608598767290207
2013-01-16 20:14,0.5467508436607195,1.4116024472792517
2013-01-16 20:24,0.43615726098536584,2.5106425787218316
2013-01-16 20:34,0.491752886870481,2.2606067206824974
2013-01-16 20:44,0.49336444168386956,2.2533993332689146
2013-01-16 20:54,0.3333697662655302,4.463955765432383
2013-01-16 21:04,0.5058502405651493,2.197430623957922
2013-01-16 21:14,0.5185739445717411,1.6434737093967575
2013-01-16 21:24,0.41913369331584005,2.5880486739634616
2013-01-16 21:34,0.3222728308055951,3.024050135972531
2013-01-16 21:44,0.23206317357521578,3.4301604257416356
2013-01-16 21:54,0.30158929417196023,3.117824150049967
2013-01-16 22:04,0.2332228590716932,3.425989753638
2013-01-16 22:14,0.1749612449278987,4.328625010593173
2013-01-16 22:24,0.25508097499679894,2.82812402197429
2013-01-16 22:34,0.28641401296705404,2.6895052058254767
2013-01-16 22:44,0.2754297879795687,3.2385656206497195
2013-01-16 22:54,0.2135409813791654,4.159173270325334
2013-01-16 23:04,0.23571524145576422,3.4229251154628226
2013-01-16 23:14,0.21911554609291017,4.141742638082133
2013-01-16 23:24,0.16321814652567418,3.7517387432060585
2013-01-17 05:04,0.28670941253845217,2.802665620340867
2013-01-17 05:14,0.40411766212601896,2.786664921893349
2013-01-17 05:24,0.47803416948032185,1.9430014782918075
2013-01-17 05:34,0.35891804836458335,2.479085818214942
2013-01-17 05:44,0.39515805570049267,3.486007944571994
2013-01-17 05:54,0.4769405935615721,1.9487090594536545
2013-01-17 06:04,0.6577795320692931,1.1353681023205788
2013-01-17 06:14,0.5158402902098687,1.7738732906476937
2013-01-17 06:24,0.6454128902494283,1.7030921071625806
2013-01-17 06:34,0.6704904167449381,1.0787582347172646
2013-01-17 06:44,0.6223836526085958,1.2952743907952602
2013-01-17 06:54,0.6543807052296656,1.1515385634437214
2013-01-17 07:04,0.7657845769972345,0.24117955622103943
2013-01-17 07:14,0.614216269271185,1.3351820445125064
2013-01-17 07:24,0.6900758580300582,0.9941193926878902
2013-01-17 07:34,0.6320068523129864,1.7672580009053789
2013-01-17 07:44,0.5822393469905977,1.4789241408432945
2013-01-17 07:54,0.4898919200792999,1.4845619239632017
2013-01-17 08:04,0.5970116250966172,1.9247092164919357
2013-01-17 08:14,0.6642604958141219,1.110388891320591
2013-01-17 08:24,0.8182240145747296,0.41832788948338034
2013-01-17 08:34,0.587952668826528,2.623544949385388
2013-01-17 08:44,0.6762210121321154,2.2267502995720343
2013-01-17 08:54,0.6705068382709208,1.0821362719857897
2013-01-17 09:04,0.5107556327288088,2.3120425045787836
2013-01-17 09:14,0.528171706435889,2.750368477620757
2013-01-17 09:24,0.6485905312084564,1.0664033869614413
2013-01-17 09:34,0.4934274663180505,2.2570304235762406
2013-01-17 09:44,0.687451273964575,0.879863855742292
2013-01-17 09:54,0.5571692384904973,1.9572198896766373
2013-01-17 10:04,0.5469625978236311,1.505315467412345
2013-01-17 10:14,0.508737711821719,1.6777145105846705
2013-01-17 10:24,0.3180408123315261,3.8399072094174636
2013-01-17 10:34,0.28071850599332815,3.358633079147219
2013-01-17 10:44,0.19529713486764558,4.414768265671643
2013-01-17 10:54,0.23395605745035342,3.5879395891978114
2013-01-17 11:04,0.13857536211600668,4.693880278593853
2013-01-17 11:14,0.22452483639697646,3.138677396513233
2013-01-17 11:24,0.20866441486182521,3.492294184593659
2013-01-17 11:34,0.16873787533853993,3.688336309900794
2013-01-17 11:44,0.004365241257664592,5.728865862310528
2013-01-17 11:54,0.013546025729404072,4.986673751029478
2013-01-17 17:24,0.04236501604353441,4.514145827857125
2013-01-17 17:34,0.04130861217957632,4.5052579717948635
2013-01-17 17:44,0.02491362315666628,4.380577666027521
2013-01-17 17:54,0.0696141901461793,4.0118555519665895
2013-01-17 18:04,0.0360769416307295,4.132887256600254
2013-01-17 18:14,0.0485181706235606,3.904114322892435
2013-01-17 18:24,0.022706797241108682,4.740136490894842
2013-01-17 18:34,0.016229704769017375,4.775816430410258
2013-01-17 18:44,0.04380498950569794,4.659014353259788
2013-01-17 18:54,0.0,5.548348577852038
2013-01-17 19:04,0.10528472751156594,3.8573264918881507
2013-01-17 19:14,0.06814785946873227,4.031749373298173
2013-01-17 19:24,0.04756839881250206,4.955314916979877
2013-01-17 19:34,0.003799561935645816,5.897183045135989
2013-01-17 19:44,0.0,6.881907378814567
2013-01-17 19:54,0.027672607422218047,5.804851666677915
2013-01-17 20:04,0.0,6.9127297894432065
2013-01-17 20:14,0.0,5.990010735305189
2013-01-17 20:24,0.030002485141455204,5.140962203652701
2013-01-17 20:34,0.008734411958956995,6.017445410493673
2013-01-17 20:44,0.0,6.263498287574914
2013-01-17 20:54,0.027276556860763527,5.385828386370194
2013-01-17 21:04,0.0,7.308117608985182
2013-01-17 21:14,0.0,6.285283061634198
2013-01-17 21:24,0.0033669271231521014,5.683477659830894
2013-01-17 21:34,0.09531492743143957,4.132274262564955
2013-01-17 21:44,0.09487480766215207,4.640793207809122
2013-01-17 21:54,0.0,7.542794753290125
2013-01-17 22:04,0.0,5.693093225699573
2013-01-17 22:14,0.04301035291178123,4.873287828808557
2013-01-17 22:24,0.0,6.471215303228898
2013-01-17 22:34,0.0,7.510680386603339
2013-01-17 22:44,0.0,6.461860246000701
2013-01-17 22:54,0.0,5.038500584070988
2013-01-17 23:04,0.0,5.055447016899803
2013-01-17 23:14,0.0,6.435024729750705
2013-01-17 23:24,0.0,5.64977239024775
2013-01-17 23:34,0.0,7.462566451795946
2013-01-17 23:44,0.0,5.6384273535819105
2013-01-18 00:04,0.0,5.644615705264948
2013-01-18 00:14,0.0,5.633293363290395
2013-01-18 00:24,0.0,6.400704182330454
2013-01-18 05:24,0.0,5.02639121055119
2013-01-18 05:34,0.0,5.6540797087904915
2013-01-18 05:44,0.0,5.650577074252735
2013-01-18 05:54,0.0,11.170851078314882
2013-01-18 06:04,0.022901740324877656,3.702997162999985
2013-01-18 06:14,0.0,5.655784468032763
2013-01-18 06:24,0.0,6.4569911113812966
2013-01-18 06:34,0.0,5.054436404456613
2013-01-18 06:44,0.01495906816040587,5.0099967812149355
2013-01-18 06:54,0.0,11.229018601456835
2013-01-18 07:04,0.011201817430237477,4.523090152735176
2013-01-18 07:14,0.0,5.707212639640792
2013-01-18 07:24,0.020817939022749903,5.420400157046577
2013-01-18 07:34,0.1207379193346714,4.335205509539221
2013-01-18 07:44,0.16132457001773176,4.530949977344106
2013-01-18 07:54,0.2280469048641919,3.961235473926336
2013-01-18 08:04,0.3175163446801207,3.3405407492835955
2013-01-18 08:14,0.0,9.39333246024416
2013-01-18 08:24,0.34183209891923855,3.1725269606146878
2013-01-18 08:34,0.46623953502289406,2.0903501351757305
2013-01-18 08:44,0.4880464991793876,1.4879532071883972
2013-01-18 08:54,0.3202407014402251,3.16373901940528
2013-01-18 09:04,0.15750002678221844,5.431956111048621
2013-01-18 09:14,0.2922008579371236,3.2962610311452263
2013-01-18 09:24,0.08838994637490065,5.744398690286987
2013-01-18 09:34,0.1521688462885255,5.458873772712691
2013-01-18 09:44,0.3211383060066452,3.163499199613812
2013-01-18 09:54,0.16510095167505254,4.143187037014357
2013-01-18 10:04,0.26043890835097633,3.9241939637175407
2013-01-18 10:14,0.12462296305554131,5.287432059079576
2013-01-18 10:24,0.08305245729370639,5.496974483348309
2013-01-18 10:34,0.19623595294217117,3.700037226112014
2013-01-18 10:44,0.0,10.612783645777524
2013-01-18 10:54,0.2065212795903368,2.2587099891856908
2013-01-18 11:04,0.08556615558166697,4.789325475644047
2013-01-18 11:14,0.0,10.183969028799067
2013-01-18 11:24,0.0,10.148622283955376
2013-01-18 11:34,0.0,10.066889339838852
2013-01-18 11:44,0.0,9.70223977884978
2013-01-18 11:54,0.1336187896801578,3.7320407835668847
2013-01-18 12:04,0.0,9.62855239420246
2013-01-18 12:14,0.0,9.566607651554984
2013-01-18 12:24,0.10396922623314328,3.8223889166352443
2013-01-18 12:34,0.11168250122540921,3.6971750271919652
2013-01-18 12:44,0.13400335518881884,3.5955996523309453
2013-01-18 17:54,0.33205985979657926,2.7117963867658834
2013-01-18 18:04,0.0,7.357376187526226
2013-01-18 18:14,0.03316902677489022,7.225185927649078
2013-01-18 18:24,0.360328451906912,2.066134226930094
2013-01-18 18:34,0.15737321180329145,6.666974381737811
2013-01-18 18:44,0.25912685210168984,6.037876800208582
2013-01-18 18:54,0.2943397729413605,5.870696904988866
2013-01-18 19:04,0.5779419199630174,0.3947669689450497
2013-01-18 19:14,0.3392294339914682,5.655001109426325
2013-01-18 19:24,0.18103375651649029,6.360398287756995
2013-01-18 19:34,0.26743696903763636,5.965247942084393
2013-01-18 19:44,0.514899492997279,4.845397224559796
2013-01-18 19:54,0.32426014471543446,5.7055122992147265
2013-01-18 20:04,0.25551706785012074,6.006838075498931
2013-01-18 20:14,0.44421900825157185,4.970225635232527
2013-01-18 20:24,0.2866296533274439,5.665110789249955
2013-01-18 20:34,0.4043449354117023,5.121117053664033
2013-01-18 20:44,0.3964474816007546,5.142263539548781
2013-01-18 20:54,0.4792995448038212,4.754989147070488
2013-01-18 21:04,0.4645928522876693,4.809681323328879
2013-01-18 21:14,0.3457779197133882,5.337434235126648
2013-01-18 21:24,0.4034315547179507,4.920636972787939
2013-01-18 21:34,0.45569807997830225,2.758371448741074
2013-01-18 21:44,0.3640204461752479,5.089969349353914
2013-01-18 21:54,0.62272790642548,0.9342334110141225
2013-01-18 22:04,0.49758961242389554,4.481735448380868
2013-01-18 22:14,0.4342831817086321,4.763849434377335
2013-01-18 22:24,0.5346604567235517,4.309866500851999
2013-01-18 22:34,0.4859906916873522,4.5263586002310685
2013-01-18 22:44,0.49978674079739716,4.462004365781881
2013-01-18 22:54,0.4993397107241486,4.461810739768014
2013-01-18 23:04,0.4823118433588003,4.427422370689526
2013-01-18 23:14,0.4525041720950911,4.564667455206747
2013-01-18 23:24,0.47600920200148206,0.0
2013-01-18 23:34,0.4203832398004197,4.716308120373107
2013-01-18 23:44,0.3797643313105574,4.903033706391687
2013-01-19 00:04,0.4275233362858583,4.698640820062729
2013-01-19 00:14,0.2308433093714946,5.590709631320789
2013-01-19 00:24,0.42691811345435476,2.2275137842832864
2013-01-19 00:34,0.23834382951248442,5.569512725936563
2013-01-19 00:44,0.3753456935085784,4.957920787978955
2013-01-19 00:54,0.4258176159382554,2.240786957337887
2013-01-19 01:04,0.10997343234184495,6.25441833646773
2013-01-19 06:24,0.2906626579157076,4.314072187513663
2013-01-19 06:34,0.37079262632081156,3.9535588242436988
2013-01-19 06:44,0.3193652255125685,4.184920937224319
2013-01-19 06:54,0.32757149906218813,4.147992939105109
2013-01-19 07:04,0.3849764934167009,1.7815795043388591
2013-01-19 07:14,0.3027037570460599,4.259166854158084
2013-01-19 07:24,0.32870512604060953,3.2054000257448516
2013-01-19 07:34,0.3098762377508039,4.22687945867434
2013-01-19 07:44,0.4398068756178751,2.705627018439544
2013-01-19 07:54,0.39735099366686083,3.8333808761874426
2013-01-19 08:04,0.3890852662588834,3.870543831787982
2013-01-19 08:14,0.5709950587752585,3.0517470036547363
2013-01-19 08:24,0.5031615740270434,2.420549821826257
2013-01-19 08:34,0.5532330937344352,3.132115489217187
2013-01-19 08:44,0.4869692281173404,2.493339704137676
2013-01-19 08:54,0.4464952990805251,3.612240804450829
2013-01-19 09:04,0.6240521128141424,1.8766982756974406
2013-01-19 09:14,0.5909932106466461,0.8544124889045323
2013-01-19 09:24,0.5780999910476077,3.0203654234293498
2013-01-19 09:34,0.5955091424624775,2.9426755308256753
2013-01-19 09:44,0.5168543110930705,2.3596417752021535
2013-01-19 09:54,0.45117626391667204,3.49255895200454
2013-01-19 10:04,0.48431144070773113,2.423066777147105
2013-01-19 10:14,0.36560015353145253,3.7874344241504314
2013-01-19 10:24,0.5812327731030195,0.7790225018312639
2013-01-19 10:34,0.4738151070336264,1.7468459787680979
2013-01-19 10:44,0.42671489945599544,2.6055413919961237
2013-01-19 10:54,0.40903379501188947,3.6829279616822976
2013-01-19 11:04,0.38797629847282444,3.7789609160007447
2013-01-19 11:14,0.3465976529394933,3.967290148066864
2013-01-19 11:24,0.48016287292710136,2.4464392186289725
2013-01-19 11:34,0.4213793637197023,3.6338825356764466
2013-01-19 11:44,0.3091827622188487,4.233535876537307
2013-01-19 11:54,0.35298262442102785,3.097695235446663
2013-01-19 12:04,0.3147732472297084,4.20677926553922
2013-01-19 12:14,0.35455528336123876,4.027728524117892
2013-01-19 12:24,0.37400862174772603,3.0029801313982674
2013-01-19 12:34,0.30649664201586135,4.2438795553798965
2013-01-19 12:44,0.35449632706683676,4.027858966293819
2013-01-19 12:54,0.3299572888684071,4.138227997871524
2013-01-19 13:04,0.2497958865367057,4.498878020303113
2013-01-19 13:14,0.2681249373336325,4.416390779842895
2013-01-19 13:24,0.3274619293766185,4.149390055407144
2013-01-19 13:34,0.2401707003306164,4.5421353644518385
2013-01-19 18:44,0.2916201482714596,3.5163803223184633
2013-01-19 18:54,0.41207385909087424,2.9797579825938407
2013-01-19 19:04,0.4401489754502956,2.8583831937261057
2013-01-19 19:14,0.37181688109364647,3.171258300562953
2013-01-19 19:24,0.32428913024214506,2.1771114598784407
2013-01-19 19:34,0.3448806786706175,2.6083345662643262
2013-01-19 19:44,0.3790760188723703,2.460067857193688
2013-01-19 19:54,0.3613367899521763,3.174035139860641
2013-01-19 20:04,0.33887438786973895,3.2543345634182987
2013-01-19 20:14,0.5874686284473158,2.2303092739375394
2013-01-19 20:24,0.3733368177728031,3.8117841936755408
2013-01-19 20:34,0.5640900964739974,2.124297874586901
2013-01-19 20:44,0.5564842377654431,2.1327188327712445
2013-01-19 20:54,0.7648380235096671,2.198502620536506
2013-01-19 21:04,0.9105582781301875,2.2117147782849518
2013-01-19 21:14,1.2061888447732065,0.0
2013-01-19 21:24,1.1618933729505247,0.18956715751192443
2013-01-19 21:34,1.2145611216977195,0.0
2013-01-19 21:44,0.8675839770351101,2.397012633242778
2013-01-19 21:54,1.2207720741568757,0.0
2013-01-19 22:04,0.9626675507109711,1.9709269174044466
2013-01-19 22:14,1.0703153645263281,0.0
2013-01-19 22:24,1.2471784345215018,0.0
2013-01-19 22:34,0.9833955062385222,3.1433788716550213
2013-01-19 22:44,1.222389484288386,0.0
2013-01-19 22:54,1.0411004698034603,1.640346031206379
2013-01-19 23:04,0.9837919536317256,0.677819221485414
2013-01-19 23:14,0.5775072246681351,2.0239111677249366
2013-01-19 23:24,0.5382880001886963,4.249931437623502
2013-01-19 23:34,0.367796614195718,2.711389884042651
2013-01-19 23:44,0.4308562769837925,4.135436455544735
2013-01-20 00:04,0.2641873594019945,4.551215007828123
2013-01-20 00:14,0.3743004714435128,1.1867895010145006
2013-01-20 00:24,0.3149369975060056,2.6866714697532856
2013-01-20 00:34,0.329543697589175,2.622772121869858
2013-01-20 00:44,0.2653724546782642,4.556494589091329
2013-01-20 00:54,0.3517223102730154,2.6086539918118805
2013-01-20 01:04,0.30403677951993885,3.5249552613629715
2013-01-20 01:14,0.31526384305129146,3.474635230593055
2013-01-20 01:24,0.3644518184252624,2.551931866002505
2013-01-20 01:34,0.24736050714421678,3.773541258250335
2013-01-20 01:44,0.20405632112059796,3.9638672759055105
2013-01-20 01:54,0.19172473551595212,4.990196286499443
2013-01-20 02:04,0.16195858791638407,5.11967245915464
2013-01-20 07:04,0.28632507998396584,3.035971658962289
2013-01-20 07:14,0.3268300729474112,3.5815609745678687
2013-01-20 07:24,0.30282207221975443,3.6966265466326886
2013-01-20 07:34,0.3225332958592532,2.8909270150076147
2013-01-20 07:44,0.34614118744656497,3.515159528208693
2013-01-20 07:54,0.3029810684296474,2.9903032049389853
2013-01-20 08:04,0.3510533980884394,2.7756260293648856
2013-01-20 08:14,0.2993287943321724,3.7327591379137535
2013-01-20 08:24,0.2672665949392593,3.8754798024070327
2013-01-20 08:34,0.2964286759988144,3.017399554632545
2013-01-20 08:44,0.3527094931203122,2.762934841753348
2013-01-20 08:54,0.43647845063684604,2.3848963888140147
2013-01-20 09:04,0.40102478499979305,1.577285961519562
2013-01-20 09:14,0.3427388409820849,2.2620294590614214
2013-01-20 09:24,0.3657569001532906,1.735201470594104
2013-01-20 09:34,0.3397469212611655,3.5439827011162732
2013-01-20 09:44,0.2457908809697804,3.968335694154449
2013-01-20 09:54,0.33734276910221284,2.8325306909309416
2013-01-20 10:04,0.32470043878010013,2.345956400041004
2013-01-20 10:14,0.3138549287707587,3.663022709303863
2013-01-20 10:24,0.4207232600896638,0.28113570216747713
2013-01-20 10:34,0.34267744812664225,2.806464574760533
2013-01-20 10:44,0.41027399607331394,1.9578014974337703
2013-01-20 10:54,0.37160005115748546,2.674483201537348
2013-01-20 11:04,0.30583322847687977,3.693688578126432
2013-01-20 11:14,0.327871194626516,2.8705390434125135
2013-01-20 11:24,0.33337884002783325,3.5708385674690164
2013-01-20 11:34,0.3514527788781975,3.4904039772678264
2013-01-20 11:44,0.37907265864433726,1.676034601523942
2013-01-20 11:54,0.2778480252242747,3.9460348945927333
2013-01-20 12:04,0.2744320664887902,3.9661645191713766
2013-01-20 12:14,0.47748364859938147,0.08152468386093793
2013-01-20 12:24,0.30271414586825407,3.0971871170459435
2013-01-20 12:34,0.3714488019822669,3.6569006709537026
2013-01-20 12:44,0.2900326708602148,3.8961899473129917
2013-01-20 12:54,0.4005116629709018,2.657583958911813
2013-01-20 13:04,0.31617714136470826,3.78186348437516
2013-01-20 13:14,0.32106528386137445,3.759967963466375
2013-01-20 13:24,0.37910323191242,3.499001020115654
2013-01-20 13:34,0.3484537129080018,3.6387076820337034
2013-01-20 13:44,0.42788757468742544,3.283228003369435
2013-01-20 13:54,0.4447755938373783,2.46492377799562
2013-01-20 14:04,0.3523956723235728,3.5251908643256478
2013-01-20 14:14,0.3323075624082568,3.618588542727014
2013-01-20 14:24,0.27049742735028387,3.899531403493799
2013-01-20 14:34,0.39476940352377604,2.0632413676400767
2013-01-20 19:34,0.23084624588694527,4.3879672664806675
2013-01-20 19:44,0.3498939274021166,3.0763103096572078
2013-01-20 19:54,0.29312506955785655,3.330724730037731
2013-01-20 20:04,0.3647798268189831,3.7814760015117956
2013-01-20 20:14,0.32025141704139765,3.1225500497060747
2013-01-20 20:24,0.40848273082044156,3.4861122647088925
2013-01-20 20:34,0.31792880480362196,3.8937575857556013
2013-01-20 20:44,0.2999568205791717,3.9746956871388868
2013-01-20 20:54,0.4161033915183787,2.691194073030676
2013-01-20 21:04,0.2847027733282553,4.043427308609805
2013-01-20 21:14,0.35151064844712626,2.9819879593363376
2013-01-20 21:24,0.28929278253687996,4.022790378866551
2013-01-20 21:34,0.47199696969652216,1.8690916495503458
2013-01-20 21:44,0.3352899348819632,3.0550248141174214
2013-01-20 21:54,0.23627512085758132,4.261454987955844
2013-01-20 22:04,0.5287957078478202,1.1696927983812964
2013-01-20 22:14,0.44414873532516175,2.5650260096319464
2013-01-20 22:24,0.4492406079047316,1.9715815460824686
2013-01-20 22:34,0.3233026975535683,3.1090164323036613
2013-01-20 22:44,0.4999595978694208,1.2995587722400035
2013-01-20 22:54,0.37468403107513343,2.8777521057117954
2013-01-20 23:04,0.1859850381565883,4.487850402881441
2013-01-20 23:14,0.38933602706288456,2.8118517987223988
2013-01-20 23:24,0.14480585329600734,4.673293615145179
2013-01-20 23:34,0.4252868801488776,2.650125329786217
2013-01-20 23:44,0.273615979511714,3.3329028715507105
2013-01-21 00:04,0.33682541112172587,3.0485801163889428
2013-01-21 00:14,0.2794414734872374,2.7363876963630136
2013-01-21 00:24,0.3088360629824463,3.1747855803241514
2013-01-21 00:34,0.2184808386822578,4.342459687236997
2013-01-21 00:44,0.4663045599816072,1.4515655222165846
2013-01-21 00:54,0.26333804995408294,3.379790696130376
2013-01-21 01:04,0.20158822030190407,3.4374531759089466
2013-01-21 01:14,0.08950800050844142,3.8141683348512188
2013-01-21 01:24,0.3046045747003916,1.4390799339391778
2013-01-21 01:34,0.0,6.578216658691031
2013-01-21 01:44,0.29793259960009916,1.7043108171276522
2013-01-21 01:54,0.03565321417725664,5.579959306534395
2013-01-21 02:04,0.0,5.610861451221306
2013-01-21 02:14,0.014040752062351527,5.552126382349953
2013-01-21 02:24,0.42421488335809704,0.9019588187481736
2013-01-21 02:34,0.0,5.6114319792079925
2013-01-21 02:44,0.42081367828767163,0.0
2013-01-21 02:54,0.5203185364997659,0.06916112749994022
2013-01-21 03:04,0.12779343213695946,5.184398737472763
2013-01-21 03:14,0.01647527163841806,5.691553847012201
2013-01-21 03:24,0.28041520678273485,1.214363404753777
2013-01-21 08:14,0.4447330081035116,0.0
2013-01-21 08:24,0.6140624673684433,3.200715265856131
2013-01-21 08:34,0.6357253223036383,2.7551858762168764
2013-01-21 08:44,0.7566337362273992,1.545835315203721
2013-01-21 08:54,0.7250222973436304,1.5725464720090137
2013-01-21 09:04,0.7587116130191984,1.4209759953707488
2013-01-21 09:14,0.6178498733975297,0.0
2013-01-21 09:24,0.728921429091395,1.5549137298119793
2013-01-21 09:34,0.7045298306397729,1.6645911823976571
2013-01-21 09:44,0.5920182269281362,0.0
2013-01-21 09:54,0.7696844114667214,1.371570296591048
2013-01-21 10:04,0.8344916764318415,1.0801224611469742
2013-01-21 10:14,0.4776055681837283,0.0
2013-01-21 10:24,0.7896216969795097,1.281894192953219
2013-01-21 10:34,0.9819024389621808,0.41719256788691605
2013-01-21 10:44,0.8448186573158295,1.033660789109989
2013-01-21 10:54,0.9595717645773724,0.5176051215964206
2013-01-21 11:04,0.8435973047185364,1.0391458294076623
2013-01-21 11:14,1.085793530980167,0.0
2013-01-21 11:24,0.7394252468026509,0.0
2013-01-21 11:34,0.8339286496058582,1.082623367298206
2013-01-21 11:44,1.069944509332377,0.02124405400821731
2013-01-21 11:54,0.985960105065692,0.3989264183169837
2013-01-21 12:04,1.108637460609877,0.0
2013-01-21 12:14,1.100765873704119,0.0
2013-01-21 12:24,1.0542364752150037,0.09188803182435507
2013-01-21 12:34,1.1050828433287987,0.0
2013-01-21 12:44,1.1075597888380913,0.0
2013-01-21 12:54,1.141794479013991,0.0
2013-01-21 13:04,1.046543454586454,0.1264903705962731
2013-01-21 13:14,0.9710086258204886,0.4661773063107053
2013-01-21 13:24,1.0889600543511475,0.0
2013-01-21 13:34,0.6878371775824483,0.0
2013-01-21 13:44,0.947635876841965,0.5712891955152131
2013-01-21 13:54,1.0883758638433583,0.0
2013-01-21 14:04,1.0757818077879415,0.0
2013-01-21 14:14,0.9223505158763232,0.0
2013-01-21 14:24,1.0004353339117147,0.3334157009519255
2013-01-21 14:34,0.9941815337939134,0.3615367881148969
2013-01-21 14:44,1.0236022374853473,0.22924970702252542
2013-01-21 14:54,0.9723506812518035,0.45970003540103543
2013-01-21 15:04,0.8177910146502908,0.0
2013-01-21 15:14,1.0763533349619185,0.0
2013-01-21 15:24,0.5029790407065332,0.0
2013-01-21 15:34,0.8296683603650494,0.13522178541897192
2013-01-21 15:44,0.8530205456742027,0.9967811013594765
2013-01-21 21:04,0.881314816117312,0.0
2013-01-21 21:14,0.6462288375493697,0.0
2013-01-21 21:24,0.7126873472208182,1.6277799859365547
2013-01-21 21:34,0.41216107540624636,0.0
2013-01-21 21:44,1.0151561621137841,0.26758370944094095
2013-01-21 21:54,0.9061163639356064,0.7579496581526456
2013-01-21 22:04,0.8481242036888264,0.05218877562068808
2013-01-21 22:14,1.0267497138194457,0.21546877381792107
2013-01-21 22:24,0.4581934742090117,0.0
2013-01-21 22:34,1.0368029238799814,0.17026912866753738
2013-01-21 22:44,1.0942131160533453,0.0
2013-01-21 22:54,0.8782267753001612,0.0
2013-01-21 23:04,1.1029956740370197,0.0
2013-01-21 23:14,1.1183779249851586,0.0
2013-01-21 23:24,0.9274721966205178,0.7841710741021669
2013-01-21 23:34,0.6266827181154893,0.0
2013-01-21 23:44,0.905599234130878,0.0
2013-01-22 00:04,0.6404126613158004,0.0
2013-01-22 00:14,1.213448463529906,0.0
2013-01-22 00:24,0.951407288313359,0.9608091479444051
2013-01-22 00:34,1.1980989193373004,0.0
2013-01-22 00:44,0.7646169192269402,0.0
2013-01-22 00:54,1.138092204591707,0.24481587618295797
2013-01-22 01:04,1.0864073520804576,0.6340603308194993
2013-01-22 01:14,1.08790455959214,0.6276469395150411
2013-01-22 01:24,0.852756099139921,0.0
2013-01-22 01:34,0.9690788933005616,0.0
2013-01-22 01:44,0.8420162929339968,0.0
2013-01-22 01:54,1.181384537524642,0.20827250642293274
2013-01-22 02:04,1.0385229780055594,0.0
2013-01-22 02:14,0.7529177729712632,0.0
2013-01-22 02:24,0.8877640030420492,0.4394016622476733
2013-01-22 02:34,0.6914897063748835,0.0
2013-01-22 02:44,1.249392990269177,0.06208685580699635
2013-01-22 02:54,0.9526576445744078,1.3979048766289779
2013-01-22 03:04,0.9237313939327124,1.5279866391888375
2013-01-22 03:14,0.6323587535966083,2.839730717004525
2013-01-22 03:24,0.49986048348166734,0.0
2013-01-22 03:34,1.007378847166435,0.013712316154628907
2013-01-22 03:44,0.5063146979179991,0.0
2013-01-22 03:54,0.7185216654109897,1.3137433986840272
2013-01-22 04:04,0.8143748970615874,2.019105568847348
2013-01-22 04:14,0.7464626634978732,0.429653815488652
2013-01-22 04:24,0.663328296923847,1.5619092393995258
2013-01-22 04:34,0.6856990430174461,0.0
2013-01-22 04:44,0.5005952750440953,0.0
2013-01-22 09:34,0.6520337703453636,1.6148803924807626
2013-01-22 09:44,0.657097558895053,0.8367098770501112
2013-01-22 09:54,0.594575164288971,1.8793309977895982
2013-01-22 10:04,0.576939673503042,1.1998535667498662
2013-01-22 10:14,0.6813874678359618,0.7292366439423322
2013-01-22 10:24,0.588461805772917,1.9065462782234923
2013-01-22 10:34,0.7448682602224149,1.201971002586242
2013-01-22 10:44,0.6903216918724141,1.447106505381208
2013-01-22 10:54,0.4985634769971043,0.0
2013-01-22 11:04,0.53431752918838,0.0
2013-01-22 11:14,0.7232396092320373,2.436304260849052
2013-01-22 11:24,0.4944381615150255,0.0
2013-01-22 11:34,0.7519480336957426,0.40907492219711405
2013-01-22 11:44,0.5777767753235524,0.0
2013-01-22 11:54,0.6662903629038136,1.553009229860756
2013-01-22 12:04,0.7751814284431389,1.0625235464551457
2013-01-22 12:14,0.6555323585700049,0.0
2013-01-22 12:24,0.6183184471789152,1.7684514667707467
2013-01-22 12:34,0.632710440191092,0.0
2013-01-22 12:44,0.7366201865495798,1.3186946722988782
2013-01-22 12:54,0.7212236525510256,0.06556284618148094
2013-01-22 13:04,0.5285656005847443,2.259692638430886
2013-01-22 13:14,0.7687693371179375,1.18051802316623
2013-01-22 13:24,0.6667989309437217,1.7372933050476682
2013-01-22 13:34,0.7154729441937874,0.0
2013-01-22 13:44,0.8401527738682729,0.963181857084146
2013-01-22 13:54,0.7429380087760923,0.6123191878671149
2013-01-22 14:04,0.654232951826286,0.0
2013-01-22 14:14,0.7735714828432059,1.267371495212498
2013-01-22 14:24,0.8253142355919928,1.0345602965185854
2013-01-22 14:34,0.6295051021553502,0.0
2013-01-22 14:44,0.8279895085890249,1.022652965729013
2013-01-22 14:54,0.9878226603923436,0.30335453899411546
2013-01-22 15:04,0.6402579953284715,1.8685765829186747
2013-01-22 15:14,0.773061312324844,2.5851593916573505
2013-01-22 15:24,0.8328079175996242,1.1079329481129574
2013-01-22 15:34,0.6799110470753141,3.0152654099656653
2013-01-22 15:44,0.6913165937513276,1.7535319943750682
2013-01-22 15:54,0.924379863697959,1.9266055599848537
2013-01-22 16:04,0.6333086352179479,3.2401938918671767
2013-01-22 16:14,0.6390543755281309,1.9972662783991377
2013-01-22 16:24,0.7681588908895055,0.6050192653393045
2013-01-22 16:34,0.6404293750819574,3.2117131870069633
2013-01-22 16:44,0.655396430178074,3.145714945857063
2013-01-22 16:54,0.6723803572173724,1.851499903223214
2013-01-22 17:04,0.5480798001981017,3.63193627292456
2013-01-22 17:14,0.5900345757349861,3.4458462892568433
2013-01-22 17:24,0.5845588885604885,2.252685068671248
2013-01-22 22:14,0.5995669801488417,1.8471832871153788
2013-01-22 22:24,0.808656077989718,1.9241662452771686
2013-01-22 22:34,0.7970172133944851,0.8636028863216767
2013-01-22 22:44,0.4723668437619396,0.0
2013-01-22 22:54,0.8286677301482721,1.833564966180461
2013-01-22 23:04,0.750183609562821,0.0
2013-01-22 23:14,0.8553758454109122,1.7133068308569694
2013-01-22 23:24,0.8239710337521796,0.7417661692081289
2013-01-22 23:34,0.69590192272952,2.4313515948018782
2013-01-22 23:44,0.5583640650517964,0.0
2013-01-23 00:04,1.006932799614747,0.0
2013-01-23 00:14,0.7490289148313279,0.0
2013-01-23 00:24,0.7949477742095299,0.0
2013-01-23 00:34,1.0025137067563699,1.0514985827956487
2013-01-23 00:44,1.287906152052669,0.0
2013-01-23 00:54,0.9917966551460834,1.0993666619747506
2013-01-23 01:04,1.0701812866412885,0.7464719081152904
2013-01-23 01:14,1.1047175080937957,0.5909997753278475
2013-01-23 01:24,1.0638591978213052,0.0
2013-01-23 01:34,0.7446325685635645,0.0
2013-01-23 01:44,0.9831886256084508,1.138495113322092
2013-01-23 01:54,1.0827056247154978,0.6904976797908664
2013-01-23 02:04,1.1430294006433466,0.4189478471535961
2013-01-23 02:14,1.045545099972894,0.9710842553826452
2013-01-23 02:24,0.645634912809807,0.0
2013-01-23 02:34,0.7748111239904644,0.0
2013-01-23 02:44,1.279138708326697,0.0
2013-01-23 02:54,0.9490706146707152,1.4059415361882377
2013-01-23 03:04,0.9229834693579293,1.5234339246827897
2013-01-23 03:14,0.9105862907464609,1.5792800911522165
2013-01-23 03:24,1.0123930708610225,1.1209896822273286
2013-01-23 03:34,1.099568520914889,0.728557450129124
2013-01-23 03:44,1.1785125332550161,0.3731720000273412
2013-01-23 03:54,1.0122053935583117,0.0
2013-01-23 04:04,1.1806690819577363,0.3638252801694218
2013-01-23 04:14,0.9257980307413647,0.37542996819877494
2013-01-23 04:24,0.9527735451232364,1.3889889819835306
2013-01-23 04:34,0.8546009200387112,0.695179477167253
2013-01-23 04:44,0.7341398845709635,1.2373576476591464
2013-01-23 04:54,0.6711810568589828,0.0
2013-01-23 05:04,0.7260861813108026,0.0
2013-01-23 05:14,0.6872037274035041,1.4486305098110506
2013-01-23 05:24,0.6567413387719343,1.5858647352382749
2013-01-23 05:34,0.6036274410923903,0.0
2013-01-23 05:44,0.5297088668580443,2.1579223797740705
2013-01-23 11:04,0.6652941316996528,0.0
2013-01-23 11:14,0.6860438365897521,1.4861280701646742
2013-01-23 11:24,0.6089398011849161,2.9677161647806733
2013-01-23 11:34,0.6180559299772408,1.7821296927991748
2013-01-23 11:44,0.7141195860524857,1.3524700183625316
2013-01-23 11:54,0.6389973490513496,0.9350874239077179
2013-01-23 12:04,0.6992375773200711,0.6721389174489502
2013-01-23 12:14,0.6410375425924847,1.7094062075239191
2013-01-23 12:24,0.6492234901338864,0.9148885612433623
2013-01-23 12:34,0.5876102054290299,1.9680335069580837
2013-01-23 12:44,0.9236354518665428,0.4624107072105958
2013-01-23 12:54,0.767256373474637,1.1721584458471084
2013-01-23 13:04,0.7577334501369837,0.4473344861312668
2013-01-23 13:14,0.754607584859899,1.2352437344374947
2013-01-23 13:24,0.6249259427461966,0.0
2013-01-23 13:34,0.6810254432209332,0.7974024652505755
2013-01-23 13:44,0.8445003027052774,0.8355523364336627
2013-01-23 13:54,0.5535030914508772,0.0
2013-01-23 14:04,0.507217314272358,0.0
2013-01-23 14:14,0.8686173680879598,0.0
2013-01-23 14:24,0.8999515211699266,0.5882669226810171
2013-01-23 14:34,0.7164723804186922,1.4152697680702724
2013-01-23 14:44,0.7091099094127937,1.450546341744268
2013-01-23 14:54,0.6112816193449786,0.0
2013-01-23 15:04,0.9242068634262133,0.4892061030966502
2013-01-23 15:14,0.6965931258740012,0.8252873173793962
2013-01-23 15:24,1.0408863101442867,0.07269284324309355
2013-01-23 15:34,0.7403062328937294,1.4299263707139889
2013-01-23 15:44,0.6935337511836123,0.0
2013-01-23 15:54,0.7344991011002098,1.4690847594457601
2013-01-23 16:04,0.7556770788206142,1.4765762997895828
2013-01-23 16:14,0.5890278064382729,2.231325834836644
2013-01-23 16:24,0.607100699631595,2.1553723660805963
2013-01-23 16:34,0.5003250370523243,2.6412666809826018
2013-01-23 16:44,0.668551754611718,1.8902274381115811
2013-01-23 16:54,0.515342366942129,2.5852146522331068
2013-01-23 17:04,0.5626340629412958,2.377865696660053
2013-01-23 17:14,0.5389714603632833,2.4890101928585673
2013-01-23 17:24,0.5218812511497661,2.6306309737075706
2013-01-23 17:34,0.5306360994869994,0.0
2013-01-23 17:44,0.5868933912901503,0.9157069314724036
2013-01-23 17:54,0.4516908706380969,0.0
2013-01-23 18:04,0.501288061240681,0.007740401661973746
2013-01-23 23:24,0.2612180862407628,3.8034599684196837
2013-01-23 23:34,0.3512806063577047,2.6501708673130677
2013-01-23 23:44,0.3020357169757759,2.8769048231560617
2013-01-24 00:04,0.3861553743581331,3.357848593493446
2013-01-24 00:14,0.47447785132484566,1.68177858283125
2013-01-24 00:24,0.49036575474685185,2.3609636066537925
2013-01-24 00:34,0.5016895569240638,2.316275591292488
2013-01-24 00:44,0.5240020834438909,2.3272970697995436
2013-01-24 00:54,0.5518892505485248,2.201833509119076
2013-01-24 01:04,0.4756501953550595,2.5448255752076143
2013-01-24 01:14,0.5540972211460313,2.1918877953697784
2013-01-24 01:24,0.6122772393222216,2.86707584888679
2013-01-24 01:34,0.7072605665795968,0.8335522683982443
2013-01-24 01:44,0.541453327252385,1.5794999886441445
2013-01-24 01:54,0.7741301011890263,0.5326944477278986
2013-01-24 02:04,0.5768865354115206,1.4200687814984885
2013-01-24 02:14,0.5333939545093022,1.113796441346344
2013-01-24 02:24,0.5984917007468883,1.9916740204938648
2013-01-24 02:34,0.5373723255618267,2.2669735884929043
2013-01-24 02:44,0.45807119065502205,2.6237448624449042
2013-01-24 02:54,0.4697065278111798,2.571382677082674
2013-01-24 03:04,0.4680147561424965,3.516004085701099
2013-01-24 03:14,0.6462807572577524,1.1074654099216998
2013-01-24 03:24,0.6126097017091627,0.7570183761634987
2013-01-24 03:34,0.5012823490482038,2.4292241989968337
2013-01-24 03:44,0.559353498972157,0.6062599866912077
2013-01-24 03:54,0.5745788373352421,2.099360831137405
2013-01-24 04:04,0.42668151820212047,3.7017676542980325
2013-01-24 04:14,0.5166064658859124,1.188996420265309
2013-01-24 04:24,0.4092124743986156,2.174097428635597
2013-01-24 04:34,0.34121188239724815,4.086067123028633
2013-01-24 04:44,0.3609175563082902,3.9973292059125725
2013-01-24 04:54,0.39457311358821395,2.239869461878977
2013-01-24 05:04,0.2867411291821753,4.33109924525382
2013-01-24 05:14,0.4061000892980907,2.857280950709362
2013-01-24 05:24,0.4008559736709865,3.817847527188897
2013-01-24 05:34,0.38550730688538754,2.2808181723862333
2013-01-24 05:44,0.37085474838621796,3.016036209434036
2013-01-24 05:54,0.3925563909434251,2.2491664431591105
2013-01-24 06:04,0.4365975594075796,2.7202835431396477
2013-01-24 06:14,0.344638848534109,3.1341188417331636
2013-01-24 06:24,0.3352087257157438,2.507297149187001
2013-01-24 06:34,0.28944087246667316,4.319592132197927
2013-01-24 11:54,0.3138695064273621,3.3769551555030772
2013-01-24 12:04,0.4379154560915243,2.1343767319880635
2013-01-24 12:14,0.4737056331013528,1.4599213118762775
2013-01-24 12:24,0.38932775554388704,1.4402659495696883
2013-01-24 12:34,0.42696862783501816,1.6695699771182793
2013-01-24 12:44,0.4171258993397625,2.22641449615782
2013-01-24 12:54,0.4920445015149217,1.8888415110435146
2013-01-24 13:04,0.5366595989217863,1.6875651598432775
2013-01-24 13:14,0.48699498238761285,1.9104430557867844
2013-01-24 13:24,0.5496979862801152,2.4095788226597894
2013-01-24 13:34,0.5412258169183227,1.7484523875862197
2013-01-24 13:44,0.5482169975888825,1.7152815707530018
2013-01-24 13:54,0.6164881938625544,0.47724927023905117
2013-01-24 14:04,0.6198771253959807,0.866722645413
2013-01-24 14:14,0.553088863408033,2.383436958661391
2013-01-24 14:24,0.5674517155217462,2.316152233354686
2013-01-24 14:34,0.5879779214478243,1.0043552183208253
2013-01-24 14:44,0.6515615071533911,1.932452461487228
2013-01-24 14:54,0.5525480626774343,2.375643817424364
2013-01-24 15:04,0.6820168594278387,1.096397643561548
2013-01-24 15:14,0.6205519158516064,1.3710504547633284
2013-01-24 15:24,0.6541340874289261,0.6981635002889022
2013-01-24 15:34,0.4491688866564672,2.8334200533268485
2013-01-24 15:44,0.5803119020816923,0.0
2013-01-24 15:54,0.5091161416874478,1.8701584482055449
2013-01-24 16:04,0.6536813550194804,1.9115139838186261
2013-01-24 16:14,0.4632130054582697,1.5517148648962489
2013-01-24 16:24,0.5656356987647276,1.6069847194863238
2013-01-24 16:34,0.5240439064734971,1.7917521218013357
2013-01-24 16:44,0.5429610388164755,1.1865058933384593
2013-01-24 16:54,0.5459173130319779,1.6247744691912938
2013-01-24 17:04,0.5578860013139028,1.5709805865092192
2013-01-24 17:14,0.44555226244324697,2.6800691842431537
2013-01-24 17:24,0.42606848102675987,2.098480748717509
2013-01-24 17:34,0.44268636420077,2.023707389936616
2013-01-24 17:44,0.36939141727858477,5.365055743463253
2013-01-24 17:54,0.47973283257155125,2.5262560639001688
2013-01-24 18:04,0.40244980948044795,2.8739633532309363
2013-01-24 18:14,0.45662911155931346,1.9609596758842147
2013-01-24 18:24,0.39707880463288336,2.8981196769979296
2013-01-24 18:34,0.40150007274925964,2.87822410743092
2013-01-24 18:44,0.31682265792790054,3.259200415527769
2013-01-25 00:04,0.3694190279618036,1.5981101214717668
2013-01-25 00:14,0.4173909313117455,2.315141103922517
2013-01-25 00:24,0.3714713477036916,3.2222699839988365
2013-01-25 00:34,0.46779869550912745,1.566674879659199
2013-01-25 00:44,0.3706976701198493,3.2291160739740477
2013-01-25 00:54,0.4969788683105753,0.0
2013-01-25 01:04,0.5252464348729072,2.535096653967099
2013-01-25 01:14,0.5573976621190792,1.688302121614538
2013-01-25 01:24,0.5242183844132372,3.386549386714111
2013-01-25 01:34,0.5252612692601398,3.2579307102051307
2013-01-25 01:44,0.7046307563905972,2.4510570402208525
2013-01-25 01:54,0.48943174617146495,3.4185906976096176
2013-01-25 02:04,0.6269828157781261,1.8632916432594344
2013-01-25 02:14,0.4218559454350015,3.722529280555224
2013-01-25 02:24,0.7552180315539211,1.2868526015930075
2013-01-25 02:34,0.7909559729414686,1.2176276076972863
2013-01-25 02:44,0.7401526121801923,2.3995318076111256
2013-01-25 02:54,0.8893025360624652,1.7265061430143098
2013-01-25 03:04,0.8763748786012323,1.78274269377626
2013-01-25 03:14,0.9148744190546648,0.0
2013-01-25 03:24,0.8572967905977589,0.9114327839133
2013-01-25 03:34,1.0464234511614245,0.05948641811070323
2013-01-25 03:44,0.8562021876668335,0.9146571008472046
2013-01-25 03:54,0.7555372480041223,1.3673247140595644
2013-01-25 04:04,0.7846998137175533,1.234839899071191
2013-01-25 04:14,0.8318126416227953,1.0198398225614413
2013-01-25 04:24,0.5927276378036118,3.0449196938538003
2013-01-25 04:34,0.7469564794946588,2.348653076671314
2013-01-25 04:44,0.5716294352510214,2.1844517045064724
2013-01-25 04:54,0.5197357096352645,3.3679899955393977
2013-01-25 05:04,0.5631384563249271,3.172802396264939
2013-01-25 05:14,0.544068308744623,3.259953891642189
2013-01-25 05:24,0.501457695526434,3.4531518515906146
2013-01-25 05:34,0.47370394817824185,2.553285556758966
2013-01-25 05:44,0.38922942233030206,3.870042923438732
2013-01-25 05:54,0.4178092144981196,3.7415068715605364
2013-01-25 06:04,0.4896297609829303,3.4184802778267867
2013-01-25 06:14,0.45298147429798974,2.646535981784114
2013-01-25 06:24,0.4782330462295061,3.4697695907995136
2013-01-25 06:34,0.3021753929460406,4.261670591858775
2013-01-25 06:44,0.35818291251229983,4.009772072252071
2013-01-25 06:54,0.5244039857945297,0.7639846936942044
2013-01-25 07:04,0.19531566805030623,4.742367085053141
2013-01-25 07:14,0.2562563852220384,4.468723277353504
2013-01-25 12:34,0.3340908916475256,2.5127994822104043
2013-01-25 12:44,0.3170947323115453,4.195164605830351
2013-01-25 12:54,0.3531571563326857,2.4266682519097653
2013-01-25 13:04,0.27015698907013874,3.4693439724597566
2013-01-25 13:14,0.23557955907063274,3.6251053775083735
2013-01-25 13:24,0.3013660132506097,3.329178996672045
2013-01-25 13:34,0.30428649521095574,4.2529967703686635
2013-01-25 13:44,0.3483576854942994,5.460186152547027
2013-01-25 13:54,0.23178181636173598,5.984562681342404
2013-01-25 14:04,0.23851816838700227,4.13663238143163
2013-01-25 14:14,0.40258877715026586,2.5288195088257637
2013-01-25 14:24,0.4797641221478078,2.4827915553693822
2013-01-25 14:34,0.24404323083226256,4.7051462202238845
2013-01-25 14:44,0.41294708219247805,3.23732193681879
2013-01-25 14:54,0.5606164450421236,1.5489944094712984
2013-01-25 15:04,0.46941417270789876,2.980607981328798
2013-01-25 15:14,0.4943444436775591,1.8494531777047185
2013-01-25 15:24,0.5804435128209433,0.7829527109143165
2013-01-25 15:34,0.6682016166627602,0.3124407425739999
2013-01-25 15:44,0.4744665577349517,1.8482437814943258
2013-01-25 15:54,0.6492339873871156,1.0643552563148857
2013-01-25 16:04,0.37591717087701937,2.295718051756678
2013-01-25 16:14,0.5110383865508836,1.0277016636665857
2013-01-25 16:24,0.4756076251648946,2.8549316568069054
2013-01-25 16:34,0.5198761385430067,0.995770992627031
2013-01-25 16:44,0.624663769052495,1.1975572406607167
2013-01-25 16:54,0.6463704946900527,0.438882359257044
2013-01-25 17:04,0.430237193340598,2.09325646419318
2013-01-25 17:14,0.5118108372081159,1.0738713903629553
2013-01-25 17:24,0.47821737226566435,1.907473151607572
2013-01-25 17:34,0.4122027542822339,3.2035969662126376
2013-01-25 17:44,0.48519765877692,1.8482003009942953
2013-01-25 17:54,0.4891680067298698,2.901652196309378
2013-01-25 18:04,0.38410360069091576,2.280170557401397
2013-01-25 18:14,0.3861284827103956,1.5962549360745348
2013-01-25 18:24,0.4851956764808802,1.8085917631246164
2013-01-25 18:34,0.3742643777767375,2.297241610075986
2013-01-25 18:44,0.33362586258868104,3.462250731067288
2013-01-25 18:54,0.3725947368809295,3.275182195591121
2013-01-25 19:04,0.14478961120846198,4.295511315212119
2013-01-25 19:14,0.47772672515676606,1.8108522280651629
2013-01-25 19:24,0.3097732948136027,3.556943694428851
2013-01-25 19:34,0.1782458244092739,4.149704380371262
2013-01-26 00:44,0.45479816025064135,2.4892643884788916
2013-01-26 00:54,0.4337793540286831,2.5717154848054324
2013-01-26 01:04,0.5289958875069376,2.1385351920381597
2013-01-26 01:14,0.49835739813443625,2.277627426271921
2013-01-26 01:24,0.6206299471642924,1.7297578238966305
2013-01-26 01:34,0.5221196824883785,3.3077713617006013
2013-01-26 01:44,0.6056048198347433,2.935049266304121
2013-01-26 01:54,0.9092488857352897,0.43776831695045115
2013-01-26 02:04,0.7273280991109274,0.5035978977075529
2013-01-26 02:14,0.7567968229488675,1.1286946012299195
2013-01-26 02:24,0.6155066865831986,0.0
2013-01-26 02:34,0.7806685217076939,1.0240849059382569
2013-01-26 02:44,0.47594116467783215,0.0
2013-01-26 02:54,0.6708986123386933,0.0
2013-01-26 03:04,1.0053370477293604,0.02033055432221579
2013-01-26 03:14,0.8178096389836275,0.0
2013-01-26 03:24,0.886933392395764,0.0
2013-01-26 03:34,0.8622275104311901,0.0
2013-01-26 03:44,1.1305119354273205,1.2937528888667882
2013-01-26 03:54,1.1083216037023795,1.9459061149434012
2013-01-26 04:04,1.0529593674971742,0.0
2013-01-26 04:14,0.8065157572973438,0.0
2013-01-26 04:24,1.039736601192839,2.6954841507758776
2013-01-26 04:34,1.1295025391912523,2.2899956868165097
2013-01-26 04:44,0.9352211300219668,0.0
2013-01-26 04:54,1.0327096316431805,0.0
2013-01-26 05:04,1.1048004793323785,1.9807857779939708
2013-01-26 05:14,1.0486492112186747,0.0
2013-01-26 05:24,1.0898550296857665,0.0
2013-01-26 05:34,0.9080705924377687,0.0
2013-01-26 05:44,1.0483681175649404,0.0
2013-01-26 05:54,0.9408117207085722,0.0
2013-01-26 06:04,0.9309959660874404,3.9630416005020237
2013-01-26 06:14,0.7479373030823347,0.0
2013-01-26 06:24,0.8856139234197588,0.0
2013-01-26 06:34,0.6080111444566296,0.0
2013-01-26 06:44,0.7091556205346017,0.0
2013-01-26 06:54,0.741344332834261,1.819236778415085
2013-01-26 07:04,0.7386330745931653,1.7948763092559645
2013-01-26 07:14,0.6071125226185842,0.0
2013-01-26 07:24,0.5721710817869562,2.5751742629245262
2013-01-26 07:34,0.6349747397097589,0.3736754680671229
2013-01-26 13:24,0.4560481156149089,1.783016267621924
2013-01-26 13:34,0.44691989531628673,3.3513863850442553
2013-01-26 13:44,0.46162265388317636,3.2797776556240343
2013-01-26 13:54,0.6496048576430935,0.9000892359462261
2013-01-26 14:04,0.7303869836833788,0.5347943969228732
2013-01-26 14:14,0.7374237784689983,2.1644137238903136
2013-01-26 14:24,0.6853924484370238,2.2662667830189642
2013-01-26 14:34,0.8267076557615372,0.7394765261495514
2013-01-26 14:44,0.8799249238521806,1.3923534005649099
2013-01-26 14:54,0.7745136239885442,1.8672527987206886
2013-01-26 15:04,0.9054324574429873,0.0
2013-01-26 15:14,0.9922276393393764,0.8897772059334353
2013-01-26 15:24,1.0044837745874136,0.8357995041050095
2013-01-26 15:34,0.7940299834613233,0.0
2013-01-26 15:44,0.9224845852038982,1.2074803509662568
2013-01-26 15:54,0.7923763168104011,0.0
2013-01-26 16:04,0.8550449377889284,1.5111424235824469
2013-01-26 16:14,0.9350369793850809,1.1445777286480388
2013-01-26 16:24,0.9245936762266883,1.1837001138394374
2013-01-26 16:34,0.948252381187944,0.9609629642443781
2013-01-26 16:44,0.9697728343726366,0.8550733095993533
2013-01-26 16:54,0.9123432003406965,0.2360010679660379
2013-01-26 17:04,0.8904500789777599,1.1962766778868696
2013-01-26 17:14,0.7785760522830454,0.0
2013-01-26 17:24,0.7601219728683569,0.0
2013-01-26 17:34,0.999124180883504,0.70478072790372
2013-01-26 17:44,0.9320961068016436,0.1391169131295516
2013-01-26 17:54,1.0477154845268868,0.48472179460354164
2013-01-26 18:04,0.8215681415544256,1.5069282025140436
2013-01-26 18:14,0.6843454141190765,0.0
2013-01-26 18:24,0.7243325375030982,0.007340021046004944
2013-01-26 18:34,0.8805058424966397,1.379532205946848
2013-01-26 18:44,0.6342284115814115,2.498497740735722
2013-01-26 18:54,0.4428918115598952,4.711288819390308
2013-01-26 19:04,0.5123139109500507,3.064497825385819
2013-01-26 19:14,0.6924233944501949,2.253438463453374
2013-01-26 19:24,0.6598446717090299,0.38352981930600977
2013-01-26 19:34,0.6024347607681418,2.6505728541501394
2013-01-26 19:44,0.5111691737500285,3.0580376244228673
2013-01-26 19:54,0.6926826939959398,2.237923771703051
2013-01-27 01:24,0.3712081231360086,3.3730710714390733
2013-01-27 01:34,0.3333723107817448,3.540271383648474
2013-01-27 01:44,0.3604748648213297,3.415170300295566
2013-01-27 01:54,0.4636063964225176,0.0
2013-01-27 02:04,0.45331008541025414,2.991180660819632
2013-01-27 02:14,0.5141163314203594,1.9960471809746176
2013-01-27 02:24,0.5255425333600467,3.6669978547046496
2013-01-27 02:34,0.5289270152668201,3.6486815212845016
2013-01-27 02:44,0.5036125528123339,2.6383788492391957
2013-01-27 02:54,0.6375398265496238,3.0136083283512276
2013-01-27 03:04,0.600434899200455,2.197278051396482
2013-01-27 03:14,0.7069078127091797,1.0150902264699049
2013-01-27 03:24,0.7007843502744174,0.5151048526315869
2013-01-27 03:34,0.6143800599561052,1.424318556295186
2013-01-27 03:44,0.7196209999022122,2.620737211787262
2013-01-27 03:54,0.7181553835427166,1.6457368805545207
2013-01-27 04:04,0.703890526510451,2.675462738092731
2013-01-27 04:14,0.8267265599129979,2.1052854214588854
2013-01-27 04:24,0.7692629773433922,1.221854398235373
2013-01-27 04:34,0.769223694668357,1.2220479003099889
2013-01-27 04:44,0.7729422446707443,0.5359901926080936
2013-01-27 04:54,0.7207460442712202,1.4403785907066176
2013-01-27 05:04,0.859591005213788,0.8153211147242885
2013-01-27 05:14,0.8000782013285639,0.4139596887073795
2013-01-27 05:24,0.7018222207084649,2.462643651816421
2013-01-27 05:34,0.920662408341393,0.0
2013-01-27 05:44,0.7425285229500208,0.17095316418410236
2013-01-27 05:54,0.7794433572576001,1.1760601752661275
2013-01-27 06:04,0.8200856419529151,0.9930550248894922
2013-01-27 06:14,0.8057092979996886,1.057767335301521
2013-01-27 06:24,0.7296008242983807,0.7310852807648256
2013-01-27 06:34,0.7951144429588296,1.1054554986520513
2013-01-27 06:44,0.7691017649427905,1.22257599582988
2013-01-27 06:54,0.6842276282951324,2.5412242060786703
2013-01-27 07:04,0.5756456401170971,3.030032535633278
2013-01-27 07:14,0.5433325034778799,3.175354110417936
2013-01-27 07:24,0.48974286498236025,3.4167210257949163
2013-01-27 07:34,0.4838512362340807,3.3336580058114755
2013-01-27 07:44,0.5304546684666125,0.0
2013-01-27 07:54,0.4144791108789141,3.6563824238369134
2013-01-27 08:04,0.49387222353846133,0.0
2013-01-27 08:14,0.39043429899331444,3.779039861630736
2013-01-27 13:54,0.5311108590412547,1.758230916172486
2013-01-27 14:04,0.548571673233601,0.0
2013-01-27 14:14,0.5226541499389098,0.0
2013-01-27 14:24,0.6368806067600129,0.24492022112379266
2013-01-27 14:34,0.4889716699202123,2.777685409401126
2013-01-27 14:44,0.590413453883321,0.0
2013-01-27 14:54,0.6876428173223845,1.0536511987717327
2013-01-27 15:04,0.6777489180561591,0.0
2013-01-27 15:14,0.8168290211798208,0.0
2013-01-27 15:24,0.7872309780104615,0.0
2013-01-27 15:34,0.7750597578695855,0.0
2013-01-27 15:44,0.6805554316619672,0.0
2013-01-27 15:54,0.9543737385244392,0.0
2013-01-27 16:04,0.8330226408198128,0.0
2013-01-27 16:14,0.9417334191472302,0.0
2013-01-27 16:24,0.9414287240815854,0.0
2013-01-27 16:34,0.9188979558330261,0.0
2013-01-27 16:44,0.9327431346492644,0.0
2013-01-27 16:54,1.006208778161307,0.33703963427649763
2013-01-27 17:04,0.8248598975948908,0.0
2013-01-27 17:14,0.9937195699862632,0.0
2013-01-27 17:24,0.9287840955993949,0.0
2013-01-27 17:34,0.9025784988041571,0.0
2013-01-27 17:44,0.6460530685371217,0.0
2013-01-27 17:54,1.0359159608928714,0.0
2013-01-27 18:04,1.0068131041519133,1.150578778276435
2013-01-27 18:14,0.9539589243013631,0.0
2013-01-27 18:24,0.7490800853576205,0.0
2013-01-27 18:34,0.9152219662781056,0.0
2013-01-27 18:44,0.8315502437917607,0.0
2013-01-27 18:54,1.050384506988457,0.9548583201332081
2013-01-27 19:04,0.9119726969471125,1.5782936921600943
2013-01-27 19:14,0.6731582405966581,0.0
2013-01-27 19:24,0.8849863932464572,1.7003957500147269
2013-01-27 19:34,0.8834321854645905,1.7077324855889282
2013-01-27 19:44,0.8435566792147443,1.887645047262337
2013-01-27 19:54,0.8425333436544499,1.7340592163453825
2013-01-27 20:04,0.7962745955367875,1.783816799313795
2013-01-27 20:14,0.6068798452426754,0.0
2013-01-27 20:24,0.6438212393264704,2.453788767275425
2013-01-27 20:34,0.6740514029169962,2.2067668981577957
2013-01-28 02:04,0.5660229462087735,0.0
2013-01-28 02:14,0.8448595260705498,1.162553562820612
2013-01-28 02:24,0.8872509930088861,0.9719814697604596
2013-01-28 02:34,1.1232700634789619,0.0
2013-01-28 02:44,0.7485611224933479,0.0
2013-01-28 02:54,1.0318857863730517,0.0
2013-01-28 03:04,0.6448728672199081,0.0
2013-01-28 03:14,1.1694656519833118,0.0
2013-01-28 03:24,1.17412849854539,0.0
2013-01-28 03:34,0.8067867423338,0.0
2013-01-28 03:44,1.2121422395849397,0.0
2013-01-28 03:54,1.2266397445603807,0.0
2013-01-28 04:04,1.1355829521592344,0.0
2013-01-28 04:14,1.2549961622846342,0.0
2013-01-28 04:24,1.2765666487251546,0.0
2013-01-28 04:34,0.8524303069707142,0.0
2013-01-28 04:44,1.2578051905415475,0.0
2013-01-28 04:54,1.2932556882155024,0.0
2013-01-28 05:04,1.328809176476696,0.0
2013-01-28 05:14,1.3150298132029359,0.0
2013-01-28 05:24,1.1376664670269065,0.0
2013-01-28 05:34,1.3614145820758567,0.0
2013-01-28 05:44,1.32838106863133,0.0
2013-01-28 05:54,1.341657444337827,0.0
2013-01-28 06:04,0.9238949346354214,0.0
2013-01-28 06:14,1.1414198936083502,0.0
2013-01-28 06:24,1.36893858677452,0.0
2013-01-28 06:34,0.7844555371141443,0.0
2013-01-28 06:44,1.1394031272090714,0.43452463477090686
2013-01-28 06:54,1.326892818645664,0.0
2013-01-28 07:04,0.7468809643653816,0.0
2013-01-28 07:14,1.145444500694484,0.4072988657491176
2013-01-28 07:24,0.801001241034384,0.0
2013-01-28 07:34,1.1397327863658724,0.43301595248314745
2013-01-28 07:44,1.0773739055161282,0.0
2013-01-28 07:54,0.8587821557497565,0.0
2013-01-28 08:04,0.8081524639164077,0.0
2013-01-28 08:14,0.7901711818251085,0.0
2013-01-28 08:24,0.6184774160774484,0.0
2013-01-28 08:34,0.7242942579885574,1.1908246587044073
2013-01-28 08:44,0.5413888809780442,3.1277629945450256
2013-01-28 08:54,0.6958967149805911,2.431938166342259
2013-01-28 14:24,0.6130835108764651,0.9496049716112901
2013-01-28 14:34,0.64077749584095,0.0
2013-01-28 14:44,0.5992323020367205,0.0
2013-01-28 14:54,0.9944082431257716,0.0
2013-01-28 15:04,0.8666310590683092,0.0
2013-01-28 15:14,0.6864250963162797,0.0
2013-01-28 15:24,0.7182520641843896,0.0
2013-01-28 15:34,0.7632830363618525,0.0
2013-01-28 15:44,1.0061936270477605,0.0
2013-01-28 15:54,0.9104115176942535,0.3525534100870558
2013-01-28 16:04,1.0104473179025086,0.0
2013-01-28 16:14,0.7820222261684511,2.043840799039842
2013-01-28 16:24,0.8512834603592072,0.0
2013-01-28 16:34,0.7211973320083823,0.0
2013-01-28 16:44,1.0219694155187755,0.0
2013-01-28 16:54,0.8782354659570376,0.0
2013-01-28 17:04,1.025017823571241,0.0
2013-01-28 17:14,0.8351035486444331,0.0
2013-01-28 17:24,1.0794691892676525,0.0
2013-01-28 17:34,0.986099354357047,0.18211813649334135
2013-01-28 17:44,1.0748148323920435,0.0
2013-01-28 17:54,0.6118614177680424,0.0
2013-01-28 18:04,0.9491249671857396,0.0
2013-01-28 18:14,0.8558427421264254,0.0
2013-01-28 18:24,0.7335723751237536,0.0
2013-01-28 18:34,1.14508435387076,0.0
2013-01-28 18:44,0.8338831449406229,0.0
2013-01-28 18:54,1.0537238334376287,0.0
2013-01-28 19:04,0.7316140322555642,0.0
2013-01-28 19:14,1.0252944682202167,0.0
2013-01-28 19:24,1.1603511215764608,0.0
2013-01-28 19:34,1.0164536635849608,0.0720475455877232
2013-01-28 19:44,0.8496435978766469,0.0
2013-01-28 19:54,0.8528153360386918,0.03451585677950653
2013-01-28 20:04,0.9313133510066371,0.45648601042634407
2013-01-28 20:14,1.0431019055805957,0.0
2013-01-28 20:24,0.6352717162356779,0.0
2013-01-28 20:34,0.8992118125507506,0.0
2013-01-28 20:44,0.8986233841240826,0.0
2013-01-28 20:54,0.7745168743328165,0.5623339158347656
2013-01-28 21:04,0.6299865806053716,2.0235459805455647
2013-01-29 02:34,0.5833485252116473,0.0
2013-01-29 02:44,0.7239567147071347,0.0
2013-01-29 02:54,0.7320246002979642,1.2631328369987254
2013-01-29 03:04,0.7380403057727997,2.3736931080370005
2013-01-29 03:14,0.940976485105128,0.31911699928351556
2013-01-29 03:24,0.7357729571930561,0.0
2013-01-29 03:34,0.8951145548021481,0.5230550516415978
2013-01-29 03:44,0.9627202848843119,0.0
2013-01-29 03:54,1.0077844596424417,0.013753254021139034
2013-01-29 04:04,0.9955934770799018,0.0679532240638182
2013-01-29 04:14,0.9695097633681677,0.18491459147809178
2013-01-29 04:24,1.022854577235439,0.0
2013-01-29 04:34,0.7419521913914394,0.0
2013-01-29 04:44,1.268310849178521,0.0
2013-01-29 04:54,0.973927925069562,0.0
2013-01-29 05:04,1.2801096457978383,0.0
2013-01-29 05:14,0.6976733352467038,0.0
2013-01-29 05:24,1.245272190890034,0.0
2013-01-29 05:34,1.2103558804722419,0.0
2013-01-29 05:44,0.8192220081622278,0.0
2013-01-29 05:54,1.1546238290277813,0.0
2013-01-29 06:04,1.1230714079468522,0.0
2013-01-29 06:14,1.261975125460931,0.0
2013-01-29 06:24,1.300744551182407,0.0
2013-01-29 06:34,0.8961010842514285,0.0
2013-01-29 06:44,1.2525500878269884,0.0
2013-01-29 06:54,1.0297430042458235,0.0
2013-01-29 07:04,1.2651567222646523,0.0
2013-01-29 07:14,1.1854935987283175,0.0
2013-01-29 07:24,0.7199204530437058,0.0
2013-01-29 07:34,1.2602641141487931,0.0
2013-01-29 07:44,1.2039072435835363,0.0
2013-01-29 07:54,1.0514146066863355,0.0
2013-01-29 08:04,1.181538310834018,0.0
2013-01-29 08:14,1.15269695822168,0.0
2013-01-29 08:24,1.1683206159828505,0.0
2013-01-29 08:34,1.1162114609215223,0.0
2013-01-29 08:44,0.6587829028073753,0.0
2013-01-29 08:54,0.5685111316003741,0.0
2013-01-29 09:04,0.9883937669771415,0.5279293821208435
2013-01-29 09:14,0.9994102803461984,0.47957202652743147
2013-01-29 09:24,0.20440547001066556,18.98621244702727
2013-01-29 15:04,0.5802365297669332,1.8397233465536338
2013-01-29 15:14,0.5700065640979218,0.0
2013-01-29 15:24,0.617337399230367,1.672624980920907
2013-01-29 15:34,0.6618846559810615,2.585225484983172
2013-01-29 15:44,0.8368008560155135,0.0
2013-01-29 15:54,0.848925241482272,1.7428332067981191
2013-01-29 16:04,0.7860371931191714,0.0
2013-01-29 16:14,0.9608995553825092,0.1253071491150426
2013-01-29 16:24,0.8332404864833137,1.8134340150702979
2013-01-29 16:34,0.9538038148625604,1.2704481998848263
2013-01-29 16:44,0.6679553328833303,0.0
2013-01-29 16:54,0.9262104909281674,0.28149744560557144
2013-01-29 17:04,0.6701561531670952,0.0
2013-01-29 17:14,0.7818549721307488,0.0
2013-01-29 17:24,0.7024387923559613,0.0
2013-01-29 17:34,0.8930984142193412,0.43055200659590476
2013-01-29 17:44,0.7133261225262523,0.0
2013-01-29 17:54,0.6945737956113004,0.0
2013-01-29 18:04,0.7498653215841713,0.0
2013-01-29 18:14,0.9201869573267464,0.30856594948154864
2013-01-29 18:24,0.7477107393092063,0.0
2013-01-29 18:34,0.9732432938940021,0.1273873148453003
2013-01-29 18:44,1.0318854817997891,0.0
2013-01-29 18:54,0.9543736005807928,0.0
2013-01-29 19:04,1.0141494599031662,0.0
2013-01-29 19:14,1.060742721811527,0.0
2013-01-29 19:24,1.0150431208016577,0.0
2013-01-29 19:34,0.8630409817171566,0.0
2013-01-29 19:44,0.7327881369604418,0.0
2013-01-29 19:54,0.7813933332101336,1.0047128474142004
2013-01-29 20:04,0.9209339992847062,0.0
2013-01-29 20:14,0.8359049743651433,0.7688925817038542
2013-01-29 20:24,1.0340529838125243,0.0
2013-01-29 20:34,0.9620218844298525,0.29849687538547204
2013-01-29 20:44,0.715718778074275,2.573979523893609
2013-01-29 20:54,0.9570349806196674,0.33458347294432117
2013-01-29 21:04,0.6409673631033643,0.0
2013-01-29 21:14,0.8185847504856385,2.2557285633057624
2013-01-29 21:24,0.5939536731010896,0.0
2013-01-29 21:34,0.4288094058205883,0.0
2013-01-29 21:44,0.7339032068844862,1.4547550238191709
2013-01-30 03:14,0.49784779155771774,2.5171017786059293
2013-01-30 03:24,0.5900111346326902,0.0
2013-01-30 03:34,0.42293181626633086,0.0
2013-01-30 03:44,0.6705164616108618,0.9428168016789655
2013-01-30 03:54,0.6839399168425723,1.5704530744826162
2013-01-30 04:04,0.9013563147434998,0.0
2013-01-30 04:14,0.8214813122676077,0.1752462025502551
2013-01-30 04:24,0.7644087492693002,0.0
2013-01-30 04:34,1.0439898217296593,0.0
2013-01-30 04:44,0.871538415764024,0.0
2013-01-30 04:54,0.7700055202525634,1.1814132341267283
2013-01-30 05:04,0.7947439894315592,1.0654084972740863
2013-01-30 05:14,0.7299929626893598,0.5745705528785883
2013-01-30 05:24,0.9203687654175087,0.48066017363801006
2013-01-30 05:34,0.9159040484833767,0.0
2013-01-30 05:44,0.8814250398839749,0.0
2013-01-30 05:54,0.8624416012198044,0.0
2013-01-30 06:04,0.87866366538648,0.5769559874054458
2013-01-30 06:14,0.9766569713940619,0.1399783023813013
2013-01-30 06:24,0.8715010486919955,0.0
2013-01-30 06:34,0.9327653566855175,0.43600568470973483
2013-01-30 06:44,0.6790042541708552,0.0
2013-01-30 06:54,0.9069483216386296,0.5617024289138555
2013-01-30 07:04,0.7392939546434042,0.5443240681574156
2013-01-30 07:14,1.0162819263531822,0.07201172894645484
2013-01-30 07:24,0.6472230065847797,0.0
2013-01-30 07:34,0.8318012226148812,0.12823176809815667
2013-01-30 07:44,0.8145395289308104,0.20605345740075873
2013-01-30 07:54,0.6443810294206934,1.7468412613834396
2013-01-30 08:04,0.8367298838080892,0.10734708268948413
2013-01-30 08:14,0.7002385633019661,1.5992428839215267
2013-01-30 08:24,0.7352448947521325,1.4445748767355688
2013-01-30 08:34,0.672869135983428,1.7284029329409076
2013-01-30 08:44,0.6172660986123988,1.9818962865377703
2013-01-30 08:54,0.7762544426741478,1.3749677976446193
2013-01-30 09:04,0.7183677800160458,1.6378691181397669
2013-01-30 09:14,0.700280708208803,0.9095447153205982
2013-01-30 09:24,0.725838540441694,1.609758142647804
2013-01-30 09:34,0.6859946796559676,1.7922985537203764
2013-01-30 09:44,0.5866168013366707,2.243119407714563
2013-01-30 09:54,0.5591039269862365,2.3707310272152275
2013-01-30 15:44,0.43616578954165486,1.6842909484461828
2013-01-30 15:54,0.43117752469932635,2.315196169250492
2013-01-30 16:04,0.5217543897877993,0.2056787534611678
2013-01-30 16:14,0.5090106726103188,0.0
2013-01-30 16:24,0.5398202607070072,0.0
2013-01-30 16:34,0.5940484553707909,1.5831221663404536
2013-01-30 16:44,0.7225434720123006,1.0042649222913658
2013-01-30 16:54,0.6956622868419813,0.5161862405454014
2013-01-30 17:04,0.7339996200552784,0.0
2013-01-30 17:14,0.75290788301231,0.8631262061221017
2013-01-30 17:24,0.6633768027744094,0.0
2013-01-30 17:34,0.8093617776945533,0.058553692699028104
2013-01-30 17:44,0.767203714927679,0.8641600599429305
2013-01-30 17:54,0.904113452799102,0.24825451294588344
2013-01-30 18:04,0.8491689919826283,0.0
2013-01-30 18:14,0.6002364434921295,2.4769099458750397
2013-01-30 18:24,0.9878939117673656,0.0
2013-01-30 18:34,0.8475340915985353,0.4993517929189512
2013-01-30 18:44,0.9046571331054182,0.2416418205697267
2013-01-30 18:54,0.9231582438957096,0.15791771374257196
2013-01-30 19:04,0.8349801697302472,0.0
2013-01-30 19:14,0.7985683859159538,0.7194921925208798
2013-01-30 19:24,0.7803214034270393,1.6651653368699246
2013-01-30 19:34,0.7851117885306503,0.7819320468293566
2013-01-30 19:44,0.7672391336752926,0.8633528104857393
2013-01-30 19:54,0.7801713422433406,1.6694679449354912
2013-01-30 20:04,0.7156319286387804,1.097771608428245
2013-01-30 20:14,0.6347963951718405,2.3266400456049348
2013-01-30 20:24,0.6874434852408389,1.2274844224769494
2013-01-30 20:34,0.889838910105707,0.3184450226098692
2013-01-30 20:44,0.637809769981682,0.3730754514121408
2013-01-30 20:54,0.6536459146601183,1.3843650629919038
2013-01-30 21:04,0.6026426142028689,1.6160387304492723
2013-01-30 21:14,0.5472518978986046,2.7340743045037668
2013-01-30 21:24,0.6531723279339691,2.2612041288622007
2013-01-30 21:34,0.6037348377790202,1.0007524052321108
2013-01-30 21:44,0.5243736626233048,1.9808143960276394
2013-01-30 21:54,0.5279421363185683,1.9679647758819399
2013-01-30 22:04,0.4952191099487075,2.9872761657024527
2013-01-30 22:14,0.5211063213270176,2.004366599032319
2013-01-31 03:44,0.47816861092854734,0.0
2013-01-31 03:54,0.49191683206422904,0.0
2013-01-31 04:04,0.5283016705408476,2.2032293436554524
2013-01-31 04:14,0.49070021713001194,0.0
2013-01-31 04:24,0.5403259116033574,0.0
2013-01-31 04:34,0.6458366835148218,1.0273466107202756
2013-01-31 04:44,0.5996488114258215,2.9212072280223498
2013-01-31 04:54,0.8018334516464403,1.0743785833603303
2013-01-31 05:04,0.8097656776798778,0.3695998331340671
2013-01-31 05:14,0.8466518949792142,0.8727436786841185
2013-01-31 05:24,0.8286063913569603,0.9540261881862606
2013-01-31 05:34,1.0616601456776855,0.0
2013-01-31 05:44,0.8571338015349842,0.0
2013-01-31 05:54,0.9187783748333326,0.5481841538264973
2013-01-31 06:04,0.8850179312031786,0.7001521969044437
2013-01-31 06:14,0.8333908031300393,0.20417580098624413
2013-01-31 06:24,0.8967639830165378,0.0
2013-01-31 06:34,0.9389472736324453,0.3849776825832292
2013-01-31 06:44,0.9906258482149255,0.0
2013-01-31 06:54,1.0259643210626022,0.0
2013-01-31 07:04,0.9971948215086417,0.11925685311622701
2013-01-31 07:14,0.8904758760264175,0.6018461157612192
2013-01-31 07:24,0.9104909168966985,0.5139171967099229
2013-01-31 07:34,0.7502958208432433,0.0
2013-01-31 07:44,0.8243642256509238,0.0
2013-01-31 07:54,0.9892440659862655,0.16549160960989553
2013-01-31 08:04,0.6616569832952843,1.7056789384414268
2013-01-31 08:14,0.6074582953599319,0.0
2013-01-31 08:24,0.7763104176105308,2.126438917403446
2013-01-31 08:34,0.979847489782202,0.2732944028416425
2013-01-31 08:44,0.7144603897416709,1.46792380446442
2013-01-31 08:54,0.8208311814603967,0.9890109616504499
2013-01-31 09:04,0.7122172166666965,0.0
2013-01-31 09:14,0.6762761729087681,1.639612511035679
2013-01-31 09:24,0.5931731816249082,0.0
2013-01-31 09:34,0.6952815476994351,0.3830034297781759
2013-01-31 09:44,0.6261464054344197,1.8651221716910316
2013-01-31 09:54,0.4303502761437968,3.6831900279047924
2013-01-31 10:04,0.493512997825959,2.462093134938629
2013-01-31 10:14,0.5270124739068683,0.0
2013-01-31 10:24,0.43705352322281393,3.652868372995199
2013-01-31 10:34,0.46193262582619116,1.935939944539161
2013-01-31 16:14,0.5227643635118502,0.0
2013-01-31 16:24,0.49902179477302033,2.7324330267615973
2013-01-31 16:34,0.48958217542895993,1.3524584260913737
2013-01-31 16:44,0.5744800098901207,1.5630126591706734
2013-01-31 16:54,0.5223192573831466,0.0
2013-01-31 17:04,0.6818564725777058,0.4869307798550786
2013-01-31 17:14,0.6413014203152593,1.3555492032182164
2013-01-31 17:24,0.7348636075869546,1.788808246623541
2013-01-31 17:34,0.7388022427938876,1.7745316777425608
2013-01-31 17:44,0.6624645229986116,0.0
2013-01-31 17:54,0.9108663262484221,0.15027747101104852
2013-01-31 18:04,0.9418788809622377,0.010639662134521256
2013-01-31 18:14,0.9020922876753287,0.18964127384072985
2013-01-31 18:24,0.8321301900703355,0.504346647463183
2013-01-31 18:34,0.9974304005893736,0.0
2013-01-31 18:44,0.8660083428441072,0.3512072148264159
2013-01-31 18:54,0.9700646134059938,0.0
2013-01-31 19:04,0.9636616104792204,0.0
2013-01-31 19:14,0.9749943330515523,0.0
2013-01-31 19:24,0.9040898053832207,0.17692506756617174
2013-01-31 19:34,0.9419746923806532,0.005189017717084818
2013-01-31 19:44,0.949760319760728,0.0
2013-01-31 19:54,0.8842636483325818,0.26067915185505464
2013-01-31 20:04,0.8567765274777928,0.0
2013-01-31 20:14,0.6964196886440464,0.0
2013-01-31 20:24,0.92165894574065,0.9297153282322385
2013-01-31 20:34,0.8866155030308078,1.0826153925164204
2013-01-31 20:44,0.7015332996666448,0.0
2013-01-31 20:54,0.8371147939434825,0.0
2013-01-31 21:04,0.7667277992099236,1.6199619954213367
2013-01-31 21:14,0.5552136763331619,0.0
2013-01-31 21:24,0.7264606314027567,0.9595997028382457
2013-01-31 21:34,0.6679873565489396,2.07166504969316
2013-01-31 21:44,0.6227143749578025,0.0
2013-01-31 21:54,0.7226874470393811,1.8348109057718398
2013-01-31 22:04,0.674842874000466,2.0585343285788085
2013-01-31 22:14,0.6586012891392142,0.6844626444947639
2013-01-31 22:24,0.49121070146147466,2.9073099088244034
2013-01-31 22:34,0.4199895091301435,3.2367544933570653
2013-01-31 22:44,0.41285015596704366,3.2761984137081535
2013-01-31 22:54,0.427696811188982,2.358482566966588
2013-02-01 04:24,0.31403597725868515,3.0427163866193783
2013-02-01 04:34,0.4524739228836763,2.4194667656192834
2013-02-01 04:44,0.485293572951936,2.271597832275165
2013-02-01 04:54,0.4623846028488392,2.374580753839329
2013-02-01 05:04,0.541571500525153,0.5334527473778341
2013-02-01 05:14,0.4933641703361139,2.2374110349307745
2013-02-01 05:24,0.506621055680099,3.0703146968792563
2013-02-01 05:34,0.546038454354693,2.1065091683566233
2013-02-01 05:44,0.604989630405341,1.8422928366231572
2013-02-01 05:54,0.6819497035478865,0.0
2013-02-01 06:04,0.7415347566975419,1.1224470513208291
2013-02-01 06:14,0.9453635990551816,0.20591858756285938
2013-02-01 06:24,0.9801675536648977,0.04981554962309305
2013-02-01 06:34,0.8557968952598181,0.6098300789986756
2013-02-01 06:44,0.9372901655039572,0.24379799514010245
2013-02-01 06:54,0.992710003928822,0.0
2013-02-01 07:04,1.0358721654561074,0.0
2013-02-01 07:14,0.8355499991675372,0.0
2013-02-01 07:24,1.013361692119429,0.0
2013-02-01 07:34,1.0412285083602844,0.0
2013-02-01 07:44,0.7559053036250755,0.0
2013-02-01 07:54,1.0060967944097268,0.050144985583389055
2013-02-01 08:04,0.7885589651086112,0.0
2013-02-01 08:14,1.0403322126071337,0.0
2013-02-01 08:24,0.7212959096259984,0.0
2013-02-01 08:34,1.124604934398404,0.43343193822341186
2013-02-01 08:44,0.7049794954070943,0.0
2013-02-01 08:54,0.906476039614149,0.4990920587529074
2013-02-01 09:04,0.8201935697523238,1.8035737801665621
2013-02-01 09:14,0.8698941176250582,0.665611498242325
2013-02-01 09:24,0.9787689865518172,0.28037128052355487
2013-02-01 09:34,0.6780565689530207,1.6337678283281432
2013-02-01 09:44,0.7816193272289116,1.167669313035421
2013-02-01 09:54,0.7654549745641076,2.1775101936178287
2013-02-01 10:04,0.735098640864254,0.20567545766584897
2013-02-01 10:14,0.5643303523096386,1.4762572477342801
2013-02-01 10:24,0.6193270285443196,2.835181506918312
2013-02-01 10:34,0.6959650467074295,1.5531608002807666
2013-02-01 10:44,0.7429689313896488,1.3416081935998134
2013-02-01 10:54,0.590087473440321,2.9667821051763723
2013-02-01 11:04,0.5515271701592197,2.203231074241161
2013-02-01 11:14,0.5463377187869554,0.0
2013-02-01 11:24,0.5212635524616311,0.0
2013-02-01 16:44,0.3837901431553137,2.957447308622381
2013-02-01 16:54,0.436723946779386,2.0497757155389893
2013-02-01 17:04,0.4843385773384147,1.8353978505442103
2013-02-01 17:14,0.50233925848411,2.4236981348205373
2013-02-01 17:24,0.5683503527122421,2.1264928753567527
2013-02-01 17:34,0.5885191884187897,2.0356874817608546
2013-02-01 17:44,0.650355279122558,1.7572812400877709
2013-02-01 17:54,0.5917313923838118,2.021229712115207
2013-02-01 18:04,0.55893974422545,0.0
2013-02-01 18:14,0.7747016733893829,1.1974406447119532
2013-02-01 18:24,0.7956653672790955,0.4337196890612378
2013-02-01 18:34,0.6410259384547369,0.0
2013-02-01 18:44,0.6347678966126327,0.0
2013-02-01 18:54,0.6158067406596929,0.0
2013-02-01 19:04,0.8122165678121752,0.3592311058467342
2013-02-01 19:14,0.9193563782940738,0.6279173301937366
2013-02-01 19:24,0.8547017563459204,0.9179664569113187
2013-02-01 19:34,0.6753086950079026,0.0
2013-02-01 19:44,0.9265337168192717,0.5923419140446542
2013-02-01 19:54,0.9467942315819722,0.5000013085497074
2013-02-01 20:04,0.737575542313016,0.0
2013-02-01 20:14,0.9514974464171838,0.47247733677054216
2013-02-01 20:24,0.7863788055078954,0.0
2013-02-01 20:34,1.03213442926766,0.03942824697474033
2013-02-01 20:44,0.9916350677954108,0.2217060723905031
2013-02-01 20:54,0.8173300903769491,0.0
2013-02-01 21:04,0.8056337535214985,0.0
2013-02-01 21:14,0.5852944499214128,0.0
2013-02-01 21:24,0.9051317681888018,0.6724673229250717
2013-02-01 21:34,0.7072027016843297,0.0
2013-02-01 21:44,0.6506829316035466,0.0
2013-02-01 21:54,0.8430975712450542,1.0635064107913579
2013-02-01 22:04,0.6819539968205257,0.0
2013-02-01 22:14,0.6705893964565877,0.0
2013-02-01 22:24,0.701200062802343,0.0
2013-02-01 22:34,0.7353489093636825,0.0
2013-02-01 22:44,0.5600944172664196,0.0
2013-02-01 22:54,0.6664722457717763,0.0
2013-02-01 23:04,0.7070861261900453,0.0
2013-02-01 23:14,0.6573803947565433,0.0
2013-02-01 23:24,0.6532049147195627,1.9832259808253023
2013-02-01 23:34,0.6145497356536173,1.01834407305376
2013-02-02 05:04,0.517196471779303,2.13150893104783
2013-02-02 05:14,0.6460610557026738,2.292092016344696
2013-02-02 05:24,0.7091337694419799,0.7052705268033287
2013-02-02 05:34,0.6964458322691175,0.0
2013-02-02 05:44,0.7327761389467413,0.091339015011574
2013-02-02 05:54,0.7169229396553009,0.5854199747307478
2013-02-02 06:04,0.7556090288392425,0.408476628436687
2013-02-02 06:14,0.6121627028931375,0.0
2013-02-02 06:24,0.8188065700382549,0.0
2013-02-02 06:34,0.8685522561064549,0.0
2013-02-02 06:44,0.8479104151350442,0.0
2013-02-02 06:54,0.8545276997198239,0.0
2013-02-02 07:04,0.8321909342916695,0.0
2013-02-02 07:14,0.9155020807376386,0.0
2013-02-02 07:24,0.8350159127511104,0.0
2013-02-02 07:34,0.9419492514990327,0.9544198237100201
2013-02-02 07:44,1.019368652830642,0.6055859039785806
2013-02-02 07:54,0.9743254331710371,0.0
2013-02-02 08:04,0.9038385922722474,0.0
2013-02-02 08:14,1.0078194870802029,0.0
2013-02-02 08:24,0.9029151270847106,0.0
2013-02-02 08:34,0.940349805654043,0.0
2013-02-02 08:44,0.9120134021813984,0.9650868489840154
2013-02-02 08:54,1.0805851230773165,0.20764099567232064
2013-02-02 09:04,0.9334945743047719,0.8734074637101293
2013-02-02 09:14,0.9331050671422968,0.0
2013-02-02 09:24,0.8280927958849944,0.0858123320548694
2013-02-02 09:34,0.8726198180480559,0.0
2013-02-02 09:44,0.6831227862862815,0.0
2013-02-02 09:54,0.8320143336886184,1.3569244539978003
2013-02-02 10:04,0.778402867747015,0.0
2013-02-02 10:14,0.766775391989388,0.0
2013-02-02 10:24,0.7212755901570743,0.0
2013-02-02 10:34,0.6630168316437969,0.8433133575950624
2013-02-02 10:44,0.7072220184764386,0.641672314457248
2013-02-02 10:54,0.7098101948833229,0.6270806510195666
2013-02-02 11:04,0.5827388734544426,1.1967377529160472
2013-02-02 11:14,0.6405133641010738,0.933796404792017
2013-02-02 11:24,0.5384421506461776,0.0
2013-02-02 11:34,0.4940624006254827,2.8606152217601433
2013-02-02 11:44,0.5409978915612854,0.9516608062003
2013-02-02 17:44,0.4760906682280465,0.7611786042059038
2013-02-02 17:54,0.4739304641349555,1.0614525013399452
2013-02-02 18:04,0.47266301683065365,2.436824623136271
2013-02-02 18:14,0.5508173538015024,0.4247121495158946
2013-02-02 18:24,0.5628659084515587,1.9520282196277547
2013-02-02 18:34,0.5003092307405512,2.2346855965012855
2013-02-02 18:44,0.4762376070171912,2.344050597419524
2013-02-02 18:54,0.5748128598072574,1.9011409063879172
2013-02-02 19:04,0.5071017844130798,0.0
2013-02-02 19:14,0.6775552728897759,0.8800393676090563
2013-02-02 19:24,0.6034733247999294,2.6105453740366076
2013-02-02 19:34,0.6035595464090674,0.0
2013-02-02 19:44,0.6008347125434562,0.0
2013-02-02 19:54,0.6609017436019846,1.0200409275491504
2013-02-02 20:04,0.6078764875216648,2.591128988514746
2013-02-02 20:14,0.5754649861898878,1.4049021964889845
2013-02-02 20:24,0.5909364405850269,1.9061963044467303
2013-02-02 20:34,0.5856289591527226,1.9301141987064545
2013-02-02 20:44,0.588860933252884,1.915564796611956
2013-02-02 20:54,0.5765725333160688,1.3999452045916057
2013-02-02 21:04,0.5816544448877516,2.7092413120340066
2013-02-02 21:14,0.5489820131765927,2.8567291737148297
2013-02-02 21:24,0.5653569126144243,0.0
2013-02-02 21:34,0.6791777724607032,0.13864210362839616
2013-02-02 21:44,0.5923568109518348,1.9001221351928006
2013-02-02 21:54,0.5389162106351731,0.47976363999928695
2013-02-02 22:04,0.5459333859760329,2.109327164459828
2013-02-02 22:14,0.5208418358606812,2.2223628687248254
2013-02-02 22:24,0.5857387163175966,1.3591590657817603
2013-02-02 22:34,0.5386967278976348,2.141102591129566
2013-02-02 22:44,0.5500887141738643,1.5188761077162927
2013-02-02 22:54,0.4789152144299497,0.0
2013-02-02 23:04,0.6178470536759337,0.4145187724645211
2013-02-02 23:14,0.4252974844155475,3.412945453248345
2013-02-02 23:24,0.4453605657307298,2.561299662195373
2013-02-02 23:34,0.48431535269260173,2.385757464760893
2013-02-02 23:44,0.3814679596354718,2.898921802500215
2013-02-03 00:04,0.31492072159395984,3.9633416086886433
2013-02-03 00:14,0.33286540691961564,3.883357098597953
2013-02-03 00:24,0.37914857256812157,1.8797880557780955
2013-02-03 05:54,0.2913715270797496,1.6701227332778885
2013-02-03 06:04,0.2526844150007898,3.545101726726925
2013-02-03 06:14,0.24145872663095663,3.5928138117926047
2013-02-03 06:24,0.350861012524723,3.0982357391392985
2013-02-03 06:34,0.3755526584081014,2.9850465995498396
2013-02-03 06:44,0.3890356487794342,2.922545142255202
2013-02-03 06:54,0.5132521450406171,2.3620645597351984
2013-02-03 07:04,0.4052982134895133,2.846634101013526
2013-02-03 07:14,0.5044083451985567,1.8169901790993879
2013-02-03 07:24,0.4853178484283204,1.9018722262827839
2013-02-03 07:34,0.47786133393149627,1.9344555835333803
2013-02-03 07:44,0.4036157634658589,2.2676203814070193
2013-02-03 07:54,0.4373772781943668,2.698085728128699
2013-02-03 08:04,0.5322994594411716,1.687227528382788
2013-02-03 08:14,0.5655865193309391,1.5376012145646167
2013-02-03 08:24,0.586293605334475,0.6279214999549081
2013-02-03 08:34,0.6169621175902635,1.7869623135903765
2013-02-03 08:44,0.445407370618701,3.32015308318414
2013-02-03 08:54,0.6576553297510458,1.0331564499836925
2013-02-03 09:04,0.5578920610490682,2.052917778199463
2013-02-03 09:14,0.5744670439129355,1.4076969560347037
2013-02-03 09:24,0.6126544627215951,1.2357646154272446
2013-02-03 09:34,0.5912643009297248,1.902654949665496
2013-02-03 09:44,0.6005865755124192,1.8603805766856838
2013-02-03 09:54,0.6368764590102981,1.1265325908899753
2013-02-03 10:04,0.5124072904500204,2.3629468461111536
2013-02-03 10:14,0.6097176265421015,1.9262851214925312
2013-02-03 10:24,0.5291972315991866,2.2913474046229085
2013-02-03 10:34,0.5055830736242019,2.401436453996207
2013-02-03 10:44,0.5052704148851092,0.0
2013-02-03 10:54,0.5746869054215828,1.0582212926476902
2013-02-03 11:04,0.4412062921409127,3.6173025955111235
2013-02-03 11:14,0.49376127588911767,0.0
2013-02-03 11:24,0.509861517364199,0.0
2013-02-03 11:34,0.4438908794949618,2.7096085333322777
2013-02-03 11:44,0.40128687596653534,2.9074646313676906
2013-02-03 11:54,0.43355019576381487,2.1794043136673804
2013-02-03 12:04,0.5156369318078632,0.0897020301540422
2013-02-03 12:14,0.272868341480443,3.5925858984617522
2013-02-03 12:24,0.3118252921259402,2.819319073847326
2013-02-03 12:34,0.3197212853608824,1.9428397454551416
2013-02-03 12:44,0.2207804323341171,3.2429548936874646
2013-02-03 12:54,0.15375826624092775,4.154293539595391
2013-02-03 18:14,0.3146284458832302,2.5671529243602755
2013-02-03 18:24,0.18908754793187754,5.1081880393401375
2013-02-03 18:34,0.29276163221824936,2.660262688099943
2013-02-03 18:44,0.3664862764246577,2.3290444335180474
2013-02-03 18:54,0.4417990360943956,1.6858670570628704
2013-02-03 19:04,0.4553126229584781,1.9279316094440573
2013-02-03 19:14,0.32173232124761925,5.346449128843887
2013-02-03 19:24,0.5356407118326559,1.2594465359595466
2013-02-03 19:34,0.5583048407975411,0.47194791266595515
2013-02-03 19:44,0.6581628900567257,0.22052807494996662
2013-02-03 19:54,0.5356106170209046,2.3407192591338233
2013-02-03 20:04,0.46842548485031,3.8174542992002776
2013-02-03 20:14,0.6319166483893395,0.0
2013-02-03 20:24,0.570911099993926,1.3835439443023674
2013-02-03 20:34,0.5352854997858455,4.343379187446141
2013-02-03 20:44,0.6861941517268397,0.0
2013-02-03 20:54,0.7534921531974826,0.0
2013-02-03 21:04,0.6232456905520153,1.1301227681482349
2013-02-03 21:14,0.6649019974658169,0.0
2013-02-03 21:24,0.5563181688237399,4.199748028942103
2013-02-03 21:34,0.6538105339795585,0.0
2013-02-03 21:44,0.8288707947275834,0.0
2013-02-03 21:54,0.7450287487587077,0.910263459217674
2013-02-03 22:04,0.8063316836013165,0.0
2013-02-03 22:14,0.7399397509215975,0.9339914478531001
2013-02-03 22:24,0.7743665298614765,0.0
2013-02-03 22:34,0.799410179660062,0.023908260868198188
2013-02-03 22:44,0.7784503927748905,0.0
2013-02-03 22:54,0.7383976802936714,0.0
2013-02-03 23:04,0.7072613466047293,0.0
2013-02-03 23:14,0.6645144675232225,0.0
2013-02-03 23:24,0.6553490675528191,0.0
2013-02-03 23:34,0.7226161522245648,0.0
2013-02-03 23:44,0.6680305615955636,0.6516310484159603
2013-02-04 00:04,0.6848677668823864,0.5865654070108919
2013-02-04 00:14,0.5782557562496331,1.065514946246964
2013-02-04 00:24,0.5598866851741818,1.1448253575082983
2013-02-04 00:34,0.5447397351778966,1.8694507066468693
2013-02-04 00:44,0.521186044926853,1.8082187892758157
2013-02-04 00:54,0.4289067505561162,1.7041289550134504
2013-02-04 01:04,0.44149956233986554,2.1588418427882057
2013-02-04 01:14,0.43046380185475774,2.2082492367226925
2013-02-04 01:24,0.2098963884973932,5.552546580966201
2013-02-04 01:34,0.3243942935443632,3.0947683832231565
2013-02-04 06:34,0.3108252953269096,1.6710133225230048
2013-02-04 06:44,0.3391940170163155,1.8269595611238372
2013-02-04 06:54,0.40703548714354915,1.5207681595765816
2013-02-04 07:04,0.4056527040083337,1.527738490130746
2013-02-04 07:14,0.3979297308155157,1.8984433614928522
2013-02-04 07:24,0.48670190168752153,1.1620074113877445
2013-02-04 07:34,0.40920808359476624,2.771134669280647
2013-02-04 07:44,0.5266042441090049,1.3178086265053746
2013-02-04 07:54,0.5425096089737996,0.9102054272114777
2013-02-04 08:04,0.5553496164940058,0.5724198771470496
2013-02-04 08:14,0.5193701618656462,1.763709289456449
2013-02-04 08:24,0.507966165278726,1.4044307779852923
2013-02-04 08:34,0.484022367843427,0.0
2013-02-04 08:44,0.5807156522975212,1.0761524399971916
2013-02-04 08:54,0.5575144656808873,1.1818180534381733
2013-02-04 09:04,0.5654157094459067,0.8100952120757765
2013-02-04 09:14,0.6461013979855555,0.782212411350047
2013-02-04 09:24,0.5756982078501577,1.0998993569200441
2013-02-04 09:34,0.5774079574696637,1.5030435927122743
2013-02-04 09:44,0.5358636125169627,0.0
2013-02-04 09:54,0.6634123127217026,0.7047278571934954
2013-02-04 10:04,0.7323761518857643,0.0
2013-02-04 10:14,0.536277631797896,0.0
2013-02-04 10:24,0.6796898052716198,0.4014603647188168
2013-02-04 10:34,0.5393562518301718,0.0
2013-02-04 10:44,0.5993989729207708,0.0
2013-02-04 10:54,0.4235899322780817,0.0
2013-02-04 11:04,0.4194161153484032,0.0
2013-02-04 11:14,0.4329482375743761,0.0
2013-02-04 11:24,0.5372316661197646,1.5448635434652147
2013-02-04 11:34,0.4166373234965101,0.0
2013-02-04 11:44,0.4861695233264506,0.0
2013-02-04 11:54,0.44274170048213396,0.0
2013-02-04 12:04,0.6104339557210979,1.402504100544038
2013-02-04 12:14,0.5434055613513603,0.0
2013-02-04 12:24,0.47056456715186595,2.8614515721364415
2013-02-04 12:34,0.5169102414362283,0.0
2013-02-04 12:44,0.5273583690716199,0.11652779224280538
2013-02-04 12:54,0.48123699966052147,0.0
2013-02-04 13:04,0.47441401380612463,0.35474801895266683
2013-02-04 13:14,0.4197868326119621,0.0
2013-02-04 13:24,0.5063508618867487,0.26438257435853046
2013-02-04 13:34,0.47663526907551207,0.6243950233019323
2013-02-04 13:44,0.42959759463387903,0.0
2013-02-04 13:54,0.27877431413410103,3.734902774920069
2013-02-04 14:04,0.42999420310064146,0.0
2013-02-04 19:14,0.5302920364517831,0.9869632699167886
2013-02-04 19:24,0.5283402366593016,1.8380110189155323
2013-02-04 19:34,0.5271619294352878,1.8433041631966878
2013-02-04 19:44,0.5361490037668579,0.960652837105312
2013-02-04 19:54,0.5218118769794798,0.0
2013-02-04 20:04,0.6652354471068103,1.2230558650047436
2013-02-04 20:14,0.7004809656993095,1.0647273651261673
2013-02-04 20:24,0.3839097650013214,0.0
2013-02-04 20:34,0.3754546562566994,0.0
2013-02-04 20:44,0.7649227588782644,0.0
2013-02-04 20:54,0.7116198889584373,0.17240958990108254
2013-02-04 21:04,0.9127541639137657,0.11116224876907854
2013-02-04 21:14,0.7954493810342139,0.0
2013-02-04 21:24,0.9021155154550322,0.2545390650263018
2013-02-04 21:34,0.6998764973370708,0.0
2013-02-04 21:44,0.8204677667962273,0.8819718703835808
2013-02-04 21:54,0.7037836432214986,0.0
2013-02-04 22:04,0.602711943264352,0.0
2013-02-04 22:14,0.9190006540618999,0.5975539175935056
2013-02-04 22:24,0.8906509625812278,0.7323221604520139
2013-02-04 22:34,0.7390418815094357,0.5425353761286762
2013-02-04 22:44,0.9349474284011683,0.6280433460625006
2013-02-04 22:54,0.5513322247451895,0.0
2013-02-04 23:04,0.8798819300609962,0.0
2013-02-04 23:14,0.9051406819057439,0.7620737270966145
2013-02-04 23:24,0.9302549186826984,0.6491453432748637
2013-02-04 23:34,0.6811796969167315,0.0
2013-02-04 23:44,1.0977940385722111,0.0
2013-02-05 00:04,1.1415406003886317,0.0
2013-02-05 00:14,0.7206809191576652,0.0
2013-02-05 00:24,0.6702280318995341,0.0
2013-02-05 00:34,1.1072196087198394,0.0
2013-02-05 00:44,1.1029180865923058,0.0
2013-02-05 00:54,1.088160553642714,0.0
2013-02-05 01:04,1.139564440438667,0.0
2013-02-05 01:14,1.1291932013205155,0.0
2013-02-05 01:24,0.8872945576659752,0.0
2013-02-05 01:34,1.0066803264434145,0.30496432533414153
2013-02-05 01:44,0.835978736274899,1.2010886366883342
2013-02-05 01:54,0.6143188825895807,7.159015363243978
2013-02-05 02:04,0.8052996150332409,1.338382125030695
2013-02-05 02:14,0.8933866784671962,0.9415671120675068
2013-02-05 02:24,0.7896922721869143,1.4071695683016991
2013-02-05 02:34,0.8874098238484086,0.9664846158169356
2013-02-05 02:44,0.7357273130452583,0.0
2013-02-05 02:54,0.5652323011268338,0.0
2013-02-05 07:44,0.7166148033058379,0.0
2013-02-05 07:54,0.6189672848647096,0.0
2013-02-05 08:04,0.855907620209079,0.4898676569545812
2013-02-05 08:14,0.842554208955114,2.7147199763090883
2013-02-05 08:24,0.9025468078896512,0.0
2013-02-05 08:34,0.6585318143333181,0.0
2013-02-05 08:44,0.9493062221407988,0.9245947820114893
2013-02-05 08:54,1.0495642766987365,0.4702617943018033
2013-02-05 09:04,0.787836608878864,0.0
2013-02-05 09:14,0.7227446443679525,0.0
2013-02-05 09:24,1.0661849435441293,0.0
2013-02-05 09:34,1.1460440082184193,0.0
2013-02-05 09:44,0.8235034256836019,0.0
2013-02-05 09:54,1.073189763368667,0.0
2013-02-05 10:04,1.1634752139750113,0.0
2013-02-05 10:14,1.039900710624271,0.0
2013-02-05 10:24,0.8961921292934171,0.0
2013-02-05 10:34,1.1572696595705563,0.0
2013-02-05 10:44,0.9242895726860202,0.0
2013-02-05 10:54,1.1371985746450808,0.8177326733843332
2013-02-05 11:04,0.9106277332703349,0.0
2013-02-05 11:14,1.045572481115339,0.0
2013-02-05 11:24,1.3068116213853758,0.0
2013-02-05 11:34,1.0673347977444663,0.0
2013-02-05 11:44,1.1134913791816017,0.0
2013-02-05 11:54,0.9905193327445392,0.0
2013-02-05 12:04,1.1137087147063238,0.0
2013-02-05 12:14,1.0538295280713512,0.0
2013-02-05 12:24,0.8357906127953174,0.0
2013-02-05 12:34,1.2361823612830332,0.18709023474910347
2013-02-05 12:44,1.1603890833720407,0.5295525399213938
2013-02-05 12:54,1.060723750986594,0.0
2013-02-05 13:04,1.07807024348529,0.0
2013-02-05 13:14,0.8251752817517901,0.0
2013-02-05 13:24,0.9283553463456721,0.0
2013-02-05 13:34,0.9097747548653058,0.49615603067079234
2013-02-05 13:44,1.0332509780952348,0.0
2013-02-05 13:54,0.998099161255303,0.0924645198242666
2013-02-05 14:04,0.9568007663680295,0.27654242724514283
2013-02-05 14:14,0.8316456903497547,0.8395219326951132
2013-02-05 14:24,0.8398310463214482,0.802287099518676
2013-02-05 14:34,0.8939115074373698,0.0
2013-02-05 14:44,0.6518563700578931,0.0
2013-02-05 14:54,0.7321601718375272,1.2859282574678583
2013-02-05 15:04,0.8128450057474776,0.925539283884484
2013-02-05 15:14,0.8671416120897212,0.6882449149863716
2013-02-05 15:24,0.7971449891750334,1.0098319658622865
2013-02-05 15:34,0.7229449005932381,1.3496685848335752
2013-02-05 15:44,0.6350182029641,0.0
2013-02-05 20:14,0.6017790384736302,1.9074214055913332
2013-02-05 20:24,0.6248237614551735,2.9551350176013
2013-02-05 20:34,0.7181975826527643,0.0
2013-02-05 20:44,0.7764318123590506,1.1144390165170472
2013-02-05 20:54,0.5937536591589105,0.0
2013-02-05 21:04,0.5227482488418961,0.0
2013-02-05 21:14,0.21045961361854165,22.078041788922413
2013-02-05 21:24,0.9117407775798475,0.4999994741615312
2013-02-05 21:34,0.6583423660382175,0.0
2013-02-05 21:44,0.934853763518458,1.5457829361550521
2013-02-05 21:54,0.8139462503832647,0.0
2013-02-05 22:04,0.9312235741597413,0.0
2013-02-05 22:14,1.066254446633437,0.9507139931122621
2013-02-05 22:24,0.7371865567350527,0.0
2013-02-05 22:34,1.0957945252886756,0.8165956603660931
2013-02-05 22:44,0.950698402052907,0.0
2013-02-05 22:54,0.8106075389172781,0.0
2013-02-05 23:04,0.7557809704874537,0.0
2013-02-05 23:14,1.1242734387050328,0.6964290759737118
2013-02-05 23:24,1.1219927169055108,0.0
2013-02-05 23:34,0.7733116907572789,0.0
2013-02-05 23:44,1.1169867534437063,0.0
2013-02-06 00:04,1.143897093372395,0.0
2013-02-06 00:14,0.9700735405675752,0.0
2013-02-06 00:24,1.0504323045066783,0.0
2013-02-06 00:34,1.2936800168880962,0.0
2013-02-06 00:44,1.0586017388197253,0.0
2013-02-06 00:54,1.1173296987577568,0.0
2013-02-06 01:04,0.853477687989755,0.0
2013-02-06 01:14,1.118556635843378,0.0
2013-02-06 01:24,1.0043901019802295,0.0
2013-02-06 01:34,0.8103345663800668,0.0
2013-02-06 01:44,1.1843825719481762,0.3416916142332936
2013-02-06 01:54,0.9459606994370285,0.0
2013-02-06 02:04,0.7709493317060828,0.0
2013-02-06 02:14,0.9768650407378174,1.16358289210225
2013-02-06 02:24,0.8171091679802528,0.0
2013-02-06 02:34,1.024802221772585,0.9471207529740233
2013-02-06 02:44,0.9032531794199755,0.0
2013-02-06 02:54,0.9475421942618372,0.18336048706102587
2013-02-06 03:04,0.6715472814327028,0.0
2013-02-06 03:14,0.6019258649680893,0.0
2013-02-06 03:24,0.7946750545363428,0.9636136140623767
2013-02-06 03:34,0.6842013833830793,1.4606982334112217
2013-02-06 03:44,0.8117189949555595,0.1298238028030206
2013-02-06 03:54,0.5415188797709823,0.0
2013-02-06 04:04,0.6311835029175004,1.6987897845907378
2013-02-06 04:14,0.5611769567357379,3.148701972635648
2013-02-06 09:34,0.5230445525587272,0.0
2013-02-06 09:44,0.49261942230969114,0.0
2013-02-06 09:54,0.7705891004062765,1.291922755016394
2013-02-06 10:04,0.7815452477213459,1.2535465615085688
2013-02-06 10:14,0.8527618251211047,0.9417380687006354
2013-02-06 10:24,0.7796820533690744,0.0
2013-02-06 10:34,0.6824668087032076,0.0
2013-02-06 10:44,0.7967091780339346,0.0
2013-02-06 10:54,0.7931086057477963,0.0
2013-02-06 11:04,0.8687343727318083,0.0
2013-02-06 11:14,0.8785173899303981,0.9521937463720086
2013-02-06 11:24,1.006127551681286,0.38044367098653953
2013-02-06 11:34,0.7029341420955162,0.0
2013-02-06 11:44,0.9082045037269977,0.0
2013-02-06 11:54,0.8577211992433073,0.0
2013-02-06 12:04,0.9925969530219726,0.0
2013-02-06 12:14,0.9449397875401362,0.6542418416644497
2013-02-06 12:24,1.0479662762049036,0.18892471115114368
2013-02-06 12:34,0.7803847869504686,0.0
2013-02-06 12:44,1.1252416953457653,0.0
2013-02-06 12:54,1.1154692437921876,1.2038330109903224
2013-02-06 13:04,1.0372342042233098,0.0
2013-02-06 13:14,0.7990568172898121,0.0
2013-02-06 13:24,1.0846608787488834,0.09781630680487038
2013-02-06 13:34,1.033260899321305,0.32907546763312623
2013-02-06 13:44,1.015234440953596,0.41017085023041167
2013-02-06 13:54,0.8111439631899552,0.0
2013-02-06 14:04,0.743643886764414,0.0
2013-02-06 14:14,0.6453818880330842,0.0
2013-02-06 14:24,0.8025093565804978,0.0
2013-02-06 14:34,1.058502775525432,0.21539980639285428
2013-02-06 14:44,0.6538150679056699,0.0
2013-02-06 14:54,0.6693255768465488,0.0
2013-02-06 15:04,0.5817343895693864,0.0
2013-02-06 15:14,0.8000214875167538,1.1701050812689442
2013-02-06 15:24,0.6369700352934344,0.0
2013-02-06 15:34,0.7176375841014669,1.5448686300233785
2013-02-06 15:44,0.7018618166602228,0.9040960780225415
2013-02-06 15:54,0.5887293008164605,0.0
2013-02-06 16:04,0.5069563088283432,0.0
2013-02-06 16:14,0.46398562491617973,0.0
2013-02-06 16:24,0.5319497097807405,1.6772019349657834
2013-02-06 16:34,0.5090870506271868,0.4252117514073137
2013-02-06 22:14,0.42238736251845116,3.289225566088608
2013-02-06 22:24,0.5077562733748229,2.910109863041671
2013-02-06 22:34,0.49205004191745594,2.9853424118084204
2013-02-06 22:44,0.5796744261964007,2.482172596467767
2013-02-06 22:54,0.5927643487289711,2.422968843365438
2013-02-06 23:04,0.6410778388144855,0.0
2013-02-06 23:14,0.5102279687831109,0.0
2013-02-06 23:24,0.6023561865710813,2.4986845475115698
2013-02-06 23:34,0.7096129419447357,2.015486144433989
2013-02-06 23:44,0.6102323748973871,0.0
2013-02-07 00:04,0.6984439443448667,2.0610171598754814
2013-02-07 00:14,0.7405415528081155,1.8721157648221356
2013-02-07 00:24,0.6765788105105267,2.160869086025686
2013-02-07 00:34,0.6079545103464692,0.0
2013-02-07 00:44,0.7131667048782777,0.0
2013-02-07 00:54,0.6574065759097958,0.0
2013-02-07 01:04,0.7466497478651578,0.0
2013-02-07 01:14,0.7418084331658531,1.8819731054068631
2013-02-07 01:24,0.6906617151711015,2.1116132021344134
2013-02-07 01:34,0.6597667969616309,0.29277325232174567
2013-02-07 01:44,0.8129489542918183,0.0
2013-02-07 01:54,0.6125302042345295,2.4627430596955824
2013-02-07 02:04,0.6901478996138004,1.2436371225014426
2013-02-07 02:14,0.7292788316164472,1.0675521303621713
2013-02-07 02:24,0.6915238004674714,0.0
2013-02-07 02:34,0.7142049673204395,1.1356565805223942
2013-02-07 02:44,0.683853299624521,0.0
2013-02-07 02:54,0.6014288202533238,2.5132275991733275
2013-02-07 03:04,0.6132023755149674,0.0
2013-02-07 03:14,0.5913143888635471,1.0669766378091405
2013-02-07 03:24,0.5352436782609191,2.811721135586014
2013-02-07 03:34,0.5777282905840896,0.300576184685204
2013-02-07 03:44,0.6030234604306698,1.0136037766739299
2013-02-07 03:54,0.5228819826354963,2.864966968641227
2013-02-07 04:04,0.4716351747445552,3.099933408292295
2013-02-07 04:14,0.5005541288237089,0.0
2013-02-07 04:24,0.5675185482796921,0.0
2013-02-07 04:34,0.48620426952694196,0.0
2013-02-07 04:44,0.44741871455237414,3.331616812192892
2013-02-07 04:54,0.4717670672478902,3.2268733813460586
2013-02-07 05:04,0.48441265413609896,0.2546008054909428
2013-02-07 05:14,0.4320732309354655,1.8858516893287092
2013-02-07 05:24,0.3299976491110048,2.9897537919411867
2013-02-07 10:54,0.3646815317991354,3.044354612166919
2013-02-07 11:04,0.3234931795545873,3.2297638911934907
2013-02-07 11:14,0.3989684061934029,2.890212517116518
2013-02-07 11:24,0.3552314709830306,3.087068080017551
2013-02-07 11:34,0.40981688462429916,2.1719327785693996
2013-02-07 11:44,0.4113513270621047,2.165033077193107
2013-02-07 11:54,0.4670680492176831,1.4123505528613096
2013-02-07 12:04,0.47413199997242034,1.8825520180309885
2013-02-07 12:14,0.52486186596059,1.1523129345055623
2013-02-07 12:24,0.48548374999259825,0.0
2013-02-07 12:34,0.5391569575672891,2.2592602076359816
2013-02-07 12:44,0.5122942929038813,1.7108160609290004
2013-02-07 12:54,0.5808647521197529,0.0
2013-02-07 13:04,0.5210522256150335,1.1694201520544611
2013-02-07 13:14,0.4922915646095468,2.469998154858119
2013-02-07 13:24,0.5752458613234314,2.0967627954366175
2013-02-07 13:34,0.5245923038897494,0.0
2013-02-07 13:44,0.7406783078139837,1.3524787447189024
2013-02-07 13:54,0.5558312881220958,0.0
2013-02-07 14:04,0.4934765846367534,0.0
2013-02-07 14:14,0.5299547470674383,2.300477357534396
2013-02-07 14:24,0.477432066106435,0.0
2013-02-07 14:34,0.6561261016148431,1.8054469989915074
2013-02-07 14:44,0.6451979732067653,1.8543726022330667
2013-02-07 14:54,0.6887230676220703,0.9794351299240013
2013-02-07 15:04,0.44962049918770014,0.0
2013-02-07 15:14,0.5985804465201499,1.383585587799708
2013-02-07 15:24,0.5161261993167606,2.43299488631498
2013-02-07 15:34,0.5222334686174731,2.4053351717901763
2013-02-07 15:44,0.5375573694454248,0.7518450604623481
2013-02-07 15:54,0.5042253140775181,2.4878108097538174
2013-02-07 16:04,0.5125260865131536,0.0
2013-02-07 16:14,0.42606034099983875,2.844510303628105
2013-02-07 16:24,0.5199142589490432,2.5047911032307435
2013-02-07 16:34,0.5259395006883686,0.0585558919628724
2013-02-07 16:44,0.44983937604005864,2.8317436388536787
2013-02-07 16:54,0.5123407731316967,0.0
2013-02-07 17:04,0.46149977547122034,1.5735197746314917
2013-02-07 17:14,0.3363835925644138,2.6616729328369715
2013-02-07 17:24,0.41360819231666035,0.5773342212425503
2013-02-07 17:34,0.34794255000445207,3.3184193262947446
2013-02-07 17:44,0.24502374956326448,3.0901832063298267
2013-02-07 17:54,0.24653801640166748,3.789872777144237
2013-02-07 18:04,0.20834414870039786,3.9636306713349145
2013-02-07 23:14,0.5555165356981857,2.228854661128966
2013-02-07 23:24,0.7132369129626464,0.46305455375081334
2013-02-07 23:34,0.7416981336000447,0.6670376075989733
2013-02-07 23:44,0.6770827230927736,1.3500516621250762
2013-02-08 00:04,0.7034506757577829,1.0318641137010331
2013-02-08 00:14,0.9462523431528274,0.0
2013-02-08 00:24,0.7994327836325461,0.8424734209802889
2013-02-08 00:34,0.8155724659704015,0.7507838535942907
2013-02-08 00:44,0.8665582870498822,1.0623196185411725
2013-02-08 00:54,0.8245846997973116,0.6938023718443583
2013-02-08 01:04,0.9215035820169708,0.0
2013-02-08 01:14,1.0041238295296517,0.4330309850197494
2013-02-08 01:24,1.0958550579032962,0.018798579457454143
2013-02-08 01:34,1.0384317186344554,0.0
2013-02-08 01:44,1.0375289782288408,0.0
2013-02-08 01:54,0.9862673636975726,0.0
2013-02-08 02:04,0.9622132357128776,0.0
2013-02-08 02:14,1.0468429616077284,0.0
2013-02-08 02:24,1.0548361554513068,0.0
2013-02-08 02:34,1.021113435191521,0.0
2013-02-08 02:44,1.0266695356621036,0.0
2013-02-08 02:54,1.0395466397492912,0.0
2013-02-08 03:04,0.8054976356780178,0.8849874535317257
2013-02-08 03:14,0.8102083677683798,0.0
2013-02-08 03:24,0.9100423345296758,0.0
2013-02-08 03:34,0.9276863725619563,0.23464043724419786
2013-02-08 03:44,0.8829546147785716,0.0
2013-02-08 03:54,0.9271657639819361,0.0
2013-02-08 04:04,0.9643590430742375,0.0
2013-02-08 04:14,0.9372987839402827,0.0
2013-02-08 04:24,0.9685668681392318,0.720866323469913
2013-02-08 04:34,0.8276250477813006,0.0
2013-02-08 04:44,0.774976482766415,1.5730997594146265
2013-02-08 04:54,0.7806586208162001,0.8900723172978607
2013-02-08 05:04,0.7509116567714416,1.0067085434018377
2013-02-08 05:14,0.6274819514483649,0.0
2013-02-08 05:24,0.6207454381835745,1.573046584924487
2013-02-08 05:34,0.6193103524685933,0.0
2013-02-08 05:44,0.4988321471546259,2.1061951352294574
2013-02-08 05:54,0.5550244056034357,1.855113184962677
2013-02-08 06:04,0.5612443917896759,0.0
2013-02-08 06:14,0.5816805087580447,1.733587715851439
2013-02-08 06:24,0.505007036895453,2.696520877314936
2013-02-08 12:04,0.3699932535174245,0.6713481608075537
2013-02-08 12:14,0.4207843183742089,1.2948041523102987
2013-02-08 12:24,0.47262645484155513,1.0616897110809964
2013-02-08 12:34,0.5370424257132665,1.0914555167876652
2013-02-08 12:44,0.6085370251045458,0.2624675640712265
2013-02-08 12:54,0.5331211766690355,0.0
2013-02-08 13:04,0.5930216935200483,1.3388125373173272
2013-02-08 13:14,0.5421637514535043,2.0724514125144697
2013-02-08 13:24,0.7066017902220709,0.5204634652402343
2013-02-08 13:34,0.7025877509172932,0.9518680947854583
2013-02-08 13:44,0.7133120035274965,0.1524378443256852
2013-02-08 13:54,0.6418252723865556,1.7435626960806754
2013-02-08 14:04,0.6715415978452525,1.6092641969107024
2013-02-08 14:14,0.6890909331879478,1.1592061144921026
2013-02-08 14:24,0.7952221717226698,0.0
2013-02-08 14:34,0.7899582692983492,0.5644775611353111
2013-02-08 14:44,0.7305931274883937,1.3508531969066289
2013-02-08 14:54,0.7715646586157264,0.23397322458013287
2013-02-08 15:04,0.7827253745230559,1.1151717838988056
2013-02-08 15:14,0.6774217835052715,0.6612048450304635
2013-02-08 15:24,0.764551423459845,1.3658385764814251
2013-02-08 15:34,0.7664797242268696,1.3601397906700925
2013-02-08 15:44,0.753655370912819,0.0
2013-02-08 15:54,0.8189067738151649,1.3033246070910762
2013-02-08 16:04,0.7435923227659612,0.0
2013-02-08 16:14,0.7965616458623401,0.8467647539702289
2013-02-08 16:24,0.801306307479027,0.014486631403779229
2013-02-08 16:34,0.7450402559418998,1.0749972170807809
2013-02-08 16:44,0.8965884873789026,0.0
2013-02-08 16:54,0.7431924707210331,0.0
2013-02-08 17:04,0.6800381191153948,0.9237165103194228
2013-02-08 17:14,0.7141153919163709,0.7684450876299895
2013-02-08 17:24,0.4365271704959435,6.009394480049776
2013-02-08 17:34,0.6582481602148715,1.0172464815026774
2013-02-08 17:44,0.5994121685540801,2.2691743063865424
2013-02-08 17:54,0.6411967603750188,1.0827755698368868
2013-02-08 18:04,0.5767582888204541,0.7082175777208669
2013-02-08 18:14,0.5388094466379494,0.0
2013-02-08 18:24,0.582166196567052,0.20677673241067865
2013-02-08 18:34,0.5522840286632749,1.9121786057724544
2013-02-08 18:44,0.3328480005113747,6.419426176146766
2013-02-08 18:54,0.35346600787068877,6.3217338864862915
2013-02-09 00:24,0.3002037236675283,3.5467188888463403
2013-02-09 00:34,0.29586655366953224,3.5649727765133177
2013-02-09 00:44,0.41164680582642704,0.15690261154004118
2013-02-09 00:54,0.43510228110645827,0.7195505837479655
2013-02-09 01:04,0.46034481158404167,0.0
2013-02-09 01:14,0.5083194916368795,0.7257514071088987
2013-02-09 01:24,0.4131922952331595,2.9631204924793275
2013-02-09 01:34,0.4718469657449175,2.8568041542190783
2013-02-09 01:44,0.5386971760616958,0.0
2013-02-09 01:54,0.573843030512016,2.3980026825042846
2013-02-09 02:04,0.5178409708110735,2.6499759412411916
2013-02-09 02:14,0.5208080429417494,0.0
2013-02-09 02:24,0.5032468590181073,2.7156726741195327
2013-02-09 02:34,0.5807857436231739,2.3668607958476273
2013-02-09 02:44,0.6253214661794294,2.1665273330501376
2013-02-09 02:54,0.42810455060215236,0.0
2013-02-09 03:04,0.6787330831071622,1.0963211537300508
2013-02-09 03:14,0.6548932375002811,1.2038759761609659
2013-02-09 03:24,0.5540487200217276,0.0
2013-02-09 03:34,0.655105909475245,2.0329803859639632
2013-02-09 03:44,0.669829023539694,1.9667427488710816
2013-02-09 03:54,0.5669094305440133,0.0
2013-02-09 04:04,0.8279896194131992,1.255175364970243
2013-02-09 04:14,0.7836017045446024,1.4548550134933023
2013-02-09 04:24,0.6946240749153636,1.8551328086601342
2013-02-09 04:34,0.6999677327453194,1.8310623517456832
2013-02-09 04:44,0.48265645621830194,0.0
2013-02-09 04:54,0.5672713426530275,0.0
2013-02-09 05:04,0.5389777109053996,0.0
2013-02-09 05:14,0.6606651494697269,2.007737954782571
2013-02-09 05:24,0.6612547294569832,1.1749643343288003
2013-02-09 05:34,0.6050966681808474,0.8347840141954243
2013-02-09 05:44,0.5689799329872061,2.4198625922090042
2013-02-09 05:54,0.5021505465192143,2.7204456213554233
2013-02-09 06:04,0.4601081803345886,0.0
2013-02-09 06:14,0.44028780028741005,0.0
2013-02-09 06:24,0.44596625409078877,2.973115765074024
2013-02-09 06:34,0.4668279741306393,2.878413507627988
2013-02-09 06:44,0.3981788871825784,2.3575081547888
2013-02-09 06:54,0.363531118332487,3.3430206371809468
2013-02-09 07:04,0.3342429596608318,3.474751068728667
2013-02-09 07:14,0.29318368544554196,2.8297438706898634
2013-02-09 12:54,0.33324622273268345,0.0
2013-02-09 13:04,0.317742226646112,3.1845693602993865
2013-02-09 13:14,0.2918228604212911,3.3033256621575897
2013-02-09 13:24,0.49857915477552545,0.06628489287178756
2013-02-09 13:34,0.4069188590042396,0.0
2013-02-09 13:44,0.5045184784872885,0.0
2013-02-09 13:54,0.48675262227395316,1.770896958022868
2013-02-09 14:04,0.5369031603918822,0.0
2013-02-09 14:14,0.466048830595514,2.5224070454448086
2013-02-09 14:24,0.5835937414261475,1.992161946195127
2013-02-09 14:34,0.545218485791747,0.0
2013-02-09 14:44,0.5884997321751095,1.9661049362598948
2013-02-09 14:54,0.6648662844684963,1.5496709079397069
2013-02-09 15:04,0.6720685411738369,0.8648421227781513
2013-02-09 15:14,0.57678013238165,2.0117737708844703
2013-02-09 15:24,0.5343514143323775,0.0
2013-02-09 15:34,0.622662543302373,1.8830575209717406
2013-02-09 15:44,0.615752623867087,1.9141534239295834
2013-02-09 15:54,0.5971680154656778,0.0
2013-02-09 16:04,0.5463867766032808,0.0
2013-02-09 16:14,0.6251692283227839,0.0
2013-02-09 16:24,0.6605209748393623,1.7129153785187057
2013-02-09 16:34,0.6080460224877412,2.885558838608863
2013-02-09 16:44,0.6063883964380976,1.956493649173308
2013-02-09 16:54,0.5437319680661336,0.0
2013-02-09 17:04,0.5064438020954333,0.0
2013-02-09 17:14,0.5860229890482801,2.0481239620016103
2013-02-09 17:24,0.6739067109390248,1.6529616629383168
2013-02-09 17:34,0.4977583318299972,0.0
2013-02-09 17:44,0.4981744064199745,0.0
2013-02-09 17:54,0.5304643303705909,3.2346444709573436
2013-02-09 18:04,0.5431519588350529,0.0
2013-02-09 18:14,0.5377821156220226,2.265542987199171
2013-02-09 18:24,0.37161572322139114,0.0
2013-02-09 18:34,0.5287247898181003,1.6371669621617915
2013-02-09 18:44,0.3578685073895012,4.011385531549416
2013-02-09 18:54,0.5253201909569809,0.0
2013-02-09 19:04,0.41183267800783013,2.162894487012707
2013-02-09 19:14,0.24850120052407837,4.503298953361571
2013-02-09 19:24,0.4162870859279432,0.28974358235767644
2013-02-09 19:34,0.22597572719530026,3.6677604203083263
2013-02-09 19:44,0.35057802289073015,0.9784973087350266
2013-02-10 01:14,0.1775703337368609,3.8859023422444237
2013-02-10 01:24,0.24175233164389148,3.5971151857550066
2013-02-10 01:34,0.2106347506000049,3.73726755944066
2013-02-10 01:44,0.2402624223697894,3.6039894648260447
2013-02-10 01:54,0.24247044818961044,2.924807436709173
2013-02-10 02:04,0.32470996723892565,2.554879698689544
2013-02-10 02:14,0.282030349604862,3.4155703886111133
2013-02-10 02:24,0.27026638928107083,3.468524260011878
2013-02-10 02:34,0.4103011338231853,2.169630710449224
2013-02-10 02:44,0.4009586479988398,2.8807886606644413
2013-02-10 02:54,0.42553572284704505,2.7702673914444103
2013-02-10 03:04,0.5350345615796518,0.0
2013-02-10 03:14,0.4755403678491934,2.5453997363065484
2013-02-10 03:24,0.4831426013480555,0.0
2013-02-10 03:34,0.5063642604758141,0.0
2013-02-10 03:44,0.5495985205953894,2.212539473196558
2013-02-10 03:54,0.5591355621391161,0.0
2013-02-10 04:04,0.6878164037242902,0.9218712568753584
2013-02-10 04:14,0.6146135510888203,1.9201857756097522
2013-02-10 04:24,0.5820800977810515,2.0664838982476774
2013-02-10 04:34,0.6282108390899991,1.85904602749782
2013-02-10 04:44,0.5847863458610808,2.0543193177710766
2013-02-10 04:54,0.5502469301102664,2.209638726613398
2013-02-10 05:04,0.5453759358635578,1.0605455313494483
2013-02-10 05:14,0.6033268779192643,1.9707631707222297
2013-02-10 05:24,0.5274547848170961,2.3119681863112933
2013-02-10 05:34,0.663826571868017,1.6990127936711534
2013-02-10 05:44,0.49416995599214547,2.462083801106427
2013-02-10 05:54,0.599000307630623,1.990588590073025
2013-02-10 06:04,0.48420295139870995,2.506759189937597
2013-02-10 06:14,0.5939680716881666,0.0
2013-02-10 06:24,0.48569737262266005,1.3285806236372475
2013-02-10 06:34,0.35119301494603294,3.25264773586855
2013-02-10 06:44,0.4086875306584423,2.2963726126370845
2013-02-10 06:54,0.3149653634477146,3.400057664314987
2013-02-10 07:04,0.3241832817912387,3.3580231632533586
2013-02-10 07:14,0.35264375556182576,1.3569787369652824
2013-02-10 07:24,0.2886258906579979,2.3400057194059345
2013-02-10 07:34,0.364210269441692,1.6094527139769614
2013-02-10 07:44,0.25878948644121214,2.0270972458392067
2013-02-10 07:54,0.2623898780509292,1.2127127082554077
2013-02-10 08:04,0.1464048994946483,4.239396917209107
2013-02-10 13:44,0.282142552826796,4.052819300429311
2013-02-10 13:54,0.3586516141943757,2.377413644377331
2013-02-10 14:04,0.4395183186465812,2.013268318905502
2013-02-10 14:14,0.47416406650008136,3.1881681260908508
2013-02-10 14:24,0.574629164852013,0.6063497699290213
2013-02-10 14:34,0.5931474631133065,1.8919169406419034
2013-02-10 14:44,0.5850967468495896,0.0
2013-02-10 14:54,0.6740236628342976,1.527795641272796
2013-02-10 15:04,0.6962275583300133,0.857450316080917
2013-02-10 15:14,0.6053685112358326,0.0
2013-02-10 15:24,0.7611641424260899,1.1354546429145598
2013-02-10 15:34,0.8680537267858758,0.08372706840616906
2013-02-10 15:44,0.8547817235377779,0.6431609566844464
2013-02-10 15:54,0.6721086423797838,0.0
2013-02-10 16:04,0.7055212316107276,0.0
2013-02-10 16:14,0.6499772005257334,0.0
2013-02-10 16:24,0.6638605975116403,0.0
2013-02-10 16:34,0.5795417776378748,0.0
2013-02-10 16:44,1.00594784462172,0.0
2013-02-10 16:54,0.7660370901290982,0.0
2013-02-10 17:04,0.9505161399415064,0.0
2013-02-10 17:14,0.7736472515297501,0.0
2013-02-10 17:24,0.735494269807909,0.0
2013-02-10 17:34,1.0568002508944636,0.0
2013-02-10 17:44,0.997747792065272,0.0
2013-02-10 17:54,0.8740992456063821,0.0
2013-02-10 18:04,0.8277416949820685,0.0
2013-02-10 18:14,1.0059465389471818,3.049185563055875
2013-02-10 18:24,0.9327457232415075,0.0
2013-02-10 18:34,0.8695857692363538,0.0
2013-02-10 18:44,0.8345161200860015,0.9292821955390618
2013-02-10 18:54,0.6676354308596321,4.021858975609574
2013-02-10 19:04,0.6219164086850978,0.7144572968070652
2013-02-10 19:14,0.6050264251289095,4.304077618216413
2013-02-10 19:24,0.7500261163894995,0.0
2013-02-10 19:34,0.6264181889285402,4.047389291676141
2013-02-10 19:44,0.5330674795124608,0.0
2013-02-10 19:54,0.6003096708753001,1.546135525365817
2013-02-10 20:04,0.4799148461886271,0.0
2013-02-10 20:14,0.5374990414646944,3.949170620322591
2013-02-10 20:24,0.647925890149867,0.2658673963699872
2013-02-10 20:34,0.5216289043729988,4.05137490866703
2013-02-11 02:04,0.6365803089028482,2.7553387839591714
2013-02-11 02:14,0.7307592424812892,0.0
2013-02-11 02:24,0.7248957822828435,1.4204812080302116
2013-02-11 02:34,0.8985766913819315,0.638242306552247
2013-02-11 02:44,0.9921108024675704,0.11650076843616491
2013-02-11 02:54,0.8364003168010795,1.6114084614440773
2013-02-11 03:04,0.8863790442657166,0.0
2013-02-11 03:14,1.0178605032692112,0.0
2013-02-11 03:24,0.8716119164601067,0.0
2013-02-11 03:34,1.130474888173743,0.0
2013-02-11 03:44,1.0914692499715957,0.1442457938254371
2013-02-11 03:54,1.0144804794008275,0.0
2013-02-11 04:04,0.8433692623583829,0.0
2013-02-11 04:14,1.095778040140726,0.04636542722591052
2013-02-11 04:24,1.141120013304835,0.0
2013-02-11 04:34,1.0622400192938444,0.0
2013-02-11 04:44,0.838803511329318,0.0
2013-02-11 04:54,0.7780307335848722,0.0
2013-02-11 05:04,1.093802731939992,0.0
2013-02-11 05:14,1.0691695666410856,0.0
2013-02-11 05:24,1.0350405449792783,0.0
2013-02-11 05:34,1.026766096887386,0.0
2013-02-11 05:44,1.1543684134176255,0.0
2013-02-11 05:54,0.9324138723901569,0.0
2013-02-11 06:04,0.6563533244559665,0.0
2013-02-11 06:14,1.1146827636731018,0.0
2013-02-11 06:24,0.8554017818182628,0.0
2013-02-11 06:34,1.047265099884858,0.26470309152102517
2013-02-11 06:44,0.7652351603486198,0.0
2013-02-11 06:54,0.9266134374401176,0.0
2013-02-11 07:04,1.1115003999805533,0.0
2013-02-11 07:14,0.9317999814037847,0.0
2013-02-11 07:24,0.8545731750709185,0.3027525546987454
2013-02-11 07:34,0.9748618687058155,0.0
2013-02-11 07:44,0.934934867609554,0.0
2013-02-11 07:54,0.8698739579512911,1.0635604899774387
2013-02-11 08:04,0.8702389271270284,1.061647485517951
2013-02-11 08:14,0.8312575728069113,1.2369836236233973
2013-02-11 08:24,0.7028217638014408,1.8150969251194546
2013-02-11 08:34,0.5540936467266121,2.484548675994688
2013-02-11 08:44,0.45602520919153533,2.9259697731203866
2013-02-11 14:34,0.6433418065112944,2.082840304637249
2013-02-11 14:44,0.6619826308752363,1.1691525352207688
2013-02-11 14:54,0.9202316428169868,0.8364927286191387
2013-02-11 15:04,0.9395253474569996,0.7496490301237706
2013-02-11 15:14,0.9102822502791713,0.051509281625791825
2013-02-11 15:24,0.8694091307780932,1.0652543523879519
2013-02-11 15:34,1.0288043577252566,0.3477986923337132
2013-02-11 15:44,0.9312893467233697,0.0
2013-02-11 15:54,0.9305373148459313,0.0
2013-02-11 16:04,0.9650016932418828,0.0
2013-02-11 16:14,0.8068333248569498,0.0
2013-02-11 16:24,0.9311385393083863,0.0
2013-02-11 16:34,1.0968913745476905,0.0
2013-02-11 16:44,1.0085015368898382,0.0
2013-02-11 16:54,0.9357967438115238,0.0
2013-02-11 17:04,1.1547848981664943,0.0
2013-02-11 17:14,1.1575663528249258,0.0
2013-02-11 17:24,1.0656531098079487,0.0
2013-02-11 17:34,0.8051306981986294,0.0
2013-02-11 17:44,0.9974665661762648,0.0
2013-02-11 17:54,1.1446141273596298,0.0
2013-02-11 18:04,0.7737223628792633,0.0
2013-02-11 18:14,0.9869763909311384,0.0
2013-02-11 18:24,0.929381029745366,0.0
2013-02-11 18:34,0.991087008866638,0.0
2013-02-11 18:44,1.040767040489767,0.0
2013-02-11 18:54,1.0569427649136927,0.22116086377030267
2013-02-11 19:04,0.9903058370818324,0.0
2013-02-11 19:14,0.9782077859348476,0.0
2013-02-11 19:24,1.1162780510453045,0.0
2013-02-11 19:34,1.046343523065842,0.269464460668975
2013-02-11 19:44,0.8506048960371774,1.1504259390378528
2013-02-11 19:54,0.9657329743498936,0.632209578242609
2013-02-11 20:04,0.8236779226490749,0.0
2013-02-11 20:14,0.7201355008917701,1.7376420150572003
2013-02-11 20:24,0.6306381508279363,0.0
2013-02-11 20:34,0.716604084885879,1.0184182015732215
2013-02-11 20:44,0.748395327409776,1.7252817994284326
2013-02-11 20:54,0.5895731891769334,2.4417619998847613
2013-02-11 21:04,0.5512293162473048,2.6148727086950596
2013-02-12 02:44,0.539023443451865,1.0871803970085085
2013-02-12 02:54,0.476499600332903,3.476948632702706
2013-02-12 03:04,0.571807258606799,0.0
2013-02-12 03:14,0.6386164443610006,1.8100579508066061
2013-02-12 03:24,0.6734046194340114,0.0
2013-02-12 03:34,0.7150569419634798,1.4659624807847
2013-02-12 03:44,0.7012974484525281,1.5279179196126775
2013-02-12 03:54,0.6964024022201248,0.0
2013-02-12 04:04,0.7225342731277572,0.7630329678878316
2013-02-12 04:14,0.9010773643529203,0.6285331582569904
2013-02-12 04:24,0.6659640287725559,0.0
2013-02-12 04:34,0.882454038965524,0.0
2013-02-12 04:44,0.9638434082943087,0.25905155773281113
2013-02-12 04:54,0.7626262026362022,0.0
2013-02-12 05:04,1.0741011863566852,0.0
2013-02-12 05:14,0.8609946401466104,1.6320760694955556
2013-02-12 05:24,1.0543754981355802,0.0
2013-02-12 05:34,1.0203299382571545,0.09248223027750421
2013-02-12 05:44,0.961743025005161,0.3565306858630706
2013-02-12 05:54,1.0842940290590748,0.0
2013-02-12 06:04,0.8855853909772252,0.0
2013-02-12 06:14,1.0865668606339653,0.0
2013-02-12 06:24,1.0361242304038332,0.0
2013-02-12 06:34,1.095269615060388,0.0
2013-02-12 06:44,1.0752036664374163,0.0
2013-02-12 06:54,1.0684024724866426,0.0
2013-02-12 07:04,0.997914316296337,0.10578547718707162
2013-02-12 07:14,1.1455571508307665,0.3627241203090763
2013-02-12 07:24,1.0302147316385803,0.0
2013-02-12 07:34,1.011681787161908,0.9696609849005268
2013-02-12 07:44,1.0382935829899471,0.8524547485420769
2013-02-12 07:54,0.7806051050725882,2.0145153862905456
2013-02-12 08:04,0.8111089318236251,1.8795213469424397
2013-02-12 08:14,0.8024678324463222,0.3397649968213314
2013-02-12 08:24,0.8709894336889479,1.6130160843914954
2013-02-12 08:34,0.7990218489515416,1.9383032209870499
2013-02-12 08:44,0.794465939716491,2.0469925271482423
2013-02-12 08:54,0.6653370527815776,1.691052757139532
2013-02-12 09:04,0.7094788209510517,2.4294337398578603
2013-02-12 09:14,0.512379684336901,3.316401884901381
2013-02-12 09:24,0.6506931826996357,2.693971650359233
2013-02-12 15:14,0.49898199611510313,2.4396066666639418
2013-02-12 15:24,0.4174428620077958,3.74345725647091
2013-02-12 15:34,0.5206213351271629,1.672912371013627
2013-02-12 15:44,0.4434625417819005,1.518136898804739
2013-02-12 15:54,0.613998319426251,1.2527370866200402
2013-02-12 16:04,0.615545881119879,1.2095772918215795
2013-02-12 16:14,0.4978641376223312,3.327965905769319
2013-02-12 16:24,0.6172687702079298,2.785073760117624
2013-02-12 16:34,0.7893637888645003,1.133132990087481
2013-02-12 16:44,0.8836884105774663,0.7087668440267495
2013-02-12 16:54,0.7996528638747809,1.08686620669119
2013-02-12 17:04,0.7237697961226982,0.0
2013-02-12 17:14,0.7771856517118192,1.1878071017377445
2013-02-12 17:24,0.8478924447056407,0.20056305654059733
2013-02-12 17:34,0.7227540107845432,2.369454491607741
2013-02-12 17:44,0.7891577242707506,2.070829173590936
2013-02-12 17:54,0.7040886280246476,1.5166916085704771
2013-02-12 18:04,0.8222649384147452,0.9850892451386766
2013-02-12 18:14,0.8730931094093296,0.7564452206824739
2013-02-12 18:24,0.8580553264169783,0.15507251047659243
2013-02-12 18:34,0.9151346727700763,0.0
2013-02-12 18:44,1.0215413773408961,1.025531195590589
2013-02-12 18:54,0.8393995878422322,1.8450850100620881
2013-02-12 19:04,0.7895509283788075,0.4633407395874765
2013-02-12 19:14,0.8827059053515989,0.0
2013-02-12 19:24,0.8593021787130886,1.6916898483194527
2013-02-12 19:34,0.8299791995329028,1.8213000031161586
2013-02-12 19:44,0.9546843591981348,0.33173363471808714
2013-02-12 19:54,0.7557369465946507,1.222988023875149
2013-02-12 20:04,0.6940319778035888,2.4219327013561105
2013-02-12 20:14,0.6547233406457579,2.59827883142174
2013-02-12 20:24,0.6694339873343822,0.9478786856952127
2013-02-12 20:34,0.5970009801902275,2.8566041373315207
2013-02-12 20:44,0.5868543775401672,2.9014344331573825
2013-02-12 20:54,0.4916220517193673,3.328917279831462
2013-02-12 21:04,0.47048512208501453,3.423539752148806
2013-02-12 21:14,0.43177082761364993,3.597938504262302
2013-02-12 21:24,0.5824282763099596,0.0
2013-02-12 21:34,0.3585463903860826,3.9278271470585846
2013-02-12 21:44,0.4133346159058519,2.7581730720391358
2013-02-13 03:24,0.1740241422992369,3.987733933442514
2013-02-13 03:34,0.3417116099470962,3.234456369707004
2013-02-13 03:44,0.39519183615293374,1.4040931077365277
2013-02-13 03:54,0.3540703758350099,1.9876306240140749
2013-02-13 04:04,0.377070495790293,2.3969339416100484
2013-02-13 04:14,0.34580881180231476,2.4594164168072328
2013-02-13 04:24,0.4267178180119488,1.2032275211706456
2013-02-13 04:34,0.45436485506643964,1.9709631681667
2013-02-13 04:44,0.4508646003717339,2.655751477098168
2013-02-13 04:54,0.6373282314508543,1.1484585193773986
2013-02-13 05:04,0.47886636459463994,2.530030596250912
2013-02-13 05:14,0.5685461867115679,2.126805833886804
2013-02-13 05:24,0.8502327005636199,0.8605110202985713
2013-02-13 05:34,0.848188039659166,0.9630063276579075
2013-02-13 05:44,0.9194334249450701,0.0
2013-02-13 05:54,0.7289814250024018,1.4966223490141137
2013-02-13 06:04,0.7471936559429913,1.4122954299741752
2013-02-13 06:14,0.8242868473485913,0.3801543423490542
2013-02-13 06:24,0.7222303589654242,0.3250943005805638
2013-02-13 06:34,0.7234887742213321,1.5063616766908217
2013-02-13 06:44,0.7470757625183249,1.3246110821089392
2013-02-13 06:54,0.8771444902461739,0.7397619643234629
2013-02-13 07:04,0.7230223951791572,0.0
2013-02-13 07:14,0.6322118008022751,0.0
2013-02-13 07:24,0.8762582026728354,0.07463718843655644
2013-02-13 07:34,0.5913884503917651,2.024632161870197
2013-02-13 07:44,0.7228145968501044,0.0
2013-02-13 07:54,0.5988345559190069,1.991149286673687
2013-02-13 08:04,0.5982264479958702,1.9938875677395242
2013-02-13 08:14,0.54323705003459,1.57204406840643
2013-02-13 08:24,0.3673438624148514,3.032061545451231
2013-02-13 08:34,0.48692758215273163,2.494372453593204
2013-02-13 08:44,0.39269121418999536,5.260051082810784
2013-02-13 08:54,0.4473678093444148,2.6722852392106735
2013-02-13 09:04,0.3754756074127754,2.3264446710782964
2013-02-13 09:14,0.32096605588469673,3.240880775327724
2013-02-13 09:24,0.40140848183290334,2.8791478663541032
2013-02-13 09:34,0.29007481472526664,4.316880388867294
2013-02-13 09:44,0.36545187704450605,3.0410078031132484
2013-02-13 09:54,0.16773988221456795,3.93039816227667
2013-02-13 10:04,0.19713780123619254,3.7985802153988213
2013-02-13 10:14,0.16398841241427142,3.9477667499605755
2013-02-13 15:44,0.05339933119926445,4.530754393145584
2013-02-13 15:54,0.19936338667749468,2.6815268976630047
2013-02-13 16:04,0.24041871927821923,3.6900334689425947
2013-02-13 16:14,0.31317132667545544,2.681319112696737
2013-02-13 16:24,0.24953374428956637,3.6497347358578134
2013-02-13 16:34,0.3517718200665068,2.508234115092186
2013-02-13 16:44,0.3694902907609165,1.5196218731518165
2013-02-13 16:54,0.20088704307453545,3.8689425774622905
2013-02-13 17:04,0.2736915647419299,2.858351997230225
2013-02-13 17:14,0.3983671344291123,1.7838474033739145
2013-02-13 17:24,0.3822680024636509,3.0450086276775328
2013-02-13 17:34,0.4205161900796766,2.189677450008222
2013-02-13 17:44,0.4105808436841204,2.911631728456511
2013-02-13 17:54,0.47618379809341727,2.6137150210472666
2013-02-13 18:04,0.5201640549146581,1.1731470753827191
2013-02-13 18:14,0.5752176223208719,2.0965669897159445
2013-02-13 18:24,0.6106159357177358,1.2681130109609777
2013-02-13 18:34,0.4733106268479751,1.885822100452498
2013-02-13 18:44,0.3741344100723197,3.0011737903862707
2013-02-13 18:54,0.5518660160607654,2.201589090042777
2013-02-13 19:04,0.4437908689865016,2.687780187722247
2013-02-13 19:14,0.6045313159303105,0.7935950185962801
2013-02-13 19:24,0.5557601701206436,1.5148859545629911
2013-02-13 19:34,0.555192315393995,1.5174422841652035
2013-02-13 19:44,0.6435445784122231,1.119983815073995
2013-02-13 19:54,0.5394043029872693,1.0865911398294061
2013-02-13 20:04,0.46073340242326666,2.6115634252181383
2013-02-13 20:14,0.5793679075078301,2.077891825813919
2013-02-13 20:24,0.5453346229691832,2.231017473523754
2013-02-13 20:34,0.5049317064989652,1.7436044429923137
2013-02-13 20:44,0.4898874146790463,1.3093924961281553
2013-02-13 20:54,0.32339781537392726,3.2295585070650548
2013-02-13 21:04,0.3340857101467155,3.1815181050952366
2013-02-13 21:14,0.33298446937779536,2.517284572267003
2013-02-13 21:24,0.34507965818849035,1.9609359829744206
2013-02-13 21:34,0.44499356381187455,0.5533472282537873
2013-02-13 21:44,0.1828836525383709,6.204467089728185
2013-02-13 21:54,0.2913489241965586,3.3743650571031614
2013-02-13 22:04,0.23289346128013189,2.9680512818257423
2013-02-13 22:14,0.2623742514662147,3.5047457301334095
2013-02-13 22:24,0.18892872234661803,3.895204419292596
2013-02-14 03:54,0.14378880798094773,4.129244601155318
2013-02-14 04:04,0.2317623341424499,1.7677828693472282
2013-02-14 04:14,0.18594099941456316,4.785413862783449
2013-02-14 04:24,0.14967847738821793,4.9486791008044815
2013-02-14 04:34,0.30878176517682626,2.6258388069448118
2013-02-14 04:44,0.26582682622132753,2.819242506578168
2013-02-14 04:54,0.49318529095606933,0.903077775605886
2013-02-14 05:04,0.3660689127142216,3.9743421269749124
2013-02-14 05:14,0.46018182044650985,1.9441537527115451
2013-02-14 05:24,0.48754613834726646,0.928477296533071
2013-02-14 05:34,0.5363303432178322,0.7088319464772529
2013-02-14 05:44,0.5392755502903908,1.0860295211356996
2013-02-14 05:54,0.5920826222350478,1.3502854623427467
2013-02-14 06:04,0.6197245190215162,1.2258330828597253
2013-02-14 06:14,0.6619194385099781,0.533845573932994
2013-02-14 06:24,0.6713386249811647,1.6627945147762142
2013-02-14 06:34,0.6841698691538425,0.9356814222497472
2013-02-14 06:44,0.7301057867584078,0.7288630922799942
2013-02-14 06:54,0.7033399604122007,0.0
2013-02-14 07:04,0.7519977455816657,0.6303018914374354
2013-02-14 07:14,0.6922522590612787,0.3972882801488113
2013-02-14 07:24,0.6962339497393366,0.0
2013-02-14 07:34,0.7117172642686934,0.30965082743774286
2013-02-14 07:44,0.855234088825391,0.16549688298186616
2013-02-14 07:54,0.8544160051748394,0.16918079614992593
2013-02-14 08:04,0.5616869585441605,0.0
2013-02-14 08:14,0.7361092989025523,0.0
2013-02-14 08:24,0.7599936590660717,0.0
2013-02-14 08:34,0.8991522571369726,0.0
2013-02-14 08:44,0.7277220297230041,0.0
2013-02-14 08:54,0.7415855264141248,0.17517163334435779
2013-02-14 09:04,0.6243817373353536,1.8742161110897686
2013-02-14 09:14,0.6032063428638288,1.9695539624642102
2013-02-14 09:24,0.5158365426426829,2.362923674089191
2013-02-14 09:34,0.5772362894974473,2.086478072203272
2013-02-14 09:44,0.5925179766784542,0.846319499161554
2013-02-14 09:54,0.4898444564427519,2.47994727053079
2013-02-14 10:04,0.4745228623565009,1.377575597862885
2013-02-14 10:14,0.521161735621657,2.338940785874762
2013-02-14 10:24,0.5721585921887016,1.4399869979529094
2013-02-14 10:34,0.48337690496496294,1.839715305966976
2013-02-14 10:44,0.4507316381880762,1.986695857198699
2013-02-14 16:14,0.2657718057394424,3.4887665399934447
2013-02-14 16:24,0.2935926466814887,3.36351547425496
2013-02-14 16:34,0.39392986919412476,2.9117709095961803
2013-02-14 16:44,0.40965530255518207,2.8409771340715793
2013-02-14 16:54,0.46829670926951716,0.0
2013-02-14 17:04,0.525465442472393,0.0
2013-02-14 17:14,0.5957240387106661,2.0032357470130555
2013-02-14 17:24,0.5970113728633631,0.4356233354175807
2013-02-14 17:34,0.5030037366505234,0.0
2013-02-14 17:44,0.655609438499239,1.064821138186273
2013-02-14 17:54,0.6943788320704095,0.8906417400505197
2013-02-14 18:04,0.7079425485712025,0.0
2013-02-14 18:14,0.7116658609541938,2.4194949205508256
2013-02-14 18:24,0.8382402872419156,0.0
2013-02-14 18:34,0.5997256640687602,0.0
2013-02-14 18:44,0.8903220370358286,0.6784878536909537
2013-02-14 18:54,0.7354836367592225,0.0
2013-02-14 19:04,0.8785139429525443,0.7316481472659849
2013-02-14 19:14,0.8221197179123346,0.9854545784368757
2013-02-14 19:24,0.8761186863265377,0.742442854251923
2013-02-14 19:34,0.9102718399716262,0.5887486907230476
2013-02-14 19:44,0.8159977496694206,0.0
2013-02-14 19:54,0.9058193500324601,0.6088060998678345
2013-02-14 20:04,0.7726657767999844,0.0
2013-02-14 20:14,0.7898978213330303,0.0
2013-02-14 20:24,0.8124302829817036,0.3597853128474289
2013-02-14 20:34,0.5730658210238684,0.0
2013-02-14 20:44,0.766365329999271,1.2363993026000792
2013-02-14 20:54,0.8013960813993013,0.40946280389766876
2013-02-14 21:04,0.7243602972957933,0.7561291385696526
2013-02-14 21:14,0.656126121995028,1.063181771740029
2013-02-14 21:24,0.582005850683718,0.8947506936367032
2013-02-14 21:34,0.6215050756138051,1.2189721113730048
2013-02-14 21:44,0.5507837720378165,2.2065060554562845
2013-02-14 21:54,0.5545903284593025,1.5200846980489073
2013-02-14 22:04,0.5330624585136691,2.28624867821904
2013-02-14 22:14,0.4974510224000441,2.446504257470154
2013-02-14 22:24,0.4794412323892031,2.5275550473047343
2013-02-14 22:34,0.4895905590603035,2.4818895496897753
2013-02-14 22:44,0.31926615006914455,4.185414953074744
2013-02-14 22:54,0.30940726840852817,4.229808232320895
2013-02-14 23:04,0.42615394291303077,2.0980904866866297
2013-02-15 04:34,0.29776750519936973,2.7513678818793106
2013-02-15 04:44,0.3331031634908518,3.272569157102158
2013-02-15 04:54,0.3644661411253695,2.4485022827483958
2013-02-15 05:04,0.42187209304873935,2.1879546732843105
2013-02-15 05:14,0.5229481308114601,1.2191267741964849
2013-02-15 05:24,0.5009163944754349,1.8258458458861329
2013-02-15 05:34,0.6713293267668793,0.9947412109745886
2013-02-15 05:44,0.5103216202412687,1.7192971911467105
2013-02-15 05:54,0.5235038537512102,1.659979045616206
2013-02-15 06:04,0.5593268593980463,2.168081640150616
2013-02-15 06:14,0.6441859794717425,0.6152528399631402
2013-02-15 06:24,0.7848812096271125,0.0
2013-02-15 06:34,0.6820903845375603,0.44473881536797033
2013-02-15 06:44,0.6370000972736161,1.1493683670844745
2013-02-15 06:54,0.6504709845671869,1.0887732006798996
2013-02-15 07:04,0.8635000393570623,0.7997775481382752
2013-02-15 07:14,0.8392450756873994,0.9088927148524899
2013-02-15 07:24,0.829188646000579,0.9541364776514829
2013-02-15 07:34,0.8149178321906285,0.0
2013-02-15 07:44,0.8083609510274017,0.45647744761111086
2013-02-15 07:54,0.8039203405519086,0.0
2013-02-15 08:04,0.797225765728583,0.5038791217162583
2013-02-15 08:14,0.8226846095113479,1.0698462542295148
2013-02-15 08:24,0.7371788858248131,0.0
2013-02-15 08:34,0.6996201791304277,1.6212854974375175
2013-02-15 08:44,0.7903951799948058,1.2120729269099682
2013-02-15 08:54,0.6976453653425547,0.947604864861575
2013-02-15 09:04,0.7164159301153346,0.0
2013-02-15 09:14,0.6666839645992523,0.5794886192833768
2013-02-15 09:24,0.5620912587521673,1.0528080280678223
2013-02-15 09:34,0.5866867227431829,1.4572555208413458
2013-02-15 09:44,0.6650294484070821,0.668332546068306
2013-02-15 09:54,0.5751627932825231,1.0776873725272644
2013-02-15 10:04,0.4466480503011146,2.881568774052171
2013-02-15 10:14,0.4860135833084557,2.7036064567242284
2013-02-15 10:24,0.4639927187054795,1.5794475132859611
2013-02-15 10:34,0.5242975671724224,1.3074733597953783
2013-02-15 10:44,0.4130946252350416,2.417627595574237
2013-02-15 10:54,0.36303036758412655,3.3573955210290762
2013-02-15 11:04,0.27690223659293356,3.7508164261551444
2013-02-15 11:14,0.32378656754643426,2.300465433514722
2013-02-15 11:24,0.3048462603717323,1.6422197450547287
2013-02-15 16:44,0.27410453909116717,2.8424325936382973
2013-02-15 16:54,0.23748467495669365,3.576502707654981
2013-02-15 17:04,0.3334515540432491,3.1346111063478936
2013-02-15 17:14,0.4330090024875187,2.1015367794704023
2013-02-15 17:24,0.5467355622602067,1.5841012799974836
2013-02-15 17:34,0.54188712857478,1.59985917417732
2013-02-15 17:44,0.35035918872605837,3.798786677971195
2013-02-15 17:54,0.5320051210564735,2.3103708841990893
2013-02-15 18:04,0.5136745018821396,2.5063834030541305
2013-02-15 18:14,0.4383529129284228,2.8446623630167984
2013-02-15 18:24,0.46548957811834263,2.7221273337606635
2013-02-15 18:34,0.7085547164272087,1.0245071149387548
2013-02-15 18:44,0.6792267243410353,0.6852093533236059
2013-02-15 18:54,0.6633048562140332,1.6098749230692568
2013-02-15 19:04,0.7976922458252257,0.4325888524813387
2013-02-15 19:14,0.755460553325743,0.1755677941947763
2013-02-15 19:24,0.85272269064391,0.18659305222068412
2013-02-15 19:34,0.7899531252421773,0.022461409641461996
2013-02-15 19:44,0.7587149341872712,1.184400267605519
2013-02-15 19:54,0.6169077137554547,1.822066481196809
2013-02-15 20:04,0.6634115097090596,1.6145788875760632
2013-02-15 20:14,0.6943534596629881,2.2463954505525363
2013-02-15 20:24,0.7927921975861275,1.125116257186941
2013-02-15 20:34,0.7598166966555308,0.685773154942903
2013-02-15 20:44,0.6664732891708947,0.6483180641250907
2013-02-15 20:54,0.5863213311949198,2.8291828703064814
2013-02-15 21:04,0.6276742364092229,2.642827584022509
2013-02-15 21:14,0.8351298461890221,0.3453991928601313
2013-02-15 21:24,0.49226383501211646,3.352900286065326
2013-02-15 21:34,0.48351573341168896,2.0045774604187856
2013-02-15 21:44,0.6121184731176524,1.4306012810037407
2013-02-15 21:54,0.7349434605792485,0.4177491949126857
2013-02-15 22:04,0.5452152285533516,2.338404279986841
2013-02-15 22:14,0.5054263192639787,2.5221342918236127
2013-02-15 22:24,0.44956592160568015,2.7781072998763796
2013-02-15 22:34,0.41716565604618244,2.3282347294920767
2013-02-15 22:44,0.25498915502698943,4.463592823875166
2013-02-15 22:54,0.34706852908304675,2.651714764299888
2013-02-15 23:04,0.19620358045873626,4.739954522980669
2013-02-15 23:14,0.3092572719456798,2.8333671840243686
2013-02-15 23:24,0.24994611257809785,3.711602485389648
2013-02-15 23:34,0.08141975128615243,5.280558696224108
2013-02-16 05:04,0.12141310684617102,4.336705252464934
2013-02-16 05:14,0.11860222373997129,5.187245736485838
2013-02-16 05:24,0.3129838480999937,3.5191114669597265
2013-02-16 05:34,0.3871782725026041,1.7155562804752973
2013-02-16 05:44,0.35459056028592023,3.4021298321637494
2013-02-16 05:54,0.17036330229402621,4.212432259729461
2013-02-16 06:04,0.385531965228631,3.1513209404172717
2013-02-16 06:14,0.31904224395722836,3.4376639395234667
2013-02-16 06:24,0.4070404475534288,3.0323502071493493
2013-02-16 06:34,0.4400929181956121,2.269523926327061
2013-02-16 06:44,0.4451336329281636,2.2418338808397813
2013-02-16 06:54,0.4344362162168876,3.698653119879159
2013-02-16 07:04,0.5219953798555806,1.4198849145248167
2013-02-16 07:14,0.5233935973677815,2.4875352437958944
2013-02-16 07:24,0.37912561678143275,2.5282730994769413
2013-02-16 07:34,0.4040518579512413,3.825113672505063
2013-02-16 07:44,0.5814388534935893,1.6146753743516822
2013-02-16 07:54,0.4016017332306193,3.826614757713895
2013-02-16 08:04,0.6391936384372535,1.3487466358359816
2013-02-16 08:14,0.47685870173811656,2.076809824954809
2013-02-16 08:24,0.3997888327679937,3.8277620668023813
2013-02-16 08:34,0.5464532848219591,1.761606086906909
2013-02-16 08:44,0.8624707109198447,0.2539075529448436
2013-02-16 08:54,0.6879760047466431,1.0388067203940754
2013-02-16 09:04,0.5923576622547598,2.06011373667859
2013-02-16 09:14,0.4927005198190617,2.5106063409183847
2013-02-16 09:24,0.4762880465865744,2.5868084599054355
2013-02-16 09:34,0.460199431672554,2.6610609260654963
2013-02-16 09:44,0.4952659063972912,3.293358780869486
2013-02-16 09:54,0.4596424017509785,2.666236975182882
2013-02-16 10:04,0.541485751120002,2.3012388459481414
2013-02-16 10:14,0.2487421577480801,4.4134070512096
2013-02-16 10:24,0.446122539408696,2.742707815073705
2013-02-16 10:34,0.4178688491278895,2.877309713704608
2013-02-16 10:44,0.17658472591169025,4.764284008496119
2013-02-16 10:54,0.6563790164737405,1.8235324276132305
2013-02-16 11:04,0.2713222461043508,3.5663654367689834
2013-02-16 11:14,0.19656282113897605,3.9199417671718138
2013-02-16 11:24,0.0401921272511034,5.444979743398681
2013-02-16 11:34,0.23835809676860234,3.7702548494049775
2013-02-16 11:44,0.0,5.735167682327668
2013-02-16 11:54,0.0,5.751293424115839
2013-02-16 12:04,0.10798619569646656,4.449501598309216
2013-02-16 17:14,0.0043269355263510995,4.867013804083525
2013-02-16 17:24,0.0,4.882283252803323
2013-02-16 17:34,0.0,4.884084606446808
2013-02-16 17:44,0.03368919471399791,4.649734201697548
2013-02-16 17:54,0.17115290569025066,2.9703806203541125
2013-02-16 18:04,0.18519289562980087,3.3811372270643436
2013-02-16 18:14,0.11651589881435234,4.213407271084618
2013-02-16 18:24,0.22942957192445032,3.7127824556471394
2013-02-16 18:34,0.20112367466266295,3.8452231842439373
2013-02-16 18:44,0.3884993039912743,2.4130540483736147
2013-02-16 18:54,0.27832639135132065,2.4486157066850387
2013-02-16 19:04,0.0,5.545420690994792
2013-02-16 19:14,0.18077591364629605,4.7334008429277645
2013-02-16 19:24,0.38607864965277133,3.014544587618265
2013-02-16 19:34,0.4857572385871374,1.5077460699605632
2013-02-16 19:44,0.2190682489180569,3.7570457952511216
2013-02-16 19:54,0.35727082877976846,2.5393118158403953
2013-02-16 20:04,0.3719099879855639,2.010738932720205
2013-02-16 20:14,0.3273161588085046,2.671025560913284
2013-02-16 20:24,0.24795191289252333,4.407911073417333
2013-02-16 20:34,0.2276333889111934,3.118040692688355
2013-02-16 20:44,0.1757244517396888,4.731072686236898
2013-02-16 20:54,0.192456718633017,3.2749791230160454
2013-02-16 21:04,0.4984071610092555,0.3064638898033962
2013-02-16 21:14,0.4762482716849656,1.9961446867749812
2013-02-16 21:24,0.1708370216383486,4.745900711828147
2013-02-16 21:34,0.09750918232687207,5.0733632903451005
2013-02-16 21:44,0.08022239208396202,5.149005554743924
2013-02-16 21:54,0.23445837241515746,3.6668048435499467
2013-02-16 22:04,0.26923996392809985,2.460782863978128
2013-02-16 22:14,0.13392895198243485,4.11863932738667
2013-02-16 22:24,0.17815897248054516,3.3301074523275287
2013-02-16 22:34,0.060794154120398534,4.448307632483906
2013-02-16 22:44,0.03171330990615052,4.579330415829097
2013-02-16 22:54,0.08495935103203545,4.3401121092334805
2013-02-16 23:04,0.11807531041248845,4.191195350318504
2013-02-16 23:14,0.0,5.505805598724331
2013-02-16 23:24,0.21669354083726958,2.6974034623438086
2013-02-16 23:34,0.0,4.715835700879395
2013-02-16 23:44,0.0,4.223832521578338
2013-02-17 00:04,0.0,5.7340780762113654
2013-02-17 00:14,0.0,4.937412436754817
2013-02-17 00:24,0.0,4.335645441818705
2013-02-17 05:24,0.0,4.729058595537644
2013-02-17 05:34,0.0,4.206985064382517
2013-02-17 05:44,0.020213376535410176,4.641009122691165
2013-02-17 05:54,0.13958687297432495,3.577284631299976
2013-02-17 06:04,0.06842935755189342,4.420345290473153
2013-02-17 06:14,0.03135218208581926,4.584181580164586
2013-02-17 06:24,0.0035086994831794193,5.381253004371124
2013-02-17 06:34,0.12753825366038954,3.5176925580748115
2013-02-17 06:44,0.18277219821241114,3.781115969070177
2013-02-17 06:54,0.0,6.126131400280474
2013-02-17 07:04,0.0,5.256470988764164
2013-02-17 07:14,0.1107692689264301,4.106129343775221
2013-02-17 07:24,0.03934250036796136,5.085310123363376
2013-02-17 07:34,0.20329925654756828,3.690691143144654
2013-02-17 07:44,0.255930115552888,2.942662761420615
2013-02-17 07:54,0.0,7.349891538274905
2013-02-17 08:04,0.20426338311513623,3.560300593436008
2013-02-17 08:14,0.21315356841794353,3.2966767161011585
2013-02-17 08:24,0.0,6.781697538347869
2013-02-17 08:34,0.28665383470925326,2.7268987705318444
2013-02-17 08:44,0.27714332521245494,1.877100237534301
2013-02-17 08:54,0.21480398880285526,2.4576224129294335
2013-02-17 09:04,0.23955290888019537,2.206279181902614
2013-02-17 09:14,0.14847524026296582,3.0855661421997502
2013-02-17 09:24,0.0,5.252874071288042
2013-02-17 09:34,0.0,5.248841656709819
2013-02-17 09:44,0.1960000637562835,2.4025366961785464
2013-02-17 09:54,0.0,5.251681838631473
2013-02-17 10:04,0.0,5.247534580655272
2013-02-17 10:14,0.0,5.2457529423183065
2013-02-17 10:24,0.14268660811993514,2.6371922711174376
2013-02-17 10:34,0.013031120168775886,4.3112676354420305
2013-02-17 10:44,0.0008658605510389461,4.364479022026662
2013-02-17 10:54,0.06203682504870399,3.4642975523280537
2013-02-17 11:04,0.11413302588294356,2.7615863123524744
2013-02-17 11:14,0.0,4.365772679153716
2013-02-17 11:24,0.16609159945619834,2.163275947020372
2013-02-17 11:34,0.06481688518323699,3.448951289188671
2013-02-17 11:44,0.0,4.357828022439147
2013-02-17 11:54,0.04736685136698265,3.6096904032519883
2013-02-17 12:04,0.0,5.330593307343569
2013-02-17 12:14,0.0,5.332750284507485
2013-02-17 12:24,0.0,5.3414655287997075
2013-02-17 12:34,0.0,5.466949396647711
2013-02-17 12:44,0.013883797926607195,3.859970468493491
2013-02-17 12:54,0.0,4.559243811268165
2013-02-17 17:34,0.12926665448595523,3.3521630617808924
2013-02-17 17:44,0.0277687530211591,4.461659237068931
2013-02-17 17:54,0.05324882874097277,4.344390571095878
2013-02-17 18:04,0.08977550604499981,3.523699296978726
2013-02-17 18:14,0.2017537689204926,1.3826604202496802
2013-02-17 18:24,0.06700090493905136,4.276995493354028
2013-02-17 18:34,0.1620504020446033,3.847672348665196
2013-02-17 18:44,0.0819321277371692,4.206261588977126
2013-02-17 18:54,0.2879781701425816,0.8154335767487043
2013-02-17 19:04,0.056033477986884093,4.319501840830409
2013-02-17 19:14,0.258355788085797,2.7551799434022723
2013-02-17 19:24,0.13163648446324247,3.324393582734902
2013-02-17 19:34,0.14246716652000702,3.9306951754833226
2013-02-17 19:44,0.1489013644400757,3.9033129511618476
2013-02-17 19:54,0.29884877833861784,0.9429315058885721
2013-02-17 20:04,0.16517659530331075,3.1754282182811697
2013-02-17 20:14,0.13115709403847578,3.9809601490051865
2013-02-17 20:24,0.19362466990059285,3.6995294051374703
2013-02-17 20:34,0.27984363387024985,2.1688349460372365
2013-02-17 20:44,0.10227954809689548,4.109413140482226
2013-02-17 20:54,0.21197571071146468,2.962927918854808
2013-02-17 21:04,0.11029725555073959,4.071583226626295
2013-02-17 21:14,0.2491770787396335,3.447127080504418
2013-02-17 21:24,0.19875341389466467,2.5320336972734445
2013-02-17 21:34,0.15663742065445185,3.8634740406683075
2013-02-17 21:44,0.23167457635106234,3.5261273176318113
2013-02-17 21:54,0.15364748711168752,3.8771202560985576
2013-02-17 22:04,0.2275081941018582,3.5438141546784725
2013-02-17 22:14,0.09733662786197607,4.126079208473784
2013-02-17 22:24,0.1347340820127832,3.954662173687777
2013-02-17 22:34,0.08932283349466223,4.943787971470752
2013-02-17 22:44,0.18618530141543435,3.6139509003758157
2013-02-17 22:54,0.17415834103481975,3.664722472652681
2013-02-17 23:04,0.058192465274584236,4.184577442346577
2013-02-17 23:14,0.20830620147047982,3.510351219302986
2013-02-17 23:24,0.12422466154412751,3.889345525317044
2013-02-17 23:34,0.07970542018513171,4.090455741128313
2013-02-17 23:44,0.12276811194964517,3.8977354360205174
2013-02-18 00:04,0.1775362652011226,3.01631225645367
2013-02-18 00:14,0.12050155708206023,3.9064873958907764
2013-02-18 00:24,0.12888659997307772,3.8669845752934204
2013-02-18 00:34,0.1944235673755749,3.4786618619085696
2013-02-18 00:44,0.23269876753450944,1.1299315794255955
2013-02-18 00:54,0.131178283199917,3.1417207847818927
2013-02-18 01:04,0.16332675921552514,2.9974633838968288
2013-02-18 01:14,0.09580880162846206,3.302178716396752
2013-02-18 01:24,0.023561534527310392,4.253080228273171
2013-02-18 06:04,0.11263846221486444,3.910137390034572
2013-02-18 06:14,0.024634520834569,5.189411625419102
2013-02-18 06:24,0.056469369056596934,5.045364240004219
2013-02-18 06:34,0.09849604889937116,4.854353355500416
2013-02-18 06:44,0.12716488573528723,3.839922408305128
2013-02-18 06:54,0.16383749608407136,3.671459242520071
2013-02-18 07:04,0.16548273590441473,3.028721379731858
2013-02-18 07:14,0.2222721832417836,2.730065199365835
2013-02-18 07:24,0.06688348439677899,4.037408391476459
2013-02-18 07:34,0.16096704406280232,3.601569742434641
2013-02-18 07:44,0.17991903302158962,3.5045227551563656
2013-02-18 07:54,0.2634211032936151,3.118483504018122
2013-02-18 08:04,0.31458673983241525,2.88122094948322
2013-02-18 08:14,0.1745522192247861,4.36543149069325
2013-02-18 08:24,0.22475098077077663,4.1348104229292115
2013-02-18 08:34,0.2531127126249828,3.145498214290642
2013-02-18 08:44,0.19628507029994538,3.396765090428264
2013-02-18 08:54,0.2889976005419867,2.9755076318141187
2013-02-18 09:04,0.2389067944698225,4.052565335864848
2013-02-18 09:14,0.3991699167410183,2.47731556784491
2013-02-18 09:24,0.39116998428332334,2.513240988621423
2013-02-18 09:34,0.28591986026777066,2.986452278470631
2013-02-18 09:44,0.15592693389468856,4.425233133405199
2013-02-18 09:54,0.2842251389152437,3.8478540819267386
2013-02-18 10:04,0.35622468797769385,2.6698817015631304
2013-02-18 10:14,0.37143367912004766,2.6025876563002264
2013-02-18 10:24,0.29618140756924166,3.796874509066979
2013-02-18 10:34,0.21759544990405716,4.151496501248204
2013-02-18 10:44,0.2931896933744317,2.957467299362561
2013-02-18 10:54,0.21722254251242623,4.155275630047123
2013-02-18 11:04,0.4357467960172588,2.317846984648616
2013-02-18 11:14,0.2330422596683405,3.2879625881045977
2013-02-18 11:24,0.26255320780184144,3.158016527900812
2013-02-18 11:34,0.15290200852364275,3.6536526949190007
2013-02-18 11:44,0.25706307162480796,4.056243409523247
2013-02-18 11:54,0.20363115359450912,4.2991939663038075
2013-02-18 12:04,0.27746786748450436,3.1006909574829926
2013-02-18 12:14,0.18254185229165584,3.530195725341251
2013-02-18 12:24,0.26980860474374946,4.0109807713383585
2013-02-18 12:34,0.20477331629996717,3.5258944705591184
2013-02-18 12:44,0.1319772722370642,4.7474419078034025
2013-02-18 12:54,0.20361423951166646,4.429947250908414
2013-02-18 13:04,0.11539537712656024,4.831455547513308
2013-02-18 13:14,0.3677460093662607,0.7800463776224977
2013-02-18 13:24,0.12491553097220863,4.798135730646224
2013-02-18 13:34,0.28064256342301175,3.306535971757611
2013-02-18 13:44,0.2933725159836456,2.5999616355635813
2013-02-18 13:54,0.08041612333579924,5.13040517079379
2013-02-18 18:14,0.17950376881370173,3.7918778368101633
2013-02-18 18:24,0.1519154975293974,3.2585102226834097
2013-02-18 18:34,0.1488605790891114,3.9287649039280965
2013-02-18 18:44,0.12049737042845089,4.975493671025332
2013-02-18 18:54,0.16989400962073492,3.8330142739189315
2013-02-18 19:04,0.21065442478647667,3.736091600212881
2013-02-18 19:14,0.23799494942867766,3.613067359900263
2013-02-18 19:24,0.22790598512924545,3.6584477343459274
2013-02-18 19:34,0.3028067154876918,2.652326438839143
2013-02-18 19:44,0.22709752163247587,3.6620606506185855
2013-02-18 19:54,0.2630915861413894,3.5001061513670684
2013-02-18 20:04,0.23667720852641666,3.618937797509927
2013-02-18 20:14,0.2858955712815056,2.728384208542961
2013-02-18 20:24,0.25534527430568976,3.534932618465162
2013-02-18 20:34,0.3033561824462482,2.6498175142694564
2013-02-18 20:44,0.2462382457279201,3.5758898686537526
2013-02-18 20:54,0.33343487384752446,3.1835830897083306
2013-02-18 21:04,0.07383239176628308,5.288267342237503
2013-02-18 21:14,0.18792862995798035,4.774939670247326
2013-02-18 21:24,0.3080180873102065,3.2979166572775793
2013-02-18 21:34,0.40113481566898174,2.8789840490093237
2013-02-18 21:44,0.2917060405495838,2.200378151152813
2013-02-18 21:54,0.3389848316755255,3.0662447882373933
2013-02-18 22:04,0.4038003599393644,2.7743882004934752
2013-02-18 22:14,0.2711395883051438,3.370988259449751
2013-02-18 22:24,0.34172562596573725,3.9712955515143045
2013-02-18 22:34,0.30287217416457307,2.571968950633527
2013-02-18 22:44,0.27021057227869627,4.292459815903757
2013-02-18 22:54,0.5171056277062657,0.0
2013-02-18 23:04,0.18189664524780438,4.687808383481087
2013-02-18 23:14,0.3370666214000344,3.0688103834325458
2013-02-18 23:24,0.2951442017361007,3.2541613873556186
2013-02-18 23:34,0.22338820476764726,3.573675159630366
2013-02-18 23:44,0.1757219996805555,4.698406788232401
2013-02-19 00:04,0.24699068741318714,2.805926563625412
2013-02-19 00:14,0.24550075568553367,4.379409251815674
2013-02-19 00:24,0.29408456588207477,3.247119128023345
2013-02-19 00:34,0.11832434765324484,4.951573979068795
2013-02-19 00:44,0.20730144565081074,3.637592833571681
2013-02-19 00:54,0.26106044368023423,3.396460996971392
2013-02-19 01:04,0.25520634323094976,3.4231407167951637
2013-02-19 01:14,0.3590369291743616,2.3033819322630222
2013-02-19 01:24,0.17690200811679666,3.7761023621047944
2013-02-19 01:34,0.14686748051952736,3.911567911010824
2013-02-19 01:44,0.08590307877937159,5.100678818637405
2013-02-19 01:54,0.11855493729884066,4.039644382399049
2013-02-19 02:04,0.28045125906325036,1.2324723862380005
2013-02-19 02:14,0.2303449926563324,2.8813338593766433
2013-02-19 02:24,0.02385205823049882,5.374776626585878
2013-02-19 02:34,0.16477068815872714,3.7229679337369537
2013-02-19 02:44,0.18735316739546204,2.980899556618308
2013-02-19 06:54,0.08048603570849058,4.963605964147537
2013-02-19 07:04,0.17669820790566104,3.5671961625841875
2013-02-19 07:14,0.1845626982117797,2.908179464154989
2013-02-19 07:24,0.23063907519549617,3.323678419210254
2013-02-19 07:34,0.13322791242139548,4.634014108815243
2013-02-19 07:44,0.2395322986578159,2.660805980672921
2013-02-19 07:54,0.1599935044748135,3.6420133953876435
2013-02-19 08:04,0.16555197366004495,4.489248663486638
2013-02-19 08:14,0.25829020877650516,3.198640162136523
2013-02-19 08:24,0.15092499786264854,4.551928625200139
2013-02-19 08:34,0.17937472402130253,4.421993130048654
2013-02-19 08:44,0.25196795492897206,3.2221578067521004
2013-02-19 08:54,0.38782305455186006,0.43236442651800544
2013-02-19 09:04,0.21881292977526595,3.3670036209197263
2013-02-19 09:14,0.15555820637073345,3.6491485055923087
2013-02-19 09:24,0.19510189282192045,4.337888105795927
2013-02-19 09:34,0.12800736579648228,4.636173023518862
2013-02-19 09:44,0.25555086589295756,4.058601282572745
2013-02-19 09:54,0.2806238014393871,3.02033613747463
2013-02-19 10:04,0.32060058307962364,0.8924485091579452
2013-02-19 10:14,0.1508246326435554,4.453910552674242
2013-02-19 10:24,0.2998087236605757,2.315293867896145
2013-02-19 10:34,0.31678628736366626,2.8468214674942383
2013-02-19 10:44,0.2983177538050024,2.9271392217879395
2013-02-19 10:54,0.2997698140711813,3.771068787378304
2013-02-19 11:04,0.40320772948228584,2.450342745693347
2013-02-19 11:14,0.2885725491288157,2.9640227224929707
2013-02-19 11:24,0.3116359214028188,3.7104835639069362
2013-02-19 11:34,0.3737251867355749,3.4291474742908585
2013-02-19 11:44,0.30716909349908295,2.87511057096789
2013-02-19 11:54,0.2457077369374818,4.000827798972345
2013-02-19 12:04,0.3895400595472522,3.352478011315018
2013-02-19 12:14,0.25619078286978847,5.227056547057257
2013-02-19 12:24,0.3943685104194626,0.5457975113565451
2013-02-19 12:34,0.27347708463898834,3.8717919053138345
2013-02-19 12:44,0.307430142885013,2.8681927893515122
2013-02-19 12:54,0.13732752688598115,5.757635289571859
2013-02-19 13:04,0.30386053338651203,3.732928519650151
2013-02-19 13:14,0.23049164485800513,4.061905710867452
2013-02-19 13:24,0.214511167400423,5.407041577971864
2013-02-19 13:34,0.3295128440939867,3.614433278941624
2013-02-19 13:44,0.23986246298947275,3.167333713913257
2013-02-19 13:54,0.24578479786116042,3.989004171603268
2013-02-19 14:04,0.26410134322015655,3.9025428077914293
2013-02-19 14:14,0.2567011929619955,3.940734365499884
2013-02-19 14:24,0.30938351204550607,2.863661892267633
2013-02-19 14:34,0.2668064150826339,3.81689612475098
2013-02-19 14:44,0.4378845630685594,0.29259215230134544
2013-02-19 14:54,0.3127850384771968,2.6092071511471007
2013-02-19 15:04,0.3744941294803175,2.1780246500904994
2013-02-19 15:14,0.2463778620226971,3.455842757339782
2013-02-19 15:24,0.2763901774640473,3.3224954197267924
2013-02-19 15:34,0.20826122354409812,4.772427947837937
2013-02-19 15:44,0.40720407029098116,0.24514216079220472
2013-02-19 19:14,0.3354443658219934,3.045573782086757
2013-02-19 19:24,0.2859917351278326,3.26937251798766
2013-02-19 19:34,0.32244122039250417,3.1067416638364818
2013-02-19 19:44,0.2687933094593524,3.3491049916247495
2013-02-19 19:54,0.39809368126443273,2.768651772967896
2013-02-19 20:04,0.3147766619772479,2.38450524227301
2013-02-19 20:14,0.3161288551098029,3.1388598395026945
2013-02-19 20:24,0.3676895263970054,2.996672974292139
2013-02-19 20:34,0.40252534924798833,3.03009653998491
2013-02-19 20:44,0.3510120831275435,2.4604495806053355
2013-02-19 20:54,0.33493942403257365,2.5386108988873852
2013-02-19 21:04,0.35307779807549267,3.27670290695737
2013-02-19 21:14,0.3324903076016143,3.4840608014270957
2013-02-19 21:24,0.4178539153796629,3.114387615294532
2013-02-19 21:34,0.39075088718553924,3.250816982688039
2013-02-19 21:44,0.3482749023169652,3.455475608702547
2013-02-19 21:54,0.28519660299373295,3.751931076340438
2013-02-19 22:04,0.38053120771916005,2.55336985002909
2013-02-19 22:14,0.538687651139281,2.6943955998876175
2013-02-19 22:24,0.37191799560783406,3.442784829933962
2013-02-19 22:34,0.5149143562548745,0.008262350468805631
2013-02-19 22:44,0.5543274753141689,0.0
2013-02-19 22:54,0.4272140810171369,3.180358282655877
2013-02-19 23:04,0.27944054150084036,3.8395639209514103
2013-02-19 23:14,0.4102360836820578,3.2510739572825575
2013-02-19 23:24,0.44837879173341555,3.0807250409233253
2013-02-19 23:34,0.3332240225381971,2.7507544913677195
2013-02-19 23:44,0.33429966584353943,3.5979847147140656
2013-02-20 00:04,0.40335045096554745,3.2906919250413695
2013-02-20 00:14,0.41315755475262195,3.2475755366875982
2013-02-20 00:24,0.2921410983297841,2.9416866228681244
2013-02-20 00:34,0.2150499135383724,4.140275742075151
2013-02-20 00:44,0.2748695054578685,3.02046955906088
2013-02-20 00:54,0.3519677829382712,3.525306970777045
2013-02-20 01:04,0.2815941392681788,3.8415380634906273
2013-02-20 01:14,0.34520646919965614,3.554665798767951
2013-02-20 01:24,0.3137398143046641,2.8440715757872717
2013-02-20 01:34,0.2851335635079427,3.9150997218970884
2013-02-20 01:44,0.2774133016928284,3.952227448269187
2013-02-20 01:54,0.4099320703336615,3.358702220410503
2013-02-20 02:04,0.2977728393088457,2.997685747152551
2013-02-20 02:14,0.24248435482898462,3.2478017826361945
2013-02-20 02:24,0.2864659848269839,3.919463392175358
2013-02-20 02:34,0.17743626993135123,3.5420089887231665
2013-02-20 02:44,0.37642560302021094,2.6473259561386167
2013-02-20 02:54,0.2552453692835491,3.191966729743277
2013-02-20 03:04,0.1545589812649577,4.512689821952154
2013-02-20 03:14,0.24375165812354074,4.11244528582247
2013-02-20 03:24,0.19816619733569404,3.449960471111492
2013-02-20 03:34,0.24807778709149367,4.094522220078457
2013-02-20 03:44,0.27086927845321446,3.124436030681657
2013-02-20 03:54,0.22449008756214675,3.2494860329271686
2013-02-20 04:04,0.3487975470501216,2.6913356081683397
2013-02-20 04:14,0.13328986464671072,4.51292217659152
2013-02-20 04:24,0.3222896488357315,2.811452524813711
2013-02-20 08:24,0.1777463873952614,3.8843293983082994
2013-02-20 08:34,0.18900040333934662,3.833757986977669
2013-02-20 08:44,0.29244585948637675,3.368505893722001
2013-02-20 08:54,0.36991823071524044,2.35190941427089
2013-02-20 09:04,0.27808654385263426,3.4343864070190926
2013-02-20 09:14,0.2628339904606415,3.4299970968875164
2013-02-20 09:24,0.11201618827114908,5.031595012764753
2013-02-20 09:34,0.2641471719064674,2.8274534687382777
2013-02-20 09:44,0.15369098776438705,3.9935362245486696
2013-02-20 09:54,0.15800734335446306,3.974092533226888
2013-02-20 10:04,0.16363544949008382,3.9487414483384096
2013-02-20 10:14,0.3352998451158005,3.1765747910656255
2013-02-20 10:24,0.21488667643958842,3.718135181676088
2013-02-20 10:34,0.3618574333991652,3.057064446215502
2013-02-20 10:44,0.24869071288176156,3.56602046515334
2013-02-20 10:54,0.23169613095806715,3.642421762857812
2013-02-20 11:04,0.2959171274681343,3.3533463517907984
2013-02-20 11:14,0.238769644726034,3.610280769727835
2013-02-20 11:24,0.1851563388932803,4.788096018226825
2013-02-20 11:34,0.17604751092951493,3.892242386534575
2013-02-20 11:44,0.2858335372616635,2.7294483702906023
2013-02-20 11:54,0.34524004132237346,3.131414218179669
2013-02-20 12:04,0.2424173663082845,3.5937177418080433
2013-02-20 12:14,0.2650067726770869,3.4921263274797467
2013-02-20 12:24,0.27125380430413537,3.464019770949703
2013-02-20 12:34,0.13767614464617386,4.064610564598332
2013-02-20 12:44,0.13640397578129612,4.070317931086793
2013-02-20 12:54,0.21522924031025611,3.7155852610311064
2013-02-20 13:04,0.2268512552966442,3.663333770222795
2013-02-20 13:14,0.21055257660869262,3.7366111029958597
2013-02-20 13:24,0.2053798390421991,3.759867246592818
2013-02-20 13:34,0.16312981964302786,3.949819376483579
2013-02-20 13:44,0.2897415399055584,3.3805849412096256
2013-02-20 13:54,0.1840909859200003,3.8555799362199505
2013-02-20 14:04,0.18849279012109696,3.8357898368247114
2013-02-20 14:14,0.1700772428588148,3.9188252495287332
2013-02-20 14:24,0.3468384488255794,3.124081150338119
2013-02-20 14:34,0.1762998070920552,3.8908828616359328
2013-02-20 14:44,0.15597999645634003,3.982287624604283
2013-02-20 14:54,0.2143927932532252,3.7196942943381766
2013-02-20 15:04,0.20527481446222062,3.7607475224940834
2013-02-20 15:14,0.11842756142191666,4.151316477718609
2013-02-20 15:24,0.10979504074172018,4.190197768315471
2013-02-20 15:34,0.2050109790138052,3.7621097303253292
2013-02-20 15:44,0.15614995418993327,3.9822811785018906
2013-02-20 15:54,0.11482474994217061,4.168195199048189
2013-02-20 16:04,0.11083397028312182,4.264817127210272
2013-02-20 16:14,0.07073411376157884,4.447994035054325
2013-02-20 16:24,0.03560078514960827,4.608914776581779
2013-02-20 16:34,0.06438308944608984,4.482476305084041
2013-02-20 16:44,0.12429869297089148,3.5339472509645597
2013-02-20 16:54,0.04202433590574793,4.589245731822724
2013-02-20 17:04,0.03790047972329124,4.702811207329937
2013-02-20 21:04,0.06849267328491213,4.039456438883778
2013-02-20 21:14,0.08928916955577414,4.043179866198114
2013-02-20 21:24,0.022822176933423782,4.248454681086667
2013-02-20 21:34,0.04632758514081314,4.247883962238168
2013-02-20 21:44,0.007742007036267354,5.166490129833197
2013-02-20 21:54,0.04389481381785973,4.1509472587539555
2013-02-20 22:04,0.11891705290524161,3.813271922209449
2013-02-20 22:14,0.0683278196096673,5.160409785251903
2013-02-20 22:24,0.0,6.293361176973406
2013-02-20 22:34,0.1417211935767129,4.191567325941952
2013-02-20 22:44,0.23678286047014652,3.567783986543872
2013-02-20 22:54,0.18764879002090562,3.134316625486369
2013-02-20 23:04,0.27341418882528246,2.3622030446208337
2013-02-20 23:14,0.41104269818905015,1.3784423284914458
2013-02-20 23:24,0.28796461054377037,2.1999576060829313
2013-02-20 23:34,0.1556982924163347,4.136916585986924
2013-02-20 23:44,0.099577042882269,5.167245804381326
2013-02-21 00:04,0.25451681168018214,3.6186898084866286
2013-02-21 00:14,0.2986667671462236,2.633457436779454
2013-02-21 00:24,0.5343775365294257,1.6537643098001356
2013-02-21 00:34,0.19986562100367702,6.524248973173243
2013-02-21 00:44,0.40343880686220845,2.744327726218791
2013-02-21 00:54,0.3823328080695506,3.362260508245698
2013-02-21 01:04,0.33655135860064855,3.5453218980747097
2013-02-21 01:14,0.15207677975687486,6.868325970513024
2013-02-21 01:24,0.3067514224745809,4.308823135032802
2013-02-21 01:34,0.18545405862387954,5.651510124582979
2013-02-21 01:44,0.3045221235935939,3.19097820353542
2013-02-21 01:54,0.3025239186061809,3.7043696443818726
2013-02-21 02:04,0.3759744284481761,4.8182246839798175
2013-02-21 02:14,0.20274639104389183,4.765511773409026
2013-02-21 02:24,0.18349509061452393,4.782259342193913
2013-02-21 02:34,0.25370973341485786,3.3481397527584438
2013-02-21 02:44,0.1263228549229054,5.034424773354651
2013-02-21 02:54,0.12829941935832212,5.8243164700860195
2013-02-21 03:04,0.22019186914005676,3.9918911265819506
2013-02-21 03:14,0.28939210761199363,3.546142048045549
2013-02-21 03:24,0.3147919044654498,2.949826743656743
2013-02-21 03:34,0.3430244026000546,2.8249700362130308
2013-02-21 03:44,0.27380041235308916,3.6204293336469093
2013-02-21 03:54,0.21688176355605138,3.8771602925937385
2013-02-21 04:04,0.284449907581597,3.578629644668569
2013-02-21 04:14,0.27538686778317695,3.498468510943501
2013-02-21 04:24,0.34932931676281764,3.165254235009722
2013-02-21 04:34,0.40183948028251576,3.0401554666247024
2013-02-21 04:44,0.37305110022206384,3.177652097606212
2013-02-21 04:54,0.361500179200823,2.7579954201610075
2013-02-21 05:04,0.26769712073580554,4.211784350851768
2013-02-21 05:14,0.47509719211858265,2.6819463562325074
2013-02-21 05:24,0.7012700505354684,2.4627505833497656
2013-02-21 10:04,0.13149995350117272,4.116022056659685
2013-02-21 10:14,0.10913023248497304,4.345987202361046
2013-02-21 10:24,0.0,10.755710162522918
2013-02-21 10:34,0.1334028589959124,4.225410903867964
2013-02-21 10:44,0.09728569540794518,4.5443159262577515
2013-02-21 10:54,0.0,11.068540646407902
2013-02-21 11:04,0.1020441466217235,4.536787200985886
2013-02-21 11:14,0.23110946084946307,3.063362992631705
2013-02-21 11:24,0.21213735831687533,4.06825487333458
2013-02-21 11:34,0.1773371458914461,3.7345016063802903
2013-02-21 11:44,0.15154216835864476,4.361972226447463
2013-02-21 11:54,0.0,11.19918988970364
2013-02-21 12:04,0.1337166158218799,4.454558944707788
2013-02-21 12:14,0.16472075927599641,4.317040321544846
2013-02-21 12:24,0.1128673141366191,4.356020219486336
2013-02-21 12:34,0.05773295263218081,5.1411030180143085
2013-02-21 12:44,0.10776696852534068,4.378496062482608
2013-02-21 12:54,0.07196455716633354,5.077445122006166
2013-02-21 13:04,0.0,11.902917283349584
2013-02-21 13:14,0.11111076027135561,4.351715555768113
2013-02-21 13:24,0.08451172702420796,5.00011207740235
2013-02-21 13:34,0.0,11.918172031349336
2013-02-21 13:44,0.13022692603467564,4.7805530695019
2013-02-21 13:54,0.0,11.886946676602967
2013-02-21 14:04,0.1795576798881656,4.467370105798052
2013-02-21 14:14,0.19370676367963713,4.399904533336034
2013-02-21 14:24,0.1676874794268336,4.508838226124016
2013-02-21 14:34,0.16961234926671928,4.4947028957945525
2013-02-21 14:44,0.0,11.690244162150439
2013-02-21 14:54,0.0,11.63513351745034
2013-02-21 15:04,0.0,11.634560343387987
2013-02-21 15:14,0.25187827428641013,3.329534881384329
2013-02-21 15:24,0.0,11.024114156691182
2013-02-21 15:34,0.0,10.983577880723821
2013-02-21 15:44,0.0,11.029375755585688
2013-02-21 15:54,0.18893716737736665,4.098251321073049
2013-02-21 16:04,0.18955314046969557,4.095892598466547
2013-02-21 16:14,0.14963655862122185,4.890271929372103
2013-02-21 16:24,0.016106420435498,11.035504877093409
2013-02-21 16:34,0.0,11.04315933989152
2013-02-21 16:44,0.0,11.087203259416455
2013-02-21 16:54,0.40276766144777276,3.165985158798717
2013-02-21 17:04,0.34816322287581286,1.8890906393054558
2013-02-21 17:14,0.37137922096341525,3.313789323932443
2013-02-21 17:24,0.4012693969095773,2.6913209449215305
2013-02-21 17:34,0.3639083906942585,2.8605151207550557
2013-02-21 17:44,0.29235984278755733,3.67654439974048
2013-02-21 17:54,0.28056191755841203,3.2363167215899136
2013-02-21 22:34,0.46097577029043224,2.8946867770084457
2013-02-21 22:44,0.415539854703748,4.318911847324246
2013-02-21 22:54,0.4036306921953928,3.700195386330275
2013-02-21 23:04,0.41562199044559267,3.3950110095792803
2013-02-21 23:14,0.4510351182138279,3.2524176499433812
2013-02-21 23:24,0.5110632096644917,2.4825678932036617
2013-02-21 23:34,0.3801180543883688,3.0535112072508377
2013-02-21 23:44,0.4436981137146329,3.190032213778666
2013-02-22 00:04,0.4535241307351903,3.160672756690084
2013-02-22 00:14,0.6016316389728276,2.523112748442791
2013-02-22 00:24,0.5914633405364185,2.0554670599738607
2013-02-22 00:34,0.37386150701874404,3.3665796015474596
2013-02-22 00:44,0.283630702362622,4.713593773874809
2013-02-22 00:54,0.4056304416798232,4.1762426673088795
2013-02-22 01:04,0.33277954335838233,4.302907347571332
2013-02-22 01:14,0.31398159327060854,3.74199737939433
2013-02-22 01:24,0.39548054213265604,3.382834698255047
2013-02-22 01:34,0.14266303221905258,8.56651298978521
2013-02-22 01:44,0.4069003943094624,3.3252971421395054
2013-02-22 01:54,0.031757597312516234,11.334368495173527
2013-02-22 02:04,0.4655828018345256,3.0639147712389074
2013-02-22 02:14,0.2760832150735889,3.8936852614519335
2013-02-22 02:24,0.16111347748159352,8.47585335401005
2013-02-22 02:34,0.12543323041240503,8.37975013650528
2013-02-22 02:44,0.43795472297158466,3.056833697877382
2013-02-22 02:54,0.3700378303048926,3.9740585999318334
2013-02-22 03:04,0.35827900177079963,4.053062708116449
2013-02-22 03:14,0.4726728602139128,3.738785698693279
2013-02-22 03:24,0.48238787552046253,2.5478593909792058
2013-02-22 03:34,0.5213902193329594,2.898051082291008
2013-02-22 03:44,0.08914318273189219,11.188719495169748
2013-02-22 03:54,0.523968689961236,2.884851615035272
2013-02-22 04:04,0.45336924249553445,3.1845979540751035
2013-02-22 04:14,0.2599901120050739,8.120376300013765
2013-02-22 04:24,0.6313552157079196,2.52566644709918
2013-02-22 04:34,0.1865745659534834,8.562544416054239
2013-02-22 04:44,0.7165140311132958,1.9224591502198574
2013-02-22 04:54,0.917344980140182,1.7898601421969906
2013-02-22 05:04,0.8254119055445311,1.8547712625689543
2013-02-22 05:14,0.8987404469941203,0.9966305669699945
2013-02-22 05:24,0.6135752161912532,1.97091855645248
2013-02-22 05:34,0.569363831725177,1.433512600756438
2013-02-22 05:44,0.5634958373341111,1.697712312744953
2013-02-22 05:54,0.284300662175299,6.309718112156296
2013-02-22 06:04,0.38495471832839206,1.7359827205571525
2013-02-22 06:14,0.2596106406430109,2.0133756306395085
2013-02-22 11:14,0.24662118328553043,2.858830597588087
2013-02-22 11:24,0.3009919788142686,2.217573267094172
2013-02-22 11:34,0.3788425535240805,1.8674285900143102
2013-02-22 11:44,0.3357507697749394,2.4529799323302393
2013-02-22 11:54,0.33405682211245896,2.458013078718839
2013-02-22 12:04,0.35037747861347623,2.3828751559743413
2013-02-22 12:14,0.2937478932489985,2.634215418330106
2013-02-22 12:24,0.29387338111722155,2.6319655446647854
2013-02-22 12:34,0.2812560618099002,2.4646611118254937
2013-02-22 12:44,0.2037749940103043,2.811938316990305
2013-02-22 12:54,0.0,8.356452083680407
2013-02-22 13:04,0.0,8.358274954493377
2013-02-22 13:14,0.0715141162885183,6.382757438372129
2013-02-22 13:24,0.08701672419648372,6.311821208573981
2013-02-22 13:34,0.05538587158211069,6.452652189073751
2013-02-22 13:44,0.10333542075252389,6.235830663768513
2013-02-22 13:54,0.24871744661104137,3.069083894147567
2013-02-22 14:04,0.30168599403029445,2.36548572967158
2013-02-22 14:14,0.20813232704044488,5.763273728476314
2013-02-22 14:24,0.2213642052692237,3.192123667706274
2013-02-22 14:34,0.17797814652289207,5.8996522256241715
2013-02-22 14:44,0.28301401687865047,2.4503594876561277
2013-02-22 14:54,0.30121060168452435,2.3688307473889467
2013-02-22 15:04,0.1209315415989375,6.157892069633164
2013-02-22 15:14,0.1402975069438474,6.072738786736681
2013-02-22 15:24,0.01395561790876651,8.791930092388805
2013-02-22 15:34,0.20845505604135028,6.153647899602306
2013-02-22 15:44,0.08996548406976658,6.684547081851446
2013-02-22 15:54,0.0,8.851028024964913
2013-02-22 16:04,0.0,8.844296138170497
2013-02-22 16:14,0.1624934129626419,6.365779325026102
2013-02-22 16:24,0.14843762860026952,6.4305777631814065
2013-02-22 16:34,0.3938243358309403,2.1825728028015976
2013-02-22 16:44,0.4658653398308338,1.4674795466364352
2013-02-22 16:54,0.6633782941817562,0.8248913350978294
2013-02-22 17:04,0.3549738362657867,1.7591713758328325
2013-02-22 17:14,0.16741412030331426,5.6090385927014115
2013-02-22 17:24,0.1508493847023536,4.417373842873057
2013-02-22 17:34,0.12437609657659249,4.635667708892352
2013-02-22 17:44,0.3591328759848553,0.7069533198144459
2013-02-22 17:54,0.13910034068287527,4.93894738927063
2013-02-22 18:04,0.16864489265379004,2.1085320854607237
2013-02-22 18:14,0.2321352924084595,1.499841728220837
2013-02-22 18:24,0.22081275887250046,1.5473786690094617
2013-02-22 18:34,0.18170876906104722,1.721086697832995
2013-02-22 23:34,0.0834752520354575,3.9648909923611537
2013-02-22 23:44,0.20360544561108268,1.2531206165614508
2013-02-23 00:04,0.24111002104628518,1.3889405271064825
2013-02-23 00:14,0.2878762853778871,1.283767958569187
2013-02-23 00:24,0.12796208223381392,4.186816979662484
2013-02-23 00:34,0.1593636780801583,4.226943586927798
2013-02-23 00:44,0.41549643401542985,0.4009690175420565
2013-02-23 00:54,0.24946930489844693,5.772470229862445
2013-02-23 01:04,0.5811403672485443,0.9577552605497697
2013-02-23 01:14,0.2573005540127808,5.957071724617057
2013-02-23 01:24,0.24890410240586008,5.993874887881058
2013-02-23 01:34,0.6260303307491397,1.150895508101203
2013-02-23 01:44,0.5543703291788603,1.4705540147059757
2013-02-23 01:54,0.3191596092747497,5.677798057441028
2013-02-23 02:04,0.5096011518541531,1.6701275965309117
2013-02-23 02:14,0.52130491110586,1.6186273483798135
2013-02-23 02:24,0.6300256665939578,0.738967776460298
2013-02-23 02:34,0.46732781382176825,1.8612444889775663
2013-02-23 02:44,0.3366534116730482,5.6052393523193595
2013-02-23 02:54,0.2868643325901407,7.608467329086874
2013-02-23 03:04,0.47271956852108404,1.8274711719627874
2013-02-23 03:14,0.524786303551696,0.8953532970649989
2013-02-23 03:24,0.20785170521059415,3.926762939330682
2013-02-23 03:34,0.20214340207623568,4.064118770581287
2013-02-23 03:44,0.34427998483547934,1.0428502206157828
2013-02-23 03:54,0.1839415143534381,4.736840875035593
2013-02-23 04:04,0.21862381701596628,3.544667907466541
2013-02-23 04:14,0.13931517101350682,5.030865647709542
2013-02-23 04:24,0.13562449902562643,5.1285572834443
2013-02-23 04:34,0.2885829925359043,1.2491304390298763
2013-02-23 04:44,0.2476180787450555,4.530629242908363
2013-02-23 04:54,0.25569771287933457,3.3630570847253316
2013-02-23 05:04,0.3077584234477424,1.1213107550981134
2013-02-23 05:14,0.2295100450476354,3.476345991440637
2013-02-23 05:24,0.15276433415852161,4.946110191863318
2013-02-23 05:34,0.28151930066497105,3.1854984526385235
2013-02-23 05:44,0.22342011465261152,3.4468741644467404
2013-02-23 05:54,0.20757225345058364,4.6311352594750135
2013-02-23 06:04,0.20954085110893655,1.5304041193463567
2013-02-23 06:14,0.27509423395392074,1.2353469943666902
2013-02-23 06:24,0.21129348738060605,3.500957205698671
2013-02-23 06:34,0.14513163032192647,3.798527448613551
2013-02-23 06:44,0.24086053312960504,1.3891797332275009
2013-02-23 12:14,0.15383078606733894,3.7903844397320885
2013-02-23 12:24,0.15216735168314738,3.806022721529439
2013-02-23 12:34,0.26721103012045044,0.841475363284165
2013-02-23 12:44,0.1217951107191576,3.903606326969576
2013-02-23 12:54,0.13943389865268765,3.8244393180948117
2013-02-23 13:04,0.15404770073220508,3.811242359926689
2013-02-23 13:14,0.16344967673856423,3.7704885564774098
2013-02-23 13:24,0.19257404666924569,2.889783877196688
2013-02-23 13:34,0.1467988558535358,3.84945454366365
2013-02-23 13:44,0.21777169543857283,3.5334166241292446
2013-02-23 13:54,0.15833468016276453,3.8052047267978644
2013-02-23 14:04,0.2315835432581129,3.534499293064772
2013-02-23 14:14,0.2115579143858691,3.5653010360674493
2013-02-23 14:24,0.19973895487799292,3.61622689901305
2013-02-23 14:34,0.17743003937039598,3.7145446234187642
2013-02-23 14:44,0.28125531855549396,3.2455583084248465
2013-02-23 14:54,0.3015367297747305,3.1531744805673494
2013-02-23 15:04,0.2761814712291877,3.2690356947367607
2013-02-23 15:14,0.17107385731652303,3.7479275334749715
2013-02-23 15:24,0.24096778638521876,2.6850732523250738
2013-02-23 15:34,0.2697060687270501,2.617228320470728
2013-02-23 15:44,0.31205587199771656,3.2010071812505165
2013-02-23 15:54,0.24759635856871454,3.4982006134869073
2013-02-23 16:04,0.33833279366328345,0.5759460954586598
2013-02-23 16:14,0.28632617277564887,3.2465442632983854
2013-02-23 16:24,0.3434399420629845,0.0
2013-02-23 16:34,0.21914955485924556,3.5483852926330672
2013-02-23 16:44,0.3139710313275223,3.0385307106164254
2013-02-23 16:54,0.3014035710856414,3.0951442211487117
2013-02-23 17:04,0.24036349953841868,3.4509170177005184
2013-02-23 17:14,0.24031344697396653,2.696020732854643
2013-02-23 17:24,0.2565192928162365,3.377832815573106
2013-02-23 17:34,0.24441621466624364,3.4310389072907443
2013-02-23 17:44,0.1878848709551748,3.7636644551256775
2013-02-23 17:54,0.35756902968729926,0.0
2013-02-23 18:04,0.2977560438101232,3.265945931256204
2013-02-23 18:14,0.1878219123151325,3.764981233033181
2013-02-23 18:24,0.15649693033776899,3.911025830943158
2013-02-23 18:34,0.314625308266041,3.2063065361354934
2013-02-23 18:44,0.24904966461406686,3.5098405212680888
2013-02-23 18:54,0.23693816261718512,3.5736732802008304
2013-02-23 19:04,0.2559060946044574,2.7233518591729977
2013-02-24 00:24,0.16360590044147355,4.35019250510718
2013-02-24 00:34,0.12105713819183138,4.533317303492158
2013-02-24 00:44,0.13073408008624654,3.6386855435950998
2013-02-24 00:54,0.11875102146508609,4.533517437667457
2013-02-24 01:04,0.16521593409062724,3.475722985577966
2013-02-24 01:14,0.1773275762159738,3.4159283359994705
2013-02-24 01:24,0.1625205791149519,3.4772690551032266
2013-02-24 01:34,0.15084333004351047,3.5238073558072185
2013-02-24 01:44,0.1773472693196404,4.236127994938046
2013-02-24 01:54,0.3015056532371808,3.6663338812098543
2013-02-24 02:04,0.3785851300426059,2.4748704262077035
2013-02-24 02:14,0.31808902391143606,2.748172950573525
2013-02-24 02:24,0.19426241937009195,4.146234579738026
2013-02-24 02:34,0.461878148744039,2.9483163497245113
2013-02-24 02:44,0.26587757458103783,2.9964415769210557
2013-02-24 02:54,0.31426661597724176,3.6626421332205097
2013-02-24 03:04,0.4323995081314427,3.138259432833187
2013-02-24 03:14,0.2673627871505621,3.0376655429623343
2013-02-24 03:24,0.4023303457455691,2.3933238468615543
2013-02-24 03:34,0.2663593075156933,3.8478926141890515
2013-02-24 03:44,0.43563558476184294,3.0890970838894054
2013-02-24 03:54,0.2777267569738755,3.8014813295474665
2013-02-24 04:04,0.521295487980632,0.0
2013-02-24 04:14,0.47107788196584804,2.0946621305326465
2013-02-24 04:24,0.44765917938268407,2.202073282654787
2013-02-24 04:34,0.2832447422799224,3.786690484677314
2013-02-24 04:44,0.38602162349123675,1.880117918438455
2013-02-24 04:54,0.22684897627761114,4.044015779249204
2013-02-24 05:04,0.27988480528572546,3.7194669677261705
2013-02-24 05:14,0.3533494485417365,3.3891003990388944
2013-02-24 05:24,0.21738688329839267,4.000518571376958
2013-02-24 05:34,0.23668629799639634,3.0840479001928154
2013-02-24 05:44,0.2962740282947096,3.6457687487920314
2013-02-24 05:54,0.2561598031417809,3.8261613774580283
2013-02-24 06:04,0.21958226609745357,3.990648792194982
2013-02-24 06:14,0.2171598312721619,3.171857653911952
2013-02-24 06:24,0.2201994126654365,3.15818461795809
2013-02-24 06:34,0.3628784705182961,2.516564786327627
2013-02-24 06:44,0.20873974113835983,3.2970685727496245
2013-02-24 06:54,0.07554115272205097,4.860379062982716
2013-02-24 07:04,0.12334068417878627,4.654796619562111
2013-02-24 07:14,0.1317596367819456,4.622939065816027
2013-02-24 07:24,0.27762906802307036,0.7598853905648238
2013-02-24 12:54,0.08067898745308925,4.239029197222299
2013-02-24 13:04,0.2061590638827001,3.0225853027414007
2013-02-24 13:14,0.23952849144996188,3.93035965042628
2013-02-24 13:24,0.139050389934935,4.571656197441066
2013-02-24 13:34,0.34863585826545684,3.8578571054508393
2013-02-24 13:44,0.27270904522642714,4.075608505682385
2013-02-24 13:54,0.24404336038955698,4.6232875070645845
2013-02-24 14:04,0.6090947229854821,3.5936603034401076
2013-02-24 14:14,0.4663673944510252,4.2198639624467065
2013-02-24 14:24,0.7122843507801291,0.0
2013-02-24 14:34,0.5077151703736281,4.018772089263629
2013-02-24 14:44,0.4623017836752501,3.91116556761298
2013-02-24 14:54,0.3164061130163983,4.552316483639347
2013-02-24 15:04,0.5018310979525004,3.7191303372883264
2013-02-24 15:14,0.5390413900877814,2.7042703432384396
2013-02-24 15:24,0.5804188470775684,3.374577325295585
2013-02-24 15:34,0.7876511389808869,1.875078137718798
2013-02-24 15:44,0.688420853127977,3.2183382206163906
2013-02-24 15:54,0.5514523526063584,3.8336928233408907
2013-02-24 16:04,0.49405460069731816,0.0
2013-02-24 16:14,0.6924493596553538,2.337022014604741
2013-02-24 16:24,0.6765822722360275,3.329270646743417
2013-02-24 16:34,0.563314140592737,3.7035560277894763
2013-02-24 16:44,0.6977885285503844,3.123979554589837
2013-02-24 16:54,0.6059330697290359,3.54913752004984
2013-02-24 17:04,0.36593434637529165,4.2891390163522285
2013-02-24 17:14,0.3206843032935707,3.1012562333647993
2013-02-24 17:24,0.42380679971694013,3.5158469021093253
2013-02-24 17:34,0.24260147497364976,4.906160035166972
2013-02-24 17:44,0.3379845895659574,0.0
2013-02-24 17:54,0.1995654005845499,3.786392461657573
2013-02-24 18:04,0.1970704073555623,2.6925161048751627
2013-02-24 18:14,0.16591075087325213,4.0268410285345295
2013-02-24 18:24,0.17050593576875622,3.3246896602397227
2013-02-24 18:34,0.14992493138580626,4.100679928078709
2013-02-24 18:44,0.24454452614623629,1.5066124933781155
2013-02-24 18:54,0.3105315338988856,0.3974829249119037
2013-02-24 19:04,0.12718338274853785,4.220851824667606
2013-02-24 19:14,0.2588515313153503,0.0
2013-02-24 19:24,0.12678655847046624,4.229417074474471
2013-02-24 19:34,0.0980236101551915,4.36195994583431
2013-02-25 01:04,0.034017419563563675,4.915869237546979
2013-02-25 01:14,0.24184396991132384,0.8487322826170577
2013-02-25 01:24,0.08369954600668028,4.33701609829778
2013-02-25 01:34,0.13886972097122843,4.811163633734726
2013-02-25 01:44,0.4089349613974949,0.0
2013-02-25 01:54,0.1729281293458325,3.201406316923947
2013-02-25 02:04,0.2838436065919994,3.9710012618434964
2013-02-25 02:14,0.3941885862580158,3.2989095551834975
2013-02-25 02:24,0.47245141396504736,5.810131934892254
2013-02-25 02:34,0.5420654864225957,3.286223974355763
2013-02-25 02:44,0.5675487289598552,0.0
2013-02-25 02:54,0.5991044964280686,4.161353810546872
2013-02-25 03:04,0.6853801900743021,4.00686620840592
2013-02-25 03:14,0.5022135774026193,0.0
2013-02-25 03:24,0.732757675305521,3.634249483870012
2013-02-25 03:34,0.7753146237343467,0.0
2013-02-25 03:44,0.5266712119541513,0.0
2013-02-25 03:54,0.4929980299798039,0.0
2013-02-25 04:04,1.0892111467334313,0.0
2013-02-25 04:14,0.7181625313349052,3.303123971815611
2013-02-25 04:24,0.6192660561550407,0.0
2013-02-25 04:34,0.5869903097299106,0.0
2013-02-25 04:44,0.8063463485563095,1.9769003461090628
2013-02-25 04:54,0.9262115252711866,0.9883667859162399
2013-02-25 05:04,0.898136341290385,1.9591808047940613
2013-02-25 05:14,0.5917343110478394,0.0
2013-02-25 05:24,1.3934141706413372,0.0
2013-02-25 05:34,0.5222961747912629,0.0
2013-02-25 05:44,1.0600323374598764,0.0
2013-02-25 05:54,0.5897904943588975,0.0
2013-02-25 06:04,0.6258752080185418,2.6962763842407087
2013-02-25 06:14,0.24780325170018247,7.37308752519057
2013-02-25 06:24,0.5988152562888165,0.0
2013-02-25 06:34,0.01756326685712238,12.447715056770294
2013-02-25 06:44,0.6199358144317976,1.1086146470272369
2013-02-25 06:54,0.09798603955517671,9.045931273721589
2013-02-25 07:04,0.32711301332525355,1.8292237141841323
2013-02-25 07:14,0.3010199321294017,1.2864174960040948
2013-02-25 07:24,0.2799082007836896,1.5546471785588027
2013-02-25 07:34,0.10926565836928163,5.892004990981712
2013-02-25 07:44,0.21893298064693473,1.931981512609369
2013-02-25 07:54,0.21279216155995928,0.854456210509935
2013-02-25 13:34,0.0,10.305459021879432
2013-02-25 13:44,0.009918101231460261,7.533902655011068
2013-02-25 13:54,0.16745812853383948,4.548039703586388
2013-02-25 14:04,1.1119587256165917,0.0
2013-02-25 14:14,0.9241357125783994,0.0
2013-02-25 14:24,0.6609769264860041,0.0
2013-02-25 14:34,0.6763900438942372,8.32421112667462
2013-02-25 14:44,0.6878044260686266,6.395095383168003
2013-02-25 14:54,0.46945827964921677,6.87274882703713
2013-02-25 15:04,0.4783493096650869,6.75683562339087
2013-02-25 15:14,0.5276614405307549,6.469691560985912
2013-02-25 15:24,0.6650210709638236,5.799384755054685
2013-02-25 15:34,0.43416615068232683,8.440534800038254
2013-02-25 15:44,0.5805675905955714,6.298416745195525
2013-02-25 15:54,0.671276770426529,5.83256453161096
2013-02-25 16:04,1.0069703265251524,1.2060188240346879
2013-02-25 16:14,0.7866621626232957,0.0
2013-02-25 16:24,0.6598971797001407,5.24562581178048
2013-02-25 16:34,0.7689372603501824,3.5079554789209033
2013-02-25 16:44,0.8584989045110831,4.13848121023146
2013-02-25 16:54,0.7767220031886248,5.351051900481842
2013-02-25 17:04,0.8592733089277074,0.0
2013-02-25 17:14,0.8905787987510535,3.4768798098577114
2013-02-25 17:24,0.7847528683552669,3.9303491323827124
2013-02-25 17:34,0.6694611361499105,0.0
2013-02-25 17:44,0.6891538315167957,0.0
2013-02-25 17:54,0.5590875780073411,4.298618139239082
2013-02-25 18:04,0.4645981840856109,1.3045713339190266
2013-02-25 18:14,0.2085624025408641,7.9346506237172445
2013-02-25 18:24,0.48945887106979863,0.0
2013-02-25 18:34,0.42009730156480724,0.15998804177590611
2013-02-25 18:44,0.38079207543858806,0.1130836057393713
2013-02-25 18:54,0.27992389673791007,0.8723574915467257
2013-02-25 19:04,0.291025568406535,0.852295394113048
2013-02-25 19:14,0.26393947539346413,0.9747498244477851
2013-02-25 19:24,0.2717806480767276,0.9401581866674761
2013-02-25 19:34,0.2206668093900151,1.531782041147046
2013-02-25 19:44,0.26371337340835255,0.3287082283386476
2013-02-25 19:54,0.23650366057894848,0.5317216191614633
2013-02-25 20:04,0.07607558315883073,4.712464775971375
2013-02-25 20:14,0.0740328372300541,4.720654962946824
2013-02-26 01:44,0.019378507910891143,5.626027129125638
2013-02-26 01:54,0.09474917820652137,3.5313174379341716
2013-02-26 02:04,0.11359790098597787,3.5068860045058305
2013-02-26 02:14,0.36302954631659134,0.0825002864967305
2013-02-26 02:24,0.04812405448674934,7.047838383238542
2013-02-26 02:34,0.24236487223886713,4.070908947694883
2013-02-26 02:44,0.5168713690768392,0.23475997061276443
2013-02-26 02:54,0.11219989213401174,10.455874210329661
2013-02-26 03:04,1.0417071684143595,0.0
2013-02-26 03:14,0.7316127203727103,0.0
2013-02-26 03:24,2.0916863258573204,0.0
2013-02-26 03:34,2.4184845035920803,0.05527790813871057
2013-02-26 03:44,1.8692682903319215,3.611490869778925
2013-02-26 03:54,1.1424514229915914,0.0
2013-02-26 04:04,0.8114458467819325,0.0
2013-02-26 04:14,1.8106225162637701,0.5378457389104846
2013-02-26 04:24,1.9424146349278641,0.0
2013-02-26 04:34,0.8205856401146772,0.0
2013-02-26 04:44,1.7036267942046754,0.8471857818927396
2013-02-26 04:54,0.7914919973614046,0.0
2013-02-26 05:04,1.2842489653289668,3.7642519373092322
2013-02-26 05:14,1.4842606872512238,2.8867278531861134
2013-02-26 05:24,1.302280143230443,5.3344985630557895
2013-02-26 05:34,0.8452917920684696,0.0
2013-02-26 05:44,1.0472859466908095,0.0
2013-02-26 05:54,1.3263831183630101,2.3477724661946264
2013-02-26 06:04,0.76295742254485,6.588075255899624
2013-02-26 06:14,0.5809533299229246,0.0
2013-02-26 06:24,0.3314800614128835,3.612482649459858
2013-02-26 06:34,0.24780243977184827,2.564463671399768
2013-02-26 06:44,0.32151610856771873,0.0
2013-02-26 06:54,0.19665395930126975,4.594670760114409
2013-02-26 07:04,0.25794159393783683,1.1400813428828798
2013-02-26 07:14,0.2365297903830106,1.2349362031923743
2013-02-26 07:24,0.24139770594793272,1.2116933615284464
2013-02-26 07:34,0.2695132762070427,1.0518202185538437
2013-02-26 07:44,0.265790366687618,0.0
2013-02-26 07:54,0.23000344985936383,1.2294683125383743
2013-02-26 08:04,0.25416698368126184,0.5169527490631486
2013-02-26 08:14,0.13434373767269542,3.546612155194085
2013-02-26 08:24,0.17082361332609058,1.4958051109711084
2013-02-26 14:14,0.30113265815992046,0.7716074111294084
2013-02-26 14:24,0.08994154623827412,4.5582984108574145
2013-02-26 14:34,0.16520141612791694,4.228149803254671
2013-02-26 14:44,0.1429463351867438,7.309746113864032
2013-02-26 14:54,0.2858359697752931,3.500314924631644
2013-02-26 15:04,0.40894444147124903,3.2503966122194723
2013-02-26 15:14,0.4330740575570518,3.141094480626061
2013-02-26 15:24,0.5386571481938692,1.540326997227684
2013-02-26 15:34,0.3205645313957612,5.669364375824843
2013-02-26 15:44,0.41180749404165073,5.259397175604943
2013-02-26 15:54,0.5115032127354375,4.811570291416113
2013-02-26 16:04,0.5808320168476726,4.500456384211348
2013-02-26 16:14,0.701626612433018,2.7785537216071012
2013-02-26 16:24,0.7422701389381443,2.5972116419430606
2013-02-26 16:34,0.9343902062357599,1.739141277636742
2013-02-26 16:44,0.5906945520609184,3.2748473487014325
2013-02-26 16:54,0.7821283999329577,2.419818502260223
2013-02-26 17:04,0.675235365858443,0.014704067872171416
2013-02-26 17:14,0.48650085011845395,4.172159157727473
2013-02-26 17:24,0.48968317788942334,0.2178366744157078
2013-02-26 17:34,0.3264873006335837,3.727393831053033
2013-02-26 17:44,0.6355056085313235,1.7493663992801896
2013-02-26 17:54,0.35781633978893473,2.904848450662339
2013-02-26 18:04,0.3526695334459543,3.0072801071911552
2013-02-26 18:14,0.45817100206933553,2.515164875336642
2013-02-26 18:24,0.4183834800098927,1.9224103330571372
2013-02-26 18:34,0.4164342281871866,1.935856802851481
2013-02-26 18:44,0.3918939676927116,2.8197761485932964
2013-02-26 18:54,0.31619543997436045,3.167904438271487
2013-02-26 19:04,0.27410259479435667,3.289734429147835
2013-02-26 19:14,0.24735347358674625,3.340505438483495
2013-02-26 19:24,0.24391458058457774,3.3558956387845025
2013-02-26 19:34,0.24806043429828056,3.3371674041548105
2013-02-26 19:44,0.2401921252178328,3.372040495062676
2013-02-26 19:54,0.29389787488226643,3.129969128487479
2013-02-26 20:04,0.2698926431243549,3.2376135693792554
2013-02-26 20:14,0.2715492425620818,3.2301020988459492
2013-02-26 20:24,0.38359552241660316,2.725929482153193
2013-02-26 20:34,0.21868459096520765,3.543238003417191
2013-02-26 20:44,0.10647939974550677,4.050634835013688
2013-02-27 02:14,0.09833702628434464,5.1825878217586245
2013-02-27 02:24,0.14803641935477835,4.008638965995714
2013-02-27 02:34,0.09570105595243901,4.490037544244444
2013-02-27 02:44,0.22516933013245224,4.2898335975808095
2013-02-27 02:54,0.1992742646595724,4.685848493185337
2013-02-27 03:04,0.3172983045288061,4.534789197546335
2013-02-27 03:14,0.3573872016591447,4.349438556618464
2013-02-27 03:24,0.21511399828222308,6.166385016239937
2013-02-27 03:34,0.37608608204232546,5.438774211375086
2013-02-27 03:44,0.47396308495487555,3.807561964311313
2013-02-27 03:54,0.4350768460274931,5.1573908286010814
2013-02-27 04:04,0.38642704930724464,5.369186577568238
2013-02-27 04:14,0.512461125789193,3.623047278400808
2013-02-27 04:24,0.7475437502093133,2.572272274133799
2013-02-27 04:34,0.7194825957456871,3.880017785579748
2013-02-27 04:44,0.6882256605156062,4.019430765076989
2013-02-27 04:54,0.6969697869171209,2.797628680276962
2013-02-27 05:04,0.5432911739485026,2.640813056281557
2013-02-27 05:14,0.7264656006759663,3.8538775922803126
2013-02-27 05:24,0.7501087800617553,3.7526006764602093
2013-02-27 05:34,0.6131447037671465,4.369095952611355
2013-02-27 05:44,0.7656025764080971,3.6912787773664393
2013-02-27 05:54,0.7327251190872963,1.808655177740398
2013-02-27 06:04,0.5594194532587486,4.620832097560765
2013-02-27 06:14,0.7470002638934204,3.7910346304218683
2013-02-27 06:24,0.7818570849896717,0.0
2013-02-27 06:34,0.652095546847606,4.662422809894689
2013-02-27 06:44,0.7994246659601533,2.7598905663830062
2013-02-27 06:54,0.7621381758901943,0.0
2013-02-27 07:04,0.5142417707215817,3.4593787360586292
2013-02-27 07:14,0.22520073531678414,5.34914630223465
2013-02-27 07:24,0.28087069664819425,5.100730836926944
2013-02-27 07:34,0.2455890682852944,4.088948021434025
2013-02-27 07:44,0.3371564163859724,0.8605587676810152
2013-02-27 07:54,0.21290564061438005,4.100495667693043
2013-02-27 08:04,0.21741672788199362,4.095592266386253
2013-02-27 08:14,0.1266597297580849,4.506791514087786
2013-02-27 08:24,0.1529380180663318,4.391941490791123
2013-02-27 08:34,0.20818802060381275,4.15068700853612
2013-02-27 08:44,0.12997171077116343,4.614359794675934
2013-02-27 08:54,0.04851258219424328,4.99455398678568
2013-02-27 09:04,0.07566811897756712,4.878861038319142
2013-02-27 14:44,0.26574161262903956,1.985194083715286
2013-02-27 14:54,0.30774238068447846,0.3835199316953253
2013-02-27 15:04,0.4655375083486819,0.5727004983370515
2013-02-27 15:14,0.40411223482827563,1.6008699844694039
2013-02-27 15:24,0.27772845106341476,4.9565935817862625
2013-02-27 15:34,0.41535372233121604,4.282792798649662
2013-02-27 15:44,0.4060355599465942,6.0677754683805345
2013-02-27 15:54,0.32316420202400414,7.189719972949556
2013-02-27 16:04,0.34306141131931295,7.606703920695988
2013-02-27 16:14,0.4118389499359771,4.652315020894862
2013-02-27 16:24,0.39061530727167354,5.687461292089933
2013-02-27 16:34,0.4678737265972939,6.5981362456712604
2013-02-27 16:44,0.6725625134272799,4.469575040989477
2013-02-27 16:54,0.48251618740765156,6.5507245627596
2013-02-27 17:04,0.41809455954193897,5.5869574732362
2013-02-27 17:14,0.45270159244247826,6.64650679822654
2013-02-27 17:24,0.5472826609277431,6.20349366915743
2013-02-27 17:34,0.5066709378659059,6.3558466008069985
2013-02-27 17:44,0.5097469417912942,6.315599599546666
2013-02-27 17:54,0.5534578779141351,6.0962268020662345
2013-02-27 18:04,0.5167943203303973,6.211991138376954
2013-02-27 18:14,0.544614521875876,6.004734788245778
2013-02-27 18:24,0.6856127350521868,5.277361326082804
2013-02-27 18:34,0.8231286889004749,4.267103521541598
2013-02-27 18:44,0.7062915387080728,4.709264613750212
2013-02-27 18:54,0.5740606826957103,5.227793452993797
2013-02-27 19:04,0.5919481990615373,4.803792053740565
2013-02-27 19:14,0.4954064054844745,4.136431538886408
2013-02-27 19:24,0.43983596696341865,4.581817561712107
2013-02-27 19:34,0.3614902133952273,5.599966786990931
2013-02-27 19:44,0.7430290390783743,0.3124256530490137
2013-02-27 19:54,0.62521611568218,3.4581081088901735
2013-02-27 20:04,0.37506339135841826,5.858670694043559
2013-02-27 20:14,0.3255586315077541,8.778783860155217
2013-02-27 20:24,0.5895187257846501,7.563415231349244
2013-02-27 20:34,0.5512732712500766,0.9632692797163022
2013-02-27 20:44,0.558631112194564,0.8969922250158116
2013-02-27 20:54,0.31481871255249916,4.797190212630414
2013-02-27 21:04,0.06250552392199052,6.2290626176204995
2013-02-27 21:14,0.32150622695255177,1.2041363954099937
2013-02-27 21:24,0.326129716395346,1.424115605683923
2013-02-28 02:54,0.029035808988007148,5.7604967343910864
2013-02-28 03:04,0.22299888306777835,1.7860140885944598
2013-02-28 03:14,0.27772174179979997,0.39659517129974897
2013-02-28 03:24,0.3006435973132946,4.358083221110345
2013-02-28 03:34,0.21377175413856847,5.506156025426244
2013-02-28 03:44,0.09731345132197368,7.063324766287177
2013-02-28 03:54,0.09844155226535152,7.292316616481547
2013-02-28 04:04,0.17682845290357405,6.053741921341162
2013-02-28 04:14,0.18823890908785845,6.031765276943977
2013-02-28 04:24,0.2254866691631755,5.888767641391688
2013-02-28 04:34,0.13990354950967854,7.4306287182404525
2013-02-28 04:44,0.13515328677816216,7.459584180826352
2013-02-28 04:54,0.19762851359598646,7.1838382510280185
2013-02-28 05:04,0.27081159431966806,6.837484960203053
2013-02-28 05:14,0.3610579848036501,5.246457231840154
2013-02-28 05:24,0.21819955345799585,5.834762298880439
2013-02-28 05:34,0.2630431987520115,5.595092477751046
2013-02-28 05:44,0.30676856677746117,6.485505647263682
2013-02-28 05:54,0.355539137495722,6.238758289148412
2013-02-28 06:04,0.43790060971280004,4.5571175535387205
2013-02-28 06:14,0.34131009486570696,4.95547370322549
2013-02-28 06:24,0.3894531661560952,4.712906636356534
2013-02-28 06:34,0.45029214856142646,3.614636993300611
2013-02-28 06:44,0.5658239052333683,1.5547072664189054
2013-02-28 06:54,0.4081129680130513,5.636725801605192
2013-02-28 07:04,0.2557821300913167,6.296257146209885
2013-02-28 07:14,0.4658094598685786,2.3991310259725895
2013-02-28 07:24,0.3903918319298523,4.963697996034222
2013-02-28 07:34,0.2531136768585112,5.572011273068593
2013-02-28 07:44,0.47884719873031495,2.9959410135117004
2013-02-28 07:54,0.4406424258164286,3.1790331298086003
2013-02-28 08:04,0.4550030370041137,2.091401334731765
2013-02-28 08:14,0.23087097684535798,6.535698177616115
2013-02-28 08:24,0.19568326040602926,6.749674559280086
2013-02-28 08:34,0.14485431353361852,7.996339603721574
2013-02-28 08:44,0.28859718807794643,5.9788798221739246
2013-02-28 08:54,0.2553996638019709,6.192316259305341
2013-02-28 09:04,0.2318436394600274,5.265655340905228
2013-02-28 09:14,0.0,6.9689442653483
2013-02-28 09:24,0.07816808079712309,5.289047993027034
2013-02-28 09:34,0.18910486184789382,2.6605333189569915
2013-02-28 15:14,0.049393988376478175,5.064952731007431
2013-02-28 15:24,0.30482733727229994,2.3373030624192404
2013-02-28 15:34,0.2986794445971617,2.3536775162453316
2013-02-28 15:44,0.08690354277143941,5.572097695017338
2013-02-28 15:54,0.24651181571737155,3.9928316390472416
2013-02-28 16:04,0.21648199893738293,3.8333276711410535
2013-02-28 16:14,0.20732676235883968,2.4075193683285714
2013-02-28 16:24,0.07972810987335072,6.492756116298533
2013-02-28 16:34,0.2929056832284439,7.563353070334184
2013-02-28 16:44,0.13563172993317651,5.779710999447289
2013-02-28 16:54,0.23468100780567364,7.319054653863832
2013-02-28 17:04,0.5717474810830969,3.247576415336743
2013-02-28 17:14,0.28687037581724456,6.3757111412878125
2013-02-28 17:24,0.45108627192488426,4.906828387166662
2013-02-28 17:34,0.5097898384930857,3.954254803019368
2013-02-28 17:44,0.7222088829022043,2.7211498419368616
2013-02-28 17:54,0.5830215139371884,2.5996917714285437
2013-02-28 18:04,0.5345712891370696,3.536385192991605
2013-02-28 18:14,0.5821581589444237,3.278494833974446
2013-02-28 18:24,0.47499889989094957,4.68637770650179
2013-02-28 18:34,0.4930723492646062,4.571202967101283
2013-02-28 18:44,0.5502549750375538,4.2913070702820955
2013-02-28 18:54,0.4491231740163451,4.722095262216837
2013-02-28 19:04,0.48371438658604954,3.5875055011925245
2013-02-28 19:14,0.6347804840229615,3.8512970937593702
2013-02-28 19:24,0.5075297901939638,3.449362547720103
2013-02-28 19:34,0.47910935346795364,4.169579193798202
2013-02-28 19:44,0.7267981444048365,2.1617257082269923
2013-02-28 19:54,0.47997477420162654,4.163471490279083
2013-02-28 20:04,0.43705761949691,5.171648846980812
2013-02-28 20:14,0.3357666270413459,7.5343325313719145
2013-02-28 20:24,1.2323315905488823,3.2895368490950325
2013-02-28 20:34,0.42006871717618094,6.727028304245632
2013-02-28 20:44,0.12478944966211364,6.905578823631262
2013-02-28 20:54,0.30648534201440714,4.829057902367577
2013-02-28 21:04,0.3790173780268775,0.0
2013-02-28 21:14,0.5170999687307662,0.1207548850051546
2013-02-28 21:24,0.41747178355949327,3.423541156349152
2013-02-28 21:34,0.2752074155012029,1.6633659246694352
2013-02-28 21:44,0.15355208800634162,4.235306604821535
2013-02-28 21:54,0.06770465838918192,4.380445089612907
2013-03-01 03:34,0.20796005264008036,3.7173137868202044
2013-03-01 03:44,0.13256734780257926,4.705634466718523
2013-03-01 03:54,0.27405872023693884,4.181119296429379
2013-03-01 04:04,0.33205301752175687,4.701413417567477
2013-03-01 04:14,0.4750337938967696,3.1372747992078085
2013-03-01 04:24,0.3526393420384007,4.499220916277426
2013-03-01 04:34,0.3038858851301758,3.6969405394522568
2013-03-01 04:44,0.22601863771491,3.9998817178515162
2013-03-01 04:54,0.19038940157597636,4.698619929456389
2013-03-01 05:04,0.2832075642188187,4.268205473862832
2013-03-01 05:14,0.4206053107090643,2.8577837037575335
2013-03-01 05:24,0.27449818559693284,4.29722336242641
2013-03-01 05:34,0.27667118129469553,4.282895395461869
2013-03-01 05:44,0.18639454725705057,4.682797081470486
2013-03-01 05:54,0.3912110255906303,3.7613701485329254
2013-03-01 06:04,0.35344037544849755,3.1243362548905105
2013-03-01 06:14,0.3183274630147241,4.223012416154199
2013-03-01 06:24,0.5686885994334875,4.3595855664230845
2013-03-01 06:34,0.46815342483216027,4.235726700698379
2013-03-01 06:44,0.24870852548564443,8.102362803183308
2013-03-01 06:54,0.6104724146489013,3.025875773241148
2013-03-01 07:04,0.24283511367020003,7.223700108386316
2013-03-01 07:14,0.10038442771506396,9.587464452461738
2013-03-01 07:24,0.4154668103504308,4.812103953573043
2013-03-01 07:34,0.45829564804961875,4.595998183433955
2013-03-01 07:44,0.6007834507261378,3.0010762416105927
2013-03-01 07:54,0.7126784754375358,2.638005154412309
2013-03-01 08:04,0.46487460593478686,4.720691193829403
2013-03-01 08:14,0.6393333917801617,0.48141755668270336
2013-03-01 08:24,0.32800504720135437,4.644172034414331
2013-03-01 08:34,0.6087537925052598,2.0921981360947246
2013-03-01 08:44,0.555802828811748,3.954733696380997
2013-03-01 08:54,0.5789331752057436,4.495106711562786
2013-03-01 09:04,0.3905823534849884,6.794158190015812
2013-03-01 09:14,0.7897659180343646,0.7829682338240954
2013-03-01 09:24,0.24547831063958755,7.616831379469216
2013-03-01 09:34,0.5185119345373598,5.043361298381266
2013-03-01 09:44,0.3075694333105537,6.821691426108102
2013-03-01 09:54,0.6525388155217763,1.648447736216243
2013-03-01 10:04,0.07872674431588744,9.266923484367739
2013-03-01 10:14,0.058971113160943,6.805534548213887
2013-03-01 15:54,0.07306098495610414,4.219069976902725
2013-03-01 16:04,0.048591789272324826,5.927800606192517
2013-03-01 16:14,0.3634543808060825,2.0662806910148146
2013-03-01 16:24,0.16458790830554781,4.35989408271941
2013-03-01 16:34,0.11220719780699946,5.367078067435431
2013-03-01 16:44,0.36547805430016,6.297452256838708
2013-03-01 16:54,0.1313454724887645,5.695951398059462
2013-03-01 17:04,0.29267241357399854,6.051520053664383
2013-03-01 17:14,0.3303147346712173,5.96382825316502
2013-03-01 17:24,0.4273535398707696,4.913483119809356
2013-03-01 17:34,0.26949005793240277,6.86081000176642
2013-03-01 17:44,0.3991518430670796,5.98623320426672
2013-03-01 17:54,0.28319175804902064,6.420867009884825
2013-03-01 18:04,0.19059148180841043,6.878546511429975
2013-03-01 18:14,0.2599266636951368,8.09164850297362
2013-03-01 18:24,0.41519828044943824,3.9248443452396455
2013-03-01 18:34,0.320040480518666,6.24778903253419
2013-03-01 18:44,0.39745212499193516,4.7962024663737735
2013-03-01 18:54,0.4347354472863899,2.6556588851856775
2013-03-01 19:04,0.5712936742564261,1.7119386825100944
2013-03-01 19:14,0.37464599985684327,4.955953905461644
2013-03-01 19:24,0.4179904362810079,5.109743273572734
2013-03-01 19:34,0.46416952382280746,4.8685398987926165
2013-03-01 19:44,0.4749583593576734,1.654485202880641
2013-03-01 19:54,0.41927880721139243,5.019051238548846
2013-03-01 20:04,0.3200702140104369,5.435364959852566
2013-03-01 20:14,0.22297097566564364,5.8352007186372985
2013-03-01 20:24,0.37747288958007447,5.136443682593394
2013-03-01 20:34,0.6440323081640876,0.6191772580805548
2013-03-01 20:44,0.1371937695997899,7.792921702760348
2013-03-01 20:54,0.09943700343059887,7.9998406978441485
2013-03-01 21:04,0.25617343995378816,7.181193804519925
2013-03-01 21:14,0.3190938760339277,8.64728380231871
2013-03-01 21:24,0.2768066595184155,5.204746696516538
2013-03-01 21:34,0.29569213272072303,4.820112723326819
2013-03-01 21:44,0.5921964636142089,0.44695482584943624
2013-03-01 21:54,0.19460222720423273,6.517798184727537
2013-03-01 22:04,0.09481009024946974,5.333825017655182
2013-03-01 22:14,0.3244089148793445,1.7222916407066007
2013-03-01 22:24,0.03682173340734328,4.37223894776094
2013-03-01 22:34,0.08315404823039342,3.5034023989227214
2013-03-02 04:14,0.07360984740029802,4.88804176185314
2013-03-02 04:24,0.0,5.948455411913518
2013-03-02 04:34,0.11657362612853572,3.5819831899456527
2013-03-02 04:44,0.05904613928917874,5.036601087794414
2013-03-02 04:54,0.18256920303181354,3.7241502838152547
2013-03-02 05:04,0.05603522894228028,5.179777726841966
2013-03-02 05:14,0.1793221792745236,3.85081120084321
2013-03-02 05:24,0.13693249810391867,4.815480128174073
2013-03-02 05:34,0.07866445784666933,6.161187116594303
2013-03-02 05:44,0.13608406689661529,4.817333084909396
2013-03-02 05:54,0.1659850916768636,4.682360994038297
2013-03-02 06:04,0.21235204636247668,4.474112522616178
2013-03-02 06:14,0.24313502356861197,5.421656720755514
2013-03-02 06:24,0.3378051274295805,3.912604851935525
2013-03-02 06:34,0.25782239578211746,4.271307064378324
2013-03-02 06:44,0.21339010833036628,4.470732423374538
2013-03-02 06:54,0.49123652176469723,0.7592840387971355
2013-03-02 07:04,0.13336558691699196,5.9158610889686365
2013-03-02 07:14,0.327144163945181,3.9632260616453387
2013-03-02 07:24,0.30438540094459826,4.066403116932305
2013-03-02 07:34,0.21624943277712164,4.462532146433995
2013-03-02 07:44,0.27280944083437747,4.210481689190463
2013-03-02 07:54,0.2402365386934171,4.357806399974095
2013-03-02 08:04,0.12661468565389694,5.956603949659852
2013-03-02 08:14,0.14925731519833718,5.857559953816563
2013-03-02 08:24,0.27451162055993134,4.528177313211557
2013-03-02 08:34,0.19421316157489837,4.893336123963479
2013-03-02 08:44,0.11684871497591766,6.584464592809863
2013-03-02 08:54,0.26065978668006057,4.7662358272874235
2013-03-02 09:04,0.561599505871518,0.7349867851518774
2013-03-02 09:14,0.16212535915052745,5.214452141328916
2013-03-02 09:24,0.16779595287315988,5.194939597826777
2013-03-02 09:34,0.23182956627364026,5.292354957936721
2013-03-02 09:44,0.27896942164477967,5.0941156832321886
2013-03-02 09:54,0.0,7.602273842884121
2013-03-02 10:04,0.18392782762465823,5.092500631584294
2013-03-02 10:14,0.03861729888119338,5.129671179400998
2013-03-02 10:24,0.004749465239397306,6.341460622736195
2013-03-02 10:34,0.004651903238993325,5.294471320718434
2013-03-02 10:44,0.0,4.792552829526576
2013-03-02 10:54,0.020791983275667874,4.237326439365773
2013-03-02 16:34,0.0,5.2899275749809025
2013-03-02 16:44,0.0,5.29002089510303
2013-03-02 16:54,0.009035914797281401,4.505205413866201
2013-03-02 17:04,0.023504998343802198,4.5665861789480005
2013-03-02 17:14,0.04508620682470196,4.468213033093122
2013-03-02 17:24,0.03842317285665823,4.4960108536225745
2013-03-02 17:34,0.02177814584969685,4.568259825135457
2013-03-02 17:44,0.0,5.438800723826836
2013-03-02 17:54,0.011665281570348018,5.383624544836789
2013-03-02 18:04,0.08735217431544519,5.040150970267421
2013-03-02 18:14,0.05829959425127883,4.375932382362042
2013-03-02 18:24,0.4069601589896317,0.04347248087535138
2013-03-02 18:34,0.0,6.950951018924036
2013-03-02 18:44,0.13492642490806803,5.347844707162111
2013-03-02 18:54,0.12080949843243759,8.177988398027793
2013-03-02 19:04,0.0,9.281664782254522
2013-03-02 19:14,0.0,10.764515666585512
2013-03-02 19:24,0.0,12.78110853732038
2013-03-02 19:34,0.026815358285253648,9.051609157887562
2013-03-02 19:44,0.004572932489476166,9.113983188780209
2013-03-02 19:54,0.344337970830615,3.40203271949917
2013-03-02 20:04,0.0,10.13245817260706
2013-03-02 20:14,0.0,12.173265301643873
2013-03-02 20:24,0.0,8.646139510163142
2013-03-02 20:34,0.09495841971710398,7.019385956768582
2013-03-02 20:44,0.31420679952229313,4.421174302437003
2013-03-02 20:54,0.07741939888387944,7.39474201818904
2013-03-02 21:04,0.26099392597155013,5.467582998709522
2013-03-02 21:14,0.04498626325569898,7.504444408374392
2013-03-02 21:24,0.2839820962518404,5.719646169082757
2013-03-02 21:34,0.6204131404739416,1.3617606098193498
2013-03-02 21:44,0.32839001758474023,6.561604602221769
2013-03-02 21:54,0.24497929142981092,6.514773058883508
2013-03-02 22:04,0.3685125368584184,5.661948875364513
2013-03-02 22:14,0.16433148039307285,6.678409415106974
2013-03-02 22:24,0.02449486107262537,8.425090650887027
2013-03-02 22:34,0.422271773264003,1.6226819304648965
2013-03-02 22:44,0.0,5.291586985286265
2013-03-02 22:54,0.0,6.141374614364565
2013-03-02 23:04,0.0,7.01813896647818
2013-03-02 23:14,0.0,3.964193463806588
2013-03-03 04:44,0.13945919923235692,1.8208546870581526
2013-03-03 04:54,0.0,5.408686635634285
2013-03-03 05:04,0.3445252396133085,0.0
2013-03-03 05:14,0.0,5.194168132335486
2013-03-03 05:24,0.0,5.184173676914221
2013-03-03 05:34,0.0,5.559752747270856
2013-03-03 05:44,0.0,4.765589911743227
2013-03-03 05:54,0.0,4.764675144336816
2013-03-03 06:04,0.019025651269868535,3.989285455607059
2013-03-03 06:14,0.0,4.642597044828819
2013-03-03 06:24,0.0,5.412029567131563
2013-03-03 06:34,0.057854028122396386,3.8096411534893395
2013-03-03 06:44,0.0,5.400933936397404
2013-03-03 06:54,0.0,5.402638988307765
2013-03-03 07:04,0.23177166253204676,1.2322002305139395
2013-03-03 07:14,0.0,5.295570816359909
2013-03-03 07:24,0.0,5.3046275677439985
2013-03-03 07:34,0.3273821010002466,0.04464863872343048
2013-03-03 07:44,0.3295040925103776,0.035113575935629644
2013-03-03 07:54,0.2624265725962829,0.5891775320050019
2013-03-03 08:04,0.0,5.409963335954676
2013-03-03 08:14,0.08979684273615893,3.6620551435768074
2013-03-03 08:24,0.0,5.406593838704352
2013-03-03 08:34,0.060250170225537365,4.376824584345597
2013-03-03 08:44,0.19939787131255324,1.4311000056508267
2013-03-03 08:54,0.30754591754662397,0.3358451315362553
2013-03-03 09:04,0.0,5.393391223882057
2013-03-03 09:14,0.1862793687961628,1.4776719745788798
2013-03-03 09:24,0.0009321512473738,4.9675124877011765
2013-03-03 09:34,0.0,5.8841419516376945
2013-03-03 09:44,0.0,6.808525211573268
2013-03-03 09:54,0.0,8.581448615593136
2013-03-03 10:04,0.0,10.69721119256797
2013-03-03 10:14,0.0,7.724604300163661
2013-03-03 10:24,0.19312287330600303,2.5135034803914955
2013-03-03 10:34,0.3982818469482789,0.9957438928316882
2013-03-03 10:44,0.0,6.12065794596961
2013-03-03 10:54,0.17980021919016342,1.443173497192639
2013-03-03 11:04,0.0,5.692982536015888
2013-03-03 11:14,0.0,7.207038367134132
2013-03-03 11:24,0.0,6.019187080998768
2013-03-03 11:34,0.0,6.030065384784113
2013-03-03 11:44,0.0,6.033473724389491
2013-03-03 17:04,0.28699755602100124,0.15679799979749526
2013-03-03 17:14,0.1994576095329875,1.8022426723360385
2013-03-03 17:24,0.0,7.22431498242426
2013-03-03 17:34,0.0,7.878936250081761
2013-03-03 17:44,0.0,7.956563963061748
2013-03-03 17:54,0.12239450239830689,3.1084607355693445
2013-03-03 18:04,0.06171238312003827,4.408569414020302
2013-03-03 18:14,0.0,10.728811132119798
2013-03-03 18:24,0.0,9.189223885063237
2013-03-03 18:34,0.19906118736236336,1.7312584574263272
2013-03-03 18:44,0.0,10.196349121358793
2013-03-03 18:54,0.08213382544023022,4.086854171683293
2013-03-03 19:04,0.0,10.168053925087845
2013-03-03 19:14,0.02419876027750794,5.05000030661605
2013-03-03 19:24,0.0,10.108297049318482
2013-03-03 19:34,0.0,7.617505000254754
2013-03-03 19:44,0.20755085332106749,1.6488030887466234
2013-03-03 19:54,0.0,8.628723041005877
2013-03-03 20:04,0.10062570095263819,4.241023150348084
2013-03-03 20:14,0.08453960105689118,4.677960007312263
2013-03-03 20:24,0.0,8.486080754942774
2013-03-03 20:34,0.20109872560732903,3.7422399758198974
2013-03-03 20:44,0.0,8.441883734348732
2013-03-03 20:54,0.0,8.153867030201353
2013-03-03 21:04,0.12304274175979225,3.581044781612861
2013-03-03 21:14,0.0936219087743496,4.019222711864456
2013-03-03 21:24,0.0,8.544992129704374
2013-03-03 21:34,0.047940906105307816,3.7746975108982808
2013-03-03 21:44,0.056660792857230954,4.149572564803679
2013-03-03 21:54,0.20932509656902334,1.708384310364698
2013-03-03 22:04,0.0,8.583721155289766
2013-03-03 22:14,0.10792978357549617,3.48776803731152
2013-03-03 22:24,0.10931023724117944,3.4296679296383212
2013-03-03 22:34,0.11135546847194273,3.682631499761692
2013-03-03 22:44,0.16258733044308338,3.069930200529591
2013-03-03 22:54,0.23350902261484166,2.8126406780632447
2013-03-03 23:04,0.0,8.153631214593746
2013-03-03 23:14,0.36401204248712826,2.1060190097142883
2013-03-03 23:24,0.3186681580533764,1.9929337587083713
2013-03-03 23:34,0.1648529512169137,3.98664938964611
2013-03-03 23:44,0.0,6.71001644874094
2013-03-04 00:04,0.3243417540457001,1.3067464081068065
2013-03-04 05:34,0.4893570120003836,0.0
2013-03-04 05:44,0.2976052721685587,2.8513919753550114
2013-03-04 05:54,0.3719999526052848,0.3300806772243506
2013-03-04 06:04,0.07511471927853824,4.219508609113104
2013-03-04 06:14,0.1012581084967072,3.820551307135088
2013-03-04 06:24,0.20812461236886556,1.4618903708050588
2013-03-04 06:34,0.0,5.283659235850229
2013-03-04 06:44,0.0,5.191774151862027
2013-03-04 06:54,0.03530393412904789,3.8291755892065225
2013-03-04 07:04,0.0,5.011632661231522
2013-03-04 07:14,0.0,9.062827606469897
2013-03-04 07:24,0.0,7.776660707766478
2013-03-04 07:34,0.10408268985476513,2.806776056920364
2013-03-04 07:44,0.0,6.075850173451306
2013-03-04 07:54,0.027048747626635703,4.125853102244545
2013-03-04 08:04,0.0,7.760618608379171
2013-03-04 08:14,0.0,9.006172480616984
2013-03-04 08:24,0.0,9.010960242048728
2013-03-04 08:34,0.0,5.47951342731159
2013-03-04 08:44,0.0,7.766181695184849
2013-03-04 08:54,0.0,9.029050592872506
2013-03-04 09:04,0.0,9.01951839225511
2013-03-04 09:14,0.0,5.013881429061675
2013-03-04 09:24,0.0,9.066726979690303
2013-03-04 09:34,0.0,7.652801795565558
2013-03-04 09:44,0.1313513076747985,2.4591146611557457
2013-03-04 09:54,0.0535267928583208,3.405192411469057
2013-03-04 10:04,0.00889193122928504,4.159774268415133
2013-03-04 10:14,0.0,4.533243230034167
2013-03-04 10:24,0.0,4.549585201187007
2013-03-04 10:34,0.05730201637574054,3.586170804456115
2013-03-04 10:44,0.06372059078304561,4.157364101991414
2013-03-04 10:54,0.018784197394551182,4.693268857200709
2013-03-04 11:04,0.17342869333100602,2.719328987917123
2013-03-04 11:14,0.0,7.345931566132371
2013-03-04 11:24,0.049143781570361846,4.448650629388127
2013-03-04 11:34,0.031159911779086235,4.938660684640535
2013-03-04 11:44,0.08591422953760373,4.180274391224454
2013-03-04 11:54,0.0,4.941296576026511
2013-03-04 12:04,0.1538194296569263,3.0922430496968043
2013-03-04 12:14,0.13187647959444454,3.983102589677332
2013-03-04 12:24,0.46653813508342656,0.0214677442136103
2013-03-04 12:34,0.20456862285215724,3.232742537393008
2013-03-04 12:44,0.12405235188085646,3.9566678123647314
2013-03-04 17:44,0.24444387788393926,2.8091319892708513
2013-03-04 17:54,0.16340097356033892,3.0338050762067463
2013-03-04 18:04,0.02229349726331212,6.166359643797655
2013-03-04 18:14,0.0,5.375945865168099
2013-03-04 18:24,0.0,9.844947140118302
2013-03-04 18:34,0.0,5.848265119207207
2013-03-04 18:44,0.15070380377922937,2.4040735929766464
2013-03-04 18:54,0.01332502333918998,5.147256507900499
2013-03-04 19:04,0.05293624421784409,4.608905318771701
2013-03-04 19:14,0.07179922148088425,4.1880815765321975
2013-03-04 19:24,0.0,9.441329310124713
2013-03-04 19:34,0.0,5.1355671417391315
2013-03-04 19:44,0.041359205601978685,4.257018982040813
2013-03-04 19:54,0.0,8.192457478013965
2013-03-04 20:04,0.0,5.498711256319965
2013-03-04 20:14,0.15191226483391868,2.331101302651603
2013-03-04 20:24,0.0,8.104336765755184
2013-03-04 20:34,0.024663987880152234,4.919671320726426
2013-03-04 20:44,0.0,8.054036888676514
2013-03-04 20:54,0.020757302741240595,4.545825450089709
2013-03-04 21:04,0.14779708498267544,2.196559999119509
2013-03-04 21:14,0.0,7.692546474057641
2013-03-04 21:24,0.07107563650152075,3.83451679701388
2013-03-04 21:34,0.0,5.15971256372083
2013-03-04 21:44,0.0,5.1304514322305135
2013-03-04 21:54,0.11009478364639917,3.1479666872294527
2013-03-04 22:04,0.0,7.587022410286018
2013-03-04 22:14,0.12135967014141848,2.699565444054781
2013-03-04 22:24,0.013022779729258537,4.311456681331021
2013-03-04 22:34,0.0,7.518019619081767
2013-03-04 22:44,0.011088859472475659,4.300910495389396
2013-03-04 22:54,0.11949958165761666,2.5231538633340773
2013-03-04 23:04,0.10612095230182031,2.305644032331418
2013-03-04 23:14,0.0,7.502439249659755
2013-03-04 23:24,0.0,4.343627795892608
2013-03-04 23:34,0.12849421021564233,2.604335814339281
2013-03-04 23:44,0.035296328879306324,3.6657187022658473
2013-03-05 00:04,0.1811057300311013,2.5353521019571845
2013-03-05 00:14,0.11998253834031142,3.283962400293685
2013-03-05 00:24,0.07649081079762005,3.77528082897138
2013-03-05 00:34,0.13895889769018757,2.961277644905111
2013-03-05 00:44,0.12126045382887066,3.8234325710298456
2013-03-05 00:54,0.19613257886564703,2.700560291020675
2013-03-05 01:04,0.0,8.157677055785536
2013-03-05 06:14,0.05846723475063765,4.743221110498541
2013-03-05 06:24,0.033429078966370616,5.609799998734666
2013-03-05 06:34,0.034446264981946105,5.1858318537719095
2013-03-05 06:44,0.0,6.208949203977522
2013-03-05 06:54,0.10547841710164754,3.682001528383263
2013-03-05 07:04,0.13360291565845145,2.491664055247593
2013-03-05 07:14,0.0,7.814055549997536
2013-03-05 07:24,0.05399887140414242,4.198693821835065
2013-03-05 07:34,0.0,10.027400574682916
2013-03-05 07:44,0.05814001598049186,4.473812632710828
2013-03-05 07:54,0.03825131041775313,4.8995225436794785
2013-03-05 08:04,0.03562279508488913,4.574890949370704
2013-03-05 08:14,0.049868984931837286,4.218876596561903
2013-03-05 08:24,0.0,14.029828981930569
2013-03-05 08:34,0.0,10.069641645597974
2013-03-05 08:44,0.0,13.969538857128764
2013-03-05 08:54,0.0,8.768036435467442
2013-03-05 09:04,0.0,13.976192898087824
2013-03-05 09:14,0.0,10.009033264049004
2013-03-05 09:24,0.17538114569115035,3.6467783734757417
2013-03-05 09:34,0.0,9.994639650305588
2013-03-05 09:44,0.1001258170042764,3.966890113474846
2013-03-05 09:54,0.048223274588476195,5.20270408980363
2013-03-05 10:04,0.13094344339870495,3.5716022063488895
2013-03-05 10:14,0.05213271703151822,4.795227716816224
2013-03-05 10:24,0.12592834575877768,3.391648903338315
2013-03-05 10:34,0.05349134625199302,4.827653206472362
2013-03-05 10:44,0.11568018239246855,3.66149338462591
2013-03-05 10:54,0.0,10.016706203426807
2013-03-05 11:04,0.0,8.187597917067476
2013-03-05 11:14,0.1367864059778739,3.7498555136224088
2013-03-05 11:24,0.09291458660464862,3.756709380027512
2013-03-05 11:34,0.09509643893726177,3.5148189992102656
2013-03-05 11:44,0.03429453593048799,4.8991526933121285
2013-03-05 11:54,0.0,5.431342684169705
2013-03-05 12:04,0.0,13.911226969689508
2013-03-05 12:14,0.012046923130484128,4.978880840609696
2013-03-05 12:24,0.0,8.228754859464791
2013-03-05 12:34,0.0,10.570651269170893
2013-03-05 12:44,0.09900873375996248,3.9696916322388898
2013-03-05 12:54,0.0,9.307433910195282
2013-03-05 13:04,0.13030800000918996,3.861286229293786
2013-03-05 13:14,0.0,14.985029385554931
2013-03-05 13:24,0.09628062062035438,4.32327418674854
2013-03-05 13:34,0.0,8.418037923893008
2013-03-05 13:44,0.0,8.449858151395802
2013-03-05 13:54,0.0,10.883643821076765
2013-03-05 18:44,0.0,7.884215549937006
2013-03-05 18:54,0.0,7.886515199686714
2013-03-05 19:04,0.0,6.314211703805831
2013-03-05 19:14,0.0,7.885301708430337
2013-03-05 19:24,0.16957517378711684,0.9129497218736106
2013-03-05 19:34,0.0,7.886481804220621
2013-03-05 19:44,0.08155938385335866,1.9064742828937795
2013-03-05 19:54,0.0,7.888025253040275
2013-03-05 20:04,0.0,5.268670774927017
2013-03-05 20:14,0.0,3.96216658730923
2013-03-05 20:24,0.0,6.318772444058715
2013-03-05 20:34,0.0,7.890877166676485
2013-03-05 20:44,0.0,3.5225635569738105
2013-03-05 20:54,0.0,3.955086084044774
2013-03-05 21:04,0.0,3.5276159320724947
2013-03-05 21:14,0.0,7.879498794310727
2013-03-05 21:24,0.0,3.528691367092184
2013-03-05 21:34,0.0,3.9632462806881747
2013-03-05 21:44,0.0,7.885179081593854
2013-03-05 21:54,0.14144855051417007,1.812055314714355
2013-03-05 22:04,0.0,6.320727394288098
2013-03-05 22:14,0.0,3.9698489965991484
2013-03-05 22:24,0.0,7.8854659317398825
2013-03-05 22:34,0.0,5.283533401400704
2013-03-05 22:44,0.0,7.902734501034101
2013-03-05 22:54,0.0,3.9748038253294466
2013-03-05 23:04,0.0,5.291475283661857
2013-03-05 23:14,0.0,4.535544423475143
2013-03-05 23:24,0.3257065146776803,0.8096716849769156
2013-03-05 23:34,0.0,8.089450198068556
2013-03-05 23:44,0.0,5.414028798970455
2013-03-06 00:04,0.0,4.650563666140864
2013-03-06 00:14,0.0,8.100093164648081
2013-03-06 00:24,0.0,8.110005531792641
2013-03-06 00:34,0.0,6.498266490452797
2013-03-06 00:44,0.0,6.658796665355153
2013-03-06 00:54,0.0,5.919113833753054
2013-03-06 01:04,0.19982435807743282,2.0721225193774244
2013-03-06 01:14,0.1927940907172813,2.02638207733353
2013-03-06 01:24,0.1704729043153898,1.2125913819604512
2013-03-06 01:34,0.0,3.3934309046053954
2013-03-06 01:44,0.16977174182526789,0.5910716017162757
2013-03-06 01:54,0.0,5.546950966798257
2013-03-06 02:04,0.0,5.53171876362599
2013-03-06 02:14,0.0,3.697766802764394
2013-03-06 02:24,0.2748942551197894,0.0
2013-03-06 07:34,0.0,4.433560062268264
2013-03-06 07:44,0.0,3.7247645655488
2013-03-06 07:54,0.0,3.7269898532598873
2013-03-06 08:04,0.0,4.471194754395801
2013-03-06 08:14,0.0,4.475903132125624
2013-03-06 08:24,0.0,4.479454644935409
2013-03-06 08:34,0.0,4.488797747945815
2013-03-06 08:44,0.0,4.436979825996414
2013-03-06 08:54,0.0,4.433448394502214
2013-03-06 09:04,0.0,4.440047578159888
2013-03-06 09:14,0.0,4.443485615241452
2013-03-06 09:24,0.0,4.507005324820827
2013-03-06 09:34,0.0,4.51347051267486
2013-03-06 09:44,0.0,4.525336120077756
2013-03-06 09:54,0.0,3.774739898532278
2013-03-06 10:04,0.0,4.531130035261332
2013-03-06 10:14,0.0,4.527785618286984
2013-03-06 10:24,0.06239843644786192,3.501025407355507
2013-03-06 10:34,0.0,4.5336577165866
2013-03-06 10:44,0.0,4.534698166200885
2013-03-06 10:54,0.04933294075126775,4.322003049831831
2013-03-06 11:04,0.0,4.543335594361485
2013-03-06 11:14,0.04541160045168417,4.342799017050812
2013-03-06 11:24,0.0,4.547508490312908
2013-03-06 11:34,0.19870266935574715,2.897645870297295
2013-03-06 11:44,0.015755994155791018,4.567949064913506
2013-03-06 11:54,0.0,3.8646890814684696
2013-03-06 12:04,0.0,4.841965422677147
2013-03-06 12:14,0.0,4.95353047747708
2013-03-06 12:24,0.1366380275141612,2.942227094809544
2013-03-06 12:34,0.014671269922347265,4.922266633699318
2013-03-06 12:44,0.14612320353062114,4.340802708343331
2013-03-06 12:54,0.0,6.361376948717606
2013-03-06 13:04,0.0,5.105106913538659
2013-03-06 13:14,0.09495198088790818,4.690049519645105
2013-03-06 13:24,0.0,5.118576856681535
2013-03-06 13:34,0.0,5.122421847123596
2013-03-06 13:44,0.0,5.126152449861055
2013-03-06 13:54,0.0,5.134534259389615
2013-03-06 14:04,0.0,5.136323418435492
2013-03-06 14:14,0.0,5.144082834551405
2013-03-06 14:24,0.0,5.154302949640797
2013-03-06 14:34,0.0,5.220117167699336
2013-03-06 14:44,0.0730377164161049,4.917796707339145
2013-03-06 14:54,0.0,5.2310306693307735
2013-03-06 15:04,0.0,5.249148080288367
2013-03-06 15:14,0.0,5.24533290584408
2013-03-06 15:24,0.0,5.247332547536411
2013-03-06 20:04,0.0,3.7609810958686087
2013-03-06 20:14,0.023976705697384977,3.657312714176171
2013-03-06 20:24,0.054390788003976474,4.151371996113572
2013-03-06 20:34,0.09031329034820466,3.993261610583591
2013-03-06 20:44,0.06013278672461744,4.132472838294727
2013-03-06 20:54,0.13327302551916656,3.807236685130205
2013-03-06 21:04,0.0,4.397948349235471
2013-03-06 21:14,0.15575662252732672,3.710203237306931
2013-03-06 21:24,0.006213812881461685,5.264212933704386
2013-03-06 21:34,0.0,5.2800897595922685
2013-03-06 21:44,0.06360794275627608,4.119869869262898
2013-03-06 21:54,0.09266840852318102,3.9848102932618272
2013-03-06 22:04,0.14671658335321203,3.739225530404649
2013-03-06 22:14,0.02388096075042607,5.171267343815258
2013-03-06 22:24,0.2392127406958669,2.695170613210294
2013-03-06 22:34,0.22971286390707407,4.246154501223739
2013-03-06 22:44,0.16486926793806117,4.537710547096302
2013-03-06 22:54,0.31321728641049335,2.991073933658402
2013-03-06 23:04,0.32673503859972863,2.300659413636457
2013-03-06 23:14,0.24501113857382875,2.6649172053310632
2013-03-06 23:24,0.27307387236469755,3.1628693394119463
2013-03-06 23:34,0.050075112156778706,5.03923587038108
2013-03-06 23:44,0.1738758330500767,3.6020051118390595
2013-03-07 00:04,0.360596189650462,2.7566600525197495
2013-03-07 00:14,0.28142753023559747,3.1099944721012682
2013-03-07 00:24,0.22818967666911266,3.347064878460731
2013-03-07 00:34,0.3493879462301244,2.175801930856567
2013-03-07 00:44,0.446336749042638,2.3625987680516802
2013-03-07 00:54,0.018637173533781803,5.157266303667719
2013-03-07 01:04,0.32956251570220463,2.8852057168156398
2013-03-07 01:14,0.256797531871192,2.588714393022599
2013-03-07 01:24,0.34172157309692425,3.7047020613720028
2013-03-07 01:34,0.17493320467483606,3.581021651532272
2013-03-07 01:44,0.11474871161821075,3.8515256493992105
2013-03-07 01:54,0.10106844975745204,4.786380833999639
2013-03-07 02:04,0.0907417635711403,3.9585347642535575
2013-03-07 02:14,0.18053151029570808,3.553054904294976
2013-03-07 02:24,0.04550019966577678,5.03122861692914
2013-03-07 02:34,0.0,4.359024456767094
2013-03-07 02:44,0.00762343329939739,5.1979638059598905
2013-03-07 02:54,0.1761793441480388,3.6625833853599157
2013-03-07 03:04,0.1375347252598911,3.19921213101666
2013-03-07 03:14,0.08350908465685515,4.076249085995741
2013-03-07 03:24,0.16258947069657298,3.7183611167798976
2013-03-07 03:34,0.08428354287376269,4.0688279457624095
2013-03-07 03:44,0.056541244294301886,5.081320242568246
2013-03-07 03:54,0.10992410757575848,3.950718054533299
2013-03-07 04:04,0.013796649204331265,5.272254358810066
2013-03-07 09:14,0.05720413838316095,4.429102113205257
2013-03-07 09:24,0.02323216834309678,3.912487999956003
2013-03-07 09:34,0.1228679647646071,4.13355156967199
2013-03-07 09:44,0.0,5.617263836127678
2013-03-07 09:54,0.12745267015400621,3.4434019928880595
2013-03-07 10:04,0.31563149361461473,2.596469964295617
2013-03-07 10:14,0.20611247851836,3.0893746585640796
2013-03-07 10:24,0.5434340520781464,1.5712195298800897
2013-03-07 10:34,0.29526165952667704,3.357643746937162
2013-03-07 10:44,0.1913928414012008,3.8251104011449324
2013-03-07 10:54,0.2823279695386244,2.7463533625486165
2013-03-07 11:04,0.17009924085895226,3.920936277659263
2013-03-07 11:14,0.24139787339587024,3.6000548405672155
2013-03-07 11:24,0.2896391688749362,3.382943015260592
2013-03-07 11:34,0.35931221254101386,2.399880306448534
2013-03-07 11:44,0.2710886350754833,3.466430817600525
2013-03-07 11:54,0.44725218870749245,2.6735950274560842
2013-03-07 12:04,0.042836144179696174,5.43100022547207
2013-03-07 12:14,0.6513822703010969,1.7548868406876776
2013-03-07 12:24,0.42091279171744256,2.1226404806714814
2013-03-07 12:34,0.44368176814467025,2.0201640196423374
2013-03-07 12:44,0.4879884992023442,2.4902553116181685
2013-03-07 12:54,0.5955935573900731,2.0059503118572515
2013-03-07 13:04,0.3130380715818771,3.277662144102416
2013-03-07 13:14,0.30674796898295714,3.3059749228798605
2013-03-07 13:24,0.442458741674609,2.0256434915012456
2013-03-07 13:34,0.27675883475657326,3.440955798259963
2013-03-07 13:44,0.49344242990067216,1.796145170335107
2013-03-07 13:54,0.2963716243343488,2.683156430081691
2013-03-07 14:04,0.3903322456068198,2.260223497979507
2013-03-07 14:14,0.4100007255744773,2.9115779786504037
2013-03-07 14:24,0.19551869990326423,3.879512782448206
2013-03-07 14:34,0.19373451431024674,3.890180101909257
2013-03-07 14:44,0.22842739606395704,3.736785246076781
2013-03-07 14:54,0.04295603441459277,4.574541046930116
2013-03-07 15:04,0.1773757558320903,3.9725772986427175
2013-03-07 15:14,0.09176790176891514,4.3614397564964955
2013-03-07 15:24,0.3945268484168117,2.3192590560600572
2013-03-07 15:34,0.058262628851767195,4.616470147831943
2013-03-07 15:44,0.04484455193179195,4.684772995570449
2013-03-07 15:54,0.07643137460398756,4.551561931905231
2013-03-07 16:04,0.043744258388920494,4.709240372057884
2013-03-07 16:14,0.044702040251183205,4.7173482646065175
2013-03-07 16:24,0.02176587476323943,4.8356644625400795
2013-03-07 16:34,0.05170706965079046,4.011369441929153
2013-03-07 16:44,0.006758397356194653,4.231035721948755
2013-03-07 21:44,0.0,4.8706213163422865
2013-03-07 21:54,0.0,4.781907101379835
2013-03-07 22:04,0.0,4.101284140733555
2013-03-07 22:14,0.015485056511747915,4.032956712333059
2013-03-07 22:24,0.0,4.094876975062991
2013-03-07 22:34,0.36770234362970056,2.442499955943116
2013-03-07 22:44,0.0,4.772788383140606
2013-03-07 22:54,0.20740169288436952,3.841366639049343
2013-03-07 23:04,0.31089475532672106,2.6921923818420663
2013-03-07 23:14,0.03334327284397363,4.621756090500581
2013-03-07 23:24,0.273781478329583,3.5378335769250944
2013-03-07 23:34,0.13238685815588833,4.172771529165586
2013-03-07 23:44,0.16149246764473177,3.9597353775201567
2013-03-08 00:04,0.5080055938297688,2.400136550069966
2013-03-08 00:14,0.35831299612984907,2.404371082291451
2013-03-08 00:24,0.2755609242696646,3.446328154950503
2013-03-08 00:34,0.2651448312201069,2.8237013690096595
2013-03-08 00:44,0.4849582010921897,1.8343869909787958
2013-03-08 00:54,0.3629039016736306,3.0532223510587424
2013-03-08 01:04,0.35341144437584127,3.0959452526907603
2013-03-08 01:14,0.3213955670613162,3.2400379813603433
2013-03-08 01:24,0.27232539361696967,3.460885991515444
2013-03-08 01:34,0.569679951899417,2.1225971430245685
2013-03-08 01:44,0.3198083604302623,2.5776779373750394
2013-03-08 01:54,0.34091021971123786,3.2463564843245245
2013-03-08 02:04,0.35934391084330697,3.1677724642277796
2013-03-08 02:14,0.3057401943544881,3.413906313347824
2013-03-08 02:24,0.3078262731626258,2.9202167652594873
2013-03-08 02:34,0.35997341273353556,3.4143192830518907
2013-03-08 02:44,0.310247206801397,3.649607207393025
2013-03-08 02:54,0.044359136408901496,6.004104983960859
2013-03-08 03:04,0.18183411356426635,4.356588515429008
2013-03-08 03:14,0.21435617613676303,3.4692958400348495
2013-03-08 03:24,0.21532481575657314,4.201861296612022
2013-03-08 03:34,0.23679652729738018,4.103689461536337
2013-03-08 03:44,0.09432790690751115,4.744406608052261
2013-03-08 03:54,0.10406593572919597,4.700621052979047
2013-03-08 04:04,0.11823091985088753,4.640650506539676
2013-03-08 04:14,0.12844731869373166,3.8630435183515033
2013-03-08 04:24,0.14215097580992425,3.8037365689601454
2013-03-08 04:34,0.0,5.45539323368496
2013-03-08 04:44,0.09406263534095056,3.687091130048103
2013-03-08 04:54,0.007996881814450706,5.4552307666737745
2013-03-08 05:04,0.0,5.750820734437866
2013-03-08 05:14,0.0,5.7600409012760005
2013-03-08 10:44,0.0,5.7587313327454135
2013-03-08 10:54,0.04465623923135841,4.745790918443241
2013-03-08 11:04,0.07466782102875714,5.4310292463475465
2013-03-08 11:14,0.0,5.752197343260288
2013-03-08 11:24,0.07531602171264436,4.598300511614171
2013-03-08 11:34,0.10211803390693346,4.465803487410901
2013-03-08 11:44,0.10912280952847472,4.434756252921705
2013-03-08 11:54,0.0,6.53179762659286
2013-03-08 12:04,0.14615487193424265,4.0293823338254
2013-03-08 12:14,0.05231980287327505,5.510622189506955
2013-03-08 12:24,0.13616776238671874,4.31213262846362
2013-03-08 12:34,0.13989677127415562,3.679309700341509
2013-03-08 12:44,0.0,6.889694487538354
2013-03-08 12:54,0.19301895483819248,3.440111235415394
2013-03-08 13:04,0.009757810727019594,6.847943823876523
2013-03-08 13:14,0.025805441154420017,6.626919813922549
2013-03-08 13:24,0.30060816295320963,2.8642835184742363
2013-03-08 13:34,0.34063844137207494,2.685432204120961
2013-03-08 13:44,0.29322506944997756,2.431062604145597
2013-03-08 13:54,0.2889829318889678,3.522677096079906
2013-03-08 14:04,0.38553760903652023,2.4866710715962643
2013-03-08 14:14,0.32334988653421887,2.7657327895111052
2013-03-08 14:24,0.2653597251558656,2.5571753192733895
2013-03-08 14:34,0.21129137672286954,4.674354319072409
2013-03-08 14:44,0.21741991640217204,4.646092185616023
2013-03-08 14:54,0.2989321614516116,4.278984468272326
2013-03-08 15:04,0.40864451479901354,2.377836590895147
2013-03-08 15:14,0.3160810564415863,3.3897508482005807
2013-03-08 15:24,0.3928750056453431,2.5212772831002894
2013-03-08 15:34,0.2025164944377005,3.9836153627981115
2013-03-08 15:44,0.26149002535784815,3.7129016041545078
2013-03-08 15:54,0.19674940549217937,3.9983779623740094
2013-03-08 16:04,0.24924073943802977,3.144179687014536
2013-03-08 16:14,0.16770325207314501,4.106460647665303
2013-03-08 16:24,0.15314376633385662,4.17227742109035
2013-03-08 16:34,0.07184457741547026,5.35805865363949
2013-03-08 16:44,0.0,6.821232577608369
2013-03-08 16:54,0.0,6.862219162889031
2013-03-08 17:04,0.06790241312687563,4.640580468055129
2013-03-08 17:14,0.14013977523546653,3.9040344092661337
2013-03-08 17:24,0.08003704751312528,3.6974623047630932
2013-03-08 17:34,0.0,5.236773376849163
2013-03-08 17:44,0.0,7.314446980897733
2013-03-08 17:54,0.0,5.17139134688021
2013-03-08 23:04,0.0,4.947655791746054
2013-03-08 23:14,0.08229468543774339,3.956199796887564
2013-03-08 23:24,0.0006460529383186738,5.754159980185408
2013-03-08 23:34,0.013449038533107345,4.86696660342917
2013-03-08 23:44,0.0016724949058100971,5.735134907820118
2013-03-09 00:04,0.03043074461516774,5.598419642453697
2013-03-09 00:14,0.13927158143021073,4.280232821140575
2013-03-09 00:24,0.019099151743926204,5.640366744225998
2013-03-09 00:34,0.07577962492686292,5.38855359499358
2013-03-09 00:44,0.13061504177633532,4.326597164063239
2013-03-09 00:54,0.14695770584698922,4.256386829036024
2013-03-09 01:04,0.14472887251320787,4.269025427977397
2013-03-09 01:14,0.1802126052183953,4.111159850017056
2013-03-09 01:24,0.2573060773284337,3.766511566175413
2013-03-09 01:34,0.22157862075886425,3.929038060431233
2013-03-09 01:44,0.3641183508659542,3.1810796476118792
2013-03-09 01:54,0.2892825529283553,3.5197490226975763
2013-03-09 02:04,0.30600434683640676,4.250021225165156
2013-03-09 02:14,0.4498665861689659,1.0473246938090148
2013-03-09 02:24,0.4823017563518677,0.9023518782822372
2013-03-09 02:34,0.3000191629259623,3.476994772227889
2013-03-09 02:44,0.21517840233903882,4.664253992768359
2013-03-09 02:54,0.284453732001282,4.35501123659516
2013-03-09 03:04,0.369500554649845,3.973600474275321
2013-03-09 03:14,0.296269599771161,3.4964720232027835
2013-03-09 03:24,0.5182235050109064,1.4251517190847882
2013-03-09 03:34,0.3048783971453291,4.259174398000252
2013-03-09 03:44,0.25798505751285833,4.468229432491158
2013-03-09 03:54,0.3071615560633513,3.4418389024140974
2013-03-09 04:04,0.41951998676571384,2.9339478047185557
2013-03-09 04:14,0.29683642735053706,4.281495144151261
2013-03-09 04:24,0.37660444272722166,3.113496874255262
2013-03-09 04:34,0.25567081303876177,3.658002241205016
2013-03-09 04:44,0.18993825773160938,4.74861206120273
2013-03-09 04:54,0.2743679818019637,2.963530572698943
2013-03-09 05:04,0.1397792066220118,4.958940439699691
2013-03-09 05:14,0.22769652157733192,3.7564470377973094
2013-03-09 05:24,0.22297944884869217,3.7769865885026506
2013-03-09 05:34,0.02325530858684332,6.599912571475686
2013-03-09 05:44,0.1871553963538345,3.362503807098316
2013-03-09 05:54,0.0107191820479964,6.704788816066503
2013-03-09 06:04,0.03302835750748836,5.601318326009704
2013-03-09 06:14,0.13612206277973687,4.4482950009426725
2013-03-09 11:44,0.024925050691917902,4.820443413900546
2013-03-09 11:54,0.0326767811214935,5.574623956515757
2013-03-09 12:04,0.275647331229259,2.1146528305860275
2013-03-09 12:14,0.17768312565372515,3.9759674614425338
2013-03-09 12:24,0.253365327583032,3.6199928954769147
2013-03-09 12:34,0.33952420574804115,1.2423071892311135
2013-03-09 12:44,0.15374008306663609,4.9146327657968785
2013-03-09 12:54,0.04423365473290694,6.534554557972013
2013-03-09 13:04,0.3924515405105293,2.4506689953983214
2013-03-09 13:14,0.2756381251891578,3.5848057673915257
2013-03-09 13:24,0.3553222020527686,4.041494180046732
2013-03-09 13:34,0.3844071431103994,2.510807345957341
2013-03-09 13:44,0.40786370854106746,2.4161260823922994
2013-03-09 13:54,0.1566536614231469,4.976690999474512
2013-03-09 14:04,0.3660475015975247,3.1504310561486673
2013-03-09 14:14,0.29132037987369636,4.293963835920048
2013-03-09 14:24,0.5471010722330482,0.0
2013-03-09 14:34,0.5943909496468935,1.5439854628986804
2013-03-09 14:44,0.45193980939177475,2.1907373538759907
2013-03-09 14:54,0.5272023649623196,1.8590375933164796
2013-03-09 15:04,0.25711293435343446,4.4879767091775005
2013-03-09 15:14,0.4212992431641339,3.7523308174001273
2013-03-09 15:24,0.5722380190107709,1.1939393194294414
2013-03-09 15:34,0.5429500434293527,1.798355762689582
2013-03-09 15:44,0.4033178788153127,3.0340066884899914
2013-03-09 15:54,0.41072055205406954,3.0039034881521305
2013-03-09 16:04,0.1963386927942547,5.904949117145309
2013-03-09 16:14,0.6333208191211027,1.3847296202364925
2013-03-09 16:24,0.37874269670944144,3.114612866193164
2013-03-09 16:34,0.32880655565616673,4.119336768986228
2013-03-09 16:44,0.4260761236850527,2.2709487703239466
2013-03-09 16:54,0.3327674803140066,3.2833926463648595
2013-03-09 17:04,0.0,8.34924717623211
2013-03-09 17:14,0.23529489847805207,3.8161854014072687
2013-03-09 17:24,0.21887632748621974,3.89700879294112
2013-03-09 17:34,0.19234404986205386,4.013851339084559
2013-03-09 17:44,0.2657236446002212,3.064963871629526
2013-03-09 17:54,0.0,6.769046229727955
2013-03-09 18:04,0.1323582783871763,5.099296468437413
2013-03-09 18:14,0.0,5.865040411163822
2013-03-09 18:24,0.04158304424559573,5.533292014584015
2013-03-09 18:34,0.03280535025594577,4.498912329920742
2013-03-09 18:44,0.05040662000617844,4.112072350653101
2013-03-10 00:04,0.16915867759816178,4.339222945418867
2013-03-10 00:14,0.08764366678243024,4.9305794417652
2013-03-10 00:24,0.1281104687097949,4.747886072235554
2013-03-10 00:34,0.1950675178229149,4.341116143305706
2013-03-10 00:44,0.25837898181417734,2.565551676178408
2013-03-10 00:54,0.19661535090892907,3.4649095498069573
2013-03-10 01:04,0.2851076134636794,3.067287714959287
2013-03-10 01:14,0.27928765051770144,3.094018437114784
2013-03-10 01:24,0.3640812379441303,3.5833291250209762
2013-03-10 01:34,0.2529916721052162,4.083627256143186
2013-03-10 01:44,0.22640041302316313,4.203855646613822
2013-03-10 01:54,0.22683500784147112,4.202512491878422
2013-03-10 02:04,0.3312630469544377,2.8628864896447284
2013-03-10 02:14,0.3740295556943392,3.5417394697111892
2013-03-10 02:24,0.5490531639407811,2.755173337922843
2013-03-10 02:34,0.5314672721210212,2.8348906872178707
2013-03-10 02:44,0.6472836687438371,2.3146014135110646
2013-03-10 02:54,0.572650385167224,2.6508795693894074
2013-03-10 03:04,0.6912889487966143,1.2466993135311144
2013-03-10 03:14,0.49974701699765905,2.979951524555233
2013-03-10 03:24,0.7394783377949783,1.9023443706983316
2013-03-10 03:34,0.5405477525642479,2.79771738537751
2013-03-10 03:44,0.7251683907125808,1.9680396298769214
2013-03-10 03:54,0.491050769767874,3.0217411750612295
2013-03-10 04:04,0.6183220491770454,1.577351607499423
2013-03-10 04:14,0.5265060616009686,2.8613151624392903
2013-03-10 04:24,0.4495557771205947,3.2067970581222767
2013-03-10 04:34,0.39087147918697673,3.4701765439357413
2013-03-10 04:44,0.4621608696352038,3.149025730038179
2013-03-10 04:54,0.31428371464398436,2.942468242306488
2013-03-10 05:04,0.22674764765370237,4.206766432877984
2013-03-10 05:14,0.4054813461527299,2.531081984543826
2013-03-10 05:24,0.23073257469987918,4.187332353041469
2013-03-10 05:34,0.3112514737953628,3.8245992360978764
2013-03-10 05:44,0.2282018312824067,4.1976571801559
2013-03-10 05:54,0.27964804207450655,4.0582015197102
2013-03-10 06:04,0.210316360242774,3.4819867333183527
2013-03-10 06:14,0.1509082799934694,4.631404248600007
2013-03-10 06:24,0.3106673682069097,2.3392591196005283
2013-03-10 06:34,0.16323621046647674,4.497516480420485
2013-03-10 06:44,0.1679354295890196,4.47487858484518
2013-03-10 06:54,0.04275382945355445,5.033471164258072
2013-03-10 07:04,0.09340944143851622,4.795712179809375
2013-03-10 12:44,0.07831160798225462,3.7964679667520236
2013-03-10 12:54,0.22160687221801595,1.4927366838546419
2013-03-10 13:04,0.18990014408425954,2.783506799151873
2013-03-10 13:14,0.12796830967166586,4.319662789216047
2013-03-10 13:24,0.12217170837139843,4.389916695278966
2013-03-10 13:34,0.19204902071279334,4.443333917059344
2013-03-10 13:44,0.18595525747439035,4.466144767975524
2013-03-10 13:54,0.16841351261645612,4.6758799484833204
2013-03-10 14:04,0.3834975309432642,4.232107058440405
2013-03-10 14:14,0.5473497581429164,0.2948277194785042
2013-03-10 14:24,0.5479375460118054,1.5034250180613749
2013-03-10 14:34,0.4486768214863316,3.0677037404900536
2013-03-10 14:44,0.4727494327140128,0.0
2013-03-10 14:54,0.2960239023065737,4.423813745105395
2013-03-10 15:04,0.4690731745910157,1.6105292941082843
2013-03-10 15:14,0.46792158821586094,1.6196939739934555
2013-03-10 15:24,0.39496253473190446,5.116738633693293
2013-03-10 15:34,0.40168708042886914,6.150857432825793
2013-03-10 15:44,0.7907196352547484,4.045191759142015
2013-03-10 15:54,0.8304577928625156,1.9226258319649752
2013-03-10 16:04,0.5744326178594011,8.057920399486578
2013-03-10 16:14,0.787751705239445,1.3816370000959286
2013-03-10 16:24,0.8614452739308736,0.03652403878713088
2013-03-10 16:34,0.9276831567853344,1.802123699441642
2013-03-10 16:44,0.6576849735998851,5.793721699749027
2013-03-10 16:54,0.6997298775577474,7.195547226416046
2013-03-10 17:04,1.156987709536427,3.5989680159675026
2013-03-10 17:14,1.0759252402605723,0.0
2013-03-10 17:24,1.0525798535818494,1.2504236604116383
2013-03-10 17:34,1.3493686567912324,0.04795148590089002
2013-03-10 17:44,1.113756136932626,0.8087877629674932
2013-03-10 17:54,1.209728156901216,0.38220325659386345
2013-03-10 18:04,1.2922317160415102,0.0
2013-03-10 18:14,0.8722326910589607,1.6778945218859211
2013-03-10 18:24,1.2695439572228377,0.0
2013-03-10 18:34,0.8448960795458894,4.342426909040756
2013-03-10 18:44,1.1559824169630917,0.40239645840596716
2013-03-10 18:54,1.0097943974869912,0.47412123973353193
2013-03-10 19:04,1.354524061869046,0.0
2013-03-10 19:14,1.233371964043047,0.0
2013-03-10 19:24,1.0310324402645994,1.2622483990279845
2013-03-11 01:04,0.6153555428988094,3.0426862001323314
2013-03-11 01:14,0.662365231750802,2.1773855215922753
2013-03-11 01:24,0.5210038482149612,2.960019413795357
2013-03-11 01:34,0.4432349074310853,3.643999282630465
2013-03-11 01:44,0.7080454927489127,2.3396495820384935
2013-03-11 01:54,0.7946099039833056,1.9439753949621112
2013-03-11 02:04,0.7351511655311888,2.1958035370415865
2013-03-11 02:14,0.8342199351381087,1.7543664755732375
2013-03-11 02:24,0.8599189954178329,1.6381532692529854
2013-03-11 02:34,0.7422037092720802,2.7222525360894028
2013-03-11 02:44,0.6686091012894735,2.2730955775541353
2013-03-11 02:54,0.7399637627019862,1.938726317959036
2013-03-11 03:04,0.5334708925409969,3.445173697342769
2013-03-11 03:14,0.7037245738539047,2.791129545078437
2013-03-11 03:24,0.7212281406652844,2.7111199838186826
2013-03-11 03:34,0.7351629679553193,2.6438301160755584
2013-03-11 03:44,0.6883827661501781,2.6712425118428507
2013-03-11 03:54,0.7378895752023698,2.429582758931502
2013-03-11 04:04,0.771906667245889,1.9923539068250171
2013-03-11 04:14,0.7547111416064322,2.0609908831046697
2013-03-11 04:24,0.7362539129510227,2.135109154020447
2013-03-11 04:34,0.7757915001637768,1.9506924319371666
2013-03-11 04:44,0.9755202057977204,1.0525520090367282
2013-03-11 04:54,0.9099132555147904,1.1886359816055134
2013-03-11 05:04,0.972135928243743,0.2525410571422647
2013-03-11 05:14,1.0793444489176491,0.7218809140849026
2013-03-11 05:24,1.1966560955963514,1.1565892755167817
2013-03-11 05:34,1.3029532366927534,0.0
2013-03-11 05:44,1.2567497116349509,0.0
2013-03-11 05:54,1.2906949517969453,0.0
2013-03-11 06:04,1.1898201485501045,0.0
2013-03-11 06:14,1.177487471352336,0.0
2013-03-11 06:24,1.2350228193878354,0.0
2013-03-11 06:34,1.1784891076357975,0.0
2013-03-11 06:44,1.1257777756684764,0.0
2013-03-11 06:54,1.2186312669060624,0.011667191207113098
2013-03-11 07:04,0.97842821041816,1.0497743049539838
2013-03-11 07:14,1.0158758887703805,0.2279108276742726
2013-03-11 07:24,0.9016053667551915,0.2141415602884544
2013-03-11 07:34,0.818279529495504,0.0
2013-03-11 07:44,1.206487238362707,0.3710109836611318
2013-03-11 13:24,0.8456821525763056,0.0
2013-03-11 13:34,1.1481379702799346,0.39844602509711297
2013-03-11 13:44,1.0659028014437417,0.7112396630600434
2013-03-11 13:54,1.1672094652821359,0.0
2013-03-11 14:04,1.2332331805503745,0.0
2013-03-11 14:14,1.2659516613733608,0.0
2013-03-11 14:24,1.2901660219591853,0.0
2013-03-11 14:34,1.173854745893118,0.15683979554985825
2013-03-11 14:44,0.9291583742406635,0.0
2013-03-11 14:54,1.3439117713136601,0.0
2013-03-11 15:04,1.2930982751979436,0.0
2013-03-11 15:14,1.237973436313359,0.9595488255120566
2013-03-11 15:24,1.3222280181562918,0.0
2013-03-11 15:34,0.8328287391883181,0.0
2013-03-11 15:44,1.1604292417859061,0.0
2013-03-11 15:54,1.0668668763011209,0.29296716631044417
2013-03-11 16:04,0.9928848858389636,0.6254721790612568
2013-03-11 16:14,1.105158951666549,0.9816830553418263
2013-03-11 16:24,1.2323535452145677,0.0
2013-03-11 16:34,1.2968865669190341,0.2583047592234576
2013-03-11 16:44,1.1859124898958355,0.0
2013-03-11 16:54,1.3649542784535524,0.0
2013-03-11 17:04,1.203289778656404,0.0
2013-03-11 17:14,1.2352564090345253,0.5203139928513387
2013-03-11 17:24,1.156725383460526,0.0
2013-03-11 17:34,1.2577857966591943,0.0
2013-03-11 17:44,1.2471324997603863,0.0
2013-03-11 17:54,1.3565997019324343,0.0
2013-03-11 18:04,1.3541745749047198,0.0
2013-03-11 18:14,1.5158699702834784,0.0
2013-03-11 18:24,1.4211527185119786,0.0
2013-03-11 18:34,1.3546854053623218,0.0
2013-03-11 18:44,1.3187358380717176,0.0
2013-03-11 18:54,1.423012605927338,0.0
2013-03-11 19:04,1.2411631918162889,0.0
2013-03-11 19:14,1.0474655068931833,0.0
2013-03-11 19:24,1.553841170339316,0.0
2013-03-11 19:34,1.3527597304747176,0.0
2013-03-11 19:44,0.8896435630652474,0.0
2013-03-11 19:54,1.3605749911436065,0.0
2013-03-11 20:04,1.0925575695103595,0.0
2013-03-12 01:44,0.7767378997365996,0.0
2013-03-12 01:54,1.439820230374783,0.4267535369152683
2013-03-12 02:04,1.4942747543025519,0.0
2013-03-12 02:14,0.9180154978956715,1.4079606153061461
2013-03-12 02:24,1.0642661590121338,0.7685603632699834
2013-03-12 02:34,1.1064023511997527,0.0
2013-03-12 02:44,1.028746769284505,1.6569576618636375
2013-03-12 02:54,1.1216304795381633,1.2305714867489208
2013-03-12 03:04,0.8325915066606833,0.0
2013-03-12 03:14,0.8127836713144337,0.0
2013-03-12 03:24,1.1159501562206995,1.0246924792896328
2013-03-12 03:34,1.070848091226984,1.200146685757425
2013-03-12 03:44,0.9247928425550513,1.815921889307883
2013-03-12 03:54,0.8392117899054321,1.3401902256669436
2013-03-12 04:04,0.7641612445058681,1.6565422937094507
2013-03-12 04:14,0.8106641217875434,2.16765266700907
2013-03-12 04:24,0.6584103930095371,0.0
2013-03-12 04:34,1.037222255814423,2.29054724174698
2013-03-12 04:44,0.9666567576208318,1.4367128325127225
2013-03-12 04:54,1.1839239186119834,0.0
2013-03-12 05:04,0.8813738625213633,1.7139429378706652
2013-03-12 05:14,0.792451706307348,1.9663137820651948
2013-03-12 05:24,0.7615461458292155,0.5233137085761836
2013-03-12 05:34,0.8446057828953016,1.887426714852887
2013-03-12 05:44,0.8521244408858903,1.9830515598469398
2013-03-12 05:54,1.1370384331296377,0.0
2013-03-12 06:04,1.3297224735136512,0.0
2013-03-12 06:14,1.119188236263549,0.7618763051538557
2013-03-12 06:24,1.213950681183184,0.24716479754214113
2013-03-12 06:34,1.0938100546955758,0.6640635495927998
2013-03-12 06:44,1.1431207363206397,0.4010165173447983
2013-03-12 06:54,1.0149276673997671,0.9118750669250264
2013-03-12 07:04,1.2277705446593274,0.0
2013-03-12 07:14,1.3078023020604101,0.0
2013-03-12 07:24,1.5994346087881997,0.0
2013-03-12 07:34,1.5516722573849375,0.0
2013-03-12 07:44,1.5703722681169288,0.0
2013-03-12 07:54,1.4183017628889063,0.0
2013-03-12 08:04,0.8371776241957132,0.0
2013-03-12 08:14,1.371179425062644,0.0
2013-03-12 08:24,1.3911901094808108,0.0
