date,coef_a,coef_b
2012-12-13 13:14,0.2687945740289481,0.920790168124141
2012-12-13 13:24,0.9035371236454076,0.05028209611655951
2012-12-13 13:34,0.7818365635603922,0.20018494681910148
2012-12-13 13:44,0.9970715499690428,0.0
2012-12-13 13:54,1.0225932450583861,0.0
2012-12-13 14:04,1.004758432061337,0.0
2012-12-13 14:14,1.002713075065014,0.0
2012-12-13 14:24,0.8666649152637493,0.0
2012-12-13 14:34,1.0562026076486764,0.0
2012-12-13 14:44,1.0272938542499712,0.0
2012-12-13 14:54,0.8818550868181773,0.0
2012-12-13 15:04,0.8235451580368014,0.1908755697454736
2012-12-13 15:14,0.9990723522431413,0.26898778071698465
2012-12-13 15:24,1.0555146705064842,0.0
2012-12-13 15:34,0.9010046515008667,0.0
2012-12-13 15:44,1.0702973849442983,0.0
2012-12-13 15:54,1.0424302344446743,0.0
2012-12-13 16:04,1.0727922385283994,0.0
2012-12-13 16:14,0.9053614720208789,0.0
2012-12-13 16:24,1.026798060037794,0.0
2012-12-13 16:34,1.055598710279284,0.0
2012-12-13 16:44,1.0450967680277683,0.0
2012-12-13 16:54,1.0429322872648348,0.0
2012-12-13 17:04,1.0648970897416852,0.0
2012-12-13 17:14,1.081109058164102,0.0
2012-12-13 17:24,1.090220942959337,0.0
2012-12-13 17:34,0.914712138045309,0.0
2012-12-13 17:44,0.8051620912894683,0.0
2012-12-13 17:54,1.0330183187567021,0.0
2012-12-13 18:04,1.0588463346867512,0.0
2012-12-13 18:14,0.8958447091645444,0.0
2012-12-13 18:24,1.0434774249795362,0.0
2012-12-13 18:34,1.0149796715021877,0.0
2012-12-13 18:44,1.0130395178994447,0.0
2012-12-13 18:54,0.6370196695864623,0.373623522823504
2012-12-13 19:04,0.8386258123200616,0.003465453536302164
2012-12-13 19:14,1.010575756633367,0.0
2012-12-13 19:24,0.8979791598416115,0.11134395352446763
2012-12-13 19:34,0.9964296188370834,0.0
2012-12-13 19:44,0.3952143379238899,0.5955644504756179
2012-12-13 19:54,0.9966595082265144,0.0
2012-12-13 20:04,0.34389573387800826,0.6642752492509292
2012-12-14 01:34,0.006655777701463007,1.1437356740318356
2012-12-14 01:44,0.0,0.9617093204888469
2012-12-14 01:54,0.35605583868399626,0.4719165420772534
2012-12-14 02:04,0.3729834942253887,0.5907537537569106
2012-12-14 02:14,0.0,1.139478170394869
2012-12-14 02:24,0.22290587951783924,0.7336285237933552
2012-12-14 02:34,0.336906253599376,0.6298605630557867
2012-12-14 02:44,0.12381110083249017,0.8432033988843228
2012-12-14 02:54,0.5725064156704008,0.377070804297521
2012-12-14 03:04,0.2967059433268237,0.5334192885260995
2012-12-14 03:14,0.26806054156037695,0.7005755422302984
2012-12-14 03:24,0.32136583436121785,0.6466941911201175
2012-12-14 03:34,0.20413878831276702,0.9341089465446439
2012-12-14 03:44,0.7654992944314997,0.18395221160532593
2012-12-14 03:54,0.7469669264023419,0.20322842007572353
2012-12-14 04:04,0.049809976719278,1.0909544506548712
2012-12-14 04:14,0.8258288101620902,0.0
2012-12-14 04:24,0.224858334098498,0.9170079121014865
2012-12-14 04:34,0.36980487316813865,0.772363903258078
2012-12-14 04:44,0.7050337612637725,0.24688474002580976
2012-12-14 04:54,0.3332586409180241,0.8084934724291601
2012-12-14 05:04,0.5583190100031756,0.5850593320015588
2012-12-14 05:14,0.2886606072032119,0.8590721486789192
2012-12-14 05:24,0.38784690279819806,0.5826325989660266
2012-12-14 05:34,0.20988471721516172,0.9576713163554184
2012-12-14 05:44,0.6675688798488244,0.5021604296978733
2012-12-14 05:54,0.29231096076272284,0.6832639507375816
2012-12-14 06:04,0.3728673089279357,0.6009180398358265
2012-12-14 06:14,0.046337773004678964,1.1189789764926557
2012-12-14 06:24,0.2515284878166347,0.9132064082474238
2012-12-14 06:34,0.6942712085629613,0.2761264458923587
2012-12-14 06:44,0.46803211008736245,0.25874522015714074
2012-12-14 06:54,0.0,1.1587691496863088
2012-12-14 07:04,0.0,1.150987453147648
2012-12-14 07:14,0.1479008059441207,0.6818658513527267
2012-12-14 07:24,0.0,1.1552974937643374
2012-12-14 07:34,0.0,1.1646671042047754
2012-12-14 07:44,0.0,1.1629481833944475
2012-12-14 07:54,0.0,1.1651868902140774
2012-12-14 08:04,0.0,1.1678716171656411
2012-12-14 08:14,0.0,1.1728531760934393
2012-12-14 08:24,0.0,1.1613871575403354
2012-12-14 14:04,0.17404199856283983,0.6371585723596868
2012-12-14 14:14,0.4777791338487898,0.06071365481682388
2012-12-14 14:24,0.23333984775133665,0.561727475753512
2012-12-14 14:34,0.0,1.0529898785941296
2012-12-14 14:44,0.45900280013347744,0.0
2012-12-14 14:54,0.29449400744437815,0.6080790200098066
2012-12-14 15:04,0.0,1.0493601632430616
2012-12-14 15:14,0.48050531540346786,0.0
2012-12-14 15:24,0.41280045361820933,0.3746275409221272
2012-12-14 15:34,0.1799061661629277,0.8705560045219225
2012-12-14 15:44,0.0,1.0497961787906616
2012-12-14 15:54,0.15051992068035144,0.9008973796136871
2012-12-14 16:04,0.1679113444903552,0.8748755644825633
2012-12-14 16:14,0.39583376918263147,0.4978588308597061
2012-12-14 16:24,0.45484807311143677,0.0
2012-12-14 16:34,0.650794642993698,0.04416117916637459
2012-12-14 16:44,0.6981995125317345,0.1953554181334806
2012-12-14 16:54,0.49382238625815655,0.39978123620257083
2012-12-14 17:04,0.20132589261279224,0.8412956553988095
2012-12-14 17:14,0.33399629236242173,0.7085914992341731
2012-12-14 17:24,0.7826898068690935,0.0
2012-12-14 17:34,0.5494529523147973,0.0
2012-12-14 17:44,0.8029203705079786,0.0
2012-12-14 17:54,0.5432322944956675,0.49930359648710326
2012-12-14 18:04,0.5130581116050965,0.0
2012-12-14 18:14,0.505988015705643,0.0
2012-12-14 18:24,0.5761596977303667,0.4663778594745309
2012-12-14 18:34,0.6494053938151789,0.39310702610415094
2012-12-14 18:44,0.0,1.5623539345901836
2012-12-14 18:54,0.5659301241456199,0.0
2012-12-14 19:04,0.627909039287062,0.433782235285518
2012-12-14 19:14,0.8137442384115608,0.0
2012-12-14 19:24,0.5927782747945844,0.0
2012-12-14 19:34,0.8444475211771495,0.4065153570136213
2012-12-14 19:44,0.0,1.5541792976844622
2012-12-14 19:54,0.40066057997871746,0.6641143915119275
2012-12-14 20:04,0.1585972307306543,0.7538803685804383
2012-12-14 20:14,0.0,1.546561894939688
2012-12-14 20:24,0.2618442177433608,0.6502525829270682
2012-12-14 20:34,0.0,1.588590409280602
2012-12-14 20:44,0.0,1.5995795111500264
2012-12-14 20:54,0.0,1.6000074990183286
2012-12-15 02:24,0.39848906541137563,0.8242359425263903
2012-12-15 02:34,0.36637114762760864,0.48502719151948304
2012-12-15 02:44,0.6088425580316353,0.3820937777397596
2012-12-15 02:54,0.3370958067262441,0.8279300889597858
2012-12-15 03:04,0.5254013559655689,0.6388174928017536
2012-12-15 03:14,0.5015882088997691,0.661992757233843
2012-12-15 03:24,0.4623691784805496,0.7004218929809911
2012-12-15 03:34,0.46700449975477676,0.6948195599342374
2012-12-15 03:44,0.8488063907244335,0.0
2012-12-15 03:54,0.7600978209462035,0.0
2012-12-15 04:04,0.6072404015590817,0.5359833714317106
2012-12-15 04:14,0.6972081307172213,0.4451162056098448
2012-12-15 04:24,0.7405434336887289,0.21070231113186563
2012-12-15 04:34,0.2383892501882461,0.9021896089088584
2012-12-15 04:44,0.5005561510659597,0.6393121419218046
2012-12-15 04:54,0.75400116780865,0.38520541342620074
2012-12-15 05:04,0.934760092672808,0.20399228087053214
2012-12-15 05:14,0.6004793640674354,0.5380092440324751
2012-12-15 05:24,0.556734307186021,0.5815397301494801
2012-12-15 05:34,0.6223034629980694,0.5157762127679192
2012-12-15 05:44,0.6695856701099301,0.46829937764774976
2012-12-15 05:54,0.5634284256133357,0.5742400030541699
2012-12-15 06:04,0.9709123396805698,0.0
2012-12-15 06:14,0.5061082450135619,0.6320033881384965
2012-12-15 06:24,0.8577058414746429,0.0
2012-12-15 06:34,0.860858202194556,0.0
2012-12-15 06:44,0.9199772490610619,0.21964721340259188
2012-12-15 06:54,0.6663652603379916,0.4737639451691818
2012-12-15 07:04,1.0262557554639389,0.11499570443703389
2012-12-15 07:14,0.7446355446605555,0.39848735741740554
2012-12-15 07:24,0.610915043303263,0.0
2012-12-15 07:34,0.7743353551677391,0.0
2012-12-15 07:44,0.5304262260304938,0.631244526041619
2012-12-15 07:54,0.7048297341765298,0.45723581660145146
2012-12-15 08:04,0.6073022455117729,0.5545220658793647
2012-12-15 08:14,0.38734524191370306,0.7740707281948572
2012-12-15 08:24,0.49962634365078157,0.6617458250959095
2012-12-15 08:34,0.6897201320838495,0.27821936741062486
2012-12-15 08:44,0.7336447699209895,0.25492071243834047
2012-12-15 08:54,0.571706046466807,0.6156100106417175
2012-12-15 09:04,0.18781028670057812,1.0003691987328642
2012-12-15 09:14,0.13116850844495578,1.0026111798045954
2012-12-15 15:04,0.44075214557189324,0.6478375907317627
2012-12-15 15:14,0.396933609424742,0.690637613173126
2012-12-15 15:24,0.6963766515727361,0.20902408581856613
2012-12-15 15:34,0.5723275598479881,0.0
2012-12-15 15:44,0.6321943401358645,0.0
2012-12-15 15:54,0.5224529482519622,0.561705882349578
2012-12-15 16:04,1.090785503255291,0.0
2012-12-15 16:14,0.4694933157321992,0.6141055124924604
2012-12-15 16:24,0.5627250977818687,0.5207536022733923
2012-12-15 16:34,0.7265883497458819,0.3567576655390588
2012-12-15 16:44,0.8249514690038656,0.25828306802206286
2012-12-15 16:54,0.5593451968158548,0.0
2012-12-15 17:04,0.4861129679707773,0.5743668738024574
2012-12-15 17:14,0.7521735317790932,0.30837737228480505
2012-12-15 17:24,0.5842794206873194,0.0
2012-12-15 17:34,0.8965146857460506,0.0
2012-12-15 17:44,0.8680616657249419,0.19250768165054868
2012-12-15 17:54,0.6713467983237474,0.0
2012-12-15 18:04,0.7593962965378411,0.30085824504831105
2012-12-15 18:14,0.9222319719681885,0.0
2012-12-15 18:24,0.8560006969343462,0.0
2012-12-15 18:34,0.8653848040896303,0.0
2012-12-15 18:44,0.9199584174723798,0.13735067063108544
2012-12-15 18:54,0.9053281807595314,0.12878912374521245
2012-12-15 19:04,0.8253426351112066,0.0
2012-12-15 19:14,1.052276052989762,0.0
2012-12-15 19:24,0.9559551484691665,0.0
2012-12-15 19:34,0.8745001146375904,0.4176553978943647
2012-12-15 19:44,0.6324366787445969,0.6596907961973775
2012-12-15 19:54,1.0431442861345557,0.0
2012-12-15 20:04,1.0598757741339533,0.0
2012-12-15 20:14,0.9166418634358516,0.0
2012-12-15 20:24,0.8815440782333729,0.0
2012-12-15 20:34,0.5847774311874437,0.0
2012-12-15 20:44,0.9778492808296207,0.029795616919093687
2012-12-15 20:54,0.6825243290250319,0.5760451754304092
2012-12-15 21:04,0.8197887169464309,0.4389706423365535
2012-12-15 21:14,0.9287890749347242,0.3311451804807454
2012-12-15 21:24,0.682128769785034,0.6014936962328468
2012-12-15 21:34,0.6896395135308993,0.5959213453267481
2012-12-16 03:14,0.7033509729450551,0.2869683901578655
2012-12-16 03:24,0.7805196509247935,0.20980861306306883
2012-12-16 03:34,0.9024667520885568,0.08787692880603741
2012-12-16 03:44,0.6534309092308338,0.3368757841280544
2012-12-16 03:54,0.939954667184637,0.05039211182178848
2012-12-16 04:04,1.0003258750930981,0.0
2012-12-16 04:14,0.8374113779993698,0.15291420092323862
2012-12-16 04:24,0.863246986368864,0.12707939100472512
2012-12-16 04:34,0.8887577895156634,0.0
2012-12-16 04:44,1.0202752668332842,0.0
2012-12-16 04:54,0.9216918696018392,0.06862823754882581
2012-12-16 05:04,1.0177479215430727,0.0
2012-12-16 05:14,1.0192957384570471,0.0
2012-12-16 05:24,1.0160165184612595,0.0
2012-12-16 05:34,0.8817075345162652,0.10857241719360261
2012-12-16 05:44,1.0227473496798671,0.0
2012-12-16 05:54,0.777519168306466,0.0
2012-12-16 06:04,0.8950467658698859,0.0
2012-12-16 06:14,1.0038885989797686,0.2339224898793289
2012-12-16 06:24,1.0591114831947939,0.0
2012-12-16 06:34,0.9281093623198569,0.0
2012-12-16 06:44,1.0254021487606775,0.0
2012-12-16 06:54,1.036361802764921,0.0
2012-12-16 07:04,1.1149144289563069,0.0
2012-12-16 07:14,1.0306571025100857,0.0
2012-12-16 07:24,1.0216403559093827,0.0
2012-12-16 07:34,0.9662985151185737,0.0
2012-12-16 07:44,1.0683295845912117,0.0
2012-12-16 07:54,0.9467646541895239,0.04355043850370251
2012-12-16 08:04,0.9578037445646671,0.0
2012-12-16 08:14,1.1144602032039512,0.12341971160104924
2012-12-16 08:24,1.015582508374474,0.0
2012-12-16 08:34,0.5295156107493212,0.7082016105972807
2012-12-16 08:44,0.8780085407927565,0.0
2012-12-16 08:54,1.0106790791844749,0.0
2012-12-16 09:04,1.0491442210852768,0.0
2012-12-16 09:14,1.0378058853908492,0.0
2012-12-16 09:24,1.1030768200059238,0.13485691106480727
2012-12-16 09:34,0.9862394857983825,0.004169176650833916
2012-12-16 09:44,0.5509535230668005,0.43934127232133996
2012-12-16 09:54,0.7034671543028129,0.5344319171707616
2012-12-16 10:04,0.620278198260543,0.0
2012-12-16 15:44,0.4213876627696623,0.5688851964881704
2012-12-16 15:54,0.3467788085624746,0.6434730445784621
2012-12-16 16:04,0.5137190018114972,0.0
2012-12-16 16:14,0.7298391469375787,0.26046811181094487
2012-12-16 16:24,0.6874544839665401,0.3028387910509556
2012-12-16 16:34,0.908142121953178,0.08219160949393804
2012-12-16 16:44,0.7631401212699319,0.0
2012-12-16 16:54,0.775777224905519,0.0
2012-12-16 17:04,1.0026544566782918,0.0
2012-12-16 17:14,0.7511877409604202,0.0
2012-12-16 17:24,0.9686863648079798,0.02164226800163032
2012-12-16 17:34,0.8612156082025351,0.0
2012-12-16 17:44,1.023034366220048,0.0
2012-12-16 17:54,1.0285263383632999,0.0
2012-12-16 18:04,1.0070930180893554,0.0
2012-12-16 18:14,1.0178673985104842,0.0
2012-12-16 18:24,0.8687314832799321,0.12156385676935241
2012-12-16 18:34,0.587293672470294,0.0
2012-12-16 18:44,1.0586072086066023,0.0
2012-12-16 18:54,1.0434728034741514,0.0
2012-12-16 19:04,0.7448031013343109,0.0
2012-12-16 19:14,1.0625496709620497,0.0
2012-12-16 19:24,0.8919478142277785,0.0
2012-12-16 19:34,1.1073248360243948,0.0
2012-12-16 19:44,1.0432927625312718,0.0
2012-12-16 19:54,0.9574058040754783,0.0
2012-12-16 20:04,1.0500288100368023,0.0
2012-12-16 20:14,1.0841665693762197,0.0
2012-12-16 20:24,0.9591428345540193,0.0
2012-12-16 20:34,1.18040025612678,0.05751303547281877
2012-12-16 20:44,1.077831133714342,0.0
2012-12-16 20:54,1.0426258243957793,0.0
2012-12-16 21:04,0.9832079078808569,0.2546816159735995
2012-12-16 21:14,1.0471740805904644,0.19073105997494383
2012-12-16 21:24,0.8442565218641255,0.3936235749978043
2012-12-16 21:34,0.8743845991817584,0.0
2012-12-16 21:44,0.9222917518535444,0.0680497034758327
2012-12-16 21:54,0.9917714441753315,0.0
2012-12-16 22:04,0.8607514377147595,0.0
2012-12-16 22:14,0.5721463298188141,0.6934671517358711
2012-12-16 22:24,0.20099960300264716,1.0901656122281709
2012-12-16 22:34,0.18979539459988096,1.1014342112159456
2012-12-17 04:04,0.643482646562558,0.3695766249182062
2012-12-17 04:14,0.6786383511972415,0.0
2012-12-17 04:24,0.6727179901244557,0.33982378314211553
2012-12-17 04:34,0.742590493508609,0.0
2012-12-17 04:44,0.6901179942692021,0.0
2012-12-17 04:54,0.6099351716477418,0.0
2012-12-17 05:04,0.8509673687410829,0.0
2012-12-17 05:14,0.8299415214058944,0.1818806335234773
2012-12-17 05:24,0.8683887645157574,0.1433612325933902
2012-12-17 05:34,0.5899803509923606,0.0
2012-12-17 05:44,0.8786886810090045,0.13283837461777048
2012-12-17 05:54,0.8139937221517124,0.0
2012-12-17 06:04,0.8927976616185203,0.0
2012-12-17 06:14,0.6706572367036263,0.0
2012-12-17 06:24,0.5713309033752247,0.0
2012-12-17 06:34,1.0567258913517839,0.0
2012-12-17 06:44,0.9843077842412896,0.0
2012-12-17 06:54,0.7543453178069366,0.0
2012-12-17 07:04,0.851169561056839,0.0
2012-12-17 07:14,1.0386237063580914,0.0
2012-12-17 07:24,1.0674010692171971,0.0
2012-12-17 07:34,0.6296137623415747,0.0
2012-12-17 07:44,1.0644301481088907,0.0
2012-12-17 07:54,0.9306395580586393,0.0
2012-12-17 08:04,1.0333099735384017,0.0
2012-12-17 08:14,1.0967358947052759,0.0
2012-12-17 08:24,1.0576615831020915,0.0
2012-12-17 08:34,1.0408773621210596,0.0
2012-12-17 08:44,1.0426289654871719,0.0
2012-12-17 08:54,0.9389631132818836,0.0
2012-12-17 09:04,0.9144432379044155,0.0
2012-12-17 09:14,1.0332527089096284,0.0
2012-12-17 09:24,0.9418445561201655,0.0
2012-12-17 09:34,0.8963206245133211,0.0
2012-12-17 09:44,0.6201719914982818,0.0
2012-12-17 09:54,0.9953070972204997,0.0
2012-12-17 10:04,1.0039549887584802,0.0
2012-12-17 10:14,0.7466949591192955,0.2436213823167052
2012-12-17 10:24,0.531629500408624,0.0
2012-12-17 10:34,0.7792431343935831,0.4838032244897011
2012-12-17 10:44,0.8675841448826093,0.14317401223562023
2012-12-17 10:54,0.4989502098361113,0.0
2012-12-17 16:34,0.7056447562331895,0.21723234394056365
2012-12-17 16:44,0.6180994512242156,0.4894359092194648
2012-12-17 16:54,0.5070960836767276,0.6004720153085465
2012-12-17 17:04,0.7953597773444646,0.0
2012-12-17 17:14,0.9446733333090787,0.0
2012-12-17 17:24,0.9230779964208504,0.0
2012-12-17 17:34,0.8445196480511229,0.0
2012-12-17 17:44,0.6709776949829805,0.0
2012-12-17 17:54,0.7833080591281171,0.32411191797322597
2012-12-17 18:04,0.8502764701533283,0.0
2012-12-17 18:14,0.8250716239116571,0.0
2012-12-17 18:24,0.9205288249604228,0.1868374964447991
2012-12-17 18:34,0.8074968393082442,0.0
2012-12-17 18:44,0.8975295442853547,0.20983449321816514
2012-12-17 18:54,0.6774310817214046,0.429978960059198
2012-12-17 19:04,0.8350259727689313,0.0
2012-12-17 19:14,0.8994776198512971,0.02329053159070198
2012-12-17 19:24,0.9652489447661524,0.0
2012-12-17 19:34,0.8288754673459398,0.0
2012-12-17 19:44,0.8468097376709456,0.2605737477185415
2012-12-17 19:54,0.9434455210601834,0.0
2012-12-17 20:04,0.7863922628290982,0.0
2012-12-17 20:14,1.0255334709041959,0.0
2012-12-17 20:24,0.9970228828653211,0.12651417905100132
2012-12-17 20:34,0.9942966969281931,0.12945131264726162
2012-12-17 20:44,0.6405447238668552,0.0
2012-12-17 20:54,0.8536971484003869,0.08311007971037665
2012-12-17 21:04,0.6130298588723411,0.5118207668064747
2012-12-17 21:14,0.915210948525499,0.211075367308307
2012-12-17 21:24,0.6254777753969859,0.5020400085724749
2012-12-17 21:34,0.83951961688195,0.0
2012-12-17 21:44,0.9604284804378111,0.0
2012-12-17 21:54,0.9547127693649878,0.0
2012-12-17 22:04,0.5610200516965649,0.0
2012-12-17 22:14,0.6209804356135478,0.0
2012-12-17 22:24,0.6343753801621448,0.0
2012-12-17 22:34,0.5968585261075688,0.3680611200735765
2012-12-17 22:44,0.8268466505193286,0.0006894083510105023
2012-12-17 22:54,0.8313264750308553,0.0
2012-12-17 23:04,0.7590405029184322,0.0
2012-12-17 23:14,0.8331374282882539,0.13365189025392885
2012-12-18 04:44,0.5758614747072931,0.0
2012-12-18 04:54,0.7237807484361627,0.040335164738833175
2012-12-18 05:04,0.559730977342968,0.45848331725567765
2012-12-18 05:14,0.6082533660928376,0.40946328792365055
2012-12-18 05:24,0.6460669092993749,0.0
2012-12-18 05:34,0.5953830099571619,0.0
2012-12-18 05:44,0.8877253630922196,0.1305165451436492
2012-12-18 05:54,0.8992786183047753,0.11938502679996428
2012-12-18 06:04,1.0207104264576208,0.0
2012-12-18 06:14,1.0271594105493393,0.0
2012-12-18 06:24,0.6424865065475975,0.0
2012-12-18 06:34,0.8167601214407082,0.0
2012-12-18 06:44,1.0050165001330036,0.0205307855283568
2012-12-18 06:54,0.8422137488148437,0.0
2012-12-18 07:04,0.6809810603735686,0.3473991151918712
2012-12-18 07:14,1.0322623394586823,0.0
2012-12-18 07:24,1.0352162052205147,0.0
2012-12-18 07:34,0.9063225981215706,0.0
2012-12-18 07:44,0.8951430272339866,0.0
2012-12-18 07:54,0.7364074515850535,0.28699390398913127
2012-12-18 08:04,1.0393452867144788,0.0
2012-12-18 08:14,0.7295938418285849,0.29262634780365815
2012-12-18 08:24,0.8316531563701794,0.0
2012-12-18 08:34,0.8449115721689839,0.17663705657405282
2012-12-18 08:44,1.0378829377399832,0.0
2012-12-18 08:54,0.7273930724583213,0.49764686597310764
2012-12-18 09:04,0.7773709680118425,0.0
2012-12-18 09:14,1.04666121900576,0.0
2012-12-18 09:24,1.047232174006246,0.0
2012-12-18 09:34,0.8735895931412281,0.37718518511819554
2012-12-18 09:44,0.7699425674001409,0.0
2012-12-18 09:54,1.0092635300492794,0.03313799091274669
2012-12-18 10:04,1.0643174605192578,0.0
2012-12-18 10:14,0.8675530475170007,0.0
2012-12-18 10:24,1.0603932868997792,0.0
2012-12-18 10:34,0.7459631382688356,0.2964979079805579
2012-12-18 10:44,1.0654644569589184,0.0
2012-12-18 10:54,0.8533189477246234,0.18911894972212231
2012-12-18 11:04,0.9209458139391262,0.0
2012-12-18 11:14,0.7376175704435595,0.30484559845767945
2012-12-18 11:24,0.901791955672871,0.0
2012-12-18 11:34,0.5365592726701576,0.5059517780653717
2012-12-18 11:44,0.740471151988679,0.30199323800565636
2012-12-18 17:14,0.2060334180087492,0.7566285328666477
2012-12-18 17:24,0.5661459665607901,0.0
2012-12-18 17:34,0.5509576175830244,0.0
2012-12-18 17:44,0.6252363706073517,0.36253651637426454
2012-12-18 17:54,0.5480142329944974,0.43899588997763905
2012-12-18 18:04,0.8963683831037403,0.09087321399573389
2012-12-18 18:14,0.6449081821433856,0.3429835688082625
2012-12-18 18:24,0.7865411899684621,0.0
2012-12-18 18:34,0.7035428502646252,0.1631512047234231
2012-12-18 18:44,0.7176485950387343,0.27403460268827146
2012-12-18 18:54,0.5553680812946055,0.43723878409769895
2012-12-18 19:04,0.3963811196286298,0.596409933441395
2012-12-18 19:14,0.5576706573302271,0.43482263703351715
2012-12-18 19:24,0.6606813651871066,0.3314463252487458
2012-12-18 19:34,0.4012376639304363,0.7553151155270406
2012-12-18 19:44,0.595675252171356,0.3714697932704629
2012-12-18 19:54,0.6998217070288418,0.3158974611409326
2012-12-18 20:04,1.024733728365555,0.0
2012-12-18 20:14,0.9254309365017619,0.0
2012-12-18 20:24,0.6753093669015797,0.34236486530264754
2012-12-18 20:34,0.47710618120575193,0.5410702436121037
2012-12-18 20:44,0.20041754948633086,0.9879585049654921
2012-12-18 20:54,0.6152744047380851,0.4045572542193379
2012-12-18 21:04,0.2102858222517252,0.9797766008612501
2012-12-18 21:14,0.4438232311510407,0.5769091646912305
2012-12-18 21:24,0.7249529491098441,0.29648115024910654
2012-12-18 21:34,0.5225939626253837,0.4990652948395299
2012-12-18 21:44,0.7487296565579041,0.29362759390037485
2012-12-18 21:54,0.0,1.212480269817716
2012-12-18 22:04,0.6142533808739984,0.19713159949387266
2012-12-18 22:14,0.21469914333275106,0.8287040410131031
2012-12-18 22:24,0.456380106749755,0.5881819693973553
2012-12-18 22:34,0.1603363160446951,0.7541562492508671
2012-12-18 22:44,0.0,1.232881811815461
2012-12-18 22:54,0.0,1.2337362863493868
2012-12-18 23:04,0.0,1.2334912097773334
2012-12-18 23:14,0.0,1.246273154331414
2012-12-18 23:24,0.0,1.2311952053495734
2012-12-18 23:34,0.0,1.0693625363614851
2012-12-18 23:44,0.0,1.2309067542331946
2012-12-19 00:04,0.0,0.930014501918953
2012-12-19 00:14,0.0,1.0572616989882557
2012-12-19 05:24,0.0,1.0601308094293032
2012-12-19 05:34,0.0,1.059669453490423
2012-12-19 05:44,0.0,1.0594433255191975
2012-12-19 05:54,0.0,1.2323981367684518
2012-12-19 06:04,0.0,1.0686255650190384
2012-12-19 06:14,0.0,1.063519323140335
2012-12-19 06:24,0.0,0.9419469229689954
2012-12-19 06:34,0.0,1.0653375919391763
2012-12-19 06:44,0.0,0.9322776702260515
2012-12-19 06:54,0.0,1.2291709525785266
2012-12-19 07:04,0.0,0.9396931216454735
2012-12-19 07:14,0.0,0.9299210053479259
2012-12-19 07:24,0.0,1.0626557909957592
2012-12-19 07:34,0.0,0.7033361160383601
2012-12-19 07:44,0.0,0.8586554988322997
2012-12-19 07:54,0.0,1.1059085683643202
2012-12-19 08:04,0.0,1.1234098408279511
2012-12-19 08:14,0.0,1.5603928784118892
2012-12-19 08:24,0.0,1.1286344770999879
2012-12-19 08:34,0.0,1.136075750196666
2012-12-19 08:44,0.10995021402923835,0.7775470749519331
2012-12-19 08:54,0.0,1.1389273186885915
2012-12-19 09:04,0.0,1.1664899038915748
2012-12-19 09:14,0.0,1.1672248483502243
2012-12-19 09:24,0.0,1.1745121578929258
2012-12-19 09:34,0.0,0.9973483975728277
2012-12-19 09:44,0.0,1.1346965705861216
2012-12-19 09:54,0.48271226101117953,0.1307220252835008
2012-12-19 10:04,0.0,1.1336186658169207
2012-12-19 10:14,0.005262276985483018,0.9907554498477985
2012-12-19 10:24,0.0,1.0207950209917294
2012-12-19 10:34,0.0,1.159341640262763
2012-12-19 10:44,0.0,1.1633235635258758
2012-12-19 10:54,0.0,1.167048790653137
2012-12-19 11:04,0.26337347023942986,0.4239265211294911
2012-12-19 11:14,0.19078158196943573,0.4970184738472699
2012-12-19 11:24,0.0,1.1578942111118231
2012-12-19 11:34,0.16884121789284257,0.5342469043740724
2012-12-19 11:44,0.1634334266105381,0.41087099201565597
2012-12-19 11:54,0.0,1.1004765789512538
2012-12-19 12:04,0.00175145857137958,0.5500304457013221
2012-12-19 12:14,0.0,1.0975077986059656
2012-12-19 12:24,0.0,0.5147853886787594
2012-12-19 12:34,0.0,1.1265104574283868
2012-12-19 12:44,0.0,0.7356940757395648
2012-12-19 18:04,0.0,0.9282189219434142
2012-12-19 18:14,0.0,0.8358454592094381
2012-12-19 18:24,0.0,0.9272306154098773
2012-12-19 18:34,0.0,0.8316175926400128
2012-12-19 18:44,0.0,0.6849163806977446
2012-12-19 18:54,0.0,0.9296479983743017
2012-12-19 19:04,0.0,0.9314315783723479
2012-12-19 19:14,0.03974238027671569,0.794404831683692
2012-12-19 19:24,0.07953688838594214,0.6704461764676499
2012-12-19 19:34,0.0,0.8249396814053997
2012-12-19 19:44,0.0,1.2242156093267658
2012-12-19 19:54,0.03535466893958135,0.7956103479552774
2012-12-19 20:04,0.0,0.8307571927968652
2012-12-19 20:14,0.0,0.9260835196112214
2012-12-19 20:24,0.0,1.0589839129098058
2012-12-19 20:34,0.0,0.9322839866324933
2012-12-19 20:44,0.0,0.9294092992573635
2012-12-19 20:54,0.0,0.9301094105592719
2012-12-19 21:04,0.0,0.9284406993652103
2012-12-19 21:14,0.0,1.4612026548777062
2012-12-19 21:24,0.0,1.230975839447658
2012-12-19 21:34,0.0,1.0690981460801003
2012-12-19 21:44,0.0,1.056121844192166
2012-12-19 21:54,0.0,0.9319370355887563
2012-12-19 22:04,0.0,0.9311574240706503
2012-12-19 22:14,0.0,0.9286360619458278
2012-12-19 22:24,0.32829357841452034,0.17483806712611075
2012-12-19 22:34,0.0,1.0604767396426225
2012-12-19 22:44,0.0,0.9325490524748073
2012-12-19 22:54,0.0,0.9372613596488472
2012-12-19 23:04,0.0,1.2289363088749887
2012-12-19 23:14,0.01312906501606908,0.5808799465404639
2012-12-19 23:24,0.0,0.9311676549518862
2012-12-19 23:34,0.0,0.829027003362939
2012-12-19 23:44,0.0,0.9272721181512402
2012-12-20 00:04,0.0,1.0514334064427862
2012-12-20 00:14,0.0,0.8383555040605749
2012-12-20 00:24,0.0,1.057854412525872
2012-12-20 00:34,0.0,0.9295026216811472
2012-12-20 00:44,0.0,1.0448467844251246
2012-12-20 00:54,0.0,1.0418756227019284
2012-12-20 01:04,0.0,0.9068643800436651
2012-12-20 06:04,0.0,1.4277436646494868
2012-12-20 06:14,0.0,0.9705148326659097
2012-12-20 06:24,0.0,1.263209649742099
2012-12-20 06:34,0.0,1.2389701277162442
2012-12-20 06:44,0.018242688291464224,0.7254842573841832
2012-12-20 06:54,0.0,0.7228647166704862
2012-12-20 07:04,0.0,1.1275204804332135
2012-12-20 07:14,0.03554428010078891,0.695144412275901
2012-12-20 07:24,0.0,1.1421118889564876
2012-12-20 07:34,0.0,1.1441594245650684
2012-12-20 07:44,0.0,0.821808992985484
2012-12-20 07:54,0.09383056996258232,0.6264033810710778
2012-12-20 08:04,0.16968279288308893,0.5495149373763499
2012-12-20 08:14,0.0,1.1320961360476878
2012-12-20 08:24,0.0,1.1385533086422726
2012-12-20 08:34,0.0,1.1417569107703633
2012-12-20 08:44,0.0,1.1272380806470887
2012-12-20 08:54,0.4077416061794994,0.5443898273673626
2012-12-20 09:04,0.0,1.1396341715713552
2012-12-20 09:14,0.5949540942962217,0.21885005151539708
2012-12-20 09:24,0.7152409730834334,0.0
2012-12-20 09:34,0.4573728021252851,0.0
2012-12-20 09:44,0.5691893219730341,0.5636505593307808
2012-12-20 09:54,0.4541123084782869,0.3532740944300423
2012-12-20 10:04,0.417494754547789,0.7103630811318192
2012-12-20 10:14,0.6693665982672702,0.26867789703885464
2012-12-20 10:24,0.9105799080846475,0.0
2012-12-20 10:34,0.46090052176745094,0.6313117680295389
2012-12-20 10:44,0.6097830248812801,0.17073822515658518
2012-12-20 10:54,0.26477125113289524,0.8285187097961553
2012-12-20 11:04,0.6314427219175439,0.2798320139385469
2012-12-20 11:14,0.44829172328946554,0.6451099535678386
2012-12-20 11:24,0.669110302604697,0.24134057949223767
2012-12-20 11:34,0.45644979056818025,0.6350233904090303
2012-12-20 11:44,0.3879727308331907,0.7023130181405339
2012-12-20 11:54,0.4237871722113484,0.6653668996650356
2012-12-20 12:04,0.6478519824268034,0.4400908909299969
2012-12-20 12:14,0.6822129057742113,0.22340465449208272
2012-12-20 12:24,0.4162989784112648,0.6696241987290481
2012-12-20 12:34,0.6444105811154963,0.06280165479286828
2012-12-20 12:44,0.07455893617042823,1.0608272794527536
2012-12-20 12:54,0.0,1.1307533072473517
2012-12-20 13:04,0.0,1.1248744323807962
2012-12-20 13:14,0.4222045455311167,0.0
2012-12-20 13:24,0.4939469640483156,0.0
2012-12-20 13:34,0.0,1.1417168582704504
2012-12-20 18:54,0.4750808657234279,0.17056174486118034
2012-12-20 19:04,0.0,1.1557240379435754
2012-12-20 19:14,0.11859385033314442,0.8479694459401563
2012-12-20 19:24,0.0,1.1547208624810368
2012-12-20 19:34,0.5215524034536587,0.0
2012-12-20 19:44,0.486663969088219,0.2377716426213479
2012-12-20 19:54,0.20657425307505675,0.9306505487116953
2012-12-20 20:04,0.3439155451129821,0.7928440200590332
2012-12-20 20:14,0.3836741424974556,0.7526074650588294
2012-12-20 20:24,0.4091700651694648,0.7264581904890893
2012-12-20 20:34,0.6230167076115559,0.3224964999486857
2012-12-20 20:44,0.5897715023421817,0.0
2012-12-20 20:54,0.6006672965296909,0.5307625999506311
2012-12-20 21:04,0.8564358050353762,0.2733165519003602
2012-12-20 21:14,0.5941965280029551,0.5139638071896078
2012-12-20 21:24,0.8175162910803329,0.0
2012-12-20 21:34,0.8720683669947644,0.23601206573759476
2012-12-20 21:44,0.8272833350533025,0.0
2012-12-20 21:54,0.8670161088945133,0.24106803600028975
2012-12-20 22:04,0.5590664788728196,0.0
2012-12-20 22:14,1.0909642176115244,0.017058304995833353
2012-12-20 22:24,0.8871495152518417,0.03621011706083731
2012-12-20 22:34,0.760862762093236,0.3472568690232981
2012-12-20 22:44,0.5210382990949093,0.0
2012-12-20 22:54,0.9491380016065684,0.0
2012-12-20 23:04,0.6456012526795568,0.48135015537576603
2012-12-20 23:14,0.742207503329484,0.0
2012-12-20 23:24,0.8433025397639874,0.0
2012-12-20 23:34,0.9631820835688942,0.0
2012-12-20 23:44,0.7317459319757958,0.394579710976735
2012-12-21 00:04,0.5660178001520898,0.5603057036433594
2012-12-21 00:14,0.8324553767200508,0.0
2012-12-21 00:24,0.8020814901787515,0.3251691749939347
2012-12-21 00:34,0.8405144440859991,0.0
2012-12-21 00:44,0.811692171130598,0.0
2012-12-21 00:54,0.8226284223672404,0.0
2012-12-21 01:04,0.6775221143156948,0.4523974282150186
2012-12-21 01:14,0.6588217871375923,0.4719615725257302
2012-12-21 01:24,0.510433714365851,0.6436980507604151
2012-12-21 01:34,0.5946115948659264,0.5607486456678874
2012-12-21 01:44,0.5891652555778171,0.5675929269486816
2012-12-21 01:54,0.8228645712417707,0.14199655186762009
2012-12-21 02:04,0.538418104014642,0.6211999633522337
2012-12-21 07:14,0.3875885906904154,0.6700037921661238
2012-12-21 07:24,0.3119049255986914,0.5939978089454133
2012-12-21 07:34,0.3615483743589866,0.666883165525864
2012-12-21 07:44,0.6660778139744463,0.21548651379137201
2012-12-21 07:54,0.556406062859668,0.0
2012-12-21 08:04,0.6595446693839353,0.11180152599079202
2012-12-21 08:14,0.4664566236538447,0.5619960715817272
2012-12-21 08:24,0.7841918294018928,0.24376366807467567
2012-12-21 08:34,0.6677565924960831,0.2129972797679039
2012-12-21 08:44,0.6120206116923484,0.41513980287531177
2012-12-21 08:54,0.7058478499554974,0.06404466535627913
2012-12-21 09:04,0.7776079400735129,0.0
2012-12-21 09:14,0.5729862681602814,0.0
2012-12-21 09:24,0.524645729455241,0.3690038673024476
2012-12-21 09:34,0.8024968455081758,0.0910077952763124
2012-12-21 09:44,0.710894876440629,0.0
2012-12-21 09:54,0.4861835906280305,0.556472811818053
2012-12-21 10:04,0.49196550505795394,0.5506889986318286
2012-12-21 10:14,0.5670871001197707,0.0
2012-12-21 10:24,0.6670669725683807,0.0
2012-12-21 10:34,0.8957960886923093,0.0
2012-12-21 10:44,0.5208294681360177,0.5218863672671923
2012-12-21 10:54,0.8923127572710547,0.001158165892391362
2012-12-21 11:04,0.6257994719250578,0.4168505368404983
2012-12-21 11:14,0.7078965338557561,0.1856947273781024
2012-12-21 11:24,0.900162011898038,0.0
2012-12-21 11:34,0.8493262834297063,0.04417383908488354
2012-12-21 11:44,0.9019604935062963,0.0
2012-12-21 11:54,0.5734622295198365,0.46922644638820676
2012-12-21 12:04,0.7835761363785665,0.0
2012-12-21 12:14,0.702509812483835,0.3400949072147901
2012-12-21 12:24,0.6237407728519744,0.4189168918094734
2012-12-21 12:34,0.4855893633323327,0.557161687334696
2012-12-21 12:44,0.8079640185046292,0.08555936716580592
2012-12-21 12:54,0.5412014687646345,0.0
2012-12-21 13:04,0.6124343394070442,0.0
2012-12-21 13:14,0.8503443206390526,0.192161761261221
2012-12-21 13:24,0.4618706730234898,0.5808960197089642
2012-12-21 13:34,0.6611063653731181,0.12075538467241169
2012-12-21 13:44,0.48249407117320403,0.56026076613517
2012-12-21 13:54,0.6910004567100221,0.20259693140361612
2012-12-21 14:04,0.5413071665260855,0.0
2012-12-21 14:14,0.6023561894616948,0.2912992206741475
2012-12-21 14:24,0.714047846383059,0.0
2012-12-21 14:34,0.3240564522521869,0.7189637421557117
2012-12-21 19:44,0.6949125930547202,0.0
2012-12-21 19:54,0.8742607719227302,0.019070801287790977
2012-12-21 20:04,0.7802922207236624,0.001355680451382372
2012-12-21 20:14,0.7832375451780719,0.0
2012-12-21 20:24,0.6058457980833897,0.43692215869431444
2012-12-21 20:34,0.6145644327478802,0.42819273009693964
2012-12-21 20:44,0.8063820817179741,0.08712421610417068
2012-12-21 20:54,0.4284690299983257,0.6289244063899943
2012-12-21 21:04,0.5800518177824229,0.47612498640643025
2012-12-21 21:14,0.6591818410188919,0.2450726462284832
2012-12-21 21:24,0.48573357859453326,0.5682719072499528
2012-12-21 21:34,0.7363493374560459,0.1656378712504028
2012-12-21 21:44,0.7886385807840481,0.0
2012-12-21 21:54,0.7874301230100853,0.0
2012-12-21 22:04,0.4547828033080438,0.5943292742328057
2012-12-21 22:14,0.7037089044424749,0.0
2012-12-21 22:24,0.7990979556899769,0.2516776188797793
2012-12-21 22:34,0.5669948193640381,0.33471371698816527
2012-12-21 22:44,0.7491324604231635,0.15328984614329447
2012-12-21 22:54,0.5536374478897613,0.5004105339062042
2012-12-21 23:04,0.5886838189425032,0.0
2012-12-21 23:14,0.18784020462955536,1.0788879817337924
2012-12-21 23:24,0.525362420319398,0.5303798146379342
2012-12-21 23:34,0.5924691962842953,0.3127158909799365
2012-12-21 23:44,0.44313123491629103,0.6135973143453742
2012-12-22 00:04,0.31480502550092804,0.7426294398922902
2012-12-22 00:14,0.2842718860664672,0.7728698106843748
2012-12-22 00:24,0.5818507941288813,0.47463620230767056
2012-12-22 00:34,0.39327766888933113,0.6630315074717053
2012-12-22 00:44,0.3459494850872154,0.709959154977569
2012-12-22 00:54,0.5670872004783946,0.3372386535459415
2012-12-22 01:04,0.6516750412789443,0.4034407339419266
2012-12-22 01:14,0.22728499217461867,0.8319097796688072
2012-12-22 01:24,0.6111802186796964,0.29985196746094167
2012-12-22 01:34,0.3328778959709793,0.5811334639980587
2012-12-22 01:44,0.46218001729578384,0.45323719534089485
2012-12-22 01:54,0.31104184385157885,0.7577553034347895
2012-12-22 02:04,0.0,1.0915129387060547
2012-12-22 02:14,0.2867944730800691,0.532214100779503
2012-12-22 02:24,0.0,1.0899292083288052
2012-12-22 02:34,0.0,1.0645029262931118
2012-12-22 02:44,0.0,1.1005538664668346
2012-12-22 02:54,0.0,0.9453971865555196
2012-12-22 03:04,0.21877409453682703,0.6184415345052148
2012-12-22 03:14,0.0,1.0949737977753025
2012-12-22 03:24,0.04458535806019433,0.9359534345752432
2012-12-22 03:34,0.0,1.1270182814826057
2012-12-22 07:54,0.08319809719608819,0.7125749757550234
2012-12-22 08:04,0.07539117368187283,0.8188851103727703
2012-12-22 08:14,0.0,1.0087825148584177
2012-12-22 08:24,0.0,1.153638257164257
2012-12-22 08:34,0.1866684632989408,0.6037532553230855
2012-12-22 08:44,0.0,1.1513916734492282
2012-12-22 08:54,0.026764937814406746,0.9857315835190361
2012-12-22 09:04,0.0,1.173699985174571
2012-12-22 09:14,0.3094698887204434,0.5760548225709424
2012-12-22 09:24,0.3871663657725986,0.4770813012014974
2012-12-22 09:34,0.0330088613524781,1.11931607336149
2012-12-22 09:44,0.11793137133496792,1.0346017578074846
2012-12-22 09:54,0.09630645643654097,0.891720303018834
2012-12-22 10:04,0.3109272003243209,0.6773132987173541
2012-12-22 10:14,0.13612565742729843,1.0168396346975448
2012-12-22 10:24,0.5124818921899529,0.0
2012-12-22 10:34,0.3253028994277887,0.6632396713783052
2012-12-22 10:44,0.25003740488071075,0.738566724790979
2012-12-22 10:54,0.15798098272431296,0.8306744590840709
2012-12-22 11:04,0.1316898133954626,1.0218089752772381
2012-12-22 11:14,0.27529365536642797,0.7135565446095653
2012-12-22 11:24,0.0,1.1483283221622291
2012-12-22 11:34,0.2144891952561518,0.774456160199217
2012-12-22 11:44,0.39972503817657995,0.46575838537850484
2012-12-22 11:54,0.23636189517189712,0.7527198454292439
2012-12-22 12:04,0.1903614019103252,0.6747305606196735
2012-12-22 12:14,0.23827644962183822,0.7259696345216404
2012-12-22 12:24,0.06749356040527331,0.8954890737414508
2012-12-22 12:34,0.372929201141547,0.4687192611093383
2012-12-22 12:44,0.06536441415640225,1.0551439105893385
2012-12-22 12:54,0.5095894016465513,0.10091459324005397
2012-12-22 13:04,0.23232033836041807,0.6061068839342209
2012-12-22 13:14,0.49900023769183116,0.0
2012-12-22 13:24,0.2129528250724801,0.7445775830420754
2012-12-22 13:34,0.1973489484725186,0.7598328906978534
2012-12-22 13:44,0.25829888398463696,0.5789588346305069
2012-12-22 13:54,0.407353084699136,0.3366634730718636
2012-12-22 14:04,0.03226454121471498,1.0831680502161973
2012-12-22 14:14,0.06753449858431042,0.8881974133895525
2012-12-22 14:24,0.18002894131949185,0.7754544087150022
2012-12-22 14:34,0.24011206370939028,0.715226042829234
2012-12-22 14:44,0.24108962960032532,0.5948212885454438
2012-12-22 14:54,0.19468094630356203,0.7607593791753879
2012-12-22 15:04,0.23383577595711316,0.7211577000248605
2012-12-22 15:14,0.19966576512732717,0.7541896043004818
2012-12-22 15:24,0.13579919511732053,0.8385123641597598
2012-12-22 15:34,0.17069677320516774,0.7625297756172624
2012-12-22 15:44,0.1829860381662048,0.7508271323536266
2012-12-22 15:54,0.0,0.9342554988657109
2012-12-22 16:04,0.2899382616139054,0.4372519236015841
2012-12-22 20:34,0.33989374680575596,0.11749234750005715
2012-12-22 20:44,0.0633892346647142,0.851452764477835
2012-12-22 20:54,0.0,0.9143166839409208
2012-12-22 21:04,0.20534919873921456,0.5948669429790558
2012-12-22 21:14,0.2456293589800308,0.39443160695988677
2012-12-22 21:24,0.3402793075650201,0.4597746268042509
2012-12-22 21:34,0.4369247586882133,0.36286540818196894
2012-12-22 21:44,0.16333448290536565,0.7506933823835483
2012-12-22 21:54,0.5327698790190132,0.0
2012-12-22 22:04,0.19573943631556565,0.8466807809036357
2012-12-22 22:14,0.5358174079114789,0.35746606195119796
2012-12-22 22:24,0.6567152280387097,0.12474594928441195
2012-12-22 22:34,0.6625163251464783,0.2306664210486663
2012-12-22 22:44,0.23467779852173082,0.6790473621865996
2012-12-22 22:54,0.4687235490823964,0.549518507779614
2012-12-22 23:04,0.4371869915430191,0.43558467967754055
2012-12-22 23:14,0.26038496202066325,0.7580714011264612
2012-12-22 23:24,0.34328132112692744,0.6752748978711914
2012-12-22 23:34,0.4767734323160667,0.3963241811923666
2012-12-22 23:44,0.5414404734547691,0.22258299954710442
2012-12-23 00:04,0.3904335062116887,0.4829589447027243
2012-12-23 00:14,0.5907049625008753,0.17322788815518345
2012-12-23 00:24,0.6049695772527444,0.2679020049182431
2012-12-23 00:34,0.405878111473114,0.4668430102474478
2012-12-23 00:44,0.5402631559300566,0.22309438055181482
2012-12-23 00:54,0.44740962086482067,0.4248287689888908
2012-12-23 01:04,0.2962906485153005,0.721210724069914
2012-12-23 01:14,0.73419693853621,0.028681500358040676
2012-12-23 01:24,0.2533724297748471,0.764011438684726
2012-12-23 01:34,0.43256288642437685,0.5846905278582918
2012-12-23 01:44,0.5331987630172759,0.3386204877979826
2012-12-23 01:54,0.5581271153708381,0.20463759765803832
2012-12-23 02:04,0.6511643225890834,0.22041662027755818
2012-12-23 02:14,0.49397521186971427,0.37739410099717013
2012-12-23 02:24,0.3186901434048142,0.6977244907845714
2012-12-23 02:34,0.4159827923369263,0.5762300036321816
2012-12-23 02:44,0.4959343412833792,0.3332662287574565
2012-12-23 02:54,0.4493754593615047,0.517717337536891
2012-12-23 03:04,0.51009500199998,0.0
2012-12-23 03:14,0.5003136277583607,0.3282848544082247
2012-12-23 03:24,0.5123799277927771,0.0
2012-12-23 03:34,0.6510583329803886,0.1773449487433308
2012-12-23 03:44,0.2819059066628345,0.6850567409216114
2012-12-23 03:54,0.03516414714390006,1.1254880780314152
2012-12-23 04:04,0.6473820574740851,0.07732649067498656
2012-12-23 04:14,0.3406182585809373,0.6262218588375179
2012-12-23 04:24,0.15598335337527103,1.004490257288002
2012-12-23 04:34,0.19612304461070054,0.7708525497955981
2012-12-23 04:44,0.38506205428243373,0.3551589262297961
2012-12-23 09:24,0.2752758216932825,0.4515880245930275
2012-12-23 09:34,0.4245353142717168,0.3026987497738159
2012-12-23 09:44,0.30039801798612825,0.42738190973567036
2012-12-23 09:54,0.1642987549208845,0.8071461610132303
2012-12-23 10:04,0.207974071509276,0.6260731424420655
2012-12-23 10:14,0.3392752689087106,0.39227135870850904
2012-12-23 10:24,0.18011308491497427,0.6575108053519773
2012-12-23 10:34,0.21400616983412982,0.5189430531930732
2012-12-23 10:44,0.060729396650219813,0.7752019964957824
2012-12-23 10:54,0.17075860220167985,0.6629636757807279
2012-12-23 11:04,0.033069985434174956,0.9373854588746386
2012-12-23 11:14,0.01074921474359483,0.9582008043659096
2012-12-23 11:24,0.4499353782443796,0.0
2012-12-23 11:34,0.1711219269133322,0.7960199237297215
2012-12-23 11:44,0.058630056052060744,0.9079329784768682
2012-12-23 11:54,0.16605616325141592,0.8001371307400884
2012-12-23 12:04,0.49310401443252155,0.0
2012-12-23 12:14,0.4871740012355077,0.0
2012-12-23 12:24,0.232909466304295,0.732820423738305
2012-12-23 12:34,0.0,1.1548006186689017
2012-12-23 12:44,0.49928033164484986,0.0
2012-12-23 12:54,0.18221909722303625,0.784010642568815
2012-12-23 13:04,0.3103356110090136,0.6560085787520659
2012-12-23 13:14,0.5416832054741993,0.18308536800064362
2012-12-23 13:24,0.34473702898745023,0.6216321888369841
2012-12-23 13:34,0.6466390783068994,0.0
2012-12-23 13:44,0.27796830800962413,0.6688830860466417
2012-12-23 13:54,0.5020147801692029,0.3093314333851832
2012-12-23 14:04,0.6720080504579742,0.037734058441498644
2012-12-23 14:14,0.2844691512054324,0.6616266876890221
2012-12-23 14:24,0.5035909736377091,0.4421659963948671
2012-12-23 14:34,0.5342513110777203,0.0
2012-12-23 14:44,0.3757134469595767,0.569300285888227
2012-12-23 14:54,0.5073360455342313,0.3022932670285405
2012-12-23 15:04,0.25598805113099854,0.877127390416377
2012-12-23 15:14,0.15991397945497807,0.9991582960563594
2012-12-23 15:24,0.730935158162227,0.0
2012-12-23 15:34,0.7358270499339641,0.0
2012-12-23 15:44,0.7201200198687989,0.24635678173738668
2012-12-23 15:54,0.5786667525674135,0.0
2012-12-23 16:04,0.7507253636301172,0.0
2012-12-23 16:14,0.8084811726720363,0.15909338930572636
2012-12-23 16:24,0.6777685923980789,0.29021918683222425
2012-12-23 16:34,0.8586472710267244,0.0
2012-12-23 16:44,0.3518371752002149,0.8386705689849043
2012-12-23 16:54,0.6436731599727704,0.34868366179362764
2012-12-23 21:54,0.0,1.0636702651729355
2012-12-23 22:04,0.2992633869603894,0.7644825562866824
2012-12-23 22:14,0.6779706486034421,0.11944100439740422
2012-12-23 22:24,0.30668880968481993,0.7563937390100359
2012-12-23 22:34,0.27017101308431957,0.7925577284971759
2012-12-23 22:44,0.20221637269474174,0.8601458283087035
2012-12-23 22:54,0.48025687055652627,0.4298598859998268
2012-12-23 23:04,0.5551891998245906,0.35454873805988274
2012-12-23 23:14,0.5123403121517452,0.28339711220921693
2012-12-23 23:24,0.31689837689202555,0.5923090945134712
2012-12-23 23:34,0.6824832382364926,0.024226773986631478
2012-12-23 23:44,0.42469224628089336,0.4837953768511474
2012-12-24 00:04,0.5435772679056156,0.25058662317935126
2012-12-24 00:14,0.20321845266366248,0.8552596654111118
2012-12-24 00:24,0.4446475005491811,0.4618720786850508
2012-12-24 00:34,0.6266777242951856,0.1658239628186396
2012-12-24 00:44,0.5632450599068495,0.0
2012-12-24 00:54,0.581216129418283,0.3231195501622323
2012-12-24 01:04,0.5281511549096918,0.3756592812173658
2012-12-24 01:14,0.6158982703867377,0.2876779772656481
2012-12-24 01:24,0.5113324179109291,0.39216784945478017
2012-12-24 01:34,0.47787622989267503,0.3125837600393282
2012-12-24 01:44,0.28050590664685066,0.7736277382368973
2012-12-24 01:54,0.3440988744939148,0.7100182494221656
2012-12-24 02:04,0.427901527574072,0.6263068800260999
2012-12-24 02:14,0.5231586299463717,0.3805545189825531
2012-12-24 02:24,0.5223658226893224,0.0
2012-12-24 02:34,0.3868888418857853,0.6681047189583198
2012-12-24 02:44,0.6413229966854903,0.0
2012-12-24 02:54,0.41483834465674574,0.48981281658275017
2012-12-24 03:04,0.4994343629610683,0.0
2012-12-24 03:14,0.30227218967631103,0.7536577129200338
2012-12-24 03:24,0.26615072070856016,0.6391481696538905
2012-12-24 03:34,0.7045303090252024,0.0
2012-12-24 03:44,0.3707757470777799,0.5352285700405058
2012-12-24 03:54,0.4938653907430779,0.2994256283554524
2012-12-24 04:04,0.6573873049609097,0.04883970994414877
2012-12-24 04:14,0.47920313735072817,0.3177849939615639
2012-12-24 04:24,0.5222830239516862,0.12477867509366958
2012-12-24 04:34,0.428116458441221,0.2935201424760296
2012-12-24 04:44,0.0,1.0766098554774877
2012-12-24 04:54,0.0,0.9289417736812788
2012-12-24 05:04,0.07245496052363928,0.7458096314075988
2012-12-24 05:14,0.17231658529285812,0.6472098200910171
2012-12-24 05:24,0.0,1.0735669040128717
2012-12-24 05:34,0.0,1.059603539490345
2012-12-24 10:24,0.0072990117930786386,0.9297156152140168
2012-12-24 10:34,0.31553903833731367,0.41073677941981274
2012-12-24 10:44,0.22408332829449343,0.5885571681243706
2012-12-24 10:54,0.4027338070522089,0.3128691776573963
2012-12-24 11:04,0.17658182705718786,0.8839328560297596
2012-12-24 11:14,0.46479355222836316,0.441279761411358
2012-12-24 11:24,0.4071880347612873,0.5020921678594681
2012-12-24 11:34,0.48394958581297853,0.312476375589912
2012-12-24 11:44,0.5041559455720787,0.29249740184066714
2012-12-24 11:54,0.7839667774868869,0.0
2012-12-24 12:04,0.5321080516536733,0.51076256906681
2012-12-24 12:14,0.7403972529306586,0.3021930191112342
2012-12-24 12:24,0.7852665059879362,0.0
2012-12-24 12:34,0.5504122133815882,0.0
2012-12-24 12:44,0.5024064244800486,0.0
2012-12-24 12:54,0.5967798994593186,0.0
2012-12-24 13:04,0.5007014624978734,0.0
2012-12-24 13:14,0.5590522668161011,0.0
2012-12-24 13:24,0.2934011573124024,0.760153078923192
2012-12-24 13:34,0.6472147875815845,0.4050572449523952
2012-12-24 13:44,0.6685374370314933,0.1196786357612751
2012-12-24 13:54,0.6060443365440848,0.0
2012-12-24 14:04,0.3842471960140789,0.664548042915532
2012-12-24 14:14,0.6354107462516003,0.0
2012-12-24 14:24,0.6825045119030649,0.10202597934506329
2012-12-24 14:34,0.5036788985579446,0.3932371449529197
2012-12-24 14:44,0.7067789977774869,0.0
2012-12-24 14:54,0.6539529661808465,0.13254212925256934
2012-12-24 15:04,0.4711347013476151,0.0
2012-12-24 15:14,0.48685748648393956,0.4142880919897876
2012-12-24 15:24,0.2729888322810034,0.7797832457139563
2012-12-24 15:34,0.5081770391436499,0.394907730132128
2012-12-24 15:44,0.525288138763956,0.5293927345850045
2012-12-24 15:54,0.5986581343371944,0.10488159871851929
2012-12-24 16:04,0.5242236460695505,0.0
2012-12-24 16:14,0.3023558170933991,0.7560192398026221
2012-12-24 16:24,0.2055123350163589,0.8545939470484227
2012-12-24 16:34,0.6564624141874595,0.13941139469611533
2012-12-24 16:44,0.37980640480752315,0.531464246652407
2012-12-24 16:54,0.5258597814153423,0.27224251269075594
2012-12-24 17:04,0.20462098414679036,0.8611916767553628
2012-12-24 17:14,0.07248214626718003,0.993943691311596
2012-12-24 17:24,0.6007274987126698,0.03832477735013481
2012-12-24 17:34,0.28128422775860246,0.5190045344878349
2012-12-24 17:44,0.028990088508468462,0.7893013923948416
2012-12-24 17:54,0.1574328774250258,0.6618182167845835
2012-12-24 22:44,0.0,0.8772527923961525
2012-12-24 22:54,0.07496269141902405,0.7173194378789148
2012-12-24 23:04,0.16052924981640923,0.7334728989065683
2012-12-24 23:14,0.21706656900260413,0.596151441142441
2012-12-24 23:24,0.0,1.2069300997690615
2012-12-24 23:34,0.0,1.4343621900785164
2012-12-24 23:44,0.2279362018505202,0.7053956831278476
2012-12-25 00:04,0.32022346331673385,0.5738773856117051
2012-12-25 00:14,0.0,1.5865038658876804
2012-12-25 00:24,0.2487421685725287,0.7557100673549726
2012-12-25 00:34,0.459012993675009,0.2706914426367917
2012-12-25 00:44,0.0,1.5683260994129506
2012-12-25 00:54,0.7022280715374124,0.07470420061827673
2012-12-25 01:04,0.6009590004428416,0.3686771798632711
2012-12-25 01:14,0.5735129793019387,0.0
2012-12-25 01:24,0.44044951033188867,0.6305579610975577
2012-12-25 01:34,0.5483556282243165,0.38326848647632866
2012-12-25 01:44,0.3209225446240715,0.9147545988655778
2012-12-25 01:54,0.0,1.462554245814824
2012-12-25 02:04,0.33310157917077143,0.5867306836116692
2012-12-25 02:14,0.588551878727042,0.32906046564416586
2012-12-25 02:24,0.0,1.4323175947619458
2012-12-25 02:34,0.27492997734037117,0.628326277324861
2012-12-25 02:44,0.6222584210962605,0.0
2012-12-25 02:54,0.5744745084046315,0.1489963752880752
2012-12-25 03:04,0.0,1.4370898684130702
2012-12-25 03:14,0.5586857721448638,0.24803629792979734
2012-12-25 03:24,0.0,1.4293626551745788
2012-12-25 03:34,0.23346088662253664,0.8065549235264219
2012-12-25 03:44,0.27561002723960704,0.7653964007715396
2012-12-25 03:54,0.0,1.432452999423929
2012-12-25 04:04,0.0,1.4406611374634637
2012-12-25 04:14,0.0,1.4305776358805513
2012-12-25 04:24,0.0,0.8294449413440486
2012-12-25 04:34,0.0,1.404739948107038
2012-12-25 04:44,0.0,1.37970574223435
2012-12-25 04:54,0.0,1.390849663617027
2012-12-25 05:04,0.12177620869314573,0.8024323680245916
2012-12-25 05:14,0.29944367455675325,0.5225138315362666
2012-12-25 05:24,0.4829843652802617,0.0
2012-12-25 05:34,0.08914286517323593,0.8336530631512339
2012-12-25 05:44,0.15366095584867626,0.6651695816086903
2012-12-25 05:54,0.08496517451151636,0.7321089062472333
2012-12-25 06:04,0.0,0.9094231377205386
2012-12-25 06:14,0.2114997420704855,0.5413748702455
2012-12-25 06:24,0.17230998442113443,0.6946195646530012
2012-12-25 11:24,0.23778280042421288,1.0312258419865294
2012-12-25 11:34,0.6791962591766317,0.22554058763853949
2012-12-25 11:44,0.6184464228220696,0.0
2012-12-25 11:54,0.8289181670633132,0.06390572976079974
2012-12-25 12:04,0.687598965793515,0.3541559955882407
2012-12-25 12:14,0.6014161444256653,0.0
2012-12-25 12:24,0.556848424072403,0.0
2012-12-25 12:34,0.755702887917757,0.0
2012-12-25 12:44,0.6576376090184591,0.38412029909511924
2012-12-25 12:54,0.8090050474283091,0.0838428207832185
2012-12-25 13:04,0.7572427167983059,0.28448667984573184
2012-12-25 13:14,0.5496480611901148,0.7005642746308007
2012-12-25 13:24,0.8343777059309108,0.20732977633075456
2012-12-25 13:34,0.6265358933426527,0.4152510144202449
2012-12-25 13:44,0.5988299471704228,0.0
2012-12-25 13:54,0.7411384480599399,0.0
2012-12-25 14:04,0.9341973313611761,0.0
2012-12-25 14:14,0.9006670254209037,0.0
2012-12-25 14:24,0.907914291272384,0.0
2012-12-25 14:34,0.9790156507060966,0.06265319411938325
2012-12-25 14:44,0.81662323944134,0.2251061604689712
2012-12-25 14:54,0.7972039037668414,0.09588187775183664
2012-12-25 15:04,0.7851492479066942,0.0
2012-12-25 15:14,0.9053912474817946,0.0
2012-12-25 15:24,1.0683151646518168,0.0
2012-12-25 15:34,0.656499757020702,0.0
2012-12-25 15:44,0.8267070104450651,0.0
2012-12-25 15:54,0.9533274934544028,0.06503828115268875
2012-12-25 16:04,0.9129896144510998,0.10541224890174236
2012-12-25 16:14,0.7778194884477051,0.2409108358411148
2012-12-25 16:24,0.6276592916458744,0.0
2012-12-25 16:34,0.9861936083668104,0.05612199165082087
2012-12-25 16:44,0.6109274855946649,0.6398487415503353
2012-12-25 16:54,0.818422376477197,0.43235446850880366
2012-12-25 17:04,0.7461078330013718,0.29620641577683127
2012-12-25 17:14,0.5945213404151074,0.6562553150713742
2012-12-25 17:24,0.8974470713637073,0.1448661908099518
2012-12-25 17:34,0.8409086897843365,0.052501659943664715
2012-12-25 17:44,0.65396874574452,0.0
2012-12-25 17:54,0.3901586978426809,0.8606260419675977
2012-12-25 18:04,0.5705712359515601,0.0
2012-12-25 18:14,0.8062248403682203,0.0
2012-12-25 18:24,0.48189142484862624,0.5604317005865774
2012-12-25 18:34,0.7002259147896303,0.0
2012-12-26 00:04,0.5559195711808489,0.5336103267987542
2012-12-26 00:14,0.790940413070279,0.1432891022971078
2012-12-26 00:24,0.7310868437830841,0.0
2012-12-26 00:34,0.6157892466014093,0.47496372915048946
2012-12-26 00:44,0.7458299671931733,0.0
2012-12-26 00:54,0.7066458262459498,0.0
2012-12-26 01:04,0.579799227829151,0.0
2012-12-26 01:14,0.6861174585280669,0.25035829550149663
2012-12-26 01:24,0.5672234965878323,0.36975206944633743
2012-12-26 01:34,0.48567321742085545,0.6079260231415743
2012-12-26 01:44,0.7709211466708931,0.0
2012-12-26 01:54,0.6064395817124898,0.5454094370904937
2012-12-26 02:04,0.7421615229624813,0.24550868470992057
2012-12-26 02:14,0.7502993720740941,0.23717692860740638
2012-12-26 02:24,0.7693941651730243,0.3822342356779691
2012-12-26 02:34,0.7499439440068522,0.0
2012-12-26 02:44,0.8197779123143843,0.16701485915952644
2012-12-26 02:54,0.6067374564410309,0.5436339510487646
2012-12-26 03:04,0.6573997046123511,0.0
2012-12-26 03:14,0.8904019706019679,0.0
2012-12-26 03:24,0.8539378992224164,0.13185439298967078
2012-12-26 03:34,1.0015812382393467,0.0
2012-12-26 03:44,0.6967714894701634,0.0
2012-12-26 03:54,0.9037363015372072,0.0
2012-12-26 04:04,0.6574862033753184,0.0
2012-12-26 04:14,0.6674593085169538,0.0
2012-12-26 04:24,0.8119433968922013,0.0
2012-12-26 04:34,0.6759412236306845,0.0
2012-12-26 04:44,0.9223785276489066,0.1695841107361977
2012-12-26 04:54,0.7674062834928815,0.0
2012-12-26 05:04,0.8711114046860553,0.0
2012-12-26 05:14,0.6961291140624271,0.1224080563947881
2012-12-26 05:24,0.6813706594411078,0.0
2012-12-26 05:34,0.8602783006568703,0.07697959372661833
2012-12-26 05:44,0.7435909042837697,0.0
2012-12-26 05:54,0.7881307787300736,0.0
2012-12-26 06:04,0.8693300799662628,0.0
2012-12-26 06:14,0.7798348685265187,0.08521883310763859
2012-12-26 06:24,0.7211320514694962,0.0
2012-12-26 06:34,0.6070902705223645,0.38147818738764283
2012-12-26 06:44,0.43806950777530224,0.7150547294095497
2012-12-26 06:54,0.6320642794189221,0.0
2012-12-26 12:14,0.46015852597229223,0.5750469172555475
2012-12-26 12:24,0.671220671544951,0.13519625695490683
2012-12-26 12:34,0.7074607474405177,0.09933505103015824
2012-12-26 12:44,0.4563268723232342,0.5800110515967435
2012-12-26 12:54,0.6385505145017335,0.2676155975735823
2012-12-26 13:04,0.2683717799735352,0.938699275326993
2012-12-26 13:14,0.606296373240514,0.0
2012-12-26 13:24,0.6514966315371813,0.386386637123181
2012-12-26 13:34,0.8149588350787569,0.22449342594388272
2012-12-26 13:44,0.8183955484571344,0.22239860578795967
2012-12-26 13:54,0.6943716769562777,0.34756360211104365
2012-12-26 14:04,0.5151312601144729,0.5283131850550835
2012-12-26 14:14,0.6802715652282478,0.23522461532485156
2012-12-26 14:24,0.5987628174372644,0.31851475432450777
2012-12-26 14:34,0.8970427875279043,0.15339220837643908
2012-12-26 14:44,0.7268669660988707,0.3243521576055417
2012-12-26 14:54,0.5774156984696655,0.3541527805798019
2012-12-26 15:04,0.7435399072592511,0.18751841145251247
2012-12-26 15:14,0.475054326703754,0.5864769563376736
2012-12-26 15:24,0.5223734558998889,0.5371315043810235
2012-12-26 15:34,0.5926116361463201,0.46494589094811783
2012-12-26 15:44,0.6456693388603696,0.4101088338651185
2012-12-26 15:54,0.666614500537924,0.38758176142162726
2012-12-26 16:04,0.7368817547174776,0.1845203548916957
2012-12-26 16:14,0.713553375118157,0.20677701556003134
2012-12-26 16:24,0.8660837740625862,0.0
2012-12-26 16:34,0.6063834223375438,0.44339023561163043
2012-12-26 16:44,0.9094959477600589,0.008880188385157087
2012-12-26 16:54,0.5997187293092068,0.44879938144389847
2012-12-26 17:04,0.9331384375460693,0.0
2012-12-26 17:14,0.6442195774024664,0.0
2012-12-26 17:24,0.8209933059728757,0.20387600408019166
2012-12-26 17:34,0.8420590846980004,0.18209759044186596
2012-12-26 17:44,0.5465479635475368,0.47667635032726663
2012-12-26 17:54,0.9569954481579459,0.0
2012-12-26 18:04,0.7621974447056645,0.2600202657777643
2012-12-26 18:14,0.41334154136564133,0.7784200921209109
2012-12-26 18:24,0.7587864576210238,0.2875520183845547
2012-12-26 18:34,0.2749849955238244,0.944820700081103
2012-12-26 18:44,0.45972186946819277,0.5850059900567981
2012-12-26 18:54,0.4857185272653198,0.5579945316672997
2012-12-26 19:04,0.6978101573053539,0.11332657299051366
2012-12-26 19:14,0.3656835645021153,0.5459134224581644
2012-12-27 00:24,0.29711807328221107,0.7266311849128495
2012-12-27 00:34,0.451416972427202,0.5727285215007205
2012-12-27 00:44,0.5066476077863675,0.4943518666861157
2012-12-27 00:54,0.6775118003051576,0.3232736694491384
2012-12-27 01:04,0.6929968084403193,0.08598921383193964
2012-12-27 01:14,0.759811451609456,0.0
2012-12-27 01:24,0.6028728853287652,0.4252874854294087
2012-12-27 01:34,0.6380154115763137,0.39127336782502453
2012-12-27 01:44,0.5669303245347181,0.3343076304582156
2012-12-27 01:54,0.6149807608378834,0.4152132612336411
2012-12-27 02:04,0.655035828240423,0.0
2012-12-27 02:14,0.8113815980825676,0.08927409728985193
2012-12-27 02:24,0.6295859870886739,0.39845704944410715
2012-12-27 02:34,0.6059039892764689,0.4211969080678462
2012-12-27 02:44,0.6586968182313638,0.0
2012-12-27 02:54,0.7676113955074796,0.257907349802392
2012-12-27 03:04,1.0420169459760436,0.0
2012-12-27 03:14,0.8217006414658996,0.2030109195866269
2012-12-27 03:24,0.9244147200352333,0.10015369086418845
2012-12-27 03:34,0.9902999351752416,0.034089113000957336
2012-12-27 03:44,0.8562571004815062,0.0
2012-12-27 03:54,0.5925105934141726,0.6014454226486632
2012-12-27 04:04,1.0729649404809165,0.0
2012-12-27 04:14,1.0342833268563576,0.0
2012-12-27 04:24,0.9778048945084619,0.0
2012-12-27 04:34,0.8944727116900684,0.13057780478718728
2012-12-27 04:44,0.7542259425747039,0.0
2012-12-27 04:54,0.8177044652597133,0.37897644494821064
2012-12-27 05:04,0.8320172726310161,0.1958276922412707
2012-12-27 05:14,0.7016990868393322,0.5015253422624638
2012-12-27 05:24,0.7472811666169394,0.0
2012-12-27 05:34,0.9878710889050448,0.2146574881161395
2012-12-27 05:44,0.9523061651387128,0.07547420241482315
2012-12-27 05:54,0.6816943054408245,0.34311250672966004
2012-12-27 06:04,1.079152792239898,0.0
2012-12-27 06:14,0.8179341514064554,0.2252016498260653
2012-12-27 06:24,0.9529766074046196,0.03886986528939755
2012-12-27 06:34,0.691620796831006,0.4690317445310972
2012-12-27 06:44,0.4384258075018092,0.7637960594934482
2012-12-27 06:54,0.7943199746560428,0.23066206955722343
2012-12-27 07:04,0.9927435081275647,0.032463851262915185
2012-12-27 07:14,0.5142576967778701,0.6863371444255408
2012-12-27 07:24,0.30549362985261336,0.8986252604418186
2012-12-27 07:34,0.38325478901286375,0.8236621185724651
2012-12-27 07:44,0.841543837209905,0.15105739217564865
2012-12-27 12:54,0.8892565873381263,0.0
2012-12-27 13:04,0.9444479889801447,0.0
2012-12-27 13:14,0.9528150250765169,0.0630064676432528
2012-12-27 13:24,1.0486538390614406,0.0
2012-12-27 13:34,0.7942969775411228,0.0
2012-12-27 13:44,1.0449290446754853,0.0
2012-12-27 13:54,1.0569228731891271,0.0
2012-12-27 14:04,1.1328557475922079,0.0
2012-12-27 14:14,1.1082675315028718,0.0
2012-12-27 14:24,0.9770763336770969,0.0
2012-12-27 14:34,1.1910564360763716,0.0
2012-12-27 14:44,0.8282012633573068,0.0
2012-12-27 14:54,1.1197916295437862,0.0
2012-12-27 15:04,1.008119592339444,0.0
2012-12-27 15:14,1.0780635395695959,0.0
2012-12-27 15:24,0.857256703707789,0.0
2012-12-27 15:34,1.1168825833486602,0.0
2012-12-27 15:44,1.1393296277965426,0.0
2012-12-27 15:54,0.8500632465241399,0.0
2012-12-27 16:04,1.2184766148420465,0.0
2012-12-27 16:14,1.0103941381505144,0.0
2012-12-27 16:24,1.0870837500077808,0.0
2012-12-27 16:34,0.9387285740827589,0.0
2012-12-27 16:44,1.1761637439525543,0.0
2012-12-27 16:54,0.9451140036706926,0.0
2012-12-27 17:04,0.9147573484471592,0.0
2012-12-27 17:14,1.075190785149294,0.0
2012-12-27 17:24,1.2798345140426703,0.0
2012-12-27 17:34,1.0720669609399265,0.0
2012-12-27 17:44,1.0517164432122799,0.0
2012-12-27 17:54,1.0605194607753212,0.0
2012-12-27 18:04,1.0883131397863497,0.0
2012-12-27 18:14,0.8195370008034399,0.0
2012-12-27 18:24,1.0039446146432809,0.0
2012-12-27 18:34,0.9531859792278713,0.0
2012-12-27 18:44,0.7858904000057267,0.0
2012-12-27 18:54,0.9968995178760105,0.0
2012-12-27 19:04,0.6805275406599022,0.4410859736943233
2012-12-27 19:14,0.9625160069925124,0.0
2012-12-27 19:24,0.7105714011177127,0.0
2012-12-27 19:34,0.7743060094966199,0.3330645414264171
2012-12-28 01:04,0.8419777290894945,0.0
2012-12-28 01:14,0.5109075990516503,0.0
2012-12-28 01:24,0.8588396129525708,0.0
2012-12-28 01:34,0.929101376987017,0.03708699737309639
2012-12-28 01:44,0.5528463014833759,0.0
2012-12-28 01:54,0.9989366375751444,0.0
2012-12-28 02:04,0.6587259000309714,0.0
2012-12-28 02:14,0.7640877574255175,0.18593574911146682
2012-12-28 02:24,0.9561141656980597,0.0
2012-12-28 02:34,0.8305794778280073,0.11938065655694279
2012-12-28 02:44,0.8261578668101849,0.0
2012-12-28 02:54,0.9781037217628883,0.0
2012-12-28 03:04,0.6445979916910719,0.0
2012-12-28 03:14,0.9859546132444429,0.0
2012-12-28 03:24,1.0029621933454873,0.0
2012-12-28 03:34,0.9676904760639082,0.0
2012-12-28 03:44,0.6798634852424255,0.0
2012-12-28 03:54,1.110976839279631,0.047825989857608206
2012-12-28 04:04,0.859439715278685,0.0
2012-12-28 04:14,0.9371956376435845,0.0
2012-12-28 04:24,0.6645179012551303,0.30173672493396836
2012-12-28 04:34,1.0332999365915618,0.0
2012-12-28 04:44,0.9759252866431805,0.1838392951264911
2012-12-28 04:54,0.7024403692177446,0.0
2012-12-28 05:04,0.6106214047803539,0.0
2012-12-28 05:14,0.863858554975572,0.2961484936397735
2012-12-28 05:24,0.9099668236906303,0.05679575479677026
2012-12-28 05:34,0.8650286384107276,0.0
2012-12-28 05:44,0.9977713847506654,0.0
2012-12-28 05:54,0.9881391267100251,0.0
2012-12-28 06:04,0.8016212239806911,0.3587851502602907
2012-12-28 06:14,0.7662911034643468,0.3944260460118255
2012-12-28 06:24,0.9594275504925114,0.008162214515103815
2012-12-28 06:34,0.5267860751388572,0.6616599192592948
2012-12-28 06:44,0.6035784356949704,0.0
2012-12-28 06:54,0.4627106920279943,0.7268280922718426
2012-12-28 07:04,0.8573295895508599,0.0
2012-12-28 07:14,0.6331269697869514,0.0
2012-12-28 07:24,0.32526960595616133,0.8643783003434121
2012-12-28 07:34,0.6077275889456001,0.0
2012-12-28 07:44,0.5583749584560185,0.4330888425867347
2012-12-28 07:54,0.4593173080520833,0.39062775385936355
2012-12-28 08:04,0.7221981697561936,0.12794525269864074
2012-12-28 13:34,0.7196558206589964,0.0
2012-12-28 13:44,0.639643005681214,0.0
2012-12-28 13:54,0.12593228292497244,1.147983234706974
2012-12-28 14:04,0.48998570136157144,0.3065135458157278
2012-12-28 14:14,0.625913465688255,0.2846471731861807
2012-12-28 14:24,0.4015448879116684,0.6610461827088375
2012-12-28 14:34,0.6354555895465497,0.16170339034120565
2012-12-28 14:44,0.8067117699408632,0.0
2012-12-28 14:54,0.5184577670878514,0.7324315564296235
2012-12-28 15:04,0.7089639180967274,0.0
2012-12-28 15:14,0.6712896751179499,0.5795846816689794
2012-12-28 15:24,0.8145959154748259,0.0
2012-12-28 15:34,0.9413432148285162,0.0
2012-12-28 15:44,1.027867270988619,0.014483999188158557
2012-12-28 15:54,0.7861301391879896,0.0
2012-12-28 16:04,1.0724850855232007,0.17837003956897185
2012-12-28 16:14,1.0403620808966336,0.0019845905515833203
2012-12-28 16:24,1.0770466378348018,0.0
2012-12-28 16:34,1.0479318259350705,0.0
2012-12-28 16:44,1.0582861001280457,0.0
2012-12-28 16:54,0.7887657073699745,0.0
2012-12-28 17:04,1.0856995162719696,0.0
2012-12-28 17:14,1.193555087410443,0.05730333556279526
2012-12-28 17:24,0.8301874189177539,0.4207984197158172
2012-12-28 17:34,0.8544807549516648,0.0
2012-12-28 17:44,0.918517420659559,0.0
2012-12-28 17:54,0.9424148586298486,0.0
2012-12-28 18:04,0.9338386484792595,0.0
2012-12-28 18:14,0.584465529926884,0.6665971569821723
2012-12-28 18:24,0.907393737221707,0.0
2012-12-28 18:34,0.6461739248627889,0.0
2012-12-28 18:44,1.046338374108011,0.0
2012-12-28 18:54,0.7326380419275742,0.06530434713117723
2012-12-28 19:04,0.5563728014505859,0.3554330568322972
2012-12-28 19:14,0.5427257061698088,0.5207505649261003
2012-12-28 19:24,0.3777369209691557,0.6853964048267642
2012-12-28 19:34,0.3295841425084591,0.7331391587424881
2012-12-28 19:44,0.050495691077236206,1.2241669195507237
2012-12-28 19:54,0.196417239403216,1.077403157090323
2012-12-28 20:04,0.5995153331131295,0.19575589717755593
2012-12-28 20:14,0.429291855371141,0.36488032376273416
2012-12-28 20:24,0.2336354644942308,0.8234503184562768
2012-12-29 01:44,0.7943226765329668,0.07953636296883886
2012-12-29 01:54,0.5149754695782714,0.5042845175329398
2012-12-29 02:04,0.7177891633267879,0.30097164745064064
2012-12-29 02:14,0.7800064254893502,0.23849702769048545
2012-12-29 02:24,0.6555060673969254,0.21721532207590563
2012-12-29 02:34,0.4787537792702035,0.5155486048610924
2012-12-29 02:44,0.41055609445086616,0.7815705901139519
2012-12-29 02:54,0.7091778992555209,0.14162207644069183
2012-12-29 03:04,0.797853157802508,0.1938469176340955
2012-12-29 03:14,0.8476603273509675,0.14321646866727766
2012-12-29 03:24,0.39076423546111866,0.7972753496010646
2012-12-29 03:34,1.021512739946726,0.0
2012-12-29 03:44,0.812720297466613,0.156377586200772
2012-12-29 03:54,0.8314109215028472,0.13706363778517533
2012-12-29 04:04,0.8292151248726931,0.3323596420967322
2012-12-29 04:14,0.8405716369476063,0.12708283959088906
2012-12-29 04:24,0.7969342648149209,0.0
2012-12-29 04:34,1.0024039757875771,0.0
2012-12-29 04:44,0.7012769604886304,0.4588270434097499
2012-12-29 04:54,0.8598982091459652,0.1066089429995741
2012-12-29 05:04,1.0587589355946785,0.10083673636037507
2012-12-29 05:14,0.9040922449477004,0.0
2012-12-29 05:24,0.9218382766636474,0.0445473801359943
2012-12-29 05:34,0.8963863636336857,0.24785951245505145
2012-12-29 05:44,0.8067700183125783,0.0
2012-12-29 05:54,0.8048967107115114,0.1508244079875255
2012-12-29 06:04,1.0670124735051767,0.08253305447918378
2012-12-29 06:14,0.9691528285939299,0.0
2012-12-29 06:24,0.7462650674914503,0.2243913654913613
2012-12-29 06:34,0.7338285706693803,0.4538699167827475
2012-12-29 06:44,0.6114482846290282,0.5857210675753549
2012-12-29 06:54,0.8691015268732697,0.12071579820371489
2012-12-29 07:04,0.731791841865619,0.4412765289607014
2012-12-29 07:14,0.702540021458105,0.0
2012-12-29 07:24,0.7332997484271223,0.4286349592406371
2012-12-29 07:34,0.4541456898056755,0.7071331137327712
2012-12-29 07:44,0.5256111659555499,0.6357161162672906
2012-12-29 07:54,0.358453477988593,0.8030294219381316
2012-12-29 08:04,0.832057303326538,0.0
2012-12-29 08:14,0.09692904839655327,1.3187606092953994
2012-12-29 08:24,0.6067883317518514,0.0
2012-12-29 08:34,0.5916536751502177,0.0
2012-12-29 08:44,0.0,1.4086259433991768
2012-12-29 14:04,0.5619740334722361,0.32635358686244753
2012-12-29 14:14,0.5221896703313125,0.0
2012-12-29 14:24,0.7300397680488104,0.3373525245815118
2012-12-29 14:34,0.8679876019317165,0.021541254578343348
2012-12-29 14:44,0.6228835197414593,0.4639032569646107
2012-12-29 14:54,0.4792197527557577,0.0
2012-12-29 15:04,0.7014114442308931,0.0
2012-12-29 15:14,0.38986557901830105,0.6970880795623672
2012-12-29 15:24,0.6016604312827013,0.4852090829450132
2012-12-29 15:34,0.9081858488084587,0.0
2012-12-29 15:44,0.7357771992831721,0.3509483090311459
2012-12-29 15:54,0.6994547245065542,0.4288531557651391
2012-12-29 16:04,0.6613221094820884,0.46816572388425126
2012-12-29 16:14,0.7401695879033524,0.20205843435413406
2012-12-29 16:24,0.573456993034294,0.0
2012-12-29 16:34,0.6214616469571637,0.5118486786312357
2012-12-29 16:44,0.7329715995880801,0.40138988249550145
2012-12-29 16:54,0.665841001873577,0.4694059513663535
2012-12-29 17:04,0.38855910838685953,0.7469460244488841
2012-12-29 17:14,0.929835431538906,0.2057020575138162
2012-12-29 17:24,0.8290230318821656,0.0
2012-12-29 17:34,0.8244967047140604,0.0
2012-12-29 17:44,0.7054141117295447,0.4301977809778615
2012-12-29 17:54,0.8035198988504428,0.33211497809876156
2012-12-29 18:04,0.822894441858546,0.3125984328397156
2012-12-29 18:14,0.961309750311092,0.0
2012-12-29 18:24,0.7158463030592934,0.41826908258823564
2012-12-29 18:34,0.6745895868119738,0.0
2012-12-29 18:44,0.5376047377871138,0.594142792380581
2012-12-29 18:54,0.4857184709840366,0.6447661768176047
2012-12-29 19:04,0.6421486040295841,0.2984934338847549
2012-12-29 19:14,0.25366566268636503,0.8746344882291847
2012-12-29 19:24,0.6169202539207516,0.0
2012-12-29 19:34,0.38408813711335815,0.7434412496097079
2012-12-29 19:44,0.3663890617818213,0.7607089448790969
2012-12-29 19:54,0.5330692013510167,0.0
2012-12-29 20:04,0.34730588323893136,0.7786083494599335
2012-12-29 20:14,0.2071546888576971,0.9178826699804565
2012-12-29 20:24,0.7105303004425778,0.0
2012-12-29 20:34,0.5487142949847963,0.0
2012-12-29 20:44,0.5880620630813825,0.0
2012-12-29 20:54,0.3234197774604928,0.8209879980643515
2012-12-30 02:14,0.697842666929177,0.2678959750424609
2012-12-30 02:24,0.7245221919667325,0.241166703711464
2012-12-30 02:34,0.5038948114517974,0.0
2012-12-30 02:44,0.6083005269891318,0.0
2012-12-30 02:54,0.7960740501106871,0.0
2012-12-30 03:04,0.8182944499740422,0.3403673874870201
2012-12-30 03:14,0.6251098657870151,0.0
2012-12-30 03:24,0.7027158978688277,0.2623220306119171
2012-12-30 03:34,0.5924527085879496,0.0
2012-12-30 03:44,0.6204700589528929,0.5367958941703665
2012-12-30 03:54,0.5915754706705578,0.0
2012-12-30 04:04,0.7210850498081287,0.0
2012-12-30 04:14,0.7694166140433999,0.0
2012-12-30 04:24,0.8132511567835717,0.0
2012-12-30 04:34,0.5613593491356509,0.0
2012-12-30 04:44,0.811739563731554,0.0
2012-12-30 04:54,0.8336727183786595,0.0
2012-12-30 05:04,0.7756101988614686,0.1633871228576353
2012-12-30 05:14,0.8691618555697669,0.06916904402072847
2012-12-30 05:24,0.6397286310971048,0.0
2012-12-30 05:34,0.6070942512137825,0.0
2012-12-30 05:44,0.9215484944561785,0.0012268578021828991
2012-12-30 05:54,0.7361332898935625,0.0
2012-12-30 06:04,0.8390715305598803,0.0
2012-12-30 06:14,0.7749300307572908,0.0
2012-12-30 06:24,0.7506968522013807,0.35672703501585296
2012-12-30 06:34,0.8035520371425228,0.0
2012-12-30 06:44,0.6761750840818045,0.4312674029066594
2012-12-30 06:54,0.9322254091070051,0.0
2012-12-30 07:04,0.5932293656755488,0.5142281081753522
2012-12-30 07:14,0.7530461732337276,0.0
2012-12-30 07:24,0.9273997253615937,0.0
2012-12-30 07:34,0.7177710498438432,0.38960780361433783
2012-12-30 07:44,0.8125310397787243,0.0
2012-12-30 07:54,0.7850005770542776,0.3223652221906464
2012-12-30 08:04,0.5702832390643681,0.5371577333363822
2012-12-30 08:14,0.4847489993734889,0.6227549277213263
2012-12-30 08:24,0.7559778812404676,0.0
2012-12-30 08:34,0.8156725556169686,0.0
2012-12-30 08:44,0.6138551818759512,0.0
2012-12-30 08:54,0.5953986769825022,0.5121502715925217
2012-12-30 09:04,0.4641968065871481,0.6434135178168782
2012-12-30 14:44,0.6184989974169456,0.3044117739398254
2012-12-30 14:54,0.7957124678629731,0.0
2012-12-30 15:04,0.8291573083382636,0.09366745736491071
2012-12-30 15:14,0.9332857231479877,0.0
2012-12-30 15:24,0.9274128503949369,0.0
2012-12-30 15:34,0.7267323950407063,0.0
2012-12-30 15:44,0.7822713937225745,0.3251499668049333
2012-12-30 15:54,0.7301610645109441,0.0
2012-12-30 16:04,0.8224407534507601,0.2849214896482302
2012-12-30 16:14,0.9743270485601331,0.0
2012-12-30 16:24,0.8802550233439762,0.04247095642634179
2012-12-30 16:34,0.8361852235498904,0.0
2012-12-30 16:44,0.6565710305096583,0.0
2012-12-30 16:54,0.8139081141466337,0.2934190641169336
2012-12-30 17:04,0.7167011897687692,0.39066638651479685
2012-12-30 17:14,1.0373068502719602,0.0700128013878595
2012-12-30 17:24,1.1329677159886644,0.0
2012-12-30 17:34,0.8661643189997539,0.24121886922093724
2012-12-30 17:44,1.1244985024311855,0.0
2012-12-30 17:54,0.8950222008084701,0.2123737901949639
2012-12-30 18:04,1.123791794394373,0.0
2012-12-30 18:14,1.118278231674724,0.0
2012-12-30 18:24,1.0000951506021747,0.0
2012-12-30 18:34,1.1187476227335416,0.0
2012-12-30 18:44,0.9882874513192994,0.0
2012-12-30 18:54,1.170201472514613,0.0
2012-12-30 19:04,0.740737059482506,0.0
2012-12-30 19:14,0.6313293521360018,0.0
2012-12-30 19:24,0.9465886436149888,0.16082132880259098
2012-12-30 19:34,0.7843401259688009,0.3231276516578943
2012-12-30 19:44,0.8420745672863639,0.26537454128995885
2012-12-30 19:54,0.6714775118394863,0.0
2012-12-30 20:04,0.599340083205846,0.4856879840123826
2012-12-30 20:14,0.9173938552834465,0.005402946734319222
2012-12-30 20:24,0.46982053652302985,0.6377657944887815
2012-12-30 20:34,0.651292941718145,0.0
2012-12-30 20:44,0.9248997170381745,0.0
2012-12-30 20:54,0.6841013069994756,0.4234068670752248
2012-12-30 21:04,0.5709614589906746,0.5365896228591076
2012-12-30 21:14,0.6196473897537567,0.3032579629748979
2012-12-30 21:24,0.6409143988702664,0.0
2012-12-31 02:54,0.4651399115151712,0.6705706811816311
2012-12-31 03:04,0.7987938921882413,0.1477857200583944
2012-12-31 03:14,0.848078606657112,0.0
2012-12-31 03:24,0.5133447200339125,0.9068997229656149
2012-12-31 03:34,0.7305458325415536,0.405730299567907
2012-12-31 03:44,0.7738748713623946,0.0
2012-12-31 03:54,0.9279704707525425,0.20752252373121327
2012-12-31 04:04,1.0196348645238762,0.11461420678776175
2012-12-31 04:14,0.9891369036574614,0.14337843437908532
2012-12-31 04:24,0.9411138221246124,0.18896129118290003
2012-12-31 04:34,0.6680334503894119,0.0
2012-12-31 04:44,1.150371813830038,0.0
2012-12-31 04:54,0.8139859311349812,0.31526170243875373
2012-12-31 05:04,1.1589622751735407,0.0
2012-12-31 05:14,0.9543728513047232,0.0
2012-12-31 05:24,1.1564780478778272,0.0
2012-12-31 05:34,1.1087068984378292,0.0241785564938666
2012-12-31 05:44,1.1886573996679046,0.0
2012-12-31 05:54,1.0357139302513347,0.0
2012-12-31 06:04,1.0285573131034644,0.0
2012-12-31 06:14,1.1562555563523589,0.0
2012-12-31 06:24,0.9460503663946013,0.188374517913576
2012-12-31 06:34,0.6764070757612584,0.0
2012-12-31 06:44,0.8172863332377667,0.0
2012-12-31 06:54,1.0603252985419835,0.07480873699629458
2012-12-31 07:04,0.9647510286283514,0.0
2012-12-31 07:14,1.0826558357074765,0.05366550890340347
2012-12-31 07:24,0.9677477682350772,0.0
2012-12-31 07:34,0.8453860604405132,0.10324744063764417
2012-12-31 07:44,0.7579924717337421,0.38167502852895085
2012-12-31 07:54,0.8358203114596588,0.0
2012-12-31 08:04,0.7616976574611645,0.0
2012-12-31 08:14,0.5792957830526474,0.2404065165670007
2012-12-31 08:24,0.324041634689353,0.8281180911729447
2012-12-31 08:34,0.6073773967128008,0.5610653608036081
2012-12-31 08:44,0.6623089291585571,0.31264654350147525
2012-12-31 08:54,0.27364454469011423,0.8950859421575401
2012-12-31 09:04,0.374347617668504,0.7923126059900579
2012-12-31 09:14,0.4037643034500113,0.5670281095599683
2012-12-31 09:24,0.6138678541262347,0.0
2012-12-31 09:34,0.43917509937506927,0.5472160723521868
2012-12-31 09:44,0.5278790090810741,0.0
2012-12-31 09:54,0.5463943923405674,0.44136122834019315
2012-12-31 15:14,0.5501374531283914,0.34322214787402067
2012-12-31 15:24,0.6323188789257067,0.0
2012-12-31 15:34,0.2917079057712436,0.9363186265269752
2012-12-31 15:44,0.9400913043252273,0.08350192493173678
2012-12-31 15:54,0.8003788556552873,0.0
2012-12-31 16:04,0.7428621350100821,0.0
2012-12-31 16:14,1.0496109975199426,0.0
2012-12-31 16:24,0.8993587774107841,0.0
2012-12-31 16:34,0.6140335514596716,0.0
2012-12-31 16:44,0.6469368940372111,0.5737874444793986
2012-12-31 16:54,1.0450988626042075,0.0
2012-12-31 17:04,0.7207087330934072,0.498877350726116
2012-12-31 17:14,0.6481014580784836,0.0
2012-12-31 17:24,0.8250960244083659,0.0
2012-12-31 17:34,0.8909560393109132,0.0
2012-12-31 17:44,0.8431158367612047,0.14945527526623956
2012-12-31 17:54,1.0327446579722126,0.0
2012-12-31 18:04,1.0575986379814661,0.0
2012-12-31 18:14,0.9975417966419995,0.0
2012-12-31 18:24,0.9594357622668457,0.03283992726819986
2012-12-31 18:34,0.9340012574966278,0.0
2012-12-31 18:44,1.0274646301522494,0.0
2012-12-31 18:54,1.049920266539161,0.0
2012-12-31 19:04,0.9474978728676423,0.27225006104039945
2012-12-31 19:14,0.9422039662664524,0.0
2012-12-31 19:24,0.8897209348652345,0.0
2012-12-31 19:34,1.1950628967821872,0.0
2012-12-31 19:44,1.0312517110118116,0.0
2012-12-31 19:54,1.0205699251136722,0.0
2012-12-31 20:04,0.7982510885898288,0.0
2012-12-31 20:14,1.0716078155604971,0.0
2012-12-31 20:24,1.0207153698223443,0.0
2012-12-31 20:34,0.8486347646697493,0.19382291562850737
2012-12-31 20:44,0.899070793561893,0.1434011351307508
2012-12-31 20:54,0.5703113662526165,0.4720512135985026
2012-12-31 21:04,0.6550711411687247,0.23842676365122828
2012-12-31 21:14,0.6317112237873009,0.24063534120692998
2012-12-31 21:24,0.3193799533908989,0.9020324906126286
2012-12-31 21:34,0.5536932671145446,0.4643639265353909
2012-12-31 21:44,0.3838888955441261,0.6343470120397259
2012-12-31 21:54,0.35016466234017446,0.6682860847000527
2012-12-31 22:04,0.0,1.2479123867713589
2013-01-01 03:24,0.33712759662787933,0.7051364804248584
2013-01-01 03:34,0.4523255751520422,0.5899544272954781
2013-01-01 03:44,0.6443987837935603,0.24901162587212003
2013-01-01 03:54,0.5284148762875083,0.0
2013-01-01 04:04,0.652909335292609,0.1288330935973158
2013-01-01 04:14,0.5834185720114965,0.0
2013-01-01 04:24,0.5907413885032075,0.4515645585461128
2013-01-01 04:34,0.7145955076792437,0.3277190517434391
2013-01-01 04:44,0.5218490533695647,0.5204575833249916
2013-01-01 04:54,1.018003567499303,0.024324677140980078
2013-01-01 05:04,0.6300502409283252,0.41226378732676056
2013-01-01 05:14,0.5936918236630615,0.0
2013-01-01 05:24,0.8969712573627208,0.14535098993110276
2013-01-01 05:34,0.9237220044622576,0.11871257126193414
2013-01-01 05:44,0.7132756042562329,0.1802039289004509
2013-01-01 05:54,0.7227506050002381,0.319553284865247
2013-01-01 06:04,0.6330366169767009,0.0
2013-01-01 06:14,0.6691741552171078,0.0
2013-01-01 06:24,0.897033284550135,0.0
2013-01-01 06:34,0.6796681957811357,0.0
2013-01-01 06:44,0.9250269751979945,0.0
2013-01-01 06:54,1.052078097489425,0.0
2013-01-01 07:04,1.0791895321954341,0.0
2013-01-01 07:14,0.6618707027810361,0.0
2013-01-01 07:24,0.662877118078681,0.0
2013-01-01 07:34,0.9379700506936002,0.10451632198117096
2013-01-01 07:44,0.6529655288341827,0.0
2013-01-01 07:54,1.0548553090852282,0.0
2013-01-01 08:04,0.9294297500987232,0.0
2013-01-01 08:14,0.6212489041111331,0.0
2013-01-01 08:24,0.6927668467686501,0.0
2013-01-01 08:34,0.8787019663986715,0.16376612480926445
2013-01-01 08:44,0.7070873042485228,0.33532916596144285
2013-01-01 08:54,0.8120801819158698,0.23036700670895227
2013-01-01 09:04,0.7723156277730514,0.27011870527392995
2013-01-01 09:14,0.5042311824348747,0.5380243512428937
2013-01-01 09:24,0.3309207999160782,0.7112542639243918
2013-01-01 09:34,0.5530133934434358,0.0
2013-01-01 09:44,0.5238300882560202,0.5183596969645867
2013-01-01 09:54,0.5152976942788572,0.0
2013-01-01 10:04,0.5280220270220126,0.2537148988141718
2013-01-01 10:14,0.3124783387670076,0.7298430537357652
2013-01-01 15:54,0.5922475059562234,0.22556099729582343
2013-01-01 16:04,0.5320035375951173,0.0
2013-01-01 16:14,0.7291803397027746,0.0
2013-01-01 16:24,0.6981475227666614,0.02851493300493864
2013-01-01 16:34,0.5759836071728376,0.0
2013-01-01 16:44,0.6158406340282432,0.0
2013-01-01 16:54,0.4492872578955806,0.6156593331559144
2013-01-01 17:04,0.7336862323595127,0.1792067960735505
2013-01-01 17:14,0.6486247487685578,0.2641333024423233
2013-01-01 17:24,0.6849660734870378,0.3797813411024334
2013-01-01 17:34,0.6970920407304849,0.0
2013-01-01 17:44,0.6126659043034764,0.0
2013-01-01 17:54,0.5721390854485399,0.0
2013-01-01 18:04,0.3549200863888504,0.9223608730780588
2013-01-01 18:14,0.657173624168031,0.14127790129817125
2013-01-01 18:24,0.6550340966390198,0.0
2013-01-01 18:34,0.5877970588343036,0.47696912106161415
2013-01-01 18:44,0.5892570874090372,0.3234980936827573
2013-01-01 18:54,0.46706807312304055,0.5751561148266698
2013-01-01 19:04,0.6089807978863258,0.0
2013-01-01 19:14,0.5881626183923838,0.0
2013-01-01 19:24,0.47035782910625473,0.5718676841998406
2013-01-01 19:34,0.6175254699706614,0.0
2013-01-01 19:44,0.7206409014636165,0.0
2013-01-01 19:54,0.5773123865264884,0.0
2013-01-01 20:04,0.6459507305708142,0.2475240786555616
2013-01-01 20:14,0.6427055846088977,0.0
2013-01-01 20:24,0.8579724801905555,0.18441537286757523
2013-01-01 20:34,0.735788990533625,0.15768758828940746
2013-01-01 20:44,0.8271747809595184,0.0
2013-01-01 20:54,0.901644854116154,0.0
2013-01-01 21:04,0.6325577284897335,0.0
2013-01-01 21:14,0.7957420730235676,0.09781431255852585
2013-01-01 21:24,0.6004690073094902,0.44191467033418724
2013-01-01 21:34,0.6853568516785757,0.2081670891757023
2013-01-01 21:44,0.7855718787023481,0.0
2013-01-01 21:54,0.7039689411995936,0.0
2013-01-01 22:04,0.5802160017943622,0.0
2013-01-01 22:14,0.6011856829298798,0.0
2013-01-01 22:24,0.3086924740698943,0.7336096074549651
2013-01-01 22:34,0.5299662228432216,0.5125569675817516
2013-01-02 04:04,0.6758234967425043,0.36666162214922166
2013-01-02 04:14,0.5064475220338184,0.5360809541642731
2013-01-02 04:24,0.5800209678422393,0.0
2013-01-02 04:34,0.5573677176784466,0.0
2013-01-02 04:44,0.7718633593816973,0.009937807973446346
2013-01-02 04:54,0.6040504328057054,0.43843434981654056
2013-01-02 05:04,0.6583360235938203,0.3841344523126034
2013-01-02 05:14,0.8017110159886698,0.24073578569195117
2013-01-02 05:24,0.9089358261798999,0.0
2013-01-02 05:34,0.8338933546208892,0.0
2013-01-02 05:44,0.26635752548712144,0.9647295104266401
2013-01-02 05:54,0.9003848774506026,0.0
2013-01-02 06:04,0.5612346658216413,0.0
2013-01-02 06:14,0.7272077960254599,0.0
2013-01-02 06:24,0.42346141405563514,0.8093707886636504
2013-01-02 06:34,0.7819487415056954,0.0
2013-01-02 06:44,0.7682947974685189,0.2599914065566546
2013-01-02 06:54,1.003241306320628,0.025352964396190676
2013-01-02 07:04,0.4974221247343775,0.7363961043406952
2013-01-02 07:14,0.7072557445421008,0.32019291255347165
2013-01-02 07:24,0.6112029684383214,0.6205437574229616
2013-01-02 07:34,0.6510872269266791,0.3743978856057167
2013-01-02 07:44,0.5675053587796874,0.4568974178684262
2013-01-02 07:54,0.2618857662344819,0.9659930782916979
2013-01-02 08:04,0.7262432385444583,0.1503197637771571
2013-01-02 08:14,0.5866309079782085,0.4357553633882456
2013-01-02 08:24,0.7990243968240112,0.2231937603895752
2013-01-02 08:34,0.6915591293591805,0.33041244521377805
2013-01-02 08:44,0.2298761347414632,0.9960927544658205
2013-01-02 08:54,0.18942211321392513,1.036276647640505
2013-01-02 09:04,0.7946541026309824,0.0
2013-01-02 09:14,0.43416892843388966,0.608243018894872
2013-01-02 09:24,0.7287788123823181,0.0
2013-01-02 09:34,0.6224848283188865,0.2710650496774764
2013-01-02 09:44,0.525805041508198,0.3677280991999076
2013-01-02 09:54,0.6740626604750427,0.107819324610009
2013-01-02 10:04,0.458225748270937,0.5842063963222915
2013-01-02 10:14,0.26349805015549355,0.7789028502739029
2013-01-02 10:24,0.783599413953176,0.0
2013-01-02 10:34,0.33218397211295403,0.7103345230628426
2013-01-02 10:44,0.712362292983503,0.06953811785271294
2013-01-02 10:54,0.13157777264368312,0.9109492825896515
2013-01-02 16:34,0.5520221025554495,0.3416741011270466
2013-01-02 16:44,0.3869729865236029,0.6557657780229058
2013-01-02 16:54,0.6253518873128934,0.41726404251679783
2013-01-02 17:04,0.5356546501356579,0.0
2013-01-02 17:14,0.7603947937017106,0.28217507755344545
2013-01-02 17:24,0.591563947197699,0.45109619443554205
2013-01-02 17:34,0.6362728442953784,0.4063571885767051
2013-01-02 17:44,0.7865515659601108,0.0
2013-01-02 17:54,0.8798597032673444,0.013673966336600249
2013-01-02 18:04,0.3768141242484415,0.6658935797506551
2013-01-02 18:14,0.8901825473852677,0.0033546628780784273
2013-01-02 18:24,0.6906299348469931,0.20297919147493484
2013-01-02 18:34,0.9190692963441556,0.0
2013-01-02 18:44,0.8936986352613467,0.0
2013-01-02 18:54,0.9025472518164026,0.0
2013-01-02 19:04,1.0458192306700353,0.0
2013-01-02 19:14,0.6525420230271116,0.0
2013-01-02 19:24,0.8499325875889777,0.04359832866002806
2013-01-02 19:34,0.7083321989645869,0.3342574528301073
2013-01-02 19:44,1.0469847288377152,0.0
2013-01-02 19:54,0.7761041182763417,0.0057984028805718145
2013-01-02 20:04,0.629062697921027,0.4135394781452943
2013-01-02 20:14,0.8932172905080401,0.14934235611797808
2013-01-02 20:24,0.64219491938301,0.2514478358545229
2013-01-02 20:34,0.8938045344795316,0.0
2013-01-02 20:44,0.7359768636365372,0.30660741677565934
2013-01-02 20:54,0.8272992664644776,0.2152701503425692
2013-01-02 21:04,0.5164764884571152,0.0
2013-01-02 21:14,0.4827668317406408,0.0
2013-01-02 21:24,0.8998188808860482,0.0
2013-01-02 21:34,0.9017624811331664,0.0
2013-01-02 21:44,0.7991903854733773,0.0
2013-01-02 21:54,0.6449301065712224,0.0
2013-01-02 22:04,0.7457099287510817,0.2970182598354583
2013-01-02 22:14,0.7333210595038399,0.30940970387814637
2013-01-02 22:24,0.6780455652926525,0.2157140563784369
2013-01-02 22:34,0.5869157927273899,0.4557555549971537
2013-01-02 22:44,0.5987752854669168,0.29499818485346163
2013-01-02 22:54,0.7022180191105392,0.0
2013-01-02 23:04,0.5593402904104867,0.0
2013-01-02 23:14,0.5445874572675804,0.0
2013-01-03 04:34,0.0,1.08027539570346
2013-01-03 04:44,0.19053973237901536,0.871627574085258
2013-01-03 04:54,0.4641124270646438,0.4456006829973955
2013-01-03 05:04,0.7727629714962936,0.022581180054503186
2013-01-03 05:14,0.5423163343695602,0.2526753814170995
2013-01-03 05:24,0.3993324644729974,0.6602308862088755
2013-01-03 05:34,0.7415808560695912,0.04024992170922694
2013-01-03 05:44,0.8542042828748334,0.03931628433308413
2013-01-03 05:54,0.6987948683786657,0.0
2013-01-03 06:04,0.4663311823047688,0.5763770286375349
2013-01-03 06:14,0.45624851935877486,0.43747075354298665
2013-01-03 06:24,0.714172554309652,0.0
2013-01-03 06:34,0.506464845656065,0.5362127346487761
2013-01-03 06:44,0.6820547521470163,0.2115546989435129
2013-01-03 06:54,0.4975943004529437,0.5450813489359473
2013-01-03 07:04,0.6277770517605213,0.2658554595177957
2013-01-03 07:14,0.3690743916584174,0.6736495997866239
2013-01-03 07:24,0.493507330493777,0.0
2013-01-03 07:34,0.42855234306474216,0.46515992443572446
2013-01-03 07:44,0.3615847679230506,0.5321533859144468
2013-01-03 07:54,0.7407534365057878,0.0410957640900007
2013-01-03 08:04,0.744584795490653,0.0372625087930594
2013-01-03 08:14,0.563275007867653,0.0
2013-01-03 08:24,0.2261377571093914,0.8166511068084473
2013-01-03 08:34,0.60529230982318,0.27387843154091956
2013-01-03 08:44,0.5250981317722054,0.0
2013-01-03 08:54,0.610901119528545,0.0545625308074678
2013-01-03 09:04,0.5184131678633652,0.4746185278785392
2013-01-03 09:14,0.5108943096847036,0.33624632993765896
2013-01-03 09:24,0.435682496063205,0.5485861508474549
2013-01-03 09:34,0.4986598631601376,0.0
2013-01-03 09:44,0.5370244347958515,0.10250670147388737
2013-01-03 09:54,0.4988084435255529,0.0
2013-01-03 10:04,0.5413506272103372,0.0
2013-01-03 10:14,0.5848993636110077,0.04332122447725683
2013-01-03 10:24,0.5248164395677979,0.0
2013-01-03 10:34,0.5148966437876077,0.11110341738890521
2013-01-03 10:44,0.22283413104306224,0.713772050962849
2013-01-03 10:54,0.0291327234620505,0.9080630383627559
2013-01-03 11:04,0.0611797017333898,0.8800127325501695
2013-01-03 11:14,0.35500856633664,0.3536190384921867
2013-01-03 11:24,0.5031002809527263,0.013590161599678253
2013-01-03 11:34,0.1522649045522859,0.6610084736629728
2013-01-03 17:04,0.3821691354894774,0.2334612854653085
2013-01-03 17:14,0.42690018820308223,0.18871403391704467
2013-01-03 17:24,0.22201989649939566,0.7014605777902903
2013-01-03 17:34,0.23077683148300798,0.5607628820854623
2013-01-03 17:44,0.5712036816511322,0.2202756188120106
2013-01-03 17:54,0.6836363303798463,0.008875069360222556
2013-01-03 18:04,0.2838637413420805,0.6395929094878462
2013-01-03 18:14,0.6313370092741944,0.1601303360907611
2013-01-03 18:24,0.6849085984527079,0.10654893170246733
2013-01-03 18:34,0.3936214262455516,0.5298239094069133
2013-01-03 18:44,0.7843364871273991,0.13903215056467974
2013-01-03 18:54,0.6696127730938356,0.2537787582630855
2013-01-03 19:04,0.5276128780244014,0.3958086716600562
2013-01-03 19:14,0.7926349771927292,0.1307301210098694
2013-01-03 19:24,0.32489181592827504,0.5984431910032196
2013-01-03 19:34,0.7137967591561847,0.0
2013-01-03 19:44,0.7075565314081526,0.0
2013-01-03 19:54,0.8309736197147258,0.09246888462780241
2013-01-03 20:04,0.6340193034835405,0.289425511857183
2013-01-03 20:14,0.7056103676910656,0.21783653662600022
2013-01-03 20:24,0.49748039505397657,0.634875353600779
2013-01-03 20:34,0.8250492219656539,0.0
2013-01-03 20:44,0.7553814267473616,0.0
2013-01-03 20:54,0.5786040000142116,0.5553241356244754
2013-01-03 21:04,0.66030732083231,0.2850300848341615
2013-01-03 21:14,0.7033260410429865,0.24237491439549974
2013-01-03 21:24,0.9333382745811568,0.012754038498121267
2013-01-03 21:34,0.63781057829905,0.3085083558085256
2013-01-03 21:44,0.5686836977034,0.567295204259474
2013-01-03 21:54,0.9540287302540922,0.0
2013-01-03 22:04,0.5565836802044855,0.579922288291632
2013-01-03 22:14,0.8347025960398147,0.0
2013-01-03 22:24,0.7420282184568078,0.0
2013-01-03 22:34,0.4970701715523207,0.45057642380215496
2013-01-03 22:44,0.6571719496381835,0.0
2013-01-03 22:54,0.7902878545628381,0.022273861812278327
2013-01-03 23:04,0.5634028361639337,0.38482103371697696
2013-01-03 23:14,0.6581507280680665,0.2903104649035769
2013-01-03 23:24,0.7313431167067085,0.0
2013-01-03 23:34,0.7215429107541494,0.0
2013-01-03 23:44,0.7185978542628857,0.0
2013-01-04 00:04,0.7015565901964473,0.11215300877063986
2013-01-04 05:14,0.5382133413632918,0.27340465264182007
2013-01-04 05:24,0.14881838642574555,0.7991999859842372
2013-01-04 05:34,0.5189686555845958,0.43007687454251586
2013-01-04 05:44,0.5732348675174745,0.37674495844570033
2013-01-04 05:54,0.2787359794583492,0.8839855018339408
2013-01-04 06:04,0.440619035488866,0.7220711046568843
2013-01-04 06:14,0.6287469478416108,0.34009123084354925
2013-01-04 06:24,0.745587884120134,0.22316950446482417
2013-01-04 06:34,0.5247753929004711,0.6376625196932323
2013-01-04 06:44,0.8324586819931926,0.0
2013-01-04 06:54,0.9724064428390993,0.0
2013-01-04 07:04,0.8178786124717462,0.011689626915255399
2013-01-04 07:14,0.9821340173756264,0.0
2013-01-04 07:24,0.2891928771961995,0.8716711301244473
2013-01-04 07:34,0.5955798128524017,0.3715336743194813
2013-01-04 07:44,0.8782307537461124,0.0886254406269567
2013-01-04 07:54,0.7951095468342206,0.17153369358670573
2013-01-04 08:04,0.5790863754420985,0.2493524458327316
2013-01-04 08:14,0.4275762708384403,0.53890209170983
2013-01-04 08:24,0.35411137234045487,0.8056256819087235
2013-01-04 08:34,0.5637603491600127,0.40263771645512275
2013-01-04 08:44,0.8309409512879071,0.0
2013-01-04 08:54,0.7068755758617574,0.45275394051736356
2013-01-04 09:04,0.8273249544038427,0.1392104535360727
2013-01-04 09:14,0.6742879335578347,0.2927687142369612
2013-01-04 09:24,0.20046542603035605,0.9843432671526429
2013-01-04 09:34,0.40868366928322225,0.579609182853872
2013-01-04 09:44,0.6420553869467653,0.20585638444617982
2013-01-04 09:54,0.6140123839980426,0.3761232817295361
2013-01-04 10:04,0.6332562807973123,0.0
2013-01-04 10:14,0.5215709036888807,0.6675490142124391
2013-01-04 10:24,0.20908318412582802,0.9802535481546526
2013-01-04 10:34,0.6658537008270121,0.18383957657250471
2013-01-04 10:44,0.03667523666542887,1.1530953569725624
2013-01-04 10:54,0.509633083940959,0.3403655780751976
2013-01-04 11:04,0.7535812199646649,0.0
2013-01-04 11:14,0.29703484574723515,0.6950533144559528
2013-01-04 11:24,0.6377307337449307,0.10631506267176523
2013-01-04 11:34,0.1925296482703392,0.7997229537205737
2013-01-04 11:44,0.4042393942075854,0.587982323837722
2013-01-04 11:54,0.13238902152374,0.8599273014879464
2013-01-04 12:04,0.053318289765593434,0.9390477143700371
2013-01-04 12:14,0.27608848263332486,0.7162545088377084
2013-01-04 12:24,0.15331610622010883,0.8390894446978181
2013-01-04 17:54,0.14061115460982937,0.8060664635626239
2013-01-04 18:04,0.06593360776644265,0.8810778370654704
2013-01-04 18:14,0.3307013203470008,0.6166538829388181
2013-01-04 18:24,0.09478970147441618,0.852770088636937
2013-01-04 18:34,0.0,1.1311560483846892
2013-01-04 18:44,0.5104779036517825,0.3924840064062874
2013-01-04 18:54,0.20013879816318106,0.855944200780539
2013-01-04 19:04,0.41574229792712264,0.6006707515134231
2013-01-04 19:14,0.3800709077317835,0.6364850272442484
2013-01-04 19:24,0.6549369319463418,0.20715359902081204
2013-01-04 19:34,0.7878964650084954,0.07409531878411228
2013-01-04 19:44,0.49401253867340944,0.3678828175982352
2013-01-04 19:54,0.7461024429516754,0.0
2013-01-04 20:04,0.5239782354170109,0.5100168005770316
2013-01-04 20:14,0.49138612456854813,0.5425189770282594
2013-01-04 20:24,0.7431954469608264,0.0
2013-01-04 20:34,0.7585840075694333,0.10283469251456877
2013-01-04 20:44,0.6912562028018427,0.1700745525908358
2013-01-04 20:54,0.8695032291209193,0.0
2013-01-04 21:04,0.8715387085194667,0.0
2013-01-04 21:14,0.5647211540141501,0.468666745803757
2013-01-04 21:24,0.7792586167973139,0.0818819016550544
2013-01-04 21:34,0.8366908469417417,0.024433490343247762
2013-01-04 21:44,0.6804070572160336,0.0
2013-01-04 21:54,0.4647981989331251,0.5685091267826705
2013-01-04 22:04,0.7656836861491942,0.0
2013-01-04 22:14,0.8717789847032522,0.0
2013-01-04 22:24,0.569119098077973,0.0
2013-01-04 22:34,0.7278580194854961,0.30576607794610383
2013-01-04 22:44,0.7866414802219667,0.07478823491667633
2013-01-04 22:54,0.6054427262521624,0.0
2013-01-04 23:04,0.29964877799592843,0.7342805235884728
2013-01-04 23:14,0.7747021421575688,0.08702527773764783
2013-01-04 23:24,0.5182150988237784,0.5160025407115753
2013-01-04 23:34,0.4155204618929202,0.6188245445180316
2013-01-04 23:44,0.6039607571428547,0.4304899323928361
2013-01-05 00:04,0.5116957798581487,0.24042910915828683
2013-01-05 00:14,0.196102454558603,0.8584322496984184
2013-01-05 00:24,0.3939344787242505,0.48618386330092683
2013-01-05 00:34,0.1934153778856173,0.8857535069601725
2013-01-05 00:44,0.20483152447573916,0.6958647774160853
2013-01-05 00:54,0.6147721368199056,0.1584278798667579
2013-01-05 06:04,0.46517946303669394,0.47623415817758324
2013-01-05 06:14,0.6027307426725365,0.20527610458103482
2013-01-05 06:24,0.6421073935170004,0.16704171310993007
2013-01-05 06:34,0.377712878049827,0.43266733757505427
2013-01-05 06:44,0.5385647805926125,0.27295299791759575
2013-01-05 06:54,0.4775608565786757,0.47033276963461185
2013-01-05 07:04,0.3017501447226718,0.8371285043246224
2013-01-05 07:14,0.8035261966601496,0.14684850782918776
2013-01-05 07:24,0.9736065254854425,0.168062515449016
2013-01-05 07:34,0.9018837186070255,0.05061566531083754
2013-01-05 07:44,0.8661947837122,0.08754241276462983
2013-01-05 07:54,0.758968794084678,0.3871748309181226
2013-01-05 08:04,0.79814948848696,0.3494278681909314
2013-01-05 08:14,0.795190647438315,0.1618898901504278
2013-01-05 08:24,0.5615545719564682,0.5876098366926019
2013-01-05 08:34,0.3614933017108209,0.7883728497025655
2013-01-05 08:44,0.7278466749402197,0.4226394781082209
2013-01-05 08:54,0.5488261844058073,0.6021560524702118
2013-01-05 09:04,0.2816379433906432,0.8696831501148674
2013-01-05 09:14,0.7974470168491018,0.16224882010496586
2013-01-05 09:24,0.4250159028792434,0.534889146867244
2013-01-05 09:34,0.44019090349745116,0.7119136728043864
2013-01-05 09:44,0.5819775081291315,0.5703060909883452
2013-01-05 09:54,0.4949696451440156,0.46536947768439274
2013-01-05 10:04,0.9501013849906325,0.010434809216819657
2013-01-05 10:14,0.5892629366083715,0.0
2013-01-05 10:24,0.9319393650236236,0.02929064221784082
2013-01-05 10:34,0.6101088803263606,0.3514513570292715
2013-01-05 10:44,0.5976500588230036,0.5566263450119188
2013-01-05 10:54,0.395247905477389,0.5669823411391034
2013-01-05 11:04,0.42611023853524127,0.7291871841392932
2013-01-05 11:14,0.815670422547801,0.3405722237294601
2013-01-05 11:24,0.21190046690444758,0.9451776368993761
2013-01-05 11:34,0.49367519628665135,0.0
2013-01-05 11:44,0.0,1.1522975429133568
2013-01-05 11:54,0.30348014091276776,0.6625809868039707
2013-01-05 12:04,0.3621548868234316,0.604295591188579
2013-01-05 12:14,0.0,1.158265562788888
2013-01-05 12:24,0.4457094782636043,0.2861792872586518
2013-01-05 12:34,0.0,1.1602796224984422
2013-01-05 12:44,0.6540826238646099,0.0
2013-01-05 12:54,0.12371398391215595,1.0462621809151489
2013-01-05 13:04,0.0,0.9736670441963031
2013-01-05 13:14,0.0,1.164854130006403
2013-01-05 13:24,0.012848453366156889,0.9610908354021153
2013-01-05 18:44,0.683272837158758,0.20652596276824825
2013-01-05 18:54,0.5207729230758609,0.0
2013-01-05 19:04,0.6359711537498798,0.2516001329095372
2013-01-05 19:14,0.6831355594857321,0.0
2013-01-05 19:24,0.5713030686084392,0.31603249075448103
2013-01-05 19:34,0.4779525211491444,0.5867983958304869
2013-01-05 19:44,0.19086928780690626,0.9154080334453528
2013-01-05 19:54,0.6599470273700054,0.2626046962295675
2013-01-05 20:04,0.7182529000827754,0.0
2013-01-05 20:14,0.8933244836863322,0.050299740691613075
2013-01-05 20:24,0.6915178406298641,0.2525422289645518
2013-01-05 20:34,0.5052843434071297,0.6281646284580807
2013-01-05 20:44,0.21802974188226912,0.916031501152036
2013-01-05 20:54,0.6605507506561532,0.47406693194597316
2013-01-05 21:04,0.6132711370114389,0.3326596144273128
2013-01-05 21:14,0.5582706398783708,0.0
2013-01-05 21:24,0.4293397740300552,0.7063897786069645
2013-01-05 21:34,0.46026359018592355,0.48636118742125295
2013-01-05 21:44,0.8272164002473175,0.0
2013-01-05 21:54,0.724308853404791,0.22264420626979234
2013-01-05 22:04,0.5499287876574062,0.39717585190303634
2013-01-05 22:14,0.6081239913791442,0.5284775790466565
2013-01-05 22:24,0.4753185942130179,0.6613652033693413
2013-01-05 22:34,0.9142119663630751,0.03301977792354783
2013-01-05 22:44,0.6346923133544817,0.3126201659621856
2013-01-05 22:54,0.5875636482525259,0.5492846922122957
2013-01-05 23:04,0.4805373064399567,0.6563206894591124
2013-01-05 23:14,0.6561846558613575,0.2911028694512302
2013-01-05 23:24,0.7454660302990761,0.39120401520070786
2013-01-05 23:34,0.3588222782269393,0.7778107498660822
2013-01-05 23:44,0.5492899423511822,0.5872422182258193
2013-01-06 00:04,0.3874298576630073,0.7488332765450374
2013-01-06 00:14,0.6266657172454754,0.31977404302126095
2013-01-06 00:24,0.5832396959390055,0.22758386264842712
2013-01-06 00:34,0.34219236111954754,0.7924425026975562
2013-01-06 00:44,0.03966256545878984,1.0944315663888766
2013-01-06 00:54,0.6019048627869563,0.20766376323944905
2013-01-06 01:04,0.5025118286027884,0.44145608936313246
2013-01-06 01:14,0.13987801687183593,0.9921680951951042
2013-01-06 01:24,0.25483561836200586,0.876585158946333
2013-01-06 01:34,0.5313059463114235,0.0
2013-01-06 01:44,0.19527198934448417,0.9345710850383082
2013-01-06 01:54,0.6069569366356707,0.19931917328316942
2013-01-06 07:04,0.345270326614999,0.7839437888533126
2013-01-06 07:14,0.42748036737822487,0.5151970823209477
2013-01-06 07:24,0.43297338218177905,0.37660327714936626
2013-01-06 07:34,0.34303485544600465,0.603431801982488
2013-01-06 07:44,0.1834470063802074,0.9543872305968226
2013-01-06 07:54,0.5431243125638819,0.0
2013-01-06 08:04,0.5770651775302721,0.374238680431463
2013-01-06 08:14,0.7125030331641171,0.014588506021248041
2013-01-06 08:24,0.2551828355799899,0.7309322618100732
2013-01-06 08:34,0.22261866216678705,0.7637100952305438
2013-01-06 08:44,0.5505338404170349,0.4361993561858911
2013-01-06 08:54,0.36051393264105897,0.8245443323599363
2013-01-06 09:04,0.7302524955504365,0.01061076091268579
2013-01-06 09:14,0.6794155906791032,0.0
2013-01-06 09:24,0.42238309922158007,0.567194234522054
2013-01-06 09:34,0.6778129531196152,0.06469959795611169
2013-01-06 09:44,0.5618929462088837,0.42913550983480053
2013-01-06 09:54,0.3718445001126377,0.6201251701338776
2013-01-06 10:04,0.5143599655371578,0.47798660601054477
2013-01-06 10:14,0.7624671733807077,0.0
2013-01-06 10:24,0.8082452249097647,0.04200104136521634
2013-01-06 10:34,0.4746876575333072,0.0
2013-01-06 10:44,0.6187831473288755,0.3732933499862515
2013-01-06 10:54,0.4862482281963089,0.5058651246488807
2013-01-06 11:04,0.7114459275897902,0.1390291389424221
2013-01-06 11:14,0.34478238226883673,0.6483748937284509
2013-01-06 11:24,0.5842004573402476,0.2676826179303444
2013-01-06 11:34,0.270122542556411,0.7481317403679623
2013-01-06 11:44,0.47795657006167497,0.54079382992113
2013-01-06 11:54,0.5841716774830216,0.28945069623420355
2013-01-06 12:04,0.12084856653839678,0.8992603989908006
2013-01-06 12:14,0.548621016436936,0.0
2013-01-06 12:24,0.2700804754210595,0.7511932998947088
2013-01-06 12:34,0.18914280781865195,0.8329702635760065
2013-01-06 12:44,0.4780763793617114,0.5443196901819546
2013-01-06 12:54,0.19290504796450836,0.8499682025422327
2013-01-06 13:04,0.6375920257054359,0.0
2013-01-06 13:14,0.1840231901436034,0.8588650806380556
2013-01-06 13:24,0.06824062301437935,0.974724372514578
2013-01-06 13:34,0.320567627378459,0.9074264274655482
2013-01-06 13:44,0.32624851964786394,0.6970064849110593
2013-01-06 13:54,0.0,1.2239759089755462
2013-01-06 14:04,0.5323892435807279,0.0
2013-01-06 14:14,0.5994293830133444,0.08295247782235571
2013-01-06 14:24,0.19121253242971928,0.8336544356658946
2013-01-06 14:34,0.0,1.0528832964865493
2013-01-06 19:44,0.0015328947838016327,1.2721865084484514
2013-01-06 19:54,0.20965980808727544,0.8519406477553555
2013-01-06 20:04,0.37828902192333214,0.6833954004863022
2013-01-06 20:14,0.40182131177055186,0.6599826505536752
2013-01-06 20:24,0.3412496506266585,0.9106420121673138
2013-01-06 20:34,0.5408955600982841,0.5020347556954685
2013-01-06 20:44,0.6532357248631661,0.3895630558976842
2013-01-06 20:54,0.8045888406826197,0.0889498687456603
2013-01-06 21:04,0.7261454858255857,0.16749355734651522
2013-01-06 21:14,0.9035048383083862,0.0
2013-01-06 21:24,0.7911226562183103,0.2515327961261493
2013-01-06 21:34,0.5860108232552186,0.4568872331279999
2013-01-06 21:44,1.0223400857133147,0.020057841216033444
2013-01-06 21:54,1.0425207606097886,0.0
2013-01-06 22:04,0.6928524346206186,0.34992805062341154
2013-01-06 22:14,0.5645784595609512,0.32926779493660246
2013-01-06 22:24,0.7488283052831695,0.2938745335301386
2013-01-06 22:34,0.8721186167767077,0.021499248999450316
2013-01-06 22:44,0.897424195633794,0.14519818873303683
2013-01-06 22:54,0.7167511831802649,0.1769558124563883
2013-01-06 23:04,0.3727147829022828,0.8787055404573525
2013-01-06 23:14,0.6348790993585971,0.40783690374187753
2013-01-06 23:24,0.4718878446701386,0.4218993418799572
2013-01-06 23:34,0.5629271600561873,0.6884149195845961
2013-01-06 23:44,0.5575838243515591,0.0
2013-01-07 00:04,0.4063860661840805,0.8450199766464269
2013-01-07 00:14,0.9117891800813692,0.13081724106093948
2013-01-07 00:24,0.5880110893789252,0.4547265048668437
2013-01-07 00:34,0.5934144750763548,0.0
2013-01-07 00:44,0.6098334096985143,0.4328955214514742
2013-01-07 00:54,0.578049095973105,0.46469279350007187
2013-01-07 01:04,0.22931423924142078,1.0221646797070747
2013-01-07 01:14,0.34470395371350515,0.9067288788104306
2013-01-07 01:24,0.2604142467972401,0.7824581543748957
2013-01-07 01:34,0.6782142806671574,0.10373897881198112
2013-01-07 01:44,0.0675872546183977,1.1839640186922602
2013-01-07 01:54,0.5032011460549002,0.0
2013-01-07 02:04,0.2849999274057095,0.7579645881079607
2013-01-07 02:14,0.7143607556159468,0.06758027775915462
2013-01-07 02:24,0.4072641574452175,0.6356328098715575
2013-01-07 02:34,0.5469821390272753,0.49596306700680076
2013-01-07 02:44,0.36272697173348006,0.8891420434742626
2013-01-07 02:54,0.6924821442207857,0.2012124088899095
2013-01-07 03:04,0.284112051626126,0.9678561222868797
2013-01-07 03:14,0.17988100985149616,1.0722179471211202
2013-01-07 08:24,0.4372917782265302,0.608537905839476
2013-01-07 08:34,0.3731256313850113,0.5230238456050222
2013-01-07 08:44,0.21135922575755434,0.8340629700431667
2013-01-07 08:54,0.057202061148688324,0.9880678075897521
2013-01-07 09:04,0.04796046378021429,1.0149143056901972
2013-01-07 09:14,0.3335781481294738,0.7290535230168484
2013-01-07 09:24,0.35602221524105526,0.6871296234036744
2013-01-07 09:34,0.5600342047565781,0.3337853310183587
2013-01-07 09:44,0.47809105245372885,0.41583192129378993
2013-01-07 09:54,0.6698655077787111,0.2238294832863663
2013-01-07 10:04,0.8030861386627296,0.0
2013-01-07 10:14,0.9433723959415445,0.09908656000953016
2013-01-07 10:24,1.0459651687141172,0.0
2013-01-07 10:34,0.6469296543465152,0.395889600652871
2013-01-07 10:44,0.8837143795897324,0.15882752635495545
2013-01-07 10:54,0.8491487504388705,0.19343710336579792
2013-01-07 11:04,0.7030006330239201,0.0
2013-01-07 11:14,0.671364153619279,0.37135903397557285
2013-01-07 11:24,0.5540244521621861,0.48876015750426943
2013-01-07 11:34,0.2812262232299379,0.9703149864630882
2013-01-07 11:44,0.8489859340940502,0.04463475143656726
2013-01-07 11:54,0.5685410423712001,0.4742346464991866
2013-01-07 12:04,0.8941327165040881,0.0
2013-01-07 12:14,1.052359150409737,0.0
2013-01-07 12:24,0.8732972461357973,0.16932146152807953
2013-01-07 12:34,0.5599417891946049,0.33382872406401576
2013-01-07 12:44,0.6270450070711366,0.415700319290293
2013-01-07 12:54,0.6554970618997261,0.23822436690998003
2013-01-07 13:04,1.045959632872857,0.0
2013-01-07 13:14,0.857555647535018,0.03606105051523571
2013-01-07 13:24,0.5569442411003512,0.48583835116381785
2013-01-07 13:34,0.535726188963567,0.3580577442370371
2013-01-07 13:44,0.7887976950755868,0.0
2013-01-07 13:54,0.7003894683573587,0.34237039018925924
2013-01-07 14:04,0.4386837314409534,0.6043815748929315
2013-01-07 14:14,0.5623583700551806,0.33147522166241944
2013-01-07 14:24,0.5038102366103845,0.5391707094672756
2013-01-07 14:34,0.3913246623715275,0.651556251353496
2013-01-07 14:44,0.2345447170513617,0.8084378159795161
2013-01-07 14:54,0.0,1.2419823107879622
2013-01-07 15:04,0.06641159232521295,0.9559072504140664
2013-01-07 15:14,0.2357186400038805,0.7866564979803973
2013-01-07 15:24,0.14894420266232414,0.8737147378407083
2013-01-07 15:34,0.23747806282352873,0.7852821317745363
2013-01-07 15:44,0.3575831180840318,0.684052891122515
2013-01-07 15:54,0.46926648666231585,0.22514886923269
2013-01-07 21:04,0.2870992480248227,0.7782266460313975
2013-01-07 21:14,0.34187445779173303,0.7222302961685269
2013-01-07 21:24,0.5150322235259794,0.5474353004278769
2013-01-07 21:34,0.15557038738001694,0.9055766478876558
2013-01-07 21:44,0.3373368542010641,0.7220216275926133
2013-01-07 21:54,0.6055931564408427,0.18762762566878874
2013-01-07 22:04,0.30357175183719864,0.754068936712282
2013-01-07 22:14,0.5238787176665789,0.5334582297138146
2013-01-07 22:24,0.5850955529661035,0.2079151610023444
2013-01-07 22:34,0.18285238538838008,0.8755435262604042
2013-01-07 22:44,0.4533981925027058,0.6052779332729505
2013-01-07 22:54,0.42080917853830463,0.6384518252053872
2013-01-07 23:04,0.3762548632909187,0.6835122723698626
2013-01-07 23:14,0.2302797029803138,0.8299993625289374
2013-01-07 23:24,0.576456100130273,0.4664178417833635
2013-01-07 23:34,0.8542285409186208,0.18831723457136304
2013-01-07 23:44,0.6881647640233242,0.20550520944743977
2013-01-08 00:04,0.5926954393370156,0.30109914937160004
2013-01-08 00:14,0.9183082418065064,0.0
2013-01-08 00:24,0.6898907435516428,0.20379837343392923
2013-01-08 00:34,0.5064933218857985,0.5364965974601703
2013-01-08 00:44,0.794645760824319,0.0
2013-01-08 00:54,0.8229823579727938,0.21964977079000056
2013-01-08 01:04,0.805624092193357,0.23703165040248148
2013-01-08 01:14,0.5285739508752358,0.5143935789720788
2013-01-08 01:24,0.5831758179760708,0.4597313583888166
2013-01-08 01:34,0.7943301836631472,0.0
2013-01-08 01:44,0.8935220555285504,0.0
2013-01-08 01:54,0.8265364845344013,0.06702675584829158
2013-01-08 02:04,0.7926153098838966,0.250063611983466
2013-01-08 02:14,0.5289090080349618,0.5140601872384998
2013-01-08 02:24,0.3174896475885456,0.7257157342618166
2013-01-08 02:34,0.893538125896674,0.0
2013-01-08 02:44,0.7134746841338967,0.0
2013-01-08 02:54,0.8671974901779139,0.02630382409187657
2013-01-08 03:04,0.49524883165492894,0.3986760345742433
2013-01-08 03:14,0.4440205404365908,0.5990467152410073
2013-01-08 03:24,0.6097514814696334,0.4331186540851725
2013-01-08 03:34,0.5577950025716847,0.33604871410166626
2013-01-08 03:44,0.5634827954062809,0.4794358579892928
2013-01-08 03:54,0.4095023867001029,0.6336013649874025
2013-01-08 04:04,0.24857098032048502,0.7947290984739057
2013-01-08 04:14,0.30835480398145954,0.5857829070931068
2013-01-08 04:24,0.09727553571036951,0.9672258114829687
2013-01-08 09:44,0.0,1.0191184987570923
2013-01-08 09:54,0.0,0.8912372035294783
2013-01-08 10:04,0.0,1.009781915646277
2013-01-08 10:14,0.0312606435614405,0.8637962687693411
2013-01-08 10:24,0.022383909640427472,1.0000044417572775
2013-01-08 10:34,0.12883291407500116,0.7654682817722339
2013-01-08 10:44,0.0,0.8917545344503467
2013-01-08 10:54,0.0,1.1767086292020046
2013-01-08 11:04,0.5251766229190823,0.47060716401722863
2013-01-08 11:14,0.0,1.2198044679986078
2013-01-08 11:24,0.30230971674026985,0.7463684547227466
2013-01-08 11:34,0.2701218495685534,0.7797135054740445
2013-01-08 11:44,0.3134424220094898,0.7360542607647677
2013-01-08 11:54,0.11391877046341353,0.935049734857551
2013-01-08 12:04,0.19416244834884552,0.882195855761357
2013-01-08 12:14,0.17798424010855574,0.7638981317946608
2013-01-08 12:24,0.027232704368207704,1.0490009827029914
2013-01-08 12:34,0.0,1.2223298420948256
2013-01-08 12:44,0.01523497172962404,1.0357057546838215
2013-01-08 12:54,0.32618880097806274,0.7260476363595136
2013-01-08 13:04,0.0,1.2068107634450833
2013-01-08 13:14,0.0,1.2412679725778202
2013-01-08 13:24,0.12581085466623176,0.8167068536044851
2013-01-08 13:34,0.0,1.0763332188031978
2013-01-08 13:44,0.0,1.0753136518949808
2013-01-08 13:54,0.09175180401965695,0.9857823876013599
2013-01-08 14:04,0.0,1.2452437670061525
2013-01-08 14:14,0.45320452489937124,0.4903588168891659
2013-01-08 14:24,0.0,1.2535706159903153
2013-01-08 14:34,0.0,1.8394190924623484
2013-01-08 14:44,0.0,1.833608306221
2013-01-08 14:54,0.18436708562431783,0.89356321881874
2013-01-08 15:04,0.0,1.8264131744166998
2013-01-08 15:14,0.35286550971830755,0.725434842680699
2013-01-08 15:24,0.0,1.827721098042792
2013-01-08 15:34,0.0,1.8187310422059206
2013-01-08 15:44,0.0,1.834102357461158
2013-01-08 15:54,0.058123455438676926,1.019485616377051
2013-01-08 16:04,0.0,1.8247102509815503
2013-01-08 16:14,0.0,1.8188226176646396
2013-01-08 16:24,0.0,1.826056047624826
2013-01-08 16:34,0.0,1.821582547530944
2013-01-08 16:44,0.0,1.8022206731467791
2013-01-08 16:54,0.0,1.7957237360040708
2013-01-08 17:04,0.0,1.7948613411365557
2013-01-08 22:24,0.7478802292525825,0.0
2013-01-08 22:34,0.3942320825831986,0.34521513244320196
2013-01-08 22:44,0.0,1.2931782094427464
2013-01-08 22:54,0.16336207278049805,1.1299868252427183
2013-01-08 23:04,0.42494600398370486,0.8680176098479975
2013-01-08 23:14,0.18290544061478925,1.1098549953599757
2013-01-08 23:24,0.40478655741481695,0.6292254860813296
2013-01-08 23:34,0.7035665656263583,0.33025586489824726
2013-01-08 23:44,0.48551975422183896,0.534860196036199
2013-01-09 00:04,0.5699806677534612,0.4507595048578117
2013-01-09 00:14,0.5137699541161787,0.506728427228521
2013-01-09 00:24,0.7621479824346631,0.2579693108277006
2013-01-09 00:34,0.5558584509904508,0.7184912972026569
2013-01-09 00:44,0.7637652097662395,0.2549835512351923
2013-01-09 00:54,1.0676970345272354,0.0
2013-01-09 01:04,1.0266938764020057,0.0
2013-01-09 01:14,1.0411084916662128,0.0
2013-01-09 01:24,1.0222110112306206,0.0
2013-01-09 01:34,1.0623332753550272,0.0
2013-01-09 01:44,1.0354121276523283,0.0
2013-01-09 01:54,0.3403188012131289,0.6722894809443232
2013-01-09 02:04,1.0178254728949905,0.0
2013-01-09 02:14,0.97351857175006,0.038395793533652335
2013-01-09 02:24,1.0148607503355456,0.0
2013-01-09 02:34,1.044388744643368,0.0
2013-01-09 02:44,1.0163751559979817,0.0
2013-01-09 02:54,0.8489303607532369,0.1633531230218632
2013-01-09 03:04,1.0445792268343828,0.0
2013-01-09 03:14,0.7523244055981627,0.2600102765943601
2013-01-09 03:24,0.8788432660102999,0.13351410095835883
2013-01-09 03:34,1.0433050307418121,0.0
2013-01-09 03:44,1.0269831677304952,0.0
2013-01-09 03:54,0.8992134418504475,0.11337848460095845
2013-01-09 04:04,0.6052278248734169,0.027941717126455542
2013-01-09 04:14,1.0305482109918644,0.0
2013-01-09 04:24,0.7941740607982691,0.22021861923883154
2013-01-09 04:34,0.8713059450739835,0.14348894245141447
2013-01-09 04:44,1.038020998559958,0.0
2013-01-09 04:54,0.6310641485175145,0.40044187041320783
2013-01-09 05:04,1.0396432408415772,0.0
2013-01-09 05:14,0.5049192773135238,0.5287004325259195
2013-01-09 05:24,0.5718488901431865,0.5013460523230465
2013-01-09 05:34,0.133799261605126,1.2107123272274412
2013-01-09 11:04,0.20305327304938783,0.9052304816861564
2013-01-09 11:14,0.7389414690524501,0.36921787162265596
2013-01-09 11:24,0.698954220518007,0.22448039825343297
2013-01-09 11:34,0.28586936895753,0.6376380148992775
2013-01-09 11:44,0.6043027437495293,0.31913292388774894
2013-01-09 11:54,0.5439888337903833,0.5641664363283141
2013-01-09 12:04,0.7983741863051862,0.1250090624927295
2013-01-09 12:14,0.7503323914487766,0.17305590976747262
2013-01-09 12:24,0.8265078731725147,0.2815681635588615
2013-01-09 12:34,0.5637842373568025,0.0
2013-01-09 12:44,0.418166324635898,0.7124352343505834
2013-01-09 12:54,0.8202972063515698,0.0
2013-01-09 13:04,0.8350735980495662,0.0
2013-01-09 13:14,0.8756680530846148,0.258365319407543
2013-01-09 13:24,0.8555644872427043,0.0
2013-01-09 13:34,0.9728206359023921,0.0
2013-01-09 13:44,0.9046299870612341,0.04095407143120229
2013-01-09 13:54,1.1499604625863515,0.0
2013-01-09 14:04,0.9636701051114249,0.1702290381248074
2013-01-09 14:14,0.8343070304774778,0.299136030768261
2013-01-09 14:24,0.9306043021368111,0.20229999286492623
2013-01-09 14:34,0.589855952359582,0.0
2013-01-09 14:44,1.1367872202796452,0.0
2013-01-09 14:54,1.1166934230381356,0.014154552450182713
2013-01-09 15:04,1.0632844027842858,0.06707774013256695
2013-01-09 15:14,0.9667778640506617,0.0
2013-01-09 15:24,0.8902100333984021,0.24039347354685375
2013-01-09 15:34,1.0937374463341598,0.03713681240156383
2013-01-09 15:44,1.0522099060694239,0.07901420994069268
2013-01-09 15:54,1.155306811052292,0.0
2013-01-09 16:04,1.1369212325881688,0.0
2013-01-09 16:14,0.9498923445875066,0.18231711698124697
2013-01-09 16:24,1.1338075794367615,0.0
2013-01-09 16:34,0.8024869398387477,0.3302999138910062
2013-01-09 16:44,0.9537312981977591,0.0
2013-01-09 16:54,0.7299569643986529,0.0
2013-01-09 17:04,0.4082416749313196,0.5367924320363725
2013-01-09 17:14,0.5592290895005205,0.5756423509125105
2013-01-09 17:24,0.5423510373900794,0.5932676121012819
2013-01-09 17:34,0.42260358766577555,0.713676385025445
2013-01-09 17:44,0.4625039457552174,0.5000948520658102
2013-01-09 17:54,0.45889669227866425,0.6975544984589904
2013-01-09 18:04,0.2566744305480346,0.901439130144184
2013-01-09 23:34,0.6139511003822073,0.16794054635434302
2013-01-09 23:44,0.5300656056729461,0.3636220240074033
2013-01-10 00:04,0.834234639533317,0.04678572265846503
2013-01-10 00:14,0.8025446263407142,0.0
2013-01-10 00:24,0.7995984189689406,0.0
2013-01-10 00:34,0.7864053567062413,0.0
2013-01-10 00:44,0.8193983556630089,0.0
2013-01-10 00:54,0.8956767863638728,0.0
2013-01-10 01:04,0.7224739500872848,0.5288304563046903
2013-01-10 01:14,0.7476037798532871,0.29512782068320736
2013-01-10 01:24,0.797170025189295,0.0
2013-01-10 01:34,1.0433182204775433,0.0
2013-01-10 01:44,0.7281574729384892,0.31454033084151095
2013-01-10 01:54,0.5717730442857107,0.0
2013-01-10 02:04,0.9085957518642914,0.0
2013-01-10 02:14,1.050369062165197,0.0
2013-01-10 02:24,0.9075739292101571,0.0
2013-01-10 02:34,1.0518324580129892,0.0
2013-01-10 02:44,1.0460403608039033,0.0
2013-01-10 02:54,1.0540682342005103,0.0
2013-01-10 03:04,1.0570890610982897,0.0
2013-01-10 03:14,0.8178200469189225,0.0
2013-01-10 03:24,1.0554761045066232,0.0
2013-01-10 03:34,0.918012020078922,0.0
2013-01-10 03:44,1.0767245428561107,0.0
2013-01-10 03:54,0.8513572330587676,0.1913730542441077
2013-01-10 04:04,1.0435331011637836,0.0
2013-01-10 04:14,0.9596184343614514,0.08308825694548601
2013-01-10 04:24,0.6866802439517711,0.3560904064961059
2013-01-10 04:34,0.830227095755959,0.0635204299190758
2013-01-10 04:44,1.0099348696690222,0.0327601589554767
2013-01-10 04:54,0.748024274274395,0.2947365624504597
2013-01-10 05:04,0.895351566215353,0.0
2013-01-10 05:14,0.5993468019187369,0.0
2013-01-10 05:24,0.762703982916363,0.2800603583293875
2013-01-10 05:34,0.37965309131474295,0.6631837958115434
2013-01-10 05:44,0.6784872270807963,0.3642285490516847
2013-01-10 05:54,0.4468216154511293,0.5959723660729347
2013-01-10 06:04,0.3747852137633195,0.5190418132954976
2013-01-10 06:14,0.3733208941055151,0.6694901514023366
2013-01-10 06:24,0.1427809701585767,0.9000743153516347
2013-01-10 06:34,0.21078184824713225,0.8320595059201472
2013-01-10 12:14,0.11714450370037834,0.8899063052750358
2013-01-10 12:24,0.5234405033063517,0.316126162374964
2013-01-10 12:34,0.4967309485660145,0.511098093892876
2013-01-10 12:44,0.72183320613883,0.0
2013-01-10 12:54,0.6019589727132729,0.40658201805558514
2013-01-10 13:04,0.719869534850431,0.2890314658777736
2013-01-10 13:14,0.6401494182681613,0.2168366476059577
2013-01-10 13:24,0.4835766428185315,0.5462095575726422
2013-01-10 13:34,0.8689261443385938,0.0
2013-01-10 13:44,0.8856271042146451,0.0
2013-01-10 13:54,0.8072917292808987,0.22655124303087823
2013-01-10 14:04,0.8622798169934422,0.00020909547286238512
2013-01-10 14:14,0.8920235989514428,0.0
2013-01-10 14:24,0.5770332267458406,0.0
2013-01-10 14:34,0.6736209701117718,0.2085300909462225
2013-01-10 14:44,0.7862340341223536,0.2730193745631413
2013-01-10 14:54,0.8209755646520253,0.2388660336462871
2013-01-10 15:04,0.7027720056540286,0.380869016519492
2013-01-10 15:14,0.9380653046764597,0.0
2013-01-10 15:24,0.47374708910447927,0.0
2013-01-10 15:34,0.5416784633406466,0.0
2013-01-10 15:44,1.0260674893051729,0.08174959378414573
2013-01-10 15:54,0.9912258583328355,0.11658566755266739
2013-01-10 16:04,1.1393567287526338,0.0
2013-01-10 16:14,0.8538931937140561,0.2786175376912055
2013-01-10 16:24,1.133431345996461,0.0
2013-01-10 16:34,0.6574296749134619,0.0
2013-01-10 16:44,0.8696934590320009,0.26334530853448435
2013-01-10 16:54,0.9945708214461947,0.13843122438942734
2013-01-10 17:04,1.01854379776022,0.11441058854374579
2013-01-10 17:14,0.6282755538314742,0.5045946204699536
2013-01-10 17:24,0.6208462892498913,0.0
2013-01-10 17:34,0.9851382309969634,0.14758068267332802
2013-01-10 17:44,0.5720023716365229,0.0
2013-01-10 17:54,0.8419653258788236,0.2904352538053092
2013-01-10 18:04,0.5256420466158273,0.6065678003696234
2013-01-10 18:14,0.5265865255605856,0.6055314495518581
2013-01-10 18:24,0.5742271304905874,0.5576751990866404
2013-01-10 18:34,0.5889773538179116,0.5423649298305498
2013-01-10 18:44,0.6182887697636065,0.0
2013-01-10 18:54,0.37094298866065306,0.7544286335791984
2013-01-11 00:34,0.28400468466699547,0.9037542692955174
2013-01-11 00:44,0.559370145438141,0.0
2013-01-11 00:54,0.28351955027731607,0.9027045367892743
2013-01-11 01:04,0.717616677342738,0.2706190045783497
2013-01-11 01:14,0.6526732396123681,0.19389852016910236
2013-01-11 01:24,0.805238783705069,0.1818051257610111
2013-01-11 01:34,0.4501678090055022,0.7331951330731677
2013-01-11 01:44,0.7550812974773159,0.427750978769898
2013-01-11 01:54,0.5958131960392221,0.0
2013-01-11 02:04,0.7209795475144568,0.0
2013-01-11 02:14,0.9561896062345359,0.0
2013-01-11 02:24,0.6572980727127657,0.0
2013-01-11 02:34,1.0120863725489142,0.0
2013-01-11 02:44,0.9171840492344288,0.09080761783086139
2013-01-11 02:54,0.8788181258012123,0.0
2013-01-11 03:04,1.0233333734698775,0.0
2013-01-11 03:14,0.5377164790192674,0.0
2013-01-11 03:24,0.9189708781882925,0.0
2013-01-11 03:34,1.0241909818304857,0.0
2013-01-11 03:44,0.9987374663147397,0.0
2013-01-11 03:54,1.0604055676066437,0.0
2013-01-11 04:04,1.0021369835903728,0.0
2013-01-11 04:14,0.8006523878778121,0.4272993091762586
2013-01-11 04:24,1.072295664895436,0.0
2013-01-11 04:34,1.0580343943991026,0.1699963460131836
2013-01-11 04:44,1.0418480483221477,0.0
2013-01-11 04:54,1.0225769298287646,0.0
2013-01-11 05:04,0.736488864426853,0.0
2013-01-11 05:14,0.6472958774842038,0.0
2013-01-11 05:24,0.9425462021093695,0.0
2013-01-11 05:34,0.6408000560723106,0.0
2013-01-11 05:44,1.0483139012220275,0.0
2013-01-11 05:54,0.9672503591342406,0.04461506129337355
2013-01-11 06:04,0.7843984428324872,0.0
2013-01-11 06:14,0.5678849823290553,0.44412674954097237
2013-01-11 06:24,0.7752517563804939,0.0
2013-01-11 06:34,1.0134785607366834,0.0
2013-01-11 06:44,0.9731139193590272,0.03914670328868415
2013-01-11 06:54,1.0530869818030595,0.0
2013-01-11 07:04,0.8435856482767838,0.16889685396549461
2013-01-11 07:14,0.9180733634994894,0.09459151316584057
2013-01-11 07:24,0.5924177764505683,0.0
2013-01-11 13:14,0.7186164402082331,0.12433897077458254
2013-01-11 13:24,0.7946401468330455,0.23880285050828795
2013-01-11 13:34,0.8735018892825204,0.0
2013-01-11 13:44,0.8993002476060898,0.15951210733446022
2013-01-11 13:54,0.9881839305771751,0.07253581550209473
2013-01-11 14:04,0.9445559098999914,0.11815393743615789
2013-01-11 14:14,1.1126869033270455,0.0
2013-01-11 14:24,0.8268969053089892,0.25981844953828026
2013-01-11 14:34,0.9213303391615616,0.16686649585697974
2013-01-11 14:44,1.0939131045077863,0.0
2013-01-11 14:54,0.998629152771219,0.09291257362848217
2013-01-11 15:04,1.093566643758213,0.0
2013-01-11 15:14,1.1175612495720835,0.0
2013-01-11 15:24,1.130645269661911,0.0
2013-01-11 15:34,1.1506616466250408,0.0
2013-01-11 15:44,1.1073007074518968,0.0006547699452692212
2013-01-11 15:54,1.1423836231304219,0.0
2013-01-11 16:04,1.1433690567280386,0.0
2013-01-11 16:14,1.1087866412540772,0.0
2013-01-11 16:24,0.7688382079878602,0.0
2013-01-11 16:34,1.0056435000301984,0.10232969390208838
2013-01-11 16:44,1.1229498582214212,0.0
2013-01-11 16:54,0.9811209221454845,0.0
2013-01-11 17:04,1.1873195545434745,0.0
2013-01-11 17:14,1.1292554097286809,0.0
2013-01-11 17:24,1.1392313258931723,0.0
2013-01-11 17:34,1.093934707220861,0.014196097941540253
2013-01-11 17:44,1.1353220613816968,0.0
2013-01-11 17:54,0.9116480581735956,0.21959273374406924
2013-01-11 18:04,0.6457418454820674,0.4859873566383588
2013-01-11 18:14,0.8098684629949203,0.3220846768277199
2013-01-11 18:24,0.7941575128781865,0.33797333724870127
2013-01-11 18:34,1.0971303879398626,0.01100619610790901
2013-01-11 18:44,0.55040188800305,0.5817056672263626
2013-01-11 18:54,1.1328091227660033,0.0
2013-01-11 19:04,0.6784678894835727,0.45302966245775794
2013-01-11 19:14,0.3621866405147743,0.7683840080279973
2013-01-11 19:24,0.3950232600215217,0.7346266390390062
2013-01-11 19:34,0.47862643404946426,0.6295624857807902
2013-01-11 19:44,0.41893059213861505,0.7084199841449452
2013-01-11 19:54,0.16899372528546294,0.9572091488372235
2013-01-12 01:24,0.5835094129032502,0.5773097188771912
2013-01-12 01:34,0.8676278184441292,0.29289052891751793
2013-01-12 01:44,0.4521444521361464,0.37723445053197546
2013-01-12 01:54,0.48981711107438675,0.47808387684488607
2013-01-12 02:04,0.34722400234790646,0.48249989522842396
2013-01-12 02:14,0.14545121727924706,1.0155308165134973
2013-01-12 02:24,0.35972832133309035,0.8014630227726791
2013-01-12 02:34,0.7435669468566568,0.0
2013-01-12 02:44,1.1660436428664949,0.0
2013-01-12 02:54,0.9875379296784763,0.0
2013-01-12 03:04,0.847721507514346,0.0
2013-01-12 03:14,0.9968699338294831,0.0
2013-01-12 03:24,0.9956032552448503,0.0
2013-01-12 03:34,1.0331088889363578,0.0
2013-01-12 03:44,0.9520501019919128,0.03945961860555572
2013-01-12 03:54,1.0241304767918697,0.0
2013-01-12 04:04,1.0303835080387391,0.0
2013-01-12 04:14,1.0071115510038426,0.0
2013-01-12 04:24,1.014788929192291,0.0
2013-01-12 04:34,0.7480348708742646,0.0
2013-01-12 04:44,1.0963097194074334,0.09449669467066593
2013-01-12 04:54,0.7554899037354141,0.0
2013-01-12 05:04,0.9092148484736814,0.0
2013-01-12 05:14,0.5659097884871982,0.0
2013-01-12 05:24,1.048649612217226,0.0
2013-01-12 05:34,1.279184454177788,0.0
2013-01-12 05:44,1.06178401930559,0.0
2013-01-12 05:54,0.6945963043465165,0.0
2013-01-12 06:04,1.0701998252651024,0.0
2013-01-12 06:14,0.7145573521571353,0.0
2013-01-12 06:24,0.6140811954225702,0.0
2013-01-12 06:34,0.6112245400310579,0.6394467873391345
2013-01-12 06:44,0.3920013594088164,0.8586497791049483
2013-01-12 06:54,0.6739085250345671,0.3683361161062703
2013-01-12 07:04,0.7069973848477241,0.0
2013-01-12 07:14,0.2743569215004834,0.9763046786007504
2013-01-12 07:24,0.6826958642557509,0.0
2013-01-12 07:34,0.3920797984689729,0.6501739238112381
2013-01-12 07:44,0.5948633436981032,0.0
2013-01-12 07:54,0.3649166938118352,0.6954348475667527
2013-01-12 08:04,0.24797555259980414,0.8116220962090516
2013-01-12 08:14,0.5789835717976901,0.0
2013-01-12 14:04,0.20030301749549762,1.0504245181718943
2013-01-12 14:14,0.5139247085447998,0.5283693231751151
2013-01-12 14:24,0.39005809530081903,0.6522194142410673
2013-01-12 14:34,0.3432836095019862,0.6989906849960678
2013-01-12 14:44,0.3296424218911186,0.9210842952937969
2013-01-12 14:54,0.41362420394213517,0.8371146096783764
2013-01-12 15:04,0.6673693125652038,0.3749376003554212
2013-01-12 15:14,0.8614057767050318,0.18091366776388423
2013-01-12 15:24,0.7539672873576279,0.0
2013-01-12 15:34,0.7367137134639546,0.0
2013-01-12 15:44,0.6346777841878245,0.0
2013-01-12 15:54,0.7800394973830609,0.23969002158861769
2013-01-12 16:04,0.7201577995669634,0.2991140432059806
2013-01-12 16:14,0.6862575949927664,0.3328892519230436
2013-01-12 16:24,0.7288762110885512,0.29018624600928333
2013-01-12 16:34,0.8822734432642237,0.0
2013-01-12 16:44,0.7808122902583104,0.23808110537140023
2013-01-12 16:54,0.813457019949549,0.4090511903671444
2013-01-12 17:04,0.6387491645831587,0.0
2013-01-12 17:14,0.7894334307320687,0.0
2013-01-12 17:24,0.6274302495489616,0.5937222174007081
2013-01-12 17:34,1.074148709589173,0.0
2013-01-12 17:44,1.2379389109402996,0.0
2013-01-12 17:54,0.7260250284570225,0.0
2013-01-12 18:04,0.7037376152090313,0.0
2013-01-12 18:14,1.2113362662821117,0.0
2013-01-12 18:24,0.7474760374035995,0.0
2013-01-12 18:34,0.710583137039092,0.47789643685655475
2013-01-12 18:44,0.7408950905692009,0.4471927473798357
2013-01-12 18:54,1.007837812967502,0.0
2013-01-12 19:04,0.8061847985933669,0.38130889318881167
2013-01-12 19:14,0.6778170197757815,0.5096328455621405
2013-01-12 19:24,0.7300476079620772,0.0
2013-01-12 19:34,0.8036340783389049,0.3839660791838482
2013-01-12 19:44,0.7357887535087169,0.2540301853268668
2013-01-12 19:54,0.2866405620937489,0.703088903672299
2013-01-12 20:04,0.6524102894664061,0.33762580386396673
2013-01-12 20:14,0.6228073658454788,0.36738756131454514
2013-01-12 20:24,0.29825262838168726,0.8900119440838743
2013-01-12 20:34,0.3079946985986921,0.8805526449381706
2013-01-13 02:14,0.12632361788007204,1.0958846812442091
2013-01-13 02:24,0.0004990409298738028,1.22061180715668
2013-01-13 02:34,0.255753339305985,0.7610491702851322
2013-01-13 02:44,0.31546334253740393,0.7009483260990895
2013-01-13 02:54,0.8996914455044921,0.14276266030268217
2013-01-13 03:04,0.9884239943924051,0.004221791611478837
2013-01-13 03:14,0.6434027972541974,0.5479889054389211
2013-01-13 03:24,0.9745800495800188,0.018340034119027314
2013-01-13 03:34,0.5581300884512517,0.633534246445505
2013-01-13 03:44,0.9680520083245058,0.02532348757388238
2013-01-13 03:54,0.432532328965157,0.7597535115953278
2013-01-13 04:04,1.001093197844381,0.0
2013-01-13 04:14,1.0630987581344644,0.12999051706319173
2013-01-13 04:24,1.0498932170550856,0.143545698521279
2013-01-13 04:34,1.0075418951860255,0.18622798143756433
2013-01-13 04:44,1.0245167063701761,0.0
2013-01-13 04:54,1.0324656311242226,0.0
2013-01-13 05:04,1.1173753793762093,0.07776712615895377
2013-01-13 05:14,0.7330772388636115,0.4639960183660854
2013-01-13 05:24,1.0715369326635078,0.0
2013-01-13 05:34,1.0506694774286256,0.1746839815240275
2013-01-13 05:44,0.6648170415019252,0.3569906546801006
2013-01-13 05:54,0.922005852032749,0.0
2013-01-13 06:04,1.0022169859594097,0.020343305575453097
2013-01-13 06:14,0.6609675168054645,0.0
2013-01-13 06:24,1.0658635917907242,0.0
2013-01-13 06:34,1.0826722751368172,0.0
2013-01-13 06:44,0.4321227468287306,0.8187498730962565
2013-01-13 06:54,1.0727825115607097,0.0
2013-01-13 07:04,0.9907154972210503,0.05180310188588527
2013-01-13 07:14,0.6322218301687522,0.41018063041147695
2013-01-13 07:24,0.47877566660690835,0.5635776254658236
2013-01-13 07:34,0.7102684603985138,0.0
2013-01-13 07:44,0.6332642558422844,0.2602543173835767
2013-01-13 07:54,0.7004247973361308,0.0
2013-01-13 08:04,0.7579783808743485,0.0
2013-01-13 08:14,0.0,1.2487128277521833
2013-01-13 08:24,0.6955190744278386,0.0
2013-01-13 08:34,0.0,1.2438193980157828
2013-01-13 08:44,0.0,1.2305537971173528
2013-01-13 08:54,0.01792940840239923,1.0243798174307133
2013-01-13 14:54,0.4982500774981859,0.002001775162699319
2013-01-13 15:04,0.0,1.0438677782681562
2013-01-13 15:14,0.0,1.0476640927624514
2013-01-13 15:24,0.28748779981593015,0.5273165422797753
2013-01-13 15:34,0.0,1.0470323970349948
2013-01-13 15:44,0.02843691371674429,0.903499170111064
2013-01-13 15:54,0.13705148606934744,0.6783971865934619
2013-01-13 16:04,0.0,1.0665871763239219
2013-01-13 16:14,0.08939029092376655,0.9988950245804777
2013-01-13 16:24,0.0,1.0650974959045245
2013-01-13 16:34,0.0,1.0825053628282402
2013-01-13 16:44,0.5359565027853206,0.010416320192680744
2013-01-13 16:54,0.21973027481068305,0.6002720860304424
2013-01-13 17:04,0.0,1.0819911668554785
2013-01-13 17:14,0.2197416705971198,0.7175170332650957
2013-01-13 17:24,0.2552010622696718,0.6823223871344507
2013-01-13 17:34,0.2232092995072302,0.7145122198692586
2013-01-13 17:44,0.17547827123939538,0.762392502226447
2013-01-13 17:54,0.1022873694217403,0.8348512201397384
2013-01-13 18:04,0.6229351435052721,0.03353723381912467
2013-01-13 18:14,0.0,1.0708636696077296
2013-01-13 18:24,0.3881576144366976,0.16067080520727584
2013-01-13 18:34,0.6043186739284212,0.0
2013-01-13 18:44,0.5711959176011784,0.0
2013-01-13 18:54,0.0,1.118386666320428
2013-01-13 19:04,0.45936893645623433,0.5017391158792975
2013-01-13 19:14,0.0,1.1012460149446932
2013-01-13 19:24,0.06544665026219333,0.8961587137540397
2013-01-13 19:34,0.0,1.106754151807782
2013-01-13 19:44,0.21685135131866742,0.6247374083010738
2013-01-13 19:54,0.036913362664478234,1.0846446202941171
2013-01-13 20:04,0.5666894171007398,0.0
2013-01-13 20:14,0.022733468223933993,0.940617402796644
2013-01-13 20:24,0.0,1.101421616506192
2013-01-13 20:34,0.0,1.1257636218773794
2013-01-13 20:44,0.0,1.1461344813426162
2013-01-13 20:54,0.0,1.1525161996083895
2013-01-13 21:04,0.34577550805699836,0.5205925703386778
2013-01-13 21:14,0.18253249263052848,0.8073134295692054
2013-01-14 03:04,0.22940408919983457,0.786560823307616
2013-01-14 03:14,0.49885502951095717,0.3900934073987697
2013-01-14 03:24,0.15713428761354914,1.028158491642709
2013-01-14 03:34,0.5181273124157396,0.4978244562157698
2013-01-14 03:44,0.7878242511342374,0.0023596207537295547
2013-01-14 03:54,0.7314209785199643,0.15754361709554776
2013-01-14 04:04,0.8895078754644441,0.0
2013-01-14 04:14,0.5132725372328605,0.5028498230270432
2013-01-14 04:24,0.5152709534316106,0.5009240818208538
2013-01-14 04:34,0.40531324916374745,0.48385311088248417
2013-01-14 04:44,0.2651395008867042,0.9203658399346226
2013-01-14 04:54,0.4601571957497721,0.4290294740249617
2013-01-14 05:04,0.7637158187166608,0.1255381093845986
2013-01-14 05:14,0.5744787547462086,0.44174826859424343
2013-01-14 05:24,0.11831745633133213,0.8978553191353229
2013-01-14 05:34,0.529816131040692,0.35958312398488335
2013-01-14 05:44,0.43783473333932993,0.45150466626215274
2013-01-14 05:54,0.0,1.0143666098769109
2013-01-14 06:04,0.5535046666383637,0.23711261739020953
2013-01-14 06:14,0.4869645667745162,0.3036143370214321
2013-01-14 06:24,0.3876754877615979,0.6286514868214153
2013-01-14 06:34,0.38795633138332064,0.5013550474164438
2013-01-14 06:44,0.3338964651941552,0.682399410458187
2013-01-14 06:54,0.5355431244209468,0.0
2013-01-14 07:04,0.0,1.2050226021277242
2013-01-14 07:14,0.37662847617000866,0.6641730123195939
2013-01-14 07:24,0.5473550022469703,0.49359098018356923
2013-01-14 07:34,0.5320931745924767,0.0
2013-01-14 07:44,0.5827908719477891,0.0
2013-01-14 07:54,0.3626914299710981,0.653479848462279
2013-01-14 08:04,0.7942247166755503,0.0
2013-01-14 08:14,0.6208329076040808,0.0
2013-01-14 08:24,0.6718669922036314,0.36789302419676984
2013-01-14 08:34,0.5762834083373838,0.0
2013-01-14 08:44,0.5880789749716689,0.0
2013-01-14 08:54,0.8117921632080347,0.0
2013-01-14 09:04,0.8766994942431807,0.012234921908373724
2013-01-14 09:14,0.573203281441766,0.0
2013-01-14 09:24,0.5717655332411815,0.0
2013-01-14 09:34,0.8976513357956821,0.11823221924898213
2013-01-14 09:44,0.5841474289123163,0.0
2013-01-14 15:34,0.7892688751427402,0.0
2013-01-14 15:44,0.8665145236784357,0.0
2013-01-14 15:54,0.8462891423597364,0.0
2013-01-14 16:04,0.861320748241533,0.0
2013-01-14 16:14,0.8887144239577367,0.0
2013-01-14 16:24,0.8701282162678833,0.0
2013-01-14 16:34,0.849375675573483,0.0
2013-01-14 16:44,0.8382559384982098,0.0
2013-01-14 16:54,0.9996689013939928,0.0
2013-01-14 17:04,0.8571539085972317,0.0
2013-01-14 17:14,0.9336988360456897,0.0
2013-01-14 17:24,0.9641910119250988,0.0
2013-01-14 17:34,0.8366558082295987,0.0
2013-01-14 17:44,0.9140887547015699,0.0
2013-01-14 17:54,0.7660583784309557,0.0
2013-01-14 18:04,0.8894785609215918,0.0
2013-01-14 18:14,0.8769871614043782,0.0
2013-01-14 18:24,0.8627685421734045,0.0
2013-01-14 18:34,0.820454739722387,0.0
2013-01-14 18:44,0.7067627533605709,0.0
2013-01-14 18:54,0.861216688435442,0.0
2013-01-14 19:04,0.9373130788530015,0.0
2013-01-14 19:14,0.9103295055104138,0.0
2013-01-14 19:24,0.8703696992811768,0.0
2013-01-14 19:34,0.929169049684131,0.0
2013-01-14 19:44,0.7821419716136608,0.0
2013-01-14 19:54,1.0478976143180516,0.0
2013-01-14 20:04,0.7969853407971256,0.0
2013-01-14 20:14,0.9086843528117677,0.0
2013-01-14 20:24,0.9914818248576419,0.0
2013-01-14 20:34,0.879358992237371,0.0
2013-01-14 20:44,0.6302811012492143,0.3985420240139996
2013-01-14 20:54,0.870791190534635,0.0
2013-01-14 21:04,0.6965421853786761,0.21843806781591923
2013-01-14 21:14,0.7282694042010533,0.0
2013-01-14 21:24,0.713673809366338,0.20137244119222725
2013-01-14 21:34,0.6913146260019554,0.0
2013-01-14 21:44,0.6986370020490738,0.0
2013-01-14 21:54,0.49470739799628366,0.4195433653586379
2013-01-14 22:04,0.7467588609666267,0.0
2013-01-15 03:44,0.7130327904446662,0.09957904718514327
2013-01-15 03:54,0.7092175188924948,0.0
2013-01-15 04:04,0.7868676830648765,0.22735049233898563
2013-01-15 04:14,0.8746275288315107,0.1398826474667985
2013-01-15 04:24,0.8475203266659229,0.0
2013-01-15 04:34,0.8070133661488702,0.12782754770924953
2013-01-15 04:44,0.8968635027298325,0.0
2013-01-15 04:54,0.894809778329256,0.0
2013-01-15 05:04,0.854544027088143,0.0
2013-01-15 05:14,0.8496039676631401,0.0
2013-01-15 05:24,0.8812770028973602,0.0
2013-01-15 05:34,0.8510266501351795,0.09137859282353936
2013-01-15 05:44,0.9263342222900226,0.0
2013-01-15 05:54,0.8828253337028971,0.0
2013-01-15 06:04,0.7595931801972432,0.30348690405145734
2013-01-15 06:14,0.939538851483811,0.005925016771582466
2013-01-15 06:24,0.9532347627169788,0.0
2013-01-15 06:34,0.8583340650147214,0.0
2013-01-15 06:44,0.9182495774240622,0.0
2013-01-15 06:54,0.8971750695698075,0.0
2013-01-15 07:04,0.773361565382769,0.0
2013-01-15 07:14,0.8780097000097954,0.1859161828940658
2013-01-15 07:24,1.0059460197757248,0.0
2013-01-15 07:34,0.8149460391817436,0.0
2013-01-15 07:44,0.7884824976587036,0.0
2013-01-15 07:54,0.8984688647863505,0.0
2013-01-15 08:04,0.8753007499977558,0.0
2013-01-15 08:14,0.9993307491590255,0.0
2013-01-15 08:24,0.865983157175351,0.0
2013-01-15 08:34,0.6037485027380858,0.4631690804527929
2013-01-15 08:44,0.5852416865212612,0.44695540156553715
2013-01-15 08:54,0.7451638573209723,0.28641704137748086
2013-01-15 09:04,0.7127448795974669,0.0
2013-01-15 09:14,0.9055463896702147,0.012618841915849723
2013-01-15 09:24,0.8663418822145366,0.0
2013-01-15 09:34,0.8476812596213702,0.0
2013-01-15 09:44,0.8373162209816462,0.10863665514834547
2013-01-15 09:54,0.8333707030374532,0.0
2013-01-15 10:04,0.6387695451441263,0.42176873053461866
2013-01-15 10:14,0.7668058261289389,0.0
2013-01-15 10:24,0.7182744621284305,0.0
2013-01-15 16:14,0.5697422648201429,0.17999921480800826
2013-01-15 16:24,0.5143317121237214,0.23536106058413458
2013-01-15 16:34,0.6695776234193993,0.0
2013-01-15 16:44,0.6646528287392255,0.0
2013-01-15 16:54,0.5220765514020573,0.394649842399373
2013-01-15 17:04,0.6951011827483222,0.0
2013-01-15 17:14,0.08574694734122165,1.287200996793911
2013-01-15 17:24,0.719810703863827,0.0
2013-01-15 17:34,0.8514624986557653,0.06670357184915691
2013-01-15 17:44,0.6583122323453175,0.0
2013-01-15 17:54,0.5611861880106666,0.5970793472435104
2013-01-15 18:04,0.6046707223225767,0.40954830967893247
2013-01-15 18:14,0.44608430774762514,0.5678807901015708
2013-01-15 18:24,0.7182533528985287,0.0
2013-01-15 18:34,0.8127985629677981,0.20181904345596596
2013-01-15 18:44,0.6985214055642197,0.20270358536141436
2013-01-15 18:54,0.4638492241660715,0.568362806844532
2013-01-15 19:04,0.5376311116436522,0.494844962418376
2013-01-15 19:14,0.41694383601645335,0.762338579299859
2013-01-15 19:24,0.774144717795016,0.0
2013-01-15 19:34,0.7151037247141925,0.11187029966208001
2013-01-15 19:44,0.7654150585553345,0.06184187530658006
2013-01-15 19:54,0.5366938646641483,0.6431822347557955
2013-01-15 20:04,0.7737186569166402,0.0
2013-01-15 20:14,0.34996275497382395,0.6819424877835325
2013-01-15 20:24,0.7522867116055703,0.16594501600796777
2013-01-15 20:34,0.8815116097204445,0.037205069765664095
2013-01-15 20:44,0.38831085722376507,0.7904076687823754
2013-01-15 20:54,0.8660876204783191,0.16697580305413018
2013-01-15 21:04,0.7040757060347452,0.1223831842897995
2013-01-15 21:14,0.6877615233486594,0.3446444845288755
2013-01-15 21:24,0.6484246912653774,0.2690746644829451
2013-01-15 21:34,0.8350172700027616,0.0
2013-01-15 21:44,0.8122115652128221,0.014197782900092182
2013-01-15 21:54,0.674391545341316,0.0
2013-01-15 22:04,0.7574994301676256,0.0
2013-01-15 22:14,0.5739167750718832,0.2515933614563031
2013-01-15 22:24,0.6169193473095533,0.20870676629565948
2013-01-15 22:34,0.4153085559217473,0.6153392581346759
2013-01-15 22:44,0.3487807215555064,0.6816403147128764
2013-01-16 04:24,0.0,1.1582591940288351
2013-01-16 04:34,0.0,1.0284871469778891
2013-01-16 04:44,0.0,1.0328829982364411
2013-01-16 04:54,0.03755207793368758,0.9001356008846142
2013-01-16 05:04,0.0,1.1915477222236621
2013-01-16 05:14,0.0,1.1858038052535222
2013-01-16 05:24,0.0,1.0456121589877314
2013-01-16 05:34,0.0,1.1567191589985062
2013-01-16 05:44,0.0,1.15917694470954
2013-01-16 05:54,0.0,1.5020305680989596
2013-01-16 06:04,0.0009416830110592866,0.6810930113207958
2013-01-16 06:14,0.0,1.3125517535459794
2013-01-16 06:24,0.0,1.4650099058118315
2013-01-16 06:34,0.0,1.4572837204617475
2013-01-16 06:44,0.0,1.461967633100905
2013-01-16 06:54,0.0,1.263480487074563
2013-01-16 07:04,0.0,1.4526233477581771
2013-01-16 07:14,0.0,1.2522463375049073
2013-01-16 07:24,0.0,0.9946410425266781
2013-01-16 07:34,0.0,1.2520659532466212
2013-01-16 07:44,0.0,1.4292865364264153
2013-01-16 07:54,0.0,1.248945690340778
2013-01-16 08:04,0.0,1.2356241289822962
2013-01-16 08:14,0.0,1.2107787994376968
2013-01-16 08:24,0.0,1.092010901109582
2013-01-16 08:34,0.0,1.0841179324365133
2013-01-16 08:44,0.0,1.419046345195874
2013-01-16 08:54,0.0,1.4148165570296254
2013-01-16 09:04,0.0,1.2303738362285985
2013-01-16 09:14,0.0,1.235972617705953
2013-01-16 09:24,0.0,1.2944695267691593
2013-01-16 09:34,0.0,1.1547614247828022
2013-01-16 09:44,0.0,1.351813969490752
2013-01-16 09:54,0.0,1.1963655574024141
2013-01-16 10:04,0.0,1.028180133708891
2013-01-16 10:14,0.0,1.509050789682718
2013-01-16 10:24,0.0,1.0495163939386223
2013-01-16 10:34,0.0,1.6603746769885497
2013-01-16 10:44,0.0,1.6699588329634696
2013-01-16 10:54,0.0,1.02599085485536
2013-01-16 11:04,0.23169133742638942,0.4015917639966234
2013-01-16 11:14,0.0,1.0264787827294062
2013-01-16 16:54,0.06542705693896736,0.735531193720263
2013-01-16 17:04,0.0,0.9870379693427176
2013-01-16 17:14,0.0,0.8808502468436428
2013-01-16 17:24,0.22335141295021918,0.5766716232403674
2013-01-16 17:34,0.044450611590354884,0.7549174308923223
2013-01-16 17:44,0.0,0.9929629287025804
2013-01-16 17:54,0.0008096262361161725,1.0282536240421922
2013-01-16 18:04,0.181081437258357,0.7339009979815538
2013-01-16 18:14,0.13139851981714717,0.7835256190229118
2013-01-16 18:24,0.20765986757646307,0.7075222741340285
2013-01-16 18:34,0.1618758977002204,0.7272829630296899
2013-01-16 18:44,0.3160667441595975,0.41158179525354166
2013-01-16 18:54,0.10695611572725558,0.7820916637741764
2013-01-16 19:04,0.09066101675101945,0.9093678463401437
2013-01-16 19:14,0.20524625595823198,0.7946695258563221
2013-01-16 19:24,0.028943669474026202,0.9701170331720941
2013-01-16 19:34,0.0,1.133307729892474
2013-01-16 19:44,0.35341714073924085,0.6185883266325308
2013-01-16 19:54,0.38187281522616584,0.5892238686258556
2013-01-16 20:04,0.3052165690361695,0.6652447273324066
2013-01-16 20:14,0.5980374272720516,0.2649779186957846
2013-01-16 20:24,0.0,1.3155822481486916
2013-01-16 20:34,0.21594138673841248,0.781484571705956
2013-01-16 20:44,0.0891516807711845,0.9079849386290461
2013-01-16 20:54,0.008302542801323172,1.1310771808971023
2013-01-16 21:04,0.20247115592845064,0.7949819173940587
2013-01-16 21:14,0.20565358397420225,0.791876199324907
2013-01-16 21:24,0.34253796678674153,0.5445994705528938
2013-01-16 21:34,0.0696449004531017,0.9277243389559873
2013-01-16 21:44,0.0,1.1332641860043666
2013-01-16 21:54,0.23508417522998984,0.762861101099619
2013-01-16 22:04,0.38218773513825477,0.6162696240343571
2013-01-16 22:14,0.16594691411969822,0.8322838132120388
2013-01-16 22:24,0.3312110521049285,0.5560088237566849
2013-01-16 22:34,0.45946303853740295,0.5394086955079356
2013-01-16 22:44,0.19909335451266064,0.9425816904346735
2013-01-16 22:54,0.0,1.319832979804032
2013-01-16 23:04,0.10535378218730904,0.8948436243352108
2013-01-16 23:14,0.233770591834679,0.7676627916835592
2013-01-16 23:24,0.09235481948216752,1.051821545562789
2013-01-17 05:04,0.8290324340163865,0.0
2013-01-17 05:14,0.8332629419685188,0.0
2013-01-17 05:24,0.683733024129558,0.49062404415364036
2013-01-17 05:34,0.8232990305184589,0.0
2013-01-17 05:44,0.8871077215713844,0.14058078689154108
2013-01-17 05:54,0.884069231362635,0.02947809615352292
2013-01-17 06:04,0.9303950597082616,0.0
2013-01-17 06:14,0.910987115487341,0.0027233903951446752
2013-01-17 06:24,0.9176731140805565,0.0
2013-01-17 06:34,0.8498122220863967,0.17822178742790248
2013-01-17 06:44,0.7481143295811832,0.42682971210296017
2013-01-17 06:54,0.9206957608716202,0.0
2013-01-17 07:04,0.7700186596388544,0.0
2013-01-17 07:14,0.589339597360528,0.32594447935689214
2013-01-17 07:24,0.6760869380501455,0.23932775198712886
2013-01-17 07:34,0.3910818050843505,0.6383082541499424
2013-01-17 07:44,0.91776542066404,0.0
2013-01-17 07:54,0.42971709480899184,0.5998513297953437
2013-01-17 08:04,0.657360121022522,0.2582198215691674
2013-01-17 08:14,0.58052372294922,0.3349327063510308
2013-01-17 08:24,0.5098168961188132,0.3140653181736884
2013-01-17 08:34,0.5155156919701055,0.5141506570635106
2013-01-17 08:44,0.6372835558637092,0.11192699916083373
2013-01-17 08:54,0.4288962344833252,0.48630024209873235
2013-01-17 09:04,0.5086550947265244,0.4066426832391929
2013-01-17 09:14,0.8017639012634372,0.08886073758558864
2013-01-17 09:24,0.5732796674967542,0.3162568016348556
2013-01-17 09:34,0.6490308306548677,0.15086525272478732
2013-01-17 09:44,0.7769916686439413,0.10989901381092919
2013-01-17 09:54,0.892157415844704,0.0
2013-01-17 10:04,0.5680798947715806,0.4280395376925971
2013-01-17 10:14,0.7460341142255642,0.39258027326708156
2013-01-17 10:24,0.47042383621377326,0.44504570227959794
2013-01-17 10:34,0.21563770632969786,0.7014725617771321
2013-01-17 10:44,0.08473300662735175,0.9492399297970683
2013-01-17 10:54,0.557715418402289,0.477757132543928
2013-01-17 11:04,0.4792275933034857,0.5591061379898069
2013-01-17 11:14,0.29110818461149485,0.7504052112360114
2013-01-17 11:24,0.05254933395559273,1.059668298212343
2013-01-17 11:34,0.12574680234195007,0.8666910739057916
2013-01-17 11:44,0.0,0.9879571505130047
2013-01-17 11:54,0.0,1.0998829598060302
2013-01-17 17:24,0.0,1.0381384689760318
2013-01-17 17:34,0.0,1.1360478691034392
2013-01-17 17:44,0.0,1.0783222078510426
2013-01-17 17:54,0.0,1.0436770195336251
2013-01-17 18:04,0.0,1.166613635675348
2013-01-17 18:14,0.0,0.8649797278828824
2013-01-17 18:24,0.0,1.036702125982978
2013-01-17 18:34,0.0,0.9196795205732725
2013-01-17 18:44,0.0,0.9171772205608053
2013-01-17 18:54,0.0,1.16866967074986
2013-01-17 19:04,0.0,0.9194503961631978
2013-01-17 19:14,0.0,1.175300646881163
2013-01-17 19:24,0.0,1.2105832431310242
2013-01-17 19:34,0.0,1.21214483361356
2013-01-17 19:44,0.0,0.9631597259426439
2013-01-17 19:54,0.0,1.4070648122521823
2013-01-17 20:04,0.0,0.8798374503749794
2013-01-17 20:14,0.0,1.0859361029668446
2013-01-17 20:24,0.0,1.4475609628016393
2013-01-17 20:34,0.0,1.2402553788348076
2013-01-17 20:44,0.0,1.300142230875745
2013-01-17 20:54,0.0,1.0318604295812477
2013-01-17 21:04,0.0,1.5180085134184633
2013-01-17 21:14,0.0,1.3086576591489456
2013-01-17 21:24,0.0,1.3506802142917085
2013-01-17 21:34,0.0,1.0636596247072931
2013-01-17 21:44,0.0,1.0693793315125908
2013-01-17 21:54,0.0,0.9675225641719172
2013-01-17 22:04,0.0,1.5937242060490715
2013-01-17 22:14,0.0,1.2069449775852512
2013-01-17 22:24,0.0,1.204750988978272
2013-01-17 22:34,0.0,1.0778129901165572
2013-01-17 22:44,0.0,1.3755210013002181
2013-01-17 22:54,0.0,1.2179999120117484
2013-01-17 23:04,0.0,1.380251116653947
2013-01-17 23:14,0.0,1.3916858303435855
2013-01-17 23:24,0.0,1.3812280084085486
2013-01-17 23:34,0.0,1.5977418526455471
2013-01-17 23:44,0.0,1.078917085113412
2013-01-18 00:04,0.0,1.077249867895283
2013-01-18 00:14,0.0,1.0784779487137133
2013-01-18 00:24,0.0,1.0725320186699365
2013-01-18 05:24,0.0,1.198305583846746
2013-01-18 05:34,0.0,1.0722492963045236
2013-01-18 05:44,0.0,1.360531788662234
2013-01-18 05:54,0.0,1.208139336158374
2013-01-18 06:04,0.0,1.2002898309182892
2013-01-18 06:14,0.0,1.203921665440272
2013-01-18 06:24,0.0,2.3640667671670696
2013-01-18 06:34,0.0,1.094906881549469
2013-01-18 06:44,0.0,1.2277828523683068
2013-01-18 06:54,0.0,1.3979609638139145
2013-01-18 07:04,0.0,1.229653343638318
2013-01-18 07:14,0.0,1.4018830949882852
2013-01-18 07:24,0.0,1.0760120864927005
2013-01-18 07:34,0.0,1.1963280399538399
2013-01-18 07:44,0.0,2.2767501792832956
2013-01-18 07:54,0.0,1.2667726333289409
2013-01-18 08:04,0.49347561838048987,0.571310740885421
2013-01-18 08:14,0.7161645309235783,0.1277460564990671
2013-01-18 08:24,0.0,2.093551552913532
2013-01-18 08:34,0.34179858939122787,0.7096962596862918
2013-01-18 08:44,0.827405004832196,0.0
2013-01-18 08:54,0.6011213073462467,0.22110721681992118
2013-01-18 09:04,0.49641155509339185,0.41741573448600144
2013-01-18 09:14,0.29730822310198585,0.7316852658657329
2013-01-18 09:24,0.0,2.0393027946243723
2013-01-18 09:34,0.44150012377523823,0.5865250337797983
2013-01-18 09:44,0.35200580052065594,0.6760991518224652
2013-01-18 09:54,0.0,2.1159689870946865
2013-01-18 10:04,0.0,1.128526095773126
2013-01-18 10:14,0.0,1.0113165859485265
2013-01-18 10:24,0.18516301515169215,0.5806675387949685
2013-01-18 10:34,0.0,2.2213767850300035
2013-01-18 10:44,0.0,2.1982909119327547
2013-01-18 10:54,0.18626604761804486,0.4311245657989073
2013-01-18 11:04,0.0,1.00434112308422
2013-01-18 11:14,0.0,1.1232592171881295
2013-01-18 11:24,0.0,2.1513439096900657
2013-01-18 11:34,0.0,2.1355035179607826
2013-01-18 11:44,0.0,1.0677261521231218
2013-01-18 11:54,0.0,0.7910145693406764
2013-01-18 12:04,0.0,2.0562800524926685
2013-01-18 12:14,0.0,2.055254946821478
2013-01-18 12:24,0.0,1.2024577317128244
2013-01-18 12:34,0.40365332125890674,0.1983860819704071
2013-01-18 12:44,0.0,2.0253498442251323
2013-01-18 17:54,0.0,2.0619535096476143
2013-01-18 18:04,0.0,1.6124906661604101
2013-01-18 18:14,0.0,1.6297643552361043
2013-01-18 18:24,0.5910008768137913,0.0
2013-01-18 18:34,0.5829582468761269,0.0
2013-01-18 18:44,0.7247521795590705,0.0
2013-01-18 18:54,0.01791460026488511,1.5861809885817086
2013-01-18 19:04,0.0,1.5819241670343365
2013-01-18 19:14,0.0,1.593599740304513
2013-01-18 19:24,0.0,1.565221795723802
2013-01-18 19:34,0.07187571759552785,1.526325694539488
2013-01-18 19:44,0.0,1.5962997418500735
2013-01-18 19:54,0.0,1.5749184731384167
2013-01-18 20:04,0.0,1.59140666764283
2013-01-18 20:14,0.3035106836817068,1.2498110364848196
2013-01-18 20:24,0.0,1.5393656540183642
2013-01-18 20:34,0.0,1.5378783520041452
2013-01-18 20:44,0.3147799986247831,0.6502950554278408
2013-01-18 20:54,0.18138643343590796,1.3589098110233446
2013-01-18 21:04,0.019011068919257416,1.5184203969958343
2013-01-18 21:14,0.0,1.5099537671018004
2013-01-18 21:24,0.1537636502285711,1.347363378577724
2013-01-18 21:34,0.0,1.4848601560906876
2013-01-18 21:44,0.6694956160853077,0.2684886518235538
2013-01-18 21:54,0.39457761813770104,1.1042482168069794
2013-01-18 22:04,0.0,1.4929055144137546
2013-01-18 22:14,0.33224285205935467,1.1651280240325939
2013-01-18 22:24,0.607923127005781,0.8893248443728854
2013-01-18 22:34,0.0,1.4909965600850246
2013-01-18 22:44,0.7691155484452415,0.1666353803091993
2013-01-18 22:54,0.43553953409239604,1.0599124560013164
2013-01-18 23:04,0.0590803837037435,1.4109221950422324
2013-01-18 23:14,0.10373094028177923,1.367055652142517
2013-01-18 23:24,0.0,1.4657893824820665
2013-01-18 23:34,0.0,1.4488138195754063
2013-01-18 23:44,0.38540999969854867,0.5359235182458224
2013-01-19 00:04,0.0,1.4679252542029682
2013-01-19 00:14,0.0,1.4644023081616475
2013-01-19 00:24,0.0,1.4739488726963381
2013-01-19 00:34,0.39834894528950726,0.5275141817762327
2013-01-19 00:44,0.0,1.4606981482057295
2013-01-19 00:54,0.0,1.4550786898139572
2013-01-19 01:04,0.0,1.4777144318113422
2013-01-19 06:24,0.2828902666360106,0.7596640776454778
2013-01-19 06:34,0.3158347359199772,0.7267180651914569
2013-01-19 06:44,0.187357489976079,1.0637097485159905
2013-01-19 06:54,0.5603051853847592,0.48224128604882116
2013-01-19 07:04,0.6498048090577169,0.13211988986848208
2013-01-19 07:14,0.7092847156102378,0.0
2013-01-19 07:24,0.1548611469341474,0.8875628238533891
2013-01-19 07:34,0.08137252995778335,1.1695201586144486
2013-01-19 07:44,0.5756461537622598,0.4668283553608387
2013-01-19 07:54,0.3845607547188914,0.8663667209063961
2013-01-19 08:04,0.514185635745076,0.5282758022134308
2013-01-19 08:14,0.4652269564899494,0.785585070164154
2013-01-19 08:24,0.539599602108249,0.0
2013-01-19 08:34,0.5746510418106976,0.6761864426667377
2013-01-19 08:44,0.4865856613296291,0.5557792042058428
2013-01-19 08:54,0.4420422963234367,0.8087518312692746
2013-01-19 09:04,0.6614388962137564,0.3809791306218234
2013-01-19 09:14,0.15988679834859462,1.0908190049284072
2013-01-19 09:24,0.097421520713425,1.1532691259018455
2013-01-19 09:34,0.21969077563036488,1.0310787108822241
2013-01-19 09:44,0.0,1.234203604790614
2013-01-19 09:54,0.23353820214997667,0.7902666830469038
2013-01-19 10:04,0.0,1.228238175765265
2013-01-19 10:14,0.0,1.20327507770727
2013-01-19 10:24,0.6994045040355062,0.05595990186548024
2013-01-19 10:34,0.38842507941957477,0.4745576155128858
2013-01-19 10:44,0.2876878883185579,0.7191067687432392
2013-01-19 10:54,0.0,1.2126594403742044
2013-01-19 11:04,0.0,1.2177110276718388
2013-01-19 11:14,0.22394368756688113,0.8005684713259731
2013-01-19 11:24,0.4052109475034173,0.36355424875972026
2013-01-19 11:34,0.0,1.0167546047437053
2013-01-19 11:44,0.0,1.2212411741103213
2013-01-19 11:54,0.7191672605235986,0.0629919040460229
2013-01-19 12:04,0.0,1.0401406739717634
2013-01-19 12:14,0.2082944100830253,0.8341947509745173
2013-01-19 12:24,0.0,1.246699604369095
2013-01-19 12:34,0.0,1.2373426153411884
2013-01-19 12:44,0.5457572100672621,0.0
2013-01-19 12:54,0.0,1.22982120700166
2013-01-19 13:04,0.14031103388460786,0.7532200549402546
2013-01-19 13:14,0.0,1.2263384938057675
2013-01-19 13:24,0.5520629018038196,0.0
2013-01-19 13:34,0.21246509510554776,0.6810945689372105
2013-01-19 18:44,0.0,1.0565840206611348
2013-01-19 18:54,0.08744509385806117,0.9875683385355346
2013-01-19 19:04,0.04225839723505629,1.0338259616943966
2013-01-19 19:14,0.0,1.0602833833672378
2013-01-19 19:24,0.18450943162659506,0.6242124855072889
2013-01-19 19:34,0.544230357193838,0.04481394902515586
2013-01-19 19:44,0.22522337109969762,0.7012549475501901
2013-01-19 19:54,0.5153751458449123,0.1253367867767593
2013-01-19 20:04,0.2195233354211055,0.6916161113949265
2013-01-19 20:14,0.8274916663365454,0.10224212754883755
2013-01-19 20:24,0.0,1.1816838316274423
2013-01-19 20:34,0.626610213157294,0.0
2013-01-19 20:44,0.37125174791533,0.6649157062179658
2013-01-19 20:54,0.7730320705211116,0.0
2013-01-19 21:04,0.869146901290359,0.34411673875524795
2013-01-19 21:14,0.40612309986402845,1.2887368513669462
2013-01-19 21:24,0.8615583661913316,0.35100303037616165
2013-01-19 21:34,0.16428177806857994,1.5286754854490838
2013-01-19 21:44,0.3029155482742185,1.1081773109832762
2013-01-19 21:54,1.224910042268371,0.0
2013-01-19 22:04,0.8043776237034633,0.40702095664736987
2013-01-19 22:14,0.9571915883670653,0.0
2013-01-19 22:24,0.537562540696764,0.6737870961995492
2013-01-19 22:34,0.22980885819410393,1.464870404725486
2013-01-19 22:44,0.8746893922685776,0.3396708139191379
2013-01-19 22:54,0.3050565112909184,1.1097332432276943
2013-01-19 23:04,0.12244760936834756,1.4720429595617561
2013-01-19 23:14,0.0,1.397329173524764
2013-01-19 23:24,0.6691278142052286,0.0
2013-01-19 23:34,0.0,0.9652728495369722
2013-01-19 23:44,0.2134987856023158,0.9135029817252343
2013-01-20 00:04,0.0,1.0390767720870435
2013-01-20 00:14,0.20489440116732444,0.593488933215949
2013-01-20 00:24,0.48365139406509977,0.0
2013-01-20 00:34,0.07002303358565072,0.8431582340381499
2013-01-20 00:44,0.19051084562954607,0.7231532447379753
2013-01-20 00:54,0.0,1.0791960635165367
2013-01-20 01:04,0.5160670461652676,0.0
2013-01-20 01:14,0.0,1.0593786557860658
2013-01-20 01:24,0.0,1.0827967631164264
2013-01-20 01:34,0.1453285194092463,0.7863746032031048
2013-01-20 01:44,0.46836160673285343,0.0
2013-01-20 01:54,0.4554033430378337,0.19580518489045357
2013-01-20 02:04,0.0,0.9153736539987346
2013-01-20 07:04,0.08765869184624073,0.874627530700504
2013-01-20 07:14,0.7238525958614416,0.11942367320324092
2013-01-20 07:24,0.11083921589928662,1.01494513842278
2013-01-20 07:34,0.19612328590531453,0.7701485402832084
2013-01-20 07:44,0.13173889952528464,0.9970398743911059
2013-01-20 07:54,0.0,1.121661627249857
2013-01-20 08:04,0.4682923552254788,0.28553721898580997
2013-01-20 08:14,0.0,1.114555817242497
2013-01-20 08:24,0.17380103499256902,0.794587900720304
2013-01-20 08:34,0.014460598510957118,0.9535754689120017
2013-01-20 08:44,0.0,1.1275011147565734
2013-01-20 08:54,0.3547133892375385,0.492048901425611
2013-01-20 09:04,0.024599918776350788,0.9427982899257971
2013-01-20 09:14,0.0,1.1196098810498505
2013-01-20 09:24,0.4860152730923824,0.19118201025753187
2013-01-20 09:34,0.0,0.9618595738852938
2013-01-20 09:44,0.20345377381005542,0.6431222092968583
2013-01-20 09:54,0.005543962949605987,0.9620453926839371
2013-01-20 10:04,0.0722137527512094,0.8955321444786316
2013-01-20 10:14,0.0,1.111304348286565
2013-01-20 10:24,0.048717679843426925,0.9186508698917765
2013-01-20 10:34,0.0,1.1231255348188354
2013-01-20 10:44,0.021311169852200038,0.9456460803977151
2013-01-20 10:54,0.028215853866211782,0.9385502551342334
2013-01-20 11:04,0.13260980404195674,0.8339971660748315
2013-01-20 11:14,0.034508460229219017,0.9321223551289357
2013-01-20 11:24,0.0,1.1224222333797476
2013-01-20 11:34,0.0882510746348401,0.8787415981585339
2013-01-20 11:44,0.0,1.1132684429005981
2013-01-20 11:54,0.015257931122149966,1.1404976841872059
2013-01-20 12:04,0.0,1.143741052877607
2013-01-20 12:14,0.195972428966983,0.7965097204693967
2013-01-20 12:24,0.25921381316306036,0.7330281451792657
2013-01-20 12:34,0.0,1.1742675169258134
2013-01-20 12:44,0.07732424734663938,1.0801950056303917
2013-01-20 12:54,0.3464930724811742,0.6461965289532245
2013-01-20 13:04,0.6221051559372959,0.1503829212916678
2013-01-20 13:14,0.447508375057944,0.42143501096256625
2013-01-20 13:24,0.7010925628525235,0.07147645427223198
2013-01-20 13:34,0.4282385848094024,0.5652370787622216
2013-01-20 13:44,0.6485283393691921,0.0
2013-01-20 13:54,0.15898691233238782,1.0008648007739505
2013-01-20 14:04,0.4614690707328268,0.6763005865230575
2013-01-20 14:14,0.6834988510912935,0.07552317577491267
2013-01-20 14:24,0.6404988191490631,0.11893220780830399
2013-01-20 14:34,0.12170407806524752,1.0179081829028334
2013-01-20 19:34,0.48821728468132314,0.4188171728164908
2013-01-20 19:44,0.1623346050715472,0.8737197065221467
2013-01-20 19:54,0.810390789733428,0.0
2013-01-20 20:04,0.25044424258429665,0.9576583995381077
2013-01-20 20:14,0.8445502568394436,0.17127394842828986
2013-01-20 20:24,0.20003278302396926,0.9852745486053615
2013-01-20 20:34,0.6018831582512209,0.2869992106184724
2013-01-20 20:44,0.3304068366124792,0.8548920152486974
2013-01-20 20:54,0.238975722677494,0.9463563730791706
2013-01-20 21:04,0.47677223539945524,0.539162143103093
2013-01-20 21:14,0.6840888481259941,0.10600192697005234
2013-01-20 21:24,0.6949744846318886,0.1939009752396177
2013-01-20 21:34,0.8267217946034111,0.06212339075937262
2013-01-20 21:44,0.2131096557590299,0.9722448909145505
2013-01-20 21:54,0.05197417356816613,1.1334191750136389
2013-01-20 22:04,0.41415458836910335,0.7711511304821487
2013-01-20 22:14,0.6242548185375173,0.2646526326671627
2013-01-20 22:24,0.43515500411289776,0.5808299919545963
2013-01-20 22:34,0.5571465876485006,0.3318133909158953
2013-01-20 22:44,0.5842509931339012,0.43176770155390254
2013-01-20 22:54,0.02813594575290558,1.1572590105555771
2013-01-20 23:04,0.2604050643770795,0.7556345386491312
2013-01-20 23:14,0.3013966479182261,0.7146427910639918
2013-01-20 23:24,0.4104402001278615,0.6055925447640812
2013-01-20 23:34,0.10622900692098583,1.0791933786394454
2013-01-20 23:44,0.0,1.1824748048033857
2013-01-21 00:04,0.2974213984733945,0.8880246688598301
2013-01-21 00:14,0.44979091043006414,0.5662237103025617
2013-01-21 00:24,0.6425185197762048,0.3734154774759865
2013-01-21 00:34,0.39173948693857885,0.6243168060304106
2013-01-21 00:44,0.35552878068913174,0.660583670262246
2013-01-21 00:54,0.3299616188207144,0.686155689606676
2013-01-21 01:04,0.21174773914512543,0.6344853879353939
2013-01-21 01:14,0.0,0.9357744768511522
2013-01-21 01:24,0.47484222163905804,0.15058255484955346
2013-01-21 01:34,0.4941888719109067,0.13434965037629856
2013-01-21 01:44,0.5828055183096122,0.0
2013-01-21 01:54,0.5499158147003936,0.0
2013-01-21 02:04,0.021619601296452625,1.228380398703547
2013-01-21 02:14,0.4733797334921633,0.0
2013-01-21 02:24,0.050521582983224775,1.1994784170167754
2013-01-21 02:34,0.0,1.2494827606432966
2013-01-21 02:44,0.6281798369864705,0.0
2013-01-21 02:54,0.47503308886730616,0.0
2013-01-21 03:04,0.0,1.2791027677487272
2013-01-21 03:14,0.0,1.280648124844507
2013-01-21 03:24,0.47003025316109853,0.1725407963347785
2013-01-21 08:14,0.4747019537517748,0.9312792031903206
2013-01-21 08:24,0.928688374735972,0.39820719832178175
2013-01-21 08:34,1.1966183151726972,0.05309097021824168
2013-01-21 08:44,1.1572838662617375,0.0
2013-01-21 08:54,1.1203425385561585,0.0
2013-01-21 09:04,0.7105761346236964,0.0
2013-01-21 09:14,0.5528045051446429,0.0
2013-01-21 09:24,1.133750088294517,0.0
2013-01-21 09:34,0.9319257520227636,0.1434621877842139
2013-01-21 09:44,1.096353256928736,0.0
2013-01-21 09:54,0.8711923241405747,0.20419436949930772
2013-01-21 10:04,1.11746494046193,0.0
2013-01-21 10:14,1.127161901241036,0.0
2013-01-21 10:24,0.6561751415507906,0.0
2013-01-21 10:34,1.1471089772858571,0.0
2013-01-21 10:44,1.1185597534355072,0.0
2013-01-21 10:54,0.9335080290747712,0.0
2013-01-21 11:04,1.0770108359176436,0.0
2013-01-21 11:14,1.1437587871799852,0.0
2013-01-21 11:24,1.1458484991967568,0.0
2013-01-21 11:34,1.11028189586871,0.0
2013-01-21 11:44,1.1231450376925123,0.0
2013-01-21 11:54,1.1734496049065828,0.0
2013-01-21 12:04,1.2055904823079902,0.0
2013-01-21 12:14,1.1549529305109747,0.0
2013-01-21 12:24,0.7283721462248247,0.0
2013-01-21 12:34,1.1918808833371393,0.0
2013-01-21 12:44,1.2262653314805667,0.0
2013-01-21 12:54,1.1942023553928087,0.0
2013-01-21 13:04,0.7059957165341112,0.0
2013-01-21 13:14,1.1693239781298213,0.0
2013-01-21 13:24,0.7364453864576372,0.0
2013-01-21 13:34,1.167367964542815,0.0
2013-01-21 13:44,1.1701589507331425,0.0
2013-01-21 13:54,1.1789434705865989,0.0
2013-01-21 14:04,1.1538142083835323,0.0
2013-01-21 14:14,0.7561717593096468,0.0
2013-01-21 14:24,1.1885090155259508,0.0
2013-01-21 14:34,1.1614195598411556,0.0
2013-01-21 14:44,1.1736914083114414,0.0
2013-01-21 14:54,1.1624346668892485,0.0
2013-01-21 15:04,1.163985060128448,0.0
2013-01-21 15:14,1.1878106560000319,0.0
2013-01-21 15:24,0.6394502722766533,0.0
2013-01-21 15:34,1.172914493396492,0.0
2013-01-21 15:44,1.1969689645767951,0.0
2013-01-21 21:04,1.1209022636414399,0.0
2013-01-21 21:14,0.7127307809491821,0.0
2013-01-21 21:24,1.0819736796714112,0.0
2013-01-21 21:34,1.082598161942074,0.0
2013-01-21 21:44,1.1637017999251893,0.0
2013-01-21 21:54,1.094314757348102,0.0
2013-01-21 22:04,0.9439809963505226,0.0
2013-01-21 22:14,1.1555000558504274,0.0
2013-01-21 22:24,1.159703266416268,0.0
2013-01-21 22:34,1.137514947110926,0.0
2013-01-21 22:44,1.1844880466838485,0.0
2013-01-21 22:54,0.9976192289406943,0.0
2013-01-21 23:04,1.0276104314657373,0.0
2013-01-21 23:14,1.1564842569130536,0.0
2013-01-21 23:24,0.9748321316943941,0.12784051623991466
2013-01-21 23:34,1.1296038225748244,0.0
2013-01-21 23:44,1.2131197670697882,0.0
2013-01-22 00:04,1.0367506024048503,0.0
2013-01-22 00:14,1.2855596117071946,0.0
2013-01-22 00:24,1.0579710916082772,0.0
2013-01-22 00:34,1.2772030229600992,0.0
2013-01-22 00:44,1.237414709818691,0.0
2013-01-22 00:54,0.7125948724221838,0.0
2013-01-22 01:04,1.295837338035515,0.0
2013-01-22 01:14,1.2494131953333218,0.0
2013-01-22 01:24,1.05853957694521,0.0
2013-01-22 01:34,0.7770044952705816,0.0
2013-01-22 01:44,0.8860835294902857,0.0
2013-01-22 01:54,1.0898031849422603,0.0
2013-01-22 02:04,1.3000843445270334,0.0
2013-01-22 02:14,1.0715290957667523,0.0
2013-01-22 02:24,1.2694627365924311,0.0
2013-01-22 02:34,1.0890152536944204,0.0
2013-01-22 02:44,1.3329750636279947,0.0
2013-01-22 02:54,1.2759948616595942,0.0
2013-01-22 03:04,1.2717781829326833,0.0
2013-01-22 03:14,0.677573394962677,0.5874494278768322
2013-01-22 03:24,0.68635536984861,0.0
2013-01-22 03:34,1.1052304013187857,0.0
2013-01-22 03:44,0.6759548893174107,0.0
2013-01-22 03:54,0.9919991305990413,0.27283116630268633
2013-01-22 04:04,1.0485940947809187,0.0
2013-01-22 04:14,0.8293022882371587,0.43545745855890167
2013-01-22 04:24,0.9533590990368982,0.05844455622847793
2013-01-22 04:34,0.7002675130906487,0.0
2013-01-22 04:44,0.464689719365276,0.7998866927175426
2013-01-22 09:34,0.8634650172581877,0.14884685095616645
2013-01-22 09:44,0.6290000800435211,0.0
2013-01-22 09:54,0.7920144610353862,0.22155514919256614
2013-01-22 10:04,0.7949080885568458,0.04984817929352575
2013-01-22 10:14,0.5100350306316013,0.5035302158155038
2013-01-22 10:24,0.786722972501046,0.22676808325047748
2013-01-22 10:34,0.8596561230662019,0.0
2013-01-22 10:44,1.0196061694868788,0.0
2013-01-22 10:54,0.8920657372074351,0.0
2013-01-22 11:04,1.0382146996631993,0.0
2013-01-22 11:14,1.0566897479688913,0.0
2013-01-22 11:24,0.7827435392209783,0.0
2013-01-22 11:34,0.8857533904544471,0.1271663720202451
2013-01-22 11:44,0.7614507716783012,0.0
2013-01-22 11:54,0.8515210173352269,0.16126038609543142
2013-01-22 12:04,0.7154727532919929,0.2972545842143335
2013-01-22 12:14,1.0174146930989114,0.0
2013-01-22 12:24,1.0129948803650701,0.0
2013-01-22 12:34,0.6681022548769658,0.36233023161061
2013-01-22 12:44,0.8614256307627876,0.1696326153536002
2013-01-22 12:54,0.646476602966658,0.38500465432859227
2013-01-22 13:04,1.0428695404080908,0.0
2013-01-22 13:14,0.6145791636819168,0.41782076930860845
2013-01-22 13:24,1.0772255883255242,0.0
2013-01-22 13:34,0.9307442484235029,0.0
2013-01-22 13:44,1.0114502147739555,0.04418596084053273
2013-01-22 13:54,0.91982425786986,0.0
2013-01-22 14:04,0.8849096656924371,0.4357401660840838
2013-01-22 14:14,1.0813990592814589,0.0
2013-01-22 14:24,0.9697917424346162,0.0868500113898557
2013-01-22 14:34,0.6320834375885634,0.0
2013-01-22 14:44,0.9216914469752369,0.0
2013-01-22 14:54,0.8446267049302119,0.0
2013-01-22 15:04,0.8852352144596127,0.0
2013-01-22 15:14,0.8270259603326877,0.252650206952418
2013-01-22 15:24,0.9718293258766596,0.10886911724142373
2013-01-22 15:34,0.8741379103839514,0.4778407758696333
2013-01-22 15:44,0.7790615922284675,0.3035560229413874
2013-01-22 15:54,1.0569182564779636,0.2976597784361489
2013-01-22 16:04,0.5942698519315343,0.7609973469381872
2013-01-22 16:14,0.921714624527129,0.16286850493590274
2013-01-22 16:24,1.0142157666926535,0.34172417752152945
2013-01-22 16:34,0.7797939418479489,0.5763371560529044
2013-01-22 16:44,0.5045089776624648,0.8518155439447599
2013-01-22 16:54,0.7647711197296163,0.32068382750905966
2013-01-22 17:04,0.7067260045438988,0.0
2013-01-22 17:14,0.7647789636010062,0.592990119628738
2013-01-22 17:24,0.7352664390231205,0.35152019985832034
2013-01-22 22:14,0.9228742445944274,0.08853615775541332
2013-01-22 22:24,1.2175652955707037,0.020470075238275147
2013-01-22 22:34,0.7105234115759078,0.0
2013-01-22 22:44,0.7866944783093553,0.0
2013-01-22 22:54,1.2183655910369366,0.019503609201426516
2013-01-22 23:04,1.2463097517850459,0.0
2013-01-22 23:14,1.0949164550235202,0.0
2013-01-22 23:24,1.0532945926614874,0.0
2013-01-22 23:34,1.0943156141505295,0.14348902686290935
2013-01-22 23:44,1.0869175581774222,0.0
2013-01-23 00:04,1.2553876447078416,0.0
2013-01-23 00:14,1.06443287127807,0.0
2013-01-23 00:24,1.1716986737676793,0.0
2013-01-23 00:34,1.279968771863646,0.0
2013-01-23 00:44,1.311221779942477,0.0
2013-01-23 00:54,1.0703253610538124,0.0
2013-01-23 01:04,1.0697905384566402,0.0
2013-01-23 01:14,0.7922774273788565,0.0
2013-01-23 01:24,1.1316667821118425,0.0
2013-01-23 01:34,1.0990622398191428,0.0
2013-01-23 01:44,1.3188640115900734,0.0
2013-01-23 01:54,1.308788178812099,0.0
2013-01-23 02:04,1.254471099576899,0.0
2013-01-23 02:14,1.3105102596293272,0.0
2013-01-23 02:24,0.9709435317389195,0.0
2013-01-23 02:34,1.1903773401342737,0.0
2013-01-23 02:44,1.2979583302778435,0.0
2013-01-23 02:54,1.108788011208672,0.0
2013-01-23 03:04,1.2183085022516802,0.044991864078720085
2013-01-23 03:14,0.9817348171998029,0.0
2013-01-23 03:24,1.3034916951982745,0.0
2013-01-23 03:34,0.8795943488287242,0.0
2013-01-23 03:44,1.3525539246582279,0.0
2013-01-23 03:54,0.6974683442373364,0.0
2013-01-23 04:04,1.1870577535547193,0.0
2013-01-23 04:14,0.683261168166048,0.0
2013-01-23 04:24,0.645004670300841,0.0
2013-01-23 04:34,1.0632993758871463,0.0
2013-01-23 04:44,0.8166531430865075,0.44633169972981696
2013-01-23 04:54,1.0684694600003242,0.19459396442904975
2013-01-23 05:04,1.285510955835251,0.0
2013-01-23 05:14,0.8609325425285717,0.4020641814828674
2013-01-23 05:24,0.755928100358068,0.5070500408165679
2013-01-23 05:34,0.6992255092568469,0.0
2013-01-23 05:44,0.6255480331396308,0.6374225519168223
2013-01-23 11:04,0.5669611760010909,0.0
2013-01-23 11:14,0.770334421466288,0.24727271252656918
2013-01-23 11:24,0.6707097720941759,0.0
2013-01-23 11:34,0.6352622312461914,0.0
2013-01-23 11:44,0.8501231482738778,0.0
2013-01-23 11:54,0.6956771777383931,0.32178759897648124
2013-01-23 12:04,0.6089571351547454,0.0
2013-01-23 12:14,1.0052575197109594,0.017007876925497274
2013-01-23 12:24,0.7860421873401188,0.23832876211848852
2013-01-23 12:34,0.9498789333928664,0.07639110309780617
2013-01-23 12:44,0.6558491625798102,0.0
2013-01-23 12:54,0.9604522317330049,0.06866044927777287
2013-01-23 13:04,0.8588395702295848,0.0
2013-01-23 13:14,1.0914313816894845,0.0
2013-01-23 13:24,0.6431668960966515,0.0
2013-01-23 13:34,0.5183286973082677,0.0
2013-01-23 13:44,0.8625316993739667,0.4268306084445501
2013-01-23 13:54,1.0708174942986566,0.0
2013-01-23 14:04,1.0298084619374166,0.0
2013-01-23 14:14,1.0598278954308575,0.0
2013-01-23 14:24,0.9055222924517409,0.0
2013-01-23 14:34,1.0496325892744975,0.0
2013-01-23 14:44,0.9081118947139315,0.0
2013-01-23 14:54,0.589058035986691,0.0
2013-01-23 15:04,1.065496677785128,0.0
2013-01-23 15:14,1.075542176250122,0.0
2013-01-23 15:24,1.1498084686442922,0.0
2013-01-23 15:34,0.8112483562587597,0.248298375504347
2013-01-23 15:44,0.9672979570808499,0.0
2013-01-23 15:54,1.0691996681393363,0.0
2013-01-23 16:04,0.9709290538162992,0.11435751013714417
2013-01-23 16:14,0.8177322953271254,0.0
2013-01-23 16:24,0.5979779676134862,0.0
2013-01-23 16:34,0.7686466560052765,0.32016941494773266
2013-01-23 16:44,0.7185380477766571,0.0
2013-01-23 16:54,0.7916873052161473,0.29969219832633726
2013-01-23 17:04,0.8193661640986558,0.27321539823781504
2013-01-23 17:14,0.6738432369272018,0.23751408823830533
2013-01-23 17:24,0.43960581482714933,0.66845711120224
2013-01-23 17:34,0.31924398610690263,0.7888318743007754
2013-01-23 17:44,0.9136698889280277,0.1943146408768382
2013-01-23 17:54,0.5469264305983383,0.5611050365117135
2013-01-23 18:04,0.6096805528477026,0.49833702098538385
2013-01-23 23:24,0.49408980648904144,0.29742011583718786
2013-01-23 23:34,0.4360897539367392,0.3709961413736391
2013-01-23 23:44,0.44210527929243937,0.5006555803714259
2013-01-24 00:04,0.7056236399478157,0.10442788099005991
2013-01-24 00:14,0.20009834371703866,0.9890606769023612
2013-01-24 00:24,0.6284424151170123,0.3879431069364744
2013-01-24 00:34,0.4121321793935118,0.8091493993989006
2013-01-24 00:44,0.8281015951388427,0.21443631059914509
2013-01-24 00:54,0.5760958981730724,0.46644497563240916
2013-01-24 01:04,0.6904575281768186,0.20314652341518513
2013-01-24 01:14,0.42910122586567906,0.8219434306771466
2013-01-24 01:24,0.9447209084951874,0.0
2013-01-24 01:34,0.8960425270724592,0.0
2013-01-24 01:44,0.4346475392916194,0.6078752706838173
2013-01-24 01:54,0.4809760972820493,0.7700437161843049
2013-01-24 02:04,0.7079179139100163,0.3346042218947484
2013-01-24 02:14,0.4650259631018246,0.5774792616244108
2013-01-24 02:24,0.3252105028743901,0.9258471330541526
2013-01-24 02:34,0.7019013099514385,0.0
2013-01-24 02:44,0.5811154112828361,0.46132793168687897
2013-01-24 02:54,0.4796988112092664,0.5627938320274196
2013-01-24 03:04,0.5602231324052817,0.48225320624892853
2013-01-24 03:14,0.7205613934024897,0.32189346920748024
2013-01-24 03:24,0.41941583318153713,0.6230568736854486
2013-01-24 03:34,0.4191336566174096,0.6233273863194345
2013-01-24 03:44,0.429421380058066,0.613026551174548
2013-01-24 03:54,0.07644586928506521,1.1744675796321993
2013-01-24 04:04,0.58107483439402,0.4613509164607834
2013-01-24 04:14,0.7577516493906742,0.02408879615333402
2013-01-24 04:24,0.26233026599739956,0.7800224015985108
2013-01-24 04:34,0.2353128693251476,0.8070038820381258
2013-01-24 04:44,0.02458788255550764,1.2261023770332078
2013-01-24 04:54,0.12590172971112615,0.9163585454077221
2013-01-24 05:04,0.0,1.2485371205597813
2013-01-24 05:14,0.20575797638366838,0.8365696186446855
2013-01-24 05:24,0.0,1.2489190679100572
2013-01-24 05:34,0.24655174845813685,0.7958395047307459
2013-01-24 05:44,0.6913052095159217,0.0036597458229017388
2013-01-24 05:54,0.3854439531487134,0.656994300660817
2013-01-24 06:04,0.6298343343157582,0.2636898461877433
2013-01-24 06:14,0.5127462230424229,0.2690919550309585
2013-01-24 06:24,0.29098306989128936,0.7515039949702996
2013-01-24 06:34,0.23425749310448554,0.8082501430505433
2013-01-24 11:54,0.30142391288172315,0.764118462094809
2013-01-24 12:04,0.42840125271803237,0.6371260251045839
2013-01-24 12:14,0.7399832682697796,0.05923564197121844
2013-01-24 12:24,0.5724951562464267,0.0
2013-01-24 12:34,0.5446637747211944,0.368459929802253
2013-01-24 12:44,0.6467122790712476,0.2663515922730478
2013-01-24 12:54,0.7789641446998187,0.019950552843746625
2013-01-24 13:04,0.7936145264583648,0.005204009653719989
2013-01-24 13:14,0.6744597011634231,0.23826020451231278
2013-01-24 13:24,0.5781791927991216,0.5082724608381735
2013-01-24 13:34,0.6544954553915923,0.27646770475600446
2013-01-24 13:44,0.44891455851119083,0.6365993056121205
2013-01-24 13:54,0.3383321087785521,0.7466628155434764
2013-01-24 14:04,0.5013387062542459,0.5832287001626426
2013-01-24 14:14,0.8155422728317245,0.2686052772194684
2013-01-24 14:24,0.47722217769842357,0.6061603777816645
2013-01-24 14:34,0.6751681530079742,0.2530784908652161
2013-01-24 14:44,0.6251113925039881,0.30262113507008936
2013-01-24 14:54,0.6613518966655116,0.2659420179759407
2013-01-24 15:04,0.8139957462121389,0.0
2013-01-24 15:14,0.594701483929984,0.33167502898416296
2013-01-24 15:24,0.25266044613556027,0.8275025456046463
2013-01-24 15:34,0.7938318294798669,0.1321048153871962
2013-01-24 15:44,0.7610296726108305,0.1648231841791132
2013-01-24 15:54,0.6262736948507387,0.29958940739647083
2013-01-24 16:04,0.34995800629063195,0.7296633224878576
2013-01-24 16:14,0.663827425401048,0.14527940359450456
2013-01-24 16:24,0.6469260986368729,0.4309104949917261
2013-01-24 16:34,0.3690528900095211,0.7080190498204058
2013-01-24 16:44,0.7425396661021603,0.0
2013-01-24 16:54,0.8548714275535596,0.05332914748903998
2013-01-24 17:04,0.9097681248039337,0.0
2013-01-24 17:14,0.5963954080446795,0.44602663538274184
2013-01-24 17:24,0.39716575061172754,0.6452080256684908
2013-01-24 17:34,0.43529116140733193,0.4581980644635123
2013-01-24 17:44,0.5757756712344879,0.3177495751430068
2013-01-24 17:54,0.6007360220385105,0.2927966354407787
2013-01-24 18:04,0.44210601478130246,0.6002888917712749
2013-01-24 18:14,0.5933658768404337,0.10163379597717107
2013-01-24 18:24,0.7702734078145479,0.011625484694864924
2013-01-24 18:34,0.6947780672947792,0.19877840976054575
2013-01-24 18:44,0.10081714658207935,0.9415037661155058
2013-01-25 00:04,0.5073598009760194,0.30885115507137684
2013-01-25 00:14,0.7130145533236811,0.012870355134757502
2013-01-25 00:24,0.40857611588696147,0.6802907071209754
2013-01-25 00:34,0.20861641717900203,1.098329225363387
2013-01-25 00:44,0.5032957623599338,0.5863656402004005
2013-01-25 00:54,0.10243844593176957,1.2053430877361553
2013-01-25 01:04,0.523281112715814,0.5666955845767274
2013-01-25 01:14,0.6054440672821275,0.48396298191618276
2013-01-25 01:24,0.8003764397823545,0.11285488265037649
2013-01-25 01:34,0.6182005636283092,0.6327246289408316
2013-01-25 01:44,0.8792373709220984,0.3717385419783547
2013-01-25 01:54,0.37305801332030586,0.8777244546673403
2013-01-25 02:04,0.5839081275560895,0.6669483520834513
2013-01-25 02:14,0.8944364920021071,0.0
2013-01-25 02:24,0.9639318241664921,0.28711321221246183
2013-01-25 02:34,0.8791012354055288,0.3965630459638466
2013-01-25 02:44,0.9009954057673085,0.3742263614714995
2013-01-25 02:54,0.9801380880765743,0.0
2013-01-25 03:04,1.2829410401660957,0.0
2013-01-25 03:14,0.9502699270137243,0.0
2013-01-25 03:24,1.0716027351363047,0.0
2013-01-25 03:34,1.0861972460120797,0.0
2013-01-25 03:44,0.8292682445541082,0.44388170536819754
2013-01-25 03:54,1.100976923484942,0.1720352673742026
2013-01-25 04:04,0.9020274098667377,0.37069529837516085
2013-01-25 04:14,0.9118420886488013,0.3600626056092624
2013-01-25 04:24,0.834909835469226,0.43633887814767447
2013-01-25 04:34,0.9777394316548309,0.292939398587411
2013-01-25 04:44,1.0097628070510145,0.04875835601390799
2013-01-25 04:54,0.4067873111048723,0.8633836856013248
2013-01-25 05:04,0.7403446543816556,0.3180409257914401
2013-01-25 05:14,0.6194980343706392,0.6509368283689112
2013-01-25 05:24,0.449702230396029,0.8209798697815145
2013-01-25 05:34,0.651263457157446,0.0
2013-01-25 05:44,0.218181520453304,1.0330195564071165
2013-01-25 05:54,0.3556242450627055,0.8955573608251886
2013-01-25 06:04,0.404532956937149,0.4891461833544601
2013-01-25 06:14,0.4115641749826751,0.6310723895889313
2013-01-25 06:24,0.2490292801396954,1.0021768848106323
2013-01-25 06:34,0.0,1.2346795155984591
2013-01-25 06:44,0.23873053517404738,1.0124839481964878
2013-01-25 06:54,0.02405510132182252,1.2272001239135575
2013-01-25 07:04,0.0,1.2359412656093274
2013-01-25 07:14,0.29588539181567297,0.9555306667205504
2013-01-25 12:34,0.7007198456371654,0.0
2013-01-25 12:44,0.030871474483270638,1.220772383962114
2013-01-25 12:54,0.05522673842244594,1.1963932535561634
2013-01-25 13:04,0.3458897626642024,0.6969314951878628
2013-01-25 13:14,0.5009512679065304,0.39284742576795223
2013-01-25 13:24,0.3375556772534328,0.9138352472717208
2013-01-25 13:34,0.0,1.5508117910273234
2013-01-25 13:44,0.0,1.564215090052917
2013-01-25 13:54,0.19447061693642362,1.0569458501506566
2013-01-25 14:04,0.04167995392793851,0.924930927177857
2013-01-25 14:14,0.2447452459848675,0.7214919136827943
2013-01-25 14:24,0.46175833337162453,0.5714214011047936
2013-01-25 14:34,0.42954183711804217,0.43185527534473794
2013-01-25 14:44,0.37241369007535285,0.7616204552576378
2013-01-25 14:54,0.44349587474638325,0.6889319118157552
2013-01-25 15:04,0.25637591342949,0.8770149773981046
2013-01-25 15:14,0.525081394474422,0.38142883306076597
2013-01-25 15:24,0.77646546756815,0.0
2013-01-25 15:34,0.7484690892206031,0.0
2013-01-25 15:44,0.4515018937309287,0.6563670473657334
2013-01-25 15:54,0.667189722821349,0.21947097818844394
2013-01-25 16:04,0.5405413044416109,0.3467324033307189
2013-01-25 16:14,0.7482667601079565,0.0
2013-01-25 16:24,0.7450109587432933,0.0
2013-01-25 16:34,0.49394604223952104,0.3964012825466581
2013-01-25 16:44,0.8929914616351118,0.0
2013-01-25 16:54,0.4517437886546001,0.6651543772366342
2013-01-25 17:04,0.1601585631248685,0.9605595560023076
2013-01-25 17:14,0.7602525017990875,0.0
2013-01-25 17:24,0.29581976196992765,0.8332156077369525
2013-01-25 17:34,0.579395325757997,0.32110548813991335
2013-01-25 17:44,0.7012438833669705,0.1957330270617386
2013-01-25 17:54,0.7681488569665939,0.3673415065228267
2013-01-25 18:04,0.33745605373623605,0.7775116431968142
2013-01-25 18:14,0.7364427063842528,0.15361986435567643
2013-01-25 18:24,0.7552900895347908,0.0
2013-01-25 18:34,0.18172368110107756,0.9257234580987782
2013-01-25 18:44,0.48257308202630933,0.6219216028302286
2013-01-25 18:54,0.34544378577104135,0.7564358994813232
2013-01-25 19:04,0.16771610481888416,0.9334167215948538
2013-01-25 19:14,0.716007147740472,0.16522613685423151
2013-01-25 19:24,0.016206084127524913,1.085535968274317
2013-01-25 19:34,0.5282890904160401,0.20650081236905451
2013-01-26 00:44,0.0,1.2610341700242245
2013-01-26 00:54,0.48438593745141933,0.5221526131059299
2013-01-26 01:04,0.7656680394184454,0.2398910917331732
2013-01-26 01:14,0.9001571880166265,0.10565699442368114
2013-01-26 01:24,0.47241847211558297,0.0
2013-01-26 01:34,0.6811162497874148,0.5775951001147046
2013-01-26 01:44,0.5609380980647711,0.0
2013-01-26 01:54,1.046421179876014,0.0
2013-01-26 02:04,0.6148150905205576,0.0
2013-01-26 02:14,1.013207107349546,0.0
2013-01-26 02:24,0.5590911151372445,0.0
2013-01-26 02:34,0.6635665854619669,0.0
2013-01-26 02:44,0.6983556965936976,0.0
2013-01-26 02:54,1.0240285716240942,0.0
2013-01-26 03:04,1.0781461305930709,0.0
2013-01-26 03:14,0.7294347179242047,0.0
2013-01-26 03:24,1.1610669450620994,0.08946993253749587
2013-01-26 03:34,0.830698396119093,0.0
2013-01-26 03:44,0.9896089628045917,0.0
2013-01-26 03:54,1.0331773554397419,0.2544563617325498
2013-01-26 04:04,0.990688911008068,0.0
2013-01-26 04:14,1.0581499896262794,0.0
2013-01-26 04:24,0.8753767393414524,0.7680926204550448
2013-01-26 04:34,1.1006372398362694,0.0
2013-01-26 04:44,1.0130176872851704,0.0
2013-01-26 04:54,1.1243782732511072,0.0
2013-01-26 05:04,1.2908501141891773,0.2590380272114296
2013-01-26 05:14,1.3652943519728493,0.13866519541518676
2013-01-26 05:24,1.2771384984770264,0.22145808396008865
2013-01-26 05:34,1.0928853114663561,0.0
2013-01-26 05:44,0.9949699022687821,0.0
2013-01-26 05:54,0.8422719523118181,0.0
2013-01-26 06:04,0.8550415232175387,0.5976192480657906
2013-01-26 06:14,1.313286499623337,0.04597495596456566
2013-01-26 06:24,0.9698733956805581,0.0
2013-01-26 06:34,0.942971662665344,0.0
2013-01-26 06:44,0.8097931124927311,0.3913558954269687
2013-01-26 06:54,0.6695810332234307,0.0
2013-01-26 07:04,0.8102049563382626,0.0
2013-01-26 07:14,0.8140606336745254,0.0
2013-01-26 07:24,0.801850228112287,0.0
2013-01-26 07:34,0.5534820083845114,0.0
2013-01-26 13:24,0.5558878325756569,0.638729582302749
2013-01-26 13:34,0.6857883483677211,0.5073583509588044
2013-01-26 13:44,0.7259859560965635,0.46596733183011096
2013-01-26 13:54,0.8171637699370403,0.3738751053374718
2013-01-26 14:04,0.8282756602815502,0.0
2013-01-26 14:14,1.1267336534562673,0.09347597699293372
2013-01-26 14:24,0.773768375877867,0.0
2013-01-26 14:34,1.0614288042455113,0.0
2013-01-26 14:44,1.2377196415101055,0.0
2013-01-26 14:54,1.034829875449512,0.15619651698148745
2013-01-26 15:04,0.9642278076197864,0.0
2013-01-26 15:14,1.2850870165798491,0.0
2013-01-26 15:24,1.2156174942038438,0.0
2013-01-26 15:34,0.8267409977706928,0.0
2013-01-26 15:44,1.1184845775122447,0.07385540197433163
2013-01-26 15:54,0.8193716719725634,0.0
2013-01-26 16:04,1.1605372826809905,0.031878871235598086
2013-01-26 16:14,1.2336626188634676,0.0
2013-01-26 16:24,0.8396182273095656,0.34949217828546836
2013-01-26 16:34,1.1705923602147452,0.0
2013-01-26 16:44,1.171344300898827,0.0
2013-01-26 16:54,0.9141428922922193,0.0
2013-01-26 17:04,1.1196439960486453,0.038199335661836614
2013-01-26 17:14,1.0046250785005724,0.15298487664387633
2013-01-26 17:24,0.7864355794805505,0.0
2013-01-26 17:34,1.181491193157615,0.0
2013-01-26 17:44,0.647876986206188,0.0
2013-01-26 17:54,1.1834607259192442,0.0
2013-01-26 18:04,1.1588520775795144,0.0
2013-01-26 18:14,0.8638892342957791,0.29657197186760254
2013-01-26 18:24,0.9122504315752636,0.2507489833441337
2013-01-26 18:34,1.1020872944855173,0.08658008580923204
2013-01-26 18:44,0.8916844570132524,0.0
2013-01-26 18:54,1.0349214522307038,0.15854607485591118
2013-01-26 19:04,0.7471392279362669,0.447906700942726
2013-01-26 19:14,0.8828271189566288,0.3120253659263755
2013-01-26 19:24,0.7886137190507786,0.0
2013-01-26 19:34,1.0343930144510052,0.15855341321396074
2013-01-26 19:44,0.9202187197907755,0.272066067789519
2013-01-26 19:54,0.7055906242805391,0.0
2013-01-27 01:24,0.6247838698716933,0.21812719210405895
2013-01-27 01:34,0.555490965016663,0.1932915741846647
2013-01-27 01:44,0.1959695495051975,0.9262404014229121
2013-01-27 01:54,0.5105279324593278,0.45091493641906716
2013-01-27 02:04,0.7912990304252171,0.049592030780597304
2013-01-27 02:14,0.5611838144801959,0.3991092369683643
2013-01-27 02:24,0.3269549374563952,1.0163203504540432
2013-01-27 02:34,0.4140509184060003,0.7049180349185168
2013-01-27 02:44,0.49019823983349564,0.446319967253064
2013-01-27 02:54,0.4560448609391554,0.6358653645982949
2013-01-27 03:04,0.5283203239256068,0.5630077939760513
2013-01-27 03:14,0.5227899237332849,0.5676945699915715
2013-01-27 03:24,0.7620703287090007,0.17215623396476043
2013-01-27 03:34,0.3961427470492621,0.6923201562525443
2013-01-27 03:44,0.30924186515587104,0.9954776829343659
2013-01-27 03:54,0.4306140118271947,0.8728400239618836
2013-01-27 04:04,0.4305882859569626,0.8705949862477695
2013-01-27 04:14,0.8135861837647433,0.0
2013-01-27 04:24,0.6928428945242857,0.557936327661959
2013-01-27 04:34,0.8180040785497295,0.0
2013-01-27 04:44,0.9548681583164801,0.08745284905250726
2013-01-27 04:54,0.838408346069216,0.20391867664690233
2013-01-27 05:04,0.8166198288397207,0.4341601820338061
2013-01-27 05:14,0.7497908585291048,0.5009743350573604
2013-01-27 05:24,0.650376628954894,0.6003717162723733
2013-01-27 05:34,1.033811460192746,0.00853706060883051
2013-01-27 05:44,0.8143434176611104,0.07908182899889933
2013-01-27 05:54,0.7296771072340459,0.1637382038805157
2013-01-27 06:04,0.8455772639820279,0.19673660058954295
2013-01-27 06:14,0.8388820710271215,0.05452720912913608
2013-01-27 06:24,0.4812002696817208,0.7695829406196713
2013-01-27 06:34,0.5410802317478193,0.7097055049623907
2013-01-27 06:44,0.5777219172387696,0.0
2013-01-27 06:54,0.9514362891203272,0.0
2013-01-27 07:04,0.31075757855468983,0.93953772393993
2013-01-27 07:14,0.24513120663376012,1.0052404513195508
2013-01-27 07:24,0.6455390535929416,0.24738264588565312
2013-01-27 07:34,0.4513469746879913,0.424309959621293
2013-01-27 07:44,0.4658860762924405,0.5566223010389744
2013-01-27 07:54,0.2315743995036472,0.9968415569588567
2013-01-27 08:04,0.5920011516658369,0.0
2013-01-27 08:14,0.17707520325591197,1.0545603861669646
2013-01-27 13:54,0.6533060816130596,0.26959310494600525
2013-01-27 14:04,0.7179352386352086,0.2049381428717045
2013-01-27 14:14,0.7683122453925114,0.1545416495886944
2013-01-27 14:24,0.5688767134099895,0.0
2013-01-27 14:34,0.8907143779375247,0.03209301008566414
2013-01-27 14:44,0.8316664548092108,0.0
2013-01-27 14:54,0.9221646535781534,0.0006315342189257429
2013-01-27 15:04,0.9769981863936451,0.0
2013-01-27 15:14,0.8556555406829185,0.0
2013-01-27 15:24,0.9874344332020042,0.0
2013-01-27 15:34,0.7748145866011138,0.0
2013-01-27 15:44,0.9692851605950015,0.0
2013-01-27 15:54,0.5945014931908795,0.0
2013-01-27 16:04,0.826908709633139,0.0
2013-01-27 16:14,1.0251300554217395,0.0
2013-01-27 16:24,0.6972512683840116,0.0
2013-01-27 16:34,1.0037006669207007,0.0
2013-01-27 16:44,0.6043584590646649,0.0
2013-01-27 16:54,1.0662723804435703,0.01619762359430261
2013-01-27 17:04,0.9745479878292661,0.0
2013-01-27 17:14,1.062462878991618,0.0
2013-01-27 17:24,1.0719842312990262,0.0
2013-01-27 17:34,0.9484273792065956,0.0
2013-01-27 17:44,0.9164164380867473,0.0
2013-01-27 17:54,0.9438781105738082,0.0
2013-01-27 18:04,0.6349166377171697,0.0
2013-01-27 18:14,1.0374506474406862,0.0
2013-01-27 18:24,0.899475608384842,0.3646073089148862
2013-01-27 18:34,0.6649390974722215,0.0
2013-01-27 18:44,0.6627525033052166,0.0
2013-01-27 18:54,0.9816076185682425,0.0
2013-01-27 19:04,0.7893928130394703,0.4748252943046365
2013-01-27 19:14,0.8590929847086674,0.40517738386784574
2013-01-27 19:24,0.7836548485315216,0.480695182444622
2013-01-27 19:34,1.0518921545002842,0.21249645470218662
2013-01-27 19:44,1.058094157282201,0.2063741698437337
2013-01-27 19:54,0.8941130873935883,0.335079793264869
2013-01-27 20:04,0.9907405398927405,0.0
2013-01-27 20:14,0.851738952634805,0.0
2013-01-27 20:24,0.7506595887051256,0.43980154912536173
2013-01-27 20:34,0.9573238127257296,0.2084089180782718
2013-01-28 02:04,0.6943043880395027,0.0
2013-01-28 02:14,1.1529518821454676,0.0
2013-01-28 02:24,1.195735240024314,0.0
2013-01-28 02:34,1.2465316877777546,0.0
2013-01-28 02:44,1.2021839129700336,0.0
2013-01-28 02:54,1.2009651788979112,0.0
2013-01-28 03:04,1.2008869217308293,0.0
2013-01-28 03:14,1.2296024123400402,0.0
2013-01-28 03:24,0.7594811877028094,0.0
2013-01-28 03:34,0.924967767099256,0.0
2013-01-28 03:44,1.3215586080794253,0.0
2013-01-28 03:54,1.3056108300874332,0.0
2013-01-28 04:04,1.2240776189277212,0.0
2013-01-28 04:14,1.3273414729199704,0.0
2013-01-28 04:24,1.3064895241660923,0.0
2013-01-28 04:34,1.1061818631085607,0.0
2013-01-28 04:44,1.1128827441324574,0.0
2013-01-28 04:54,1.044044635524308,0.0
2013-01-28 05:04,1.435069243235381,0.0
2013-01-28 05:14,1.3973089702353139,0.0
2013-01-28 05:24,1.1893811721009246,0.0
2013-01-28 05:34,1.415323671028696,0.0
2013-01-28 05:44,1.200315362383135,0.0
2013-01-28 05:54,1.3105194274993632,0.0
2013-01-28 06:04,1.227117172600147,0.0
2013-01-28 06:14,1.4109427441448101,0.0
2013-01-28 06:24,1.4144335037406675,0.0
2013-01-28 06:34,1.3526246460034153,0.0
2013-01-28 06:44,1.3312401245021328,0.0
2013-01-28 06:54,1.3223267752635812,0.0
2013-01-28 07:04,0.8108255437986805,0.0
2013-01-28 07:14,1.2806012312470598,0.0
2013-01-28 07:24,1.1277735716901685,0.0
2013-01-28 07:34,1.3237910175167722,0.0
2013-01-28 07:44,1.3134281499819505,0.0
2013-01-28 07:54,1.3384557762481668,0.0
2013-01-28 08:04,1.289851681487548,0.0
2013-01-28 08:14,1.0910128708499323,0.0
2013-01-28 08:24,1.269944991965048,0.0
2013-01-28 08:34,0.7811159631048001,0.4567119847569264
2013-01-28 08:44,0.8389258468388406,0.3989197816076122
2013-01-28 08:54,1.2344774320000718,0.0034467570332136124
2013-01-28 14:24,1.0128210659451395,0.0
2013-01-28 14:34,0.6995938235513633,0.0
2013-01-28 14:44,1.1017215285968702,0.0
2013-01-28 14:54,1.1133330909623218,0.0
2013-01-28 15:04,1.0373550982294135,0.0
2013-01-28 15:14,0.7961252647108457,0.0
2013-01-28 15:24,0.7394485816301145,0.0
2013-01-28 15:34,1.0084863367838024,0.0
2013-01-28 15:44,0.7407003681251547,0.0
2013-01-28 15:54,0.5736122407970856,0.0
2013-01-28 16:04,1.1739500366541487,0.0
2013-01-28 16:14,1.1500450733440735,0.08783462932146142
2013-01-28 16:24,0.9947391827377065,0.0
2013-01-28 16:34,0.7251531246649673,0.0
2013-01-28 16:44,0.9572549906693378,0.0
2013-01-28 16:54,1.1366022841103671,0.0
2013-01-28 17:04,1.1607931558338402,0.0
2013-01-28 17:14,1.1022271503193761,0.0
2013-01-28 17:24,0.9853066643364239,0.0
2013-01-28 17:34,1.1362412433852422,0.0
2013-01-28 17:44,1.1667741922214971,0.0
2013-01-28 17:54,0.9888600638700566,0.0
2013-01-28 18:04,0.991015891460558,0.0
2013-01-28 18:14,1.3108915897722657,0.0
2013-01-28 18:24,1.1597252538760552,0.0
2013-01-28 18:34,1.2286527786611399,0.0
2013-01-28 18:44,0.9585897055364234,0.0
2013-01-28 18:54,1.1037300173653362,0.0
2013-01-28 19:04,0.9676608127876315,0.0
2013-01-28 19:14,0.9867118912710988,0.0
2013-01-28 19:24,1.2128755447460395,0.0
2013-01-28 19:34,1.0667300721666189,0.0
2013-01-28 19:44,1.0716308051975036,0.0
2013-01-28 19:54,0.9435807610853824,0.0
2013-01-28 20:04,1.110778441400602,0.0
2013-01-28 20:14,1.109028617760257,0.0
2013-01-28 20:24,1.0664993352610903,0.0
2013-01-28 20:34,0.9374531612918108,0.0
2013-01-28 20:44,1.1172933265140799,0.0
2013-01-28 20:54,0.6937242381562533,0.0
2013-01-28 21:04,0.337938698145854,0.7431490679651231
2013-01-29 02:34,0.7249784100667083,0.0
2013-01-29 02:44,0.7882481625910127,0.22614674157767317
2013-01-29 02:54,0.8962498501357808,0.11765893825446025
2013-01-29 03:04,1.0333138311138623,0.0
2013-01-29 03:14,0.7568925531236513,0.0
2013-01-29 03:24,1.02692278618914,0.0
2013-01-29 03:34,1.029798862954315,0.0
2013-01-29 03:44,0.9373968726616596,0.0
2013-01-29 03:54,1.03340093346444,0.0
2013-01-29 04:04,0.7746484475300289,0.0
2013-01-29 04:14,0.9927335692386331,0.0
2013-01-29 04:24,1.1068867846918697,0.0
2013-01-29 04:34,1.1297668954970077,0.0
2013-01-29 04:44,1.1484871996295118,0.0
2013-01-29 04:54,1.147818881094177,0.0
2013-01-29 05:04,1.1793276587009347,0.0
2013-01-29 05:14,1.2114440991964621,0.0
2013-01-29 05:24,1.2790637380516237,0.0
2013-01-29 05:34,1.0707769850840099,0.0
2013-01-29 05:44,1.3002143872909353,0.0
2013-01-29 05:54,1.234700421066618,0.0
2013-01-29 06:04,1.0778808776226734,0.0
2013-01-29 06:14,1.1816408112303145,0.0
2013-01-29 06:24,1.291303506712301,0.0
2013-01-29 06:34,1.2073882465888,0.0
2013-01-29 06:44,1.2426120174573554,0.0
2013-01-29 06:54,1.091513791739165,0.0
2013-01-29 07:04,0.8016709154996393,0.0
2013-01-29 07:14,1.2461581206388928,0.0
2013-01-29 07:24,1.0404752378354551,0.0
2013-01-29 07:34,0.877425626224767,0.0
2013-01-29 07:44,0.8733615942734732,0.0
2013-01-29 07:54,1.1689991074873374,0.0
2013-01-29 08:04,1.2378259398775797,0.0
2013-01-29 08:14,1.2712225162672146,0.0
2013-01-29 08:24,1.2797807311204281,0.0
2013-01-29 08:34,0.794957595416428,0.0
2013-01-29 08:44,0.6980024330857961,0.0
2013-01-29 08:54,1.1879250360978404,0.0
2013-01-29 09:04,1.2402042520167984,0.0
2013-01-29 09:14,1.168975645680294,0.0
2013-01-29 09:24,1.146307551006598,0.0
2013-01-29 15:04,0.8074336792624399,0.0
2013-01-29 15:14,0.6931913959620328,0.2971244347368842
2013-01-29 15:24,0.8050848112646879,0.18524540135426001
2013-01-29 15:34,1.095550103852473,0.14237465591764134
2013-01-29 15:44,0.7331951988571155,0.0
2013-01-29 15:54,1.0367327003750173,0.0
2013-01-29 16:04,0.7469903758816554,0.0
2013-01-29 16:14,1.1013941961896465,0.0
2013-01-29 16:24,1.0923456715898692,0.0
2013-01-29 16:34,0.901642969562523,0.0
2013-01-29 16:44,1.0311470688642868,0.0
2013-01-29 16:54,1.0437302768657608,0.0
2013-01-29 17:04,1.0688681869135044,0.0
2013-01-29 17:14,1.101991149835773,0.0
2013-01-29 17:24,1.0409390818166466,0.0
2013-01-29 17:34,1.148266557994048,0.08963490928004637
2013-01-29 17:44,1.2289133721534609,0.009009107726040523
2013-01-29 17:54,1.1138549064694216,0.0
2013-01-29 18:04,0.8815326401531323,0.0
2013-01-29 18:14,1.050935215031148,0.0
2013-01-29 18:24,1.0932219989977188,0.0
2013-01-29 18:34,0.9138735599675533,0.0
2013-01-29 18:44,0.9647646687752741,0.0
2013-01-29 18:54,0.8400363507641444,0.0
2013-01-29 19:04,1.0587525093204408,0.0
2013-01-29 19:14,1.1260879799809391,0.0
2013-01-29 19:24,1.1050064599736638,0.0
2013-01-29 19:34,1.0958615290927505,0.0
2013-01-29 19:44,0.7341542230831832,0.0
2013-01-29 19:54,1.067679084049219,0.0
2013-01-29 20:04,1.0779328872156235,0.0
2013-01-29 20:14,1.0270676149821034,0.0
2013-01-29 20:24,0.6917612618464286,0.0
2013-01-29 20:34,0.7124701399280848,0.0
2013-01-29 20:44,1.0564652649969641,0.0
2013-01-29 20:54,1.2991636140297658,0.0
2013-01-29 21:04,1.0492251967774913,0.0
2013-01-29 21:14,0.9707288064987898,0.3508994181218752
2013-01-29 21:24,0.6013059761167678,0.0
2013-01-29 21:34,0.6333833425530837,0.0
2013-01-29 21:44,1.0586048286379972,0.0
2013-01-30 03:14,0.8492418460901261,0.20922668157341198
2013-01-30 03:24,0.8548075092707222,0.20350925843558612
2013-01-30 03:34,0.8935870029944227,0.0
2013-01-30 03:44,0.7792069654010588,0.2782238247302159
2013-01-30 03:54,0.8021457365408229,0.0
2013-01-30 04:04,0.497646808103255,0.0
2013-01-30 04:14,1.061979169081449,0.0
2013-01-30 04:24,0.8050762820455509,0.0
2013-01-30 04:34,0.5379794041156573,0.0
2013-01-30 04:44,0.866886800078192,0.1673707130681058
2013-01-30 04:54,1.046982404138995,0.0
2013-01-30 05:04,1.047413318810766,0.0
2013-01-30 05:14,0.6180552091030858,0.0
2013-01-30 05:24,0.8993598261309267,0.12928277677940017
2013-01-30 05:34,0.9280998866026491,0.0
2013-01-30 05:44,0.8927336833458905,0.0
2013-01-30 05:54,0.6324324501175023,0.0
2013-01-30 06:04,0.9876034431552484,0.020802027439866793
2013-01-30 06:14,1.0141350240959446,0.0
2013-01-30 06:24,0.9129155992758416,0.0
2013-01-30 06:34,0.7837784919060867,0.0
2013-01-30 06:44,1.037266025031665,0.0
2013-01-30 06:54,1.0494342122365343,0.0
2013-01-30 07:04,1.0679789625141587,0.0
2013-01-30 07:14,0.9009537764552403,0.0
2013-01-30 07:24,0.6584995025397622,0.37520679923867944
2013-01-30 07:34,0.8030537737284396,0.23074629515535075
2013-01-30 07:44,1.024128898315454,0.009796192082010694
2013-01-30 07:54,0.8387430187721294,0.1951297030558697
2013-01-30 08:04,1.0614735819744108,0.0
2013-01-30 08:14,0.7742764595338714,0.0
2013-01-30 08:24,1.0596233218592566,0.0
2013-01-30 08:34,0.7760019353345542,0.28217589940809795
2013-01-30 08:44,0.680799737086734,0.3780638063029039
2013-01-30 08:54,1.0093860872607574,0.07365814861787884
2013-01-30 09:04,0.6544579404020294,0.42919728008676744
2013-01-30 09:14,0.570886498640694,0.5133768415885742
2013-01-30 09:24,0.7556523068151147,0.14836223770458914
2013-01-30 09:34,0.6029692605945078,0.4826468896158818
2013-01-30 09:44,0.4436597985650804,0.6427833316049943
2013-01-30 09:54,0.6398103541740368,0.44741470979081677
2013-01-30 15:44,0.333146581014174,0.8031617975217329
2013-01-30 15:54,0.32758317462751074,0.8088848385486376
2013-01-30 16:04,0.47718500747043974,0.4699923052491257
2013-01-30 16:14,0.6129879693509975,0.3342725573870201
2013-01-30 16:24,0.7472648165051156,0.0
2013-01-30 16:34,0.5929679055277486,0.543731042764381
2013-01-30 16:44,0.5955534876167656,0.0
2013-01-30 16:54,0.8691928413903351,0.07766205080041803
2013-01-30 17:04,0.872701649840944,0.07377646854618419
2013-01-30 17:14,0.950409146202743,0.0
2013-01-30 17:24,0.6720981261041912,0.0
2013-01-30 17:34,0.9682771092224147,0.0
2013-01-30 17:44,0.7604811828031173,0.2001618431611637
2013-01-30 17:54,0.5934957561614609,0.0
2013-01-30 18:04,0.7120102591468666,0.24858834916495348
2013-01-30 18:14,0.8399500747113382,0.0
2013-01-30 18:24,0.6043288082170923,0.0
2013-01-30 18:34,0.9659615758295135,0.0
2013-01-30 18:44,0.8489825172755252,0.11077277900852901
2013-01-30 18:54,0.7202834125792139,0.2393041559440898
2013-01-30 19:04,0.6943940544357534,0.45707482972366
2013-01-30 19:14,0.6553542809146523,0.49633311537594427
2013-01-30 19:24,0.4959342485275829,0.6559297365490461
2013-01-30 19:34,0.705159681294409,0.25507740908653237
2013-01-30 19:44,0.6397576609508826,0.32067594752166895
2013-01-30 19:54,0.6625506479237638,0.29812746838819104
2013-01-30 20:04,0.5541633771297291,0.5988597830713379
2013-01-30 20:14,0.27531576155598786,0.8779588490496324
2013-01-30 20:24,0.8765846910151461,0.0
2013-01-30 20:34,0.7982009456219458,0.35613277627238515
2013-01-30 20:44,0.32731210804794086,0.8272315129824755
2013-01-30 20:54,0.18739962694951307,0.9675274804944123
2013-01-30 21:04,0.8137205261175916,0.011968229114858134
2013-01-30 21:14,0.27113763916173744,0.8853390240685336
2013-01-30 21:24,0.7267814094313335,0.10001081255277787
2013-01-30 21:34,0.7809215237222061,0.18441010247082404
2013-01-30 21:44,0.6767460578992431,0.0
2013-01-30 21:54,0.28608633818638124,0.8739472700919341
2013-01-30 22:04,0.3478909860026541,0.6194607746513986
2013-01-30 22:14,0.5318532145921014,0.0
2013-01-31 03:44,0.881277010578165,0.0
2013-01-31 03:54,0.7153390416402454,0.3035868982895463
2013-01-31 04:04,0.9576296258071243,0.061781358286954025
2013-01-31 04:14,0.43355571669892773,0.5864383084726918
2013-01-31 04:24,0.7948100137481259,0.2259136639504473
2013-01-31 04:34,0.8226386299226293,0.052926430079542
2013-01-31 04:44,0.31841639327847715,0.9322663128655796
2013-01-31 04:54,0.9826502447716967,0.05963703078877071
2013-01-31 05:04,0.914891240679304,0.12739555144463455
2013-01-31 05:14,1.047319158907765,0.0
2013-01-31 05:24,1.06293479140914,0.0
2013-01-31 05:34,1.0733034486646342,0.0
2013-01-31 05:44,1.055613676999938,0.0
2013-01-31 05:54,0.8943495472022998,0.0
2013-01-31 06:04,0.841184214230857,0.0
2013-01-31 06:14,0.9277514827388442,0.0
2013-01-31 06:24,1.052616050812218,0.0
2013-01-31 06:34,1.0928560305255113,0.0
2013-01-31 06:44,1.0386432017774254,0.0
2013-01-31 06:54,1.0643578348784413,0.0
2013-01-31 07:04,0.6622335308871541,0.0
2013-01-31 07:14,1.0540207866755729,0.0
2013-01-31 07:24,1.020574971226996,0.005693465018649161
2013-01-31 07:34,0.8277822852111913,0.4042617411018556
2013-01-31 07:44,1.0398447084939115,0.0
2013-01-31 07:54,1.0325392538342963,0.0
2013-01-31 08:04,0.6631661199552128,0.3791048377713748
2013-01-31 08:14,0.901205914497666,0.0
2013-01-31 08:24,0.6470356821327256,0.0
2013-01-31 08:34,1.0422811899600741,3.09148375337256e-05
2013-01-31 08:44,0.9221619174714142,0.0
2013-01-31 08:54,0.9363866552875169,0.10590122542090516
2013-01-31 09:04,0.9582627908665482,0.0840194234685477
2013-01-31 09:14,0.9149168623740727,0.0
2013-01-31 09:24,0.8400523558273078,0.20221400400076525
2013-01-31 09:34,0.9314121326084863,0.0
2013-01-31 09:44,0.6810666769981881,0.0
2013-01-31 09:54,0.7949879289994107,0.0
2013-01-31 10:04,0.1357954655759158,1.114864369151026
2013-01-31 10:14,0.5176191219399667,0.3757324774935816
2013-01-31 10:24,0.3093589258141168,0.7328635169326778
2013-01-31 10:34,0.24055921167805708,1.0104782192801982
2013-01-31 16:14,0.6513135632921419,0.2715831744486148
2013-01-31 16:24,0.5625269087141116,0.5450361046230564
2013-01-31 16:34,0.6698583347783594,0.4376638015787818
2013-01-31 16:44,0.6784916622196215,0.2443971913302587
2013-01-31 16:54,0.5219755183165902,0.585607608818676
2013-01-31 17:04,0.8946975050898546,0.028106355254280662
2013-01-31 17:14,0.698076754155066,0.2457530711736666
2013-01-31 17:24,1.1390708945425612,0.0
2013-01-31 17:34,0.8802615508839764,0.25454734126854317
2013-01-31 17:44,0.9982538225086547,0.0
2013-01-31 17:54,0.6821534712554287,0.0
2013-01-31 18:04,0.6602758736725834,0.0
2013-01-31 18:14,1.0692121986291796,0.06555392072301217
2013-01-31 18:24,0.8295789245777828,0.30513692826436895
2013-01-31 18:34,1.0000950814208025,0.0
2013-01-31 18:44,0.9938242651402911,0.1407167231560102
2013-01-31 18:54,1.0477765662067031,0.0
2013-01-31 19:04,1.16411229068299,0.0
2013-01-31 19:14,0.9961574683126024,0.0
2013-01-31 19:24,0.9457818728622812,0.0
2013-01-31 19:34,0.9640996041383568,0.0
2013-01-31 19:44,1.0122618191965966,0.0
2013-01-31 19:54,0.7605427908977759,0.3717003110594681
2013-01-31 20:04,0.6453737253965663,0.0
2013-01-31 20:14,0.6616106716720775,0.0
2013-01-31 20:24,1.0273443802299287,0.0
2013-01-31 20:34,0.8855293719803956,0.0
2013-01-31 20:44,0.999350900169057,0.0
2013-01-31 20:54,1.0081814908093079,0.11965943147596712
2013-01-31 21:04,0.8966948372882628,0.23168325675366275
2013-01-31 21:14,0.9577918379300372,0.17098455505069585
2013-01-31 21:24,0.6208751109075759,0.0
2013-01-31 21:34,0.7342063898761705,0.3957902617658956
2013-01-31 21:44,0.7602356710428319,0.3707191515732975
2013-01-31 21:54,0.7837114292743712,0.34838430636843537
2013-01-31 22:04,0.6754284630332341,0.26957310466191925
2013-01-31 22:14,0.8203752926636131,0.0
2013-01-31 22:24,0.20552451607114544,0.9333651782138934
2013-01-31 22:34,0.588701671456981,0.0
2013-01-31 22:44,0.6052479579535056,0.10897221017751683
2013-01-31 22:54,0.5222574207804558,0.19273734698063594
2013-02-01 04:24,0.28015200557491576,0.7115456433633451
2013-02-01 04:34,0.5209350703380481,0.470747265036182
2013-02-01 04:44,0.38650358109938415,0.605117980304258
2013-02-01 04:54,0.5771195699481194,0.4145003236755144
2013-02-01 05:04,0.5852246970598977,0.4065447045191516
2013-02-01 05:14,0.44950637299118634,0.5425886299023799
2013-02-01 05:24,0.4797186361983568,0.37076413659831914
2013-02-01 05:34,0.36626094963637357,0.6493050123552736
2013-02-01 05:44,0.5949098524748861,0.0
2013-02-01 05:54,0.6946547934859013,0.32180172816796093
2013-02-01 06:04,0.8751304128968932,0.0
2013-02-01 06:14,1.0169959336624115,0.0
2013-02-01 06:24,1.0492504348411515,0.0
2013-02-01 06:34,0.8859259914583911,0.0
2013-02-01 06:44,1.0142430261308546,0.0
2013-02-01 06:54,0.8404319538065145,0.0
2013-02-01 07:04,0.9154837658954488,0.0
2013-02-01 07:14,1.045422918437085,0.0
2013-02-01 07:24,0.9135375784859918,0.0
2013-02-01 07:34,0.9367664083446894,0.0
2013-02-01 07:44,1.030495262323134,0.0
2013-02-01 07:54,1.0374825896000972,0.0
2013-02-01 08:04,1.0458416139678568,0.0
2013-02-01 08:14,0.8633311577392994,0.0
2013-02-01 08:24,1.0430280471181592,0.0
2013-02-01 08:34,0.6294974690780104,0.0
2013-02-01 08:44,1.0437007395735622,0.0
2013-02-01 08:54,1.0610084682807785,0.0
2013-02-01 09:04,1.0279755899140222,0.0
2013-02-01 09:14,1.0536087989485237,0.0
2013-02-01 09:24,0.9697652036145346,0.28117232863190933
2013-02-01 09:34,0.8980819402154344,0.35287675314671296
2013-02-01 09:44,0.9758497212267122,0.06654851390789628
2013-02-01 09:54,0.8497840666761243,0.19265145026243938
2013-02-01 10:04,0.9932855006408953,0.049106763011382164
2013-02-01 10:14,0.9070695026162598,0.0
2013-02-01 10:24,0.8240040682349965,0.21843858033312732
2013-02-01 10:34,0.8208083450765103,0.22163511644586276
2013-02-01 10:44,0.9074938781403058,0.13492119876020134
2013-02-01 10:54,0.6129681543740325,0.42954364334632716
2013-02-01 11:04,0.5988128115022441,0.4437046871348367
2013-02-01 11:14,0.5263630698970788,0.0
2013-02-01 11:24,0.5689792588956103,0.3245285703292204
2013-02-01 16:44,0.3563354211658651,0.6859734500004013
2013-02-01 16:54,0.37483872348355085,0.6674704723367124
2013-02-01 17:04,0.5595287092140129,0.0
2013-02-01 17:14,0.5848076074212005,0.0
2013-02-01 17:24,0.5540550219076968,0.0
2013-02-01 17:34,0.6104738571240135,0.0
2013-02-01 17:44,0.5666426766427154,0.0
2013-02-01 17:54,0.6066560446537,0.0
2013-02-01 18:04,0.6925845990997109,0.34973295302629004
2013-02-01 18:14,0.6370453228343795,0.0
2013-02-01 18:24,0.8323411459745196,0.2099836751193774
2013-02-01 18:34,0.6504931579636443,0.0
2013-02-01 18:44,0.6117301689536946,0.0
2013-02-01 18:54,0.7239628177171848,0.0
2013-02-01 19:04,0.6726401573934145,0.0
2013-02-01 19:14,0.7169851801062815,0.34352536841277953
2013-02-01 19:24,0.9846640867251998,0.07566524795959266
2013-02-01 19:34,0.6657444877486984,0.0
2013-02-01 19:44,0.7121311837671476,0.0
2013-02-01 19:54,1.0694674955193695,0.0
2013-02-01 20:04,0.6921260370287332,0.0
2013-02-01 20:14,0.6690889803380565,0.0
2013-02-01 20:24,0.7422896735637339,0.0
2013-02-01 20:34,0.7491159640671373,0.0
2013-02-01 20:44,0.7318994681508366,0.0
2013-02-01 20:54,0.8985957950879219,0.14390023727538642
2013-02-01 21:04,0.7568466087947645,0.0
2013-02-01 21:14,0.7019274785441751,0.0
2013-02-01 21:24,0.7597234349194856,0.0
2013-02-01 21:34,0.69583801664977,0.0
2013-02-01 21:44,0.7301240510405305,0.0
2013-02-01 21:54,0.7656546933633372,0.0
2013-02-01 22:04,0.7562101713580356,0.0
2013-02-01 22:14,0.7388389058365483,0.0
2013-02-01 22:24,0.6753556898943236,0.0
2013-02-01 22:34,0.761815496220166,0.0
2013-02-01 22:44,0.7343344475552518,0.0
2013-02-01 22:54,0.6445707468856758,0.0
2013-02-01 23:04,0.7829410177637833,0.0
2013-02-01 23:14,0.6846440776410551,0.0
2013-02-01 23:24,0.8483404695528163,0.0
2013-02-01 23:34,0.6218180922543342,0.0
2013-02-02 05:04,0.7962206783257585,0.0
2013-02-02 05:14,0.7563234746372182,0.0
2013-02-02 05:24,0.6686817905288863,0.0
2013-02-02 05:34,0.8181807466760054,0.0
2013-02-02 05:44,0.8268328261230387,0.0
2013-02-02 05:54,0.6794640401788762,0.0
2013-02-02 06:04,0.8149174656216812,0.0
2013-02-02 06:14,0.6172600641525146,0.5120279177088212
2013-02-02 06:24,0.8193991434475748,0.0
2013-02-02 06:34,0.7986380202601757,0.0
2013-02-02 06:44,0.8420178120723483,0.1245703564511383
2013-02-02 06:54,0.8172776810702018,0.0
2013-02-02 07:04,0.7843261537307238,0.0
2013-02-02 07:14,0.8288131445878942,0.0
2013-02-02 07:24,0.875710205339023,0.0
2013-02-02 07:34,0.7633344094710435,0.0
2013-02-02 07:44,1.0160569488270688,0.0
2013-02-02 07:54,0.9875830710243598,0.0
2013-02-02 08:04,0.9423025185587449,0.0
2013-02-02 08:14,0.9706080244575577,0.0
2013-02-02 08:24,0.9721187257899914,0.0
2013-02-02 08:34,0.8333418069238089,0.0
2013-02-02 08:44,0.9183613560802724,0.0
2013-02-02 08:54,0.9553546901045125,0.0
2013-02-02 09:04,1.1778312962613229,0.0
2013-02-02 09:14,0.9852670992299092,0.0
2013-02-02 09:24,0.7722719690358765,0.0
2013-02-02 09:34,0.999150644810614,0.0
2013-02-02 09:44,0.8373605729913722,0.0
2013-02-02 09:54,0.8071893476874761,0.0
2013-02-02 10:04,0.6818260675899132,0.0
2013-02-02 10:14,0.8334168808702607,0.0
2013-02-02 10:24,0.7972100011764814,0.0
2013-02-02 10:34,0.8174460808320884,0.034389807028454226
2013-02-02 10:44,0.852728462832847,0.0
2013-02-02 10:54,0.865474615596079,0.0
2013-02-02 11:04,0.7728053680250891,0.19857367607717874
2013-02-02 11:14,0.6801032244954177,0.16927152539837015
2013-02-02 11:24,0.7115261619061544,0.0
2013-02-02 11:34,0.6882244416796129,0.0
2013-02-02 11:44,0.765061299606859,0.0
2013-02-02 17:44,0.5714714578634024,0.44392253875136456
2013-02-02 17:54,0.6223123407525338,0.0
2013-02-02 18:04,0.6752125959262111,0.0
2013-02-02 18:14,0.3346721981022903,0.8498053519376634
2013-02-02 18:24,0.6213969868698432,0.0
2013-02-02 18:34,0.5721567589329081,0.4259724306198784
2013-02-02 18:44,0.7938491227794322,0.0
2013-02-02 18:54,0.666816719871748,0.0
2013-02-02 19:04,0.614539280846811,0.2595154085238094
2013-02-02 19:14,0.6597187849183392,0.0
2013-02-02 19:24,0.2976049505762472,0.887126294387822
2013-02-02 19:34,0.36679145314727213,0.648786215719883
2013-02-02 19:44,0.608012790973861,0.0
2013-02-02 19:54,0.6175218659849805,0.0
2013-02-02 20:04,0.5287238696786382,0.4870126513453349
2013-02-02 20:14,0.5952119989140109,0.4205756451675664
2013-02-02 20:24,0.5691780268192741,0.4465925150092279
2013-02-02 20:34,0.5557878947455295,0.4599745637529043
2013-02-02 20:44,0.30000415483243453,0.8847967069491353
2013-02-02 20:54,0.6918998581751402,0.0
2013-02-02 21:04,0.7010789370464698,0.0
2013-02-02 21:14,0.4974003797989981,0.5184071584025184
2013-02-02 21:24,0.6300295197130416,0.0
2013-02-02 21:34,0.635058135210749,0.0
2013-02-02 21:44,0.6062826279043865,0.0
2013-02-02 21:54,0.64740253553299,0.0
2013-02-02 22:04,0.6019878038204811,0.4139787528752758
2013-02-02 22:14,0.6480293570992317,0.0
2013-02-02 22:24,0.6020235730302335,0.0
2013-02-02 22:34,0.6439798927570001,0.0
2013-02-02 22:44,0.6689448725493308,0.0
2013-02-02 22:54,0.6709757908107055,0.0
2013-02-02 23:04,0.6022255668818646,0.0
2013-02-02 23:14,0.2548348446716996,0.9303230268255098
2013-02-02 23:24,0.6056590371108924,0.0
2013-02-02 23:34,0.6587503262902865,0.35724873282514125
2013-02-02 23:44,0.8122747679034185,0.0
2013-02-03 00:04,0.3630667308078169,0.834714312211362
2013-02-03 00:14,0.5902055329533287,0.3084909210733227
2013-02-03 00:24,0.4776992391123134,0.5489555049726536
2013-02-03 05:54,0.11014195835971662,0.9334281467176292
2013-02-03 06:04,0.6118338896676172,0.118894336526239
2013-02-03 06:14,0.321966464756273,0.7206602564395889
2013-02-03 06:24,0.1270425489674574,0.9148277196275075
2013-02-03 06:34,0.1477684424119762,0.8936499852633332
2013-02-03 06:44,0.43280013739071593,0.6084831313442571
2013-02-03 06:54,0.4524488362573996,0.4584217007761587
2013-02-03 07:04,0.6009295405816448,0.0
2013-02-03 07:14,0.44259884338723604,0.5979915828063286
2013-02-03 07:24,0.5702563423904964,0.0
2013-02-03 07:34,0.5914021009528185,0.318880341583489
2013-02-03 07:44,0.45111091396011127,0.458808694066611
2013-02-03 07:54,0.315874025885292,0.7235929843164509
2013-02-03 08:04,0.022271911929868982,1.1899572132394647
2013-02-03 08:14,0.5980922988812821,0.3117132429572181
2013-02-03 08:24,0.5381349801047217,0.0
2013-02-03 08:34,0.8160222449247114,0.07272304056449834
2013-02-03 08:44,0.86944363685227,0.019298027501262062
2013-02-03 08:54,0.7811513382628734,0.10759553503131875
2013-02-03 09:04,0.39980621146079914,0.6159408099086596
2013-02-03 09:14,0.7581471642093182,0.1305987797104449
2013-02-03 09:24,0.46572107257421524,0.719315586066376
2013-02-03 09:34,0.4492087919771857,0.5665327968411749
2013-02-03 09:44,0.7398644064434816,0.27586653100145814
2013-02-03 09:54,0.5632904822533589,0.45245277735009637
2013-02-03 10:04,0.5226574637663688,0.517652232822801
2013-02-03 10:14,0.4491973387099238,0.5913034403111332
2013-02-03 10:24,0.2790332899566809,0.7619442394106095
2013-02-03 10:34,0.6272174749464984,0.0
2013-02-03 10:44,0.7164798608688818,0.19646902186684922
2013-02-03 10:54,0.5432612184789877,0.3704205573683546
2013-02-03 11:04,0.41981532114728165,0.41370991560208265
2013-02-03 11:14,0.2549096641817148,0.8167465634136353
2013-02-03 11:24,0.3470387573851018,0.5916854546221452
2013-02-03 11:34,0.39558773321219975,0.6536431619525588
2013-02-03 11:44,0.7374664537883071,0.0
2013-02-03 11:54,0.5167976510349908,0.0
2013-02-03 12:04,0.0826280166286451,0.9915096806768808
2013-02-03 12:14,0.5248395803218177,0.0
2013-02-03 12:24,0.3190061381968211,0.6233417188664612
2013-02-03 12:34,0.23132916292061606,0.7117523947209439
2013-02-03 12:44,0.1398843011336683,0.8047904296687172
2013-02-03 12:54,0.0,1.0800448037014228
2013-02-03 18:14,0.4252362994547873,0.46567832529094877
2013-02-03 18:24,0.42002101449072415,0.3435727632624645
2013-02-03 18:34,0.0,1.3077049770971447
2013-02-03 18:44,0.04927455135822367,1.2808128775132142
2013-02-03 18:54,0.4651614095234417,0.29710275885384135
2013-02-03 19:04,0.5894197965769506,0.17311808395876035
2013-02-03 19:14,0.0,1.4998746451969682
2013-02-03 19:24,0.7144835081015986,0.10589690691437322
2013-02-03 19:34,0.5945159292580067,0.2245834576243533
2013-02-03 19:44,0.559163591409563,0.32668324504492235
2013-02-03 19:54,0.6534201269362262,0.16420243872804527
2013-02-03 20:04,0.501139950866407,0.4624883944552693
2013-02-03 20:14,0.6785635587140868,0.2853339472827443
2013-02-03 20:24,0.6496325789297999,0.10766324691537422
2013-02-03 20:34,0.395739801286541,0.7770771879279023
2013-02-03 20:44,0.17907567785094916,1.324792612866154
2013-02-03 20:54,0.22564802323722644,1.0887667996734505
2013-02-03 21:04,0.7620156727753477,0.0
2013-02-03 21:14,0.7663279246975494,0.044384285920530925
2013-02-03 21:24,0.38704244896339074,0.9221177196971703
2013-02-03 21:34,0.8219928255030301,0.0
2013-02-03 21:44,0.8345329600094026,0.0
2013-02-03 21:54,0.7150343572430125,0.2355577353725249
2013-02-03 22:04,0.7648393413719878,0.0
2013-02-03 22:14,0.7838545185566939,0.0
2013-02-03 22:24,0.815739122262329,0.0
2013-02-03 22:34,0.8333850148390264,0.0
2013-02-03 22:44,0.7786614645991538,0.09615071377832954
2013-02-03 22:54,0.8814890002202185,0.0
2013-02-03 23:04,0.7624507237117719,0.0
2013-02-03 23:14,0.7247104580472654,0.028941679574290446
2013-02-03 23:24,0.7942712372170406,0.08650020869410126
2013-02-03 23:34,0.8943360383695542,0.0
2013-02-03 23:44,0.6981501212102181,0.118215300429864
2013-02-04 00:04,0.6775379097243756,0.28910282310680824
2013-02-04 00:14,0.8191899771092482,0.0
2013-02-04 00:24,0.7841874599726746,0.0
2013-02-04 00:34,0.741300151334588,0.0
2013-02-04 00:44,0.7127291334178205,0.21411108330542944
2013-02-04 00:54,0.5940095251518202,0.16042837723492437
2013-02-04 01:04,0.894550336300872,0.0
2013-02-04 01:14,0.6677172272478429,0.257927321534448
2013-02-04 01:24,0.715817441024654,0.0
2013-02-04 01:34,0.4934386248615585,0.43087389614447885
2013-02-04 06:34,0.6438694092081663,0.10246507786727688
2013-02-04 06:44,0.5084081256158347,0.40461149873321356
2013-02-04 06:54,0.6957148309459754,0.0
2013-02-04 07:04,0.7173894717126317,0.030518315814494813
2013-02-04 07:14,0.3971511330790455,0.5157898672177942
2013-02-04 07:24,0.7903888076376904,0.0
2013-02-04 07:34,0.6772167164621745,0.23642297030940193
2013-02-04 07:44,0.6089486983668925,0.0
2013-02-04 07:54,0.8095757137369617,0.0
2013-02-04 08:04,0.7689860511402787,0.0
2013-02-04 08:14,0.7870839159758,0.03658631338776102
2013-02-04 08:24,0.7797434466336952,0.04390687271348759
2013-02-04 08:34,0.6798696273645148,0.1434327042963637
2013-02-04 08:44,0.7409521880577933,0.08257285764140965
2013-02-04 08:54,0.7966505747212077,0.0
2013-02-04 09:04,0.7385156232860349,0.0
2013-02-04 09:14,0.83629531925314,0.07908881456372135
2013-02-04 09:24,0.7211667985589891,0.1938129207395934
2013-02-04 09:34,0.7420337099851695,0.0
2013-02-04 09:44,0.2559788142046464,1.113543070878811
2013-02-04 09:54,0.7489398815935308,0.0
2013-02-04 10:04,0.7712398213603613,0.0
2013-02-04 10:14,0.712499595389708,0.0
2013-02-04 10:24,0.7838646702341033,0.0
2013-02-04 10:34,0.44810378642042575,0.5942276441119627
2013-02-04 10:44,0.6447593814260231,0.0
2013-02-04 10:54,0.486927324746149,0.0
2013-02-04 11:04,0.5336767517618347,0.0
2013-02-04 11:14,0.5431467292834687,0.0
2013-02-04 11:24,0.5702776867201372,0.0
2013-02-04 11:34,0.6471865668619129,0.0
2013-02-04 11:44,0.6518929984378281,0.0
2013-02-04 11:54,0.5568284503774638,0.0
2013-02-04 12:04,0.6154527847889939,0.0
2013-02-04 12:14,0.49135292747686227,0.0
2013-02-04 12:24,0.5848076113751639,0.0
2013-02-04 12:34,0.5619162770033435,0.0
2013-02-04 12:44,0.48437522085560836,0.0
2013-02-04 12:54,0.5802729108203842,0.0
2013-02-04 13:04,0.6185281567998603,0.0
2013-02-04 13:14,0.5181829347770817,0.0
2013-02-04 13:24,0.47248877796770195,0.0
2013-02-04 13:34,0.5882535190587286,0.0
2013-02-04 13:44,0.5703716190073896,0.1232660503883042
2013-02-04 13:54,0.5698957556051991,0.0
2013-02-04 14:04,0.5780308270373933,0.0
2013-02-04 19:14,0.6661463537581496,0.0
2013-02-04 19:24,0.6723051018357168,0.265194898164283
2013-02-04 19:34,0.41338072769041273,0.0
2013-02-04 19:44,0.4294584815050833,0.0
2013-02-04 19:54,0.5397816373343481,0.0
2013-02-04 20:04,0.6919797484642208,0.0
2013-02-04 20:14,0.9506545167519096,0.0
2013-02-04 20:24,0.3776300228833653,0.0
2013-02-04 20:34,0.9497073870895477,0.0
2013-02-04 20:44,0.7812146036747198,0.0
2013-02-04 20:54,0.7829256219557308,0.0
2013-02-04 21:04,0.9578834259373649,0.0
2013-02-04 21:14,0.47466381995337226,0.0
2013-02-04 21:24,1.0111828349889975,0.0
2013-02-04 21:34,0.5212505120714732,0.0
2013-02-04 21:44,0.6815026358493158,0.0
2013-02-04 21:54,0.5694637497585745,0.0
2013-02-04 22:04,0.7787038091506006,0.0
2013-02-04 22:14,1.0349940894110508,0.017442056492780744
2013-02-04 22:24,0.9330590068283634,0.0
2013-02-04 22:34,0.9436584889540224,0.13164139533811506
2013-02-04 22:44,0.9822855860725549,0.0930106885847863
2013-02-04 22:54,1.1167011683665984,0.0
2013-02-04 23:04,0.9165542152269369,0.0
2013-02-04 23:14,0.5333879940809415,0.0
2013-02-04 23:24,1.1095077398202289,0.0
2013-02-04 23:34,0.5819820514258006,0.0
2013-02-04 23:44,1.1842681295898965,0.0
2013-02-05 00:04,0.6016103249320305,0.0
2013-02-05 00:14,1.0982893910550766,0.0
2013-02-05 00:24,0.9512885720519909,0.0
2013-02-05 00:34,0.5612654657685143,0.0
2013-02-05 00:44,1.1802379469065885,0.0
2013-02-05 00:54,1.1615002042984925,0.0
2013-02-05 01:04,1.2173203480943626,0.0
2013-02-05 01:14,1.1588966662511324,0.0
2013-02-05 01:24,0.9498482596891319,0.0
2013-02-05 01:34,0.9891081015176925,0.0
2013-02-05 01:44,1.1372511221195758,0.0
2013-02-05 01:54,0.8052610718911172,0.0
2013-02-05 02:04,0.9399240315213997,0.0
2013-02-05 02:14,0.9591376665684473,0.0
2013-02-05 02:24,0.6485564522299355,0.0
2013-02-05 02:34,1.1129938727242334,0.0
2013-02-05 02:44,0.5966937066635601,0.0
2013-02-05 02:54,0.8658749271117389,0.0
2013-02-05 07:44,1.0666821219240337,0.0
2013-02-05 07:54,1.0418016850133447,0.0
2013-02-05 08:04,0.7737958581676062,0.6748052567078027
2013-02-05 08:14,0.9852250814109569,0.1729289612206061
2013-02-05 08:24,1.0394151188850984,0.0
2013-02-05 08:34,1.0977462029910454,0.0
2013-02-05 08:44,1.088951912253582,0.0
2013-02-05 08:54,0.9526582220855965,0.0
2013-02-05 09:04,1.1069997335723003,0.0
2013-02-05 09:14,0.8456753577909911,0.0
2013-02-05 09:24,0.9156137844148404,0.0
2013-02-05 09:34,1.2078449580127224,0.0
2013-02-05 09:44,1.0198318837799731,0.0
2013-02-05 09:54,1.2399286563994547,0.0
2013-02-05 10:04,1.01693537686311,0.0
2013-02-05 10:14,1.1893444608082193,0.0
2013-02-05 10:24,1.234622911279975,0.0
2013-02-05 10:34,1.1378115615648012,0.0
2013-02-05 10:44,1.0610508385210218,0.0
2013-02-05 10:54,1.0548129163096647,0.0
2013-02-05 11:04,0.8493196919208539,0.0
2013-02-05 11:14,1.3307480002028402,0.0
2013-02-05 11:24,1.1790983322111477,0.0
2013-02-05 11:34,1.0354990246167004,0.0
2013-02-05 11:44,1.1554445598374012,0.0
2013-02-05 11:54,1.0644490506730975,0.0
2013-02-05 12:04,1.2005819660354544,0.0
2013-02-05 12:14,1.202379145074863,0.0
2013-02-05 12:24,1.222448747424482,0.0
2013-02-05 12:34,1.215843299057718,0.0
2013-02-05 12:44,0.8450552893272198,0.0
2013-02-05 12:54,1.1186530836880832,0.0
2013-02-05 13:04,1.031851029398948,0.0
2013-02-05 13:14,1.3492411744352977,0.0
2013-02-05 13:24,1.1524785507839674,0.0
2013-02-05 13:34,0.7929319949178869,0.0
2013-02-05 13:44,1.322906560723589,0.0
2013-02-05 13:54,1.1414634897578728,0.0
2013-02-05 14:04,1.163503132582537,0.0
2013-02-05 14:14,0.9707498025967584,0.04866297398607335
2013-02-05 14:24,1.3146311813229692,0.0
2013-02-05 14:34,1.0395989755029527,0.0
2013-02-05 14:44,1.1251436500559877,0.0
2013-02-05 14:54,1.1105297378458103,0.0
2013-02-05 15:04,1.101240171590444,0.0
2013-02-05 15:14,0.8571343438865369,0.0
2013-02-05 15:24,1.2791988084274706,0.0
2013-02-05 15:34,1.085220099110236,0.0
2013-02-05 15:44,0.9335523145124444,0.0
2013-02-05 20:14,1.02331497458993,0.2599787793257909
2013-02-05 20:24,0.7044874055591991,0.0
2013-02-05 20:34,0.7385172289675336,0.0
2013-02-05 20:44,0.7534475763693674,0.0
2013-02-05 20:54,0.7774040200246508,0.0
2013-02-05 21:04,1.0500597866932906,0.0
2013-02-05 21:14,0.8439526359078144,0.0
2013-02-05 21:24,1.046439869351228,0.0
2013-02-05 21:34,1.2860927548314898,0.0
2013-02-05 21:44,1.0011354312108536,0.0
2013-02-05 21:54,0.8431354690889769,0.0
2013-02-05 22:04,1.0958048846863264,0.0
2013-02-05 22:14,0.8120511783543203,0.0
2013-02-05 22:24,1.36425300104851,0.0
2013-02-05 22:34,1.160722015481039,0.117904603262319
2013-02-05 22:44,1.0498092264649204,0.0
2013-02-05 22:54,0.8760820519274954,0.0
2013-02-05 23:04,1.3741410558476275,0.0
2013-02-05 23:14,1.2963644252522688,0.0
2013-02-05 23:24,1.3395898810953106,0.0
2013-02-05 23:34,1.0727139362099742,0.0
2013-02-05 23:44,1.0812603417344242,0.0
2013-02-06 00:04,0.8255946463417844,0.0
2013-02-06 00:14,1.1702933788917218,0.0
2013-02-06 00:24,0.8448389302391128,0.0
2013-02-06 00:34,1.3090126652301597,0.0
2013-02-06 00:44,1.134652366522085,0.0
2013-02-06 00:54,1.3074708593379998,0.0
2013-02-06 01:04,1.1473886218203737,0.0
2013-02-06 01:14,1.2214681736655533,0.0
2013-02-06 01:24,0.8750477647266907,0.0
2013-02-06 01:34,1.4382768193041708,0.0
2013-02-06 01:44,1.3064507392600337,0.0
2013-02-06 01:54,0.8151138655523217,0.0
2013-02-06 02:04,1.054158527195492,0.0
2013-02-06 02:14,1.1748455626436323,0.0
2013-02-06 02:24,1.3819530892412593,0.0
2013-02-06 02:34,1.3422545603296694,0.0
2013-02-06 02:44,1.2622617973575048,0.0
2013-02-06 02:54,1.3074869787351193,0.0
2013-02-06 03:04,1.2837001873134841,0.0
2013-02-06 03:14,1.2296581065465577,0.007477708806372386
2013-02-06 03:24,1.1120264682369172,0.0
2013-02-06 03:34,0.8574632778821905,0.4048954157735107
2013-02-06 03:44,1.1978642879195143,0.0644765018310151
2013-02-06 03:54,0.9878974059952211,0.274368757941378
2013-02-06 04:04,0.7280503843759907,0.0
2013-02-06 04:14,0.762831324937524,0.0
2013-02-06 09:34,0.9543110063823381,0.08040216839918424
2013-02-06 09:44,1.0642563683176807,0.0
2013-02-06 09:54,1.115317035203037,0.0
2013-02-06 10:04,0.9018129758107636,0.0
2013-02-06 10:14,1.0293524121442537,0.0
2013-02-06 10:24,0.6993280795263378,0.0
2013-02-06 10:34,1.0332556120082566,0.32447522571003384
2013-02-06 10:44,0.8541084670944967,0.0
2013-02-06 10:54,0.9292157968571293,0.0
2013-02-06 11:04,1.0294131037021146,0.0
2013-02-06 11:14,0.9548496311138643,0.0
2013-02-06 11:24,1.112485204865323,0.0
2013-02-06 11:34,1.0975010359414321,0.0
2013-02-06 11:44,0.7159447805969592,0.0
2013-02-06 11:54,0.8869000791046772,0.0
2013-02-06 12:04,0.8917195069094983,0.0
2013-02-06 12:14,0.8949969573742296,0.0
2013-02-06 12:24,1.0172132129308362,0.0
2013-02-06 12:34,0.9611956049883285,0.0
2013-02-06 12:44,1.162700526919739,0.0
2013-02-06 12:54,0.9435451069215367,0.0
2013-02-06 13:04,0.8820888943761003,0.0
2013-02-06 13:14,0.9170441108973312,0.0
2013-02-06 13:24,0.876806551102449,0.0
2013-02-06 13:34,1.138576045529001,0.0
2013-02-06 13:44,1.111052389713641,0.0
2013-02-06 13:54,1.0178010619791613,0.0
2013-02-06 14:04,1.1363513123877123,0.0
2013-02-06 14:14,1.1552780140129282,0.0
2013-02-06 14:24,0.8333096130124105,0.0
2013-02-06 14:34,0.8726873137669784,0.0
2013-02-06 14:44,1.0137709450308783,0.09396897101815505
2013-02-06 14:54,0.7607950105990048,0.0
2013-02-06 15:04,1.0023133845130876,0.10532127953323775
2013-02-06 15:14,0.8843386555400403,0.0
2013-02-06 15:24,0.8104821918018035,0.0
2013-02-06 15:34,1.068770623682256,0.0
2013-02-06 15:44,0.798481855330939,0.0
2013-02-06 15:54,0.8594647253918525,0.0
2013-02-06 16:04,0.8667913858108901,0.0
2013-02-06 16:14,0.6550875565329665,0.0
2013-02-06 16:24,0.6910942457111691,0.0
2013-02-06 16:34,0.6727640552876624,0.0
2013-02-06 22:14,0.6142417536682581,0.0
2013-02-06 22:24,0.5157079800539042,0.6397297306376285
2013-02-06 22:34,0.7036523661921558,0.0
2013-02-06 22:44,0.540128276618612,0.0
2013-02-06 22:54,0.351506876742439,0.7807814588320482
2013-02-06 23:04,0.6840930411554523,0.0
2013-02-06 23:14,0.6923111501011106,0.2520727368281733
2013-02-06 23:24,0.6479854993635225,0.0
2013-02-06 23:34,0.8566066653066602,0.0
2013-02-06 23:44,0.5955294732496225,0.0
2013-02-07 00:04,0.39037202264272286,0.7672721764885839
2013-02-07 00:14,0.6976876426283951,0.460175046402438
2013-02-07 00:24,0.689082833468271,0.4689688747444031
2013-02-07 00:34,0.3338271775349103,0.8248385930800859
2013-02-07 00:44,0.5756070421366318,0.5839881470799226
2013-02-07 00:54,0.624714938742129,0.0
2013-02-07 01:04,0.7079138276828212,0.0
2013-02-07 01:14,0.6195847492633835,0.0
2013-02-07 01:24,0.453464086829866,0.7075465129579818
2013-02-07 01:34,0.7753116313151014,0.0
2013-02-07 01:44,0.6047724502142904,0.556141971729377
2013-02-07 01:54,0.486824401131942,0.6740814989490883
2013-02-07 02:04,0.7686042363304773,0.0
2013-02-07 02:14,0.7539283126424946,0.0
2013-02-07 02:24,0.600148078839112,0.36744090096902
2013-02-07 02:34,0.6088214144832432,0.0
2013-02-07 02:44,0.31178719479816003,0.8491793858919913
2013-02-07 02:54,0.32785445838675575,0.8330994644561565
2013-02-07 03:04,0.39778476349571257,0.7629537295161036
2013-02-07 03:14,0.6204383507247684,0.0
2013-02-07 03:24,0.6385353702867566,0.0
2013-02-07 03:34,0.6408702241839438,0.0
2013-02-07 03:44,0.6372736523300269,0.0
2013-02-07 03:54,0.6585517053217994,0.0
2013-02-07 04:04,0.5379165947632372,0.0
2013-02-07 04:14,0.6002952828838397,0.0
2013-02-07 04:24,0.7729464296571178,0.05776365953892896
2013-02-07 04:34,0.7153019668084192,0.0
2013-02-07 04:44,0.5795739435084187,0.0
2013-02-07 04:54,0.6225329904186241,0.0
2013-02-07 05:04,0.6050441573510127,0.0
2013-02-07 05:14,0.7141716375554543,0.13809257211648066
2013-02-07 05:24,0.6088364162721203,0.0
2013-02-07 10:54,0.5485133495600089,0.0
2013-02-07 11:04,0.08912718761307174,0.9531470353634345
2013-02-07 11:14,0.34002633447999653,0.7023550107806313
2013-02-07 11:24,0.17956072139354282,0.8627810545340489
2013-02-07 11:34,0.2782439912806082,0.7640899822199024
2013-02-07 11:44,0.6425227170575907,0.13940578205624138
2013-02-07 11:54,0.5910413697792726,0.3025415541592383
2013-02-07 12:04,0.786899138268742,0.0
2013-02-07 12:14,0.7820766961771213,0.0
2013-02-07 12:24,0.4179406996191887,0.624479931758071
2013-02-07 12:34,0.6576237960680885,0.3849015282517925
2013-02-07 12:44,0.597995965364634,0.2956426609707978
2013-02-07 12:54,0.5522894857053475,0.49024605752890377
2013-02-07 13:04,0.5583151980883746,0.0
2013-02-07 13:14,0.722165180907074,0.059832348734770925
2013-02-07 13:24,0.8946570830740233,0.0
2013-02-07 13:34,0.3960177716435496,0.6464884565854849
2013-02-07 13:44,0.633000065892001,0.4095818297588441
2013-02-07 13:54,0.5825686467034735,0.0
2013-02-07 14:04,0.8160961372628189,0.0
2013-02-07 14:14,0.5627719202905759,0.0
2013-02-07 14:24,0.8051983551226001,0.0
2013-02-07 14:34,0.5646660428452855,0.4941781990500351
2013-02-07 14:44,0.5160636763706352,0.5427176369857863
2013-02-07 14:54,0.5578616369038557,0.0
2013-02-07 15:04,0.5135659753620173,0.5453137516816184
2013-02-07 15:14,0.5314272081861853,0.0
2013-02-07 15:24,0.5375628164404407,0.0
2013-02-07 15:34,0.41981556897071975,0.6384615649766476
2013-02-07 15:44,0.5384521020304045,0.0
2013-02-07 15:54,0.5526092422485526,0.0
2013-02-07 16:04,0.5892506193445203,0.31855495344422946
2013-02-07 16:14,0.6483208392776132,0.260081734756328
2013-02-07 16:24,0.5834289838102681,0.4947633139919685
2013-02-07 16:34,0.5051235316275198,0.0
2013-02-07 16:44,0.5675863284170474,0.5132031284968982
2013-02-07 16:54,0.3840572261673256,0.6980225606063216
2013-02-07 17:04,0.45913349355077987,0.46934550751273363
2013-02-07 17:14,0.3527190232113541,0.7314865855386464
2013-02-07 17:24,0.48029249087276876,0.0
2013-02-07 17:34,0.5299418810238575,0.5570794745813934
2013-02-07 17:44,0.6563944064226048,0.0
2013-02-07 17:54,0.20122372899650712,0.8891821481941502
2013-02-07 18:04,0.5014639787835924,0.4334713737282677
2013-02-07 23:14,0.7308165316489817,0.32560563385352725
2013-02-07 23:24,0.9925402764113787,0.0
2013-02-07 23:34,0.8252332053619152,0.157393632672203
2013-02-07 23:44,1.001950396362937,0.0
2013-02-08 00:04,0.9999347701537018,0.0
2013-02-08 00:14,1.0673006110897898,0.0
2013-02-08 00:24,0.8140420615371547,0.0
2013-02-08 00:34,1.0293989929092588,0.08162144325192097
2013-02-08 00:44,0.9257526113125105,0.0
2013-02-08 00:54,0.942866097728184,0.0
2013-02-08 01:04,0.9866667226001787,0.0
2013-02-08 01:14,1.0984510810625194,0.0
2013-02-08 01:24,1.1095277777658867,0.0
2013-02-08 01:34,1.0413475050189447,0.0
2013-02-08 01:44,1.0809157057856151,0.0
2013-02-08 01:54,1.0020060028112867,0.0
2013-02-08 02:04,1.1174751950664787,0.06339298266760426
2013-02-08 02:14,1.0543048883114554,0.0
2013-02-08 02:24,1.061004781791219,0.0
2013-02-08 02:34,1.0486033516785356,0.0
2013-02-08 02:44,1.060616963664091,0.0
2013-02-08 02:54,1.019660394720719,0.0
2013-02-08 03:04,0.9051547768749618,0.101447752601662
2013-02-08 03:14,1.0818882071092697,0.0
2013-02-08 03:24,0.9588836253456192,0.0
2013-02-08 03:34,1.0061709797687364,0.0
2013-02-08 03:44,0.8704279768414132,0.0
2013-02-08 03:54,0.8534530133175883,0.0
2013-02-08 04:04,1.0010986296660422,0.0
2013-02-08 04:14,0.8810890175712246,0.0
2013-02-08 04:24,0.9276354723000894,0.20607445788015344
2013-02-08 04:34,0.6430626815661488,0.4890495816231322
2013-02-08 04:44,0.7797329979135856,0.20768091861544047
2013-02-08 04:54,1.018272365064363,0.0
2013-02-08 05:04,0.5126618791021993,0.6043832211435552
2013-02-08 05:14,0.8540815686677524,0.0
2013-02-08 05:24,0.6039874323520866,0.36883184343881775
2013-02-08 05:34,0.5967784459764883,0.3745084926511773
2013-02-08 05:44,0.7793175688428593,0.18998458062762127
2013-02-08 05:54,0.5354525711197229,0.4339733823085183
2013-02-08 06:04,0.6384843495073353,0.33217013546524854
2013-02-08 06:14,0.7389590171335638,0.0
2013-02-08 06:24,0.7938389180039791,0.0
2013-02-08 12:04,0.6301048362353636,0.0
2013-02-08 12:14,0.6330782138865556,0.07764644295469475
2013-02-08 12:24,0.6922427697184782,0.0
2013-02-08 12:34,0.7174276288968019,0.0
2013-02-08 12:44,0.6325184333012437,0.2606466181702249
2013-02-08 12:54,0.5881623795999537,0.30505541485530474
2013-02-08 13:04,0.6768133551266051,0.05470195476910541
2013-02-08 13:14,0.6900398680061667,0.2039043066900293
2013-02-08 13:24,0.5332982589409226,0.49893062258217247
2013-02-08 13:34,0.7854838199590682,0.13313947043866095
2013-02-08 13:44,0.73300776619208,0.18548155450130724
2013-02-08 13:54,0.6779512812549111,0.2403943963501205
2013-02-08 14:04,0.8035682040220611,0.22974405406127593
2013-02-08 14:14,0.7847969432489079,0.07133859336462313
2013-02-08 14:24,0.6799698120832002,0.09855000801961702
2013-02-08 14:34,0.8052109872899743,0.0
2013-02-08 14:44,0.7552236281334287,0.0
2013-02-08 14:54,0.518233936013769,0.5161586255076165
2013-02-08 15:04,0.7882068675726094,0.0
2013-02-08 15:14,0.6735955389839509,0.15505445965092615
2013-02-08 15:24,0.7431691380876527,0.32937425937263237
2013-02-08 15:34,0.8468236725947748,0.0
2013-02-08 15:44,0.816721115914319,0.0
2013-02-08 15:54,0.8778652230930373,0.0
2013-02-08 16:04,0.8528778971962645,0.0
2013-02-08 16:14,0.8996929203031816,0.0
2013-02-08 16:24,1.017614811352141,0.0
2013-02-08 16:34,0.9878891735616887,0.0
2013-02-08 16:44,0.895404329384865,0.0
2013-02-08 16:54,0.8852869129860612,0.0
2013-02-08 17:04,0.8728596368656228,0.11586142343804087
2013-02-08 17:14,1.006709893493316,0.0
2013-02-08 17:24,0.6341592235002279,0.2543722838201986
2013-02-08 17:34,0.9252149274937236,0.0
2013-02-08 17:44,0.7939858692198914,0.0
2013-02-08 17:54,0.7697285748302899,0.0
2013-02-08 18:04,0.7478476877249158,0.23549290539415793
2013-02-08 18:14,0.7296470457220735,0.2528752934596817
2013-02-08 18:24,0.6810860775623571,0.0
2013-02-08 18:34,0.7409782227807289,0.06234864342053132
2013-02-08 18:44,0.711956803948797,0.0
2013-02-08 18:54,0.6671622958688413,0.2148035069997508
2013-02-09 00:24,0.5630423017812002,0.0
2013-02-09 00:34,0.5109543272468526,0.0
2013-02-09 00:44,0.5903189239130661,0.0
2013-02-09 00:54,0.603879016105959,0.0
2013-02-09 01:04,0.6306467741970182,0.0
2013-02-09 01:14,0.24047309148470672,0.8320921651804206
2013-02-09 01:24,0.2981323782892837,0.7748053235413158
2013-02-09 01:34,0.503586197053463,0.0
2013-02-09 01:44,0.6152608717424802,0.0
2013-02-09 01:54,0.5337460806000753,0.5743146326086558
2013-02-09 02:04,0.5778785094707682,0.5301977541933216
2013-02-09 02:14,0.4318186936895854,0.6762295380167246
2013-02-09 02:24,0.2329874890331172,0.8750228246495402
2013-02-09 02:34,0.546204363816557,0.0
2013-02-09 02:44,0.2647362256623308,0.8432923445542223
2013-02-09 02:54,0.5856085607858268,0.5224903296258561
2013-02-09 03:04,0.6059843187554853,0.0
2013-02-09 03:14,0.8766851850747305,0.04690822534904856
2013-02-09 03:24,0.5768745506645641,0.0
2013-02-09 03:34,0.5035624660381895,0.0
2013-02-09 03:44,0.7189974897925212,0.38925448435998855
2013-02-09 03:54,0.5320554621016239,0.0
2013-02-09 04:04,0.8725057883470418,0.2357701345013731
2013-02-09 04:14,0.5450539255701001,0.5631686160968302
2013-02-09 04:24,0.6516466807082019,0.4565890077482953
2013-02-09 04:34,0.7569659419890946,0.3512810520999813
2013-02-09 04:44,0.557396998203181,0.0
2013-02-09 04:54,0.4774499264283585,0.0
2013-02-09 05:04,0.5393177539521061,0.0
2013-02-09 05:14,0.5452517870941261,0.0
2013-02-09 05:24,0.5280624090978578,0.0
2013-02-09 05:34,0.6729402676707378,0.43520501211756585
2013-02-09 05:44,0.5296770610043771,0.0
2013-02-09 05:54,0.4783780454732926,0.0
2013-02-09 06:04,0.4558452298170745,0.0
2013-02-09 06:14,0.3900638691133955,0.7180720639315693
2013-02-09 06:24,0.5302987392081622,0.5778399908451117
2013-02-09 06:34,0.32745073434304783,0.7805757203003111
2013-02-09 06:44,0.48086268485002165,0.6271664466526677
2013-02-09 06:54,0.5171932740260554,0.5908376777960475
2013-02-09 07:04,0.5035698923851613,0.0
2013-02-09 07:14,0.1775770715240393,0.9304511234381339
2013-02-09 12:54,0.46191252953087614,0.0
2013-02-09 13:04,0.5022020679721606,0.0
2013-02-09 13:14,0.5962917543718435,0.0
2013-02-09 13:24,0.5406349683707672,0.0
2013-02-09 13:34,0.5001514372550304,0.0
2013-02-09 13:44,0.5449558367045296,0.0
2013-02-09 13:54,0.5299275819930505,0.0
2013-02-09 14:04,0.7283976485388147,0.2999509903827873
2013-02-09 14:14,0.7517111074411236,0.2763983422728412
2013-02-09 14:24,0.854050658144583,0.17371223435556057
2013-02-09 14:34,0.8919418971410005,0.13540211040092254
2013-02-09 14:44,0.5682715658511917,0.0
2013-02-09 14:54,0.572998572579053,0.4376478378437618
2013-02-09 15:04,0.7028865180982411,0.3067547498510433
2013-02-09 15:14,0.5385396358917984,0.0
2013-02-09 15:24,0.5698919624286937,0.47270145466427205
2013-02-09 15:34,0.9777704605500077,0.06487105643967687
2013-02-09 15:44,0.5504595808798405,0.0
2013-02-09 15:54,0.5699651848915476,0.0
2013-02-09 16:04,0.559392266956636,0.0
2013-02-09 16:14,0.589155008447808,0.0
2013-02-09 16:24,0.7481594458442716,0.29448259501082896
2013-02-09 16:34,0.861175974553526,0.1814876631609673
2013-02-09 16:44,0.5122430424829184,0.0
2013-02-09 16:54,0.6951994484754255,0.3474470371276951
2013-02-09 17:04,0.5553202539950872,0.0
2013-02-09 17:14,0.5063518076371154,0.0
2013-02-09 17:24,0.5325227327431808,0.0
2013-02-09 17:34,0.5579875077691099,0.0
2013-02-09 17:44,0.5727696143842602,0.0
2013-02-09 17:54,0.5344355037127887,0.0
2013-02-09 18:04,0.5840851367400799,0.0
2013-02-09 18:14,0.4737362832342959,0.0
2013-02-09 18:24,0.5344912848887525,0.0
2013-02-09 18:34,0.5777929298301943,0.0
2013-02-09 18:44,0.61011005846996,0.0
2013-02-09 18:54,0.8202158780879716,0.22256190455507935
2013-02-09 19:04,0.5525376403865542,0.0
2013-02-09 19:14,0.5596139270314937,0.0
2013-02-09 19:24,0.2845399446125924,0.7581574521519748
2013-02-09 19:34,0.5805464499682784,0.0
2013-02-09 19:44,0.09824215063274988,1.1531751634040959
2013-02-10 01:14,0.028190224848202505,1.0148261504321288
2013-02-10 01:24,0.2146933763909521,0.8281986991003868
2013-02-10 01:34,0.15429592010612053,0.8885453801721676
2013-02-10 01:44,0.5319221516887443,0.0
2013-02-10 01:54,0.4023233029887523,0.6404681264351514
2013-02-10 02:04,0.3955503182759613,0.49826195932319506
2013-02-10 02:14,0.44861457321780374,0.0
2013-02-10 02:24,0.2434616433985425,0.7992316898011153
2013-02-10 02:34,0.556474461140271,0.0
2013-02-10 02:44,0.4799470286778483,0.0
2013-02-10 02:54,0.5293469927265455,0.5133414421783408
2013-02-10 03:04,0.32678176380468205,0.7159105178854928
2013-02-10 03:14,0.4343100906707521,0.6083803911979583
2013-02-10 03:24,0.4364811380851246,0.6062094716207245
2013-02-10 03:34,0.7928183750887332,0.0
2013-02-10 03:44,0.47868390398722105,0.5640650009217019
2013-02-10 03:54,0.5521145498573737,0.0
2013-02-10 04:04,0.7887652722579443,0.0
2013-02-10 04:14,0.5522345175735697,0.4905224791168112
2013-02-10 04:24,0.40460085393301976,0.6381412640877852
2013-02-10 04:34,0.5466433619647627,0.0
2013-02-10 04:44,0.5278533368729252,0.0
2013-02-10 04:54,0.280524481472999,0.7622076089120151
2013-02-10 05:04,0.5989162406634129,0.29489198880523965
2013-02-10 05:14,0.34133515102197154,0.701367013558796
2013-02-10 05:24,0.7827593907446807,0.0
2013-02-10 05:34,0.75005466327099,0.14370401882927722
2013-02-10 05:44,0.42813902799599457,0.6146559059925666
2013-02-10 05:54,0.4894703870592832,0.5533174748034014
2013-02-10 06:04,0.6686901137929694,0.11334527587905306
2013-02-10 06:14,0.48796980245404564,0.5548158004786491
2013-02-10 06:24,0.5894362385973239,0.0
2013-02-10 06:34,0.6593677103495851,0.0
2013-02-10 06:44,0.21723250759585302,0.8573478078029473
2013-02-10 06:54,0.34440708487430094,0.5752733829424092
2013-02-10 07:04,0.6439196409988261,0.0
2013-02-10 07:14,0.0,1.0855311773875893
2013-02-10 07:24,0.6532451513643306,0.0662932698475111
2013-02-10 07:34,0.5309316313758731,0.39857793439386924
2013-02-10 07:44,0.47382661763131423,0.3251344177392635
2013-02-10 07:54,0.5007099195535355,0.0
2013-02-10 08:04,0.0,1.0877113356923651
2013-02-10 13:44,0.7229075397653929,0.0
2013-02-10 13:54,0.5831577066660826,0.0
2013-02-10 14:04,0.7346373194843405,0.0
2013-02-10 14:14,0.4478621415923451,0.7363450357040284
2013-02-10 14:24,0.7071614820204092,0.30786507261277435
2013-02-10 14:34,0.5708244134372543,0.0
2013-02-10 14:44,0.7155403237938214,0.0
2013-02-10 14:54,0.6876079022163519,0.4966227652221608
2013-02-10 15:04,0.581200211886397,0.0
2013-02-10 15:14,0.7839435598389058,0.0
2013-02-10 15:24,0.7002599831459242,0.0
2013-02-10 15:34,0.6860852040790822,0.0
2013-02-10 15:44,1.01608677901427,0.0
2013-02-10 15:54,0.6461421003845127,0.0
2013-02-10 16:04,0.6852563603559311,0.0
2013-02-10 16:14,1.0053499442003135,0.0
2013-02-10 16:24,0.6899108452666651,0.0
2013-02-10 16:34,0.8941096279139313,0.0
2013-02-10 16:44,0.7361247554042979,0.0
2013-02-10 16:54,0.7925048617498875,0.0
2013-02-10 17:04,0.9801376712566009,0.0
2013-02-10 17:14,0.7110507914828035,0.0
2013-02-10 17:24,0.9551497134558097,0.0
2013-02-10 17:34,0.7819728029877032,0.0
2013-02-10 17:44,0.8469555906498023,0.0
2013-02-10 17:54,1.0605043080839636,0.0
2013-02-10 18:04,0.7246418183428591,0.0
2013-02-10 18:14,0.9393088217423965,0.0
2013-02-10 18:24,0.7610825588976665,0.0
2013-02-10 18:34,0.6875977075714536,0.9531172538958602
2013-02-10 18:44,0.7167290534772122,0.0
2013-02-10 18:54,0.6437794531142216,0.0
2013-02-10 19:04,0.6723560156312239,0.0
2013-02-10 19:14,0.6454814104071298,0.9179823382854506
2013-02-10 19:24,0.777317794735373,0.7861451669054221
2013-02-10 19:34,0.3337844898831524,1.193747630725589
2013-02-10 19:44,0.7104221317589503,0.0
2013-02-10 19:54,0.3991559532627692,1.0186935484648867
2013-02-10 20:04,0.6761972150460264,0.0
2013-02-10 20:14,0.5330152338933095,0.8840867014159974
2013-02-10 20:24,0.27239148581408895,1.1434231382282032
2013-02-10 20:34,0.4341977822424269,0.9898193259552045
2013-02-11 02:04,0.650166454142862,0.0
2013-02-11 02:14,0.9895658810871515,0.0
2013-02-11 02:24,1.109603598717471,0.0
2013-02-11 02:34,0.9803015136312233,0.061366668920828885
2013-02-11 02:44,0.7158139902790693,0.0
2013-02-11 02:54,1.174366318684838,0.021352218475282438
2013-02-11 03:04,0.7775485897463261,0.0
2013-02-11 03:14,1.1278982721510498,0.0
2013-02-11 03:24,0.7751018348568208,0.0
2013-02-11 03:34,1.1930134307117266,0.0
2013-02-11 03:44,1.1420887738507886,0.0
2013-02-11 03:54,1.115360756458342,0.0
2013-02-11 04:04,0.9272395985788485,0.0
2013-02-11 04:14,1.1927037208364406,0.0
2013-02-11 04:24,1.1169792799641292,0.0
2013-02-11 04:34,1.2335790315744943,0.0
2013-02-11 04:44,1.241115828926152,0.0
2013-02-11 04:54,1.0188518940824163,0.0
2013-02-11 05:04,1.0984032076440522,0.0
2013-02-11 05:14,1.0967558628228853,0.0
2013-02-11 05:24,1.0397197230020925,0.0
2013-02-11 05:34,1.076466731045006,0.0
2013-02-11 05:44,0.8944898772121763,0.0
2013-02-11 05:54,1.0260084495610682,0.0
2013-02-11 06:04,0.954763212668989,0.0
2013-02-11 06:14,0.9481228690604311,0.0
2013-02-11 06:24,1.1713378212574068,0.0
2013-02-11 06:34,1.1657767108108656,0.0
2013-02-11 06:44,0.6545813876348068,0.0
2013-02-11 06:54,0.9233734827264068,0.0
2013-02-11 07:04,1.1887671907161868,0.0
2013-02-11 07:14,1.1448850840793328,0.0
2013-02-11 07:24,1.008270462651375,0.0
2013-02-11 07:34,1.0433758657134835,0.0
2013-02-11 07:44,1.0151148974566986,0.0
2013-02-11 07:54,1.1111418916077462,0.0
2013-02-11 08:04,0.816733840211081,0.0
2013-02-11 08:14,0.7829036614769207,0.3245736709953827
2013-02-11 08:24,0.8323546997880101,0.2751027676105787
2013-02-11 08:34,0.370408081802209,1.0141656466567968
2013-02-11 08:44,0.5774293358496875,0.0
2013-02-11 14:34,1.01575706939764,0.09163416935613879
2013-02-11 14:44,0.8062827190241996,0.30118959564627357
2013-02-11 14:54,1.159987638851054,0.0
2013-02-11 15:04,1.1683295923410768,0.0
2013-02-11 15:14,1.1250159521330776,0.0
2013-02-11 15:24,1.1545149572201097,0.0
2013-02-11 15:34,0.7242422908922421,0.0
2013-02-11 15:44,1.1486971187556725,0.0
2013-02-11 15:54,1.1685072416642044,0.0
2013-02-11 16:04,1.0434377057514768,0.0
2013-02-11 16:14,1.1558161135812544,0.0
2013-02-11 16:24,1.1577791242987636,0.0
2013-02-11 16:34,1.2090606316050996,0.0
2013-02-11 16:44,1.1276494611419035,0.0
2013-02-11 16:54,0.9305550466409105,0.0
2013-02-11 17:04,1.2658336127552066,0.0
2013-02-11 17:14,1.197878057252148,0.0
2013-02-11 17:24,1.1543299977339856,0.0
2013-02-11 17:34,1.1033064505094912,0.0
2013-02-11 17:44,1.1599921778476403,0.0
2013-02-11 17:54,1.199118790450224,0.0
2013-02-11 18:04,1.2077476410614267,0.0
2013-02-11 18:14,1.0540741780041072,0.0
2013-02-11 18:24,1.1523482217231973,0.0
2013-02-11 18:34,1.1680685641358923,0.0
2013-02-11 18:44,1.0505845129306728,0.0
2013-02-11 18:54,1.2055308784323562,0.0
2013-02-11 19:04,1.1675368950874654,0.0
2013-02-11 19:14,0.9614438902614224,0.0
2013-02-11 19:24,1.1425937130622312,0.0
2013-02-11 19:34,1.1292481919931883,0.0
2013-02-11 19:44,0.9328357153126778,0.1746651592453281
2013-02-11 19:54,1.111270438174365,0.0
2013-02-11 20:04,0.7835251420075453,0.0
2013-02-11 20:14,0.8938459032608066,0.21364359628368132
2013-02-11 20:24,0.8107935374859473,0.32194053963760516
2013-02-11 20:34,0.5897568878568729,0.5432138955760497
2013-02-11 20:44,0.5205339875999099,0.612727131602285
2013-02-11 20:54,0.6472662974872746,0.0
2013-02-11 21:04,0.8511753589628271,0.0
2013-02-12 02:44,0.7255039889230965,0.3168051963170514
2013-02-12 02:54,0.6917193777919916,0.0
2013-02-12 03:04,0.7465154353244648,0.29578812055041787
2013-02-12 03:14,0.8566557430771409,0.0
2013-02-12 03:24,0.9038081774337418,0.13853169958970982
2013-02-12 03:34,0.7712219405386002,0.27108398233825814
2013-02-12 03:44,0.8726405351804523,0.0
2013-02-12 03:54,0.9426451011690619,0.0
2013-02-12 04:04,0.6795165383241266,0.0
2013-02-12 04:14,1.0765801576197043,0.0
2013-02-12 04:24,0.6527347246337378,0.0
2013-02-12 04:34,0.8008097587459247,0.0
2013-02-12 04:44,0.9463547598597396,0.0
2013-02-12 04:54,0.7002422386351403,0.0
2013-02-12 05:04,0.937911421024994,0.0
2013-02-12 05:14,1.0128073666913928,0.008392345282310405
2013-02-12 05:24,1.0711506201802494,0.0
2013-02-12 05:34,0.9801499065158522,0.0
2013-02-12 05:44,0.7639457099543755,0.0
2013-02-12 05:54,1.0766666825305968,0.0
2013-02-12 06:04,1.2709477345236129,0.0
2013-02-12 06:14,1.129248047594047,0.0
2013-02-12 06:24,1.2976099036563717,0.0
2013-02-12 06:34,0.7692388958973438,0.0
2013-02-12 06:44,0.8383838391347358,0.0
2013-02-12 06:54,1.0941104962908899,0.0
2013-02-12 07:04,0.9739487542280697,0.0
2013-02-12 07:14,1.1487469625991706,0.0
2013-02-12 07:24,1.242063045148325,0.0
2013-02-12 07:34,1.2351207960456472,0.0
2013-02-12 07:44,1.1405077165020914,0.08875868070582685
2013-02-12 07:54,0.93903957442655,0.0
2013-02-12 08:04,0.8779535181516067,0.3523498163247138
2013-02-12 08:14,0.67740728344291,0.0
2013-02-12 08:24,1.280565970956783,0.0
2013-02-12 08:34,0.8728541282717981,0.1532484695471065
2013-02-12 08:44,0.851135951839044,0.0
2013-02-12 08:54,0.5677175745888874,0.4747381025235884
2013-02-12 09:04,0.7181524760193634,0.5327923721576112
2013-02-12 09:14,0.5838323950360782,0.66712385649907
2013-02-12 09:24,0.650008821917919,0.600946918713485
2013-02-12 15:14,0.47367486360933797,0.7772493831295468
2013-02-12 15:24,0.2528499120127182,0.9980249332467945
2013-02-12 15:34,0.15263812842083008,1.0981709661682582
2013-02-12 15:44,0.4007449290192828,0.8500516594027674
2013-02-12 15:54,0.7804110233681942,0.2619990656074693
2013-02-12 16:04,0.8888362885726839,0.0
2013-02-12 16:14,0.7963094648277738,0.0
2013-02-12 16:24,0.8049475654504582,0.0
2013-02-12 16:34,1.191675085965009,0.05934747655120269
2013-02-12 16:44,0.7979069114972184,0.45299869564744955
2013-02-12 16:54,0.7649625385751152,0.0
2013-02-12 17:04,0.6579639444190251,0.5928698346842713
2013-02-12 17:14,0.8565627206505508,0.0
2013-02-12 17:24,0.9243562491003497,0.0
2013-02-12 17:34,0.9108881859542349,0.0
2013-02-12 17:44,0.635539433198194,0.0
2013-02-12 17:54,0.9043987584789036,0.0
2013-02-12 18:04,0.7029448319532929,0.33954596313642166
2013-02-12 18:14,1.0825991253606835,0.0
2013-02-12 18:24,1.0249037839220725,0.22613855889573134
2013-02-12 18:34,0.7300080359953449,0.5210378351379502
2013-02-12 18:44,1.1694333365185416,0.08161018252924868
2013-02-12 18:54,0.494804406070699,0.7563464740914871
2013-02-12 19:04,0.9153314856827769,0.33580899144483134
2013-02-12 19:14,1.0455484521334277,0.0
2013-02-12 19:24,0.9700254746940276,0.2669113441156357
2013-02-12 19:34,1.1131053190524907,0.12330920857082595
2013-02-12 19:44,0.8245286227053668,0.0
2013-02-12 19:54,0.41863680715051865,0.8161071614975544
2013-02-12 20:04,0.7861175250812376,0.4479037299251475
2013-02-12 20:14,0.5210268258468089,0.7129157754622201
2013-02-12 20:24,0.8941080670835752,0.0
2013-02-12 20:34,0.8828441576246631,0.0
2013-02-12 20:44,0.4705885774837892,0.762884229073483
2013-02-12 20:54,0.339643758771089,0.6880913989943278
2013-02-12 21:04,0.5099349827980023,0.7232337921486778
2013-02-12 21:14,0.09935740237069736,1.1339151819789708
2013-02-12 21:24,0.4601550179148174,0.7731306277366838
2013-02-12 21:34,0.7541020978290053,0.2736373900567586
2013-02-12 21:44,0.37922639857872614,0.8541865579233381
2013-02-13 03:24,0.5824523102893046,0.12541719618965244
2013-02-13 03:34,0.20216486064238473,0.8598893049650569
2013-02-13 03:44,0.21310780253111145,0.8491877595730344
2013-02-13 03:54,0.14901887853974918,0.9135264821141101
2013-02-13 04:04,0.700458688850087,0.09667449469979975
2013-02-13 04:14,0.5455967334458954,0.0
2013-02-13 04:24,0.0,1.2507858570914818
2013-02-13 04:34,0.3542568504886494,0.6882785957165217
2013-02-13 04:44,0.3805566414309982,0.40134494322287995
2013-02-13 04:54,0.904329670920741,0.0
2013-02-13 05:04,0.489135785147157,0.553468210392117
2013-02-13 05:14,0.4592467220083597,0.5833549551218029
2013-02-13 05:24,0.7549747240524944,0.2878033214999863
2013-02-13 05:34,1.085836745917416,0.0
2013-02-13 05:44,0.9329600421532352,0.0
2013-02-13 05:54,1.0426682908918903,0.02039254098794049
2013-02-13 06:04,0.9286108354832369,0.0
2013-02-13 06:14,0.8528172515193312,0.20877260805815284
2013-02-13 06:24,1.075950739973477,0.0
2013-02-13 06:34,0.8095542291968971,0.0
2013-02-13 06:44,0.8662578194467822,0.17651631835637083
2013-02-13 06:54,1.0446636339422213,0.0
2013-02-13 07:04,0.8071395236102223,0.0
2013-02-13 07:14,0.9744056414213569,0.06836315966798384
2013-02-13 07:24,0.7202705193326745,0.0
2013-02-13 07:34,0.6853591657027467,0.2084151922620433
2013-02-13 07:44,0.7439555091427632,0.2987696862403308
2013-02-13 07:54,0.8377858865441777,0.20494349264225925
2013-02-13 08:04,0.5486151036883526,0.49408593405715495
2013-02-13 08:14,0.30196068995211456,0.9492710756034574
2013-02-13 08:24,0.6850595686317165,0.09703240045657445
2013-02-13 08:34,0.39840326912644386,0.6443183110805673
2013-02-13 08:44,0.4889376099452732,0.5537999871643791
2013-02-13 08:54,0.6929017529258862,0.0023055217080176185
2013-02-13 09:04,0.25636605780277993,0.7863542682094884
2013-02-13 09:14,0.6642683166999773,0.03085208399351155
2013-02-13 09:24,0.3433366780436016,0.6994919597285087
2013-02-13 09:34,0.6154907345801092,0.27829707365354517
2013-02-13 09:44,0.24877990807128383,0.7941346927966612
2013-02-13 09:54,0.4705670021681739,0.5723056763012585
2013-02-13 10:04,0.39342751900263495,0.5005383235058025
2013-02-13 10:14,0.2082449964028729,0.8348490549428381
2013-02-13 15:44,0.0,1.0603807779955539
2013-02-13 15:54,0.19534063000239493,0.6011963824591908
2013-02-13 16:04,0.0,1.0569449083948197
2013-02-13 16:14,0.2500582148861233,0.6603957591638475
2013-02-13 16:24,0.06849902053604252,0.9938740029592817
2013-02-13 16:34,0.09310171219903635,0.9693307718581465
2013-02-13 16:44,0.12582644143466223,0.7848684890708949
2013-02-13 16:54,0.08725059107462517,0.8232786366184642
2013-02-13 17:04,0.3815104162398171,0.4149368634519594
2013-02-13 17:14,0.23905232945198743,0.6705524002153729
2013-02-13 17:24,0.5322186641178444,0.3767640708513218
2013-02-13 17:34,0.18521923469243448,0.7231975793597254
2013-02-13 17:44,0.35252525548779357,0.5553230512788391
2013-02-13 17:54,0.18753523078712472,0.8710074350401348
2013-02-13 18:04,0.10090488896132424,0.9419565056837107
2013-02-13 18:14,0.34003636841217344,0.7027104461232838
2013-02-13 18:24,0.24678903901998875,0.6470094857709187
2013-02-13 18:34,0.13622345488925125,0.9065997935737032
2013-02-13 18:44,0.2252352837977196,0.6685621545960945
2013-02-13 18:54,0.5532774096027077,0.3403828393776655
2013-02-13 19:04,0.2589672622933266,0.783785098628727
2013-02-13 19:14,0.17570198237243898,0.8670766184165805
2013-02-13 19:24,0.6937601128515033,0.1998443896759211
2013-02-13 19:34,0.786502438292015,0.10706843894411022
2013-02-13 19:44,0.21573055595819798,0.8270223643384116
2013-02-13 19:54,0.5778386987819047,0.047651158841800566
2013-02-13 20:04,0.5547475353683681,0.0
2013-02-13 20:14,0.7606164719887656,0.02122759835823246
2013-02-13 20:24,0.45205673908199473,0.4416485688986603
2013-02-13 20:34,0.35742802717691463,0.5363240229012055
2013-02-13 20:44,0.6925889689974767,0.08927616436964762
2013-02-13 20:54,0.26221359713614306,0.631599367117395
2013-02-13 21:04,0.5831101664524059,0.11189272759590033
2013-02-13 21:14,0.6299016027568528,0.0
2013-02-13 21:24,0.5244207272803684,0.2575030886139624
2013-02-13 21:34,0.1516717696544221,0.8910435170806325
2013-02-13 21:44,0.0,1.5401596862339206
2013-02-13 21:54,0.4047879611885719,0.48899003672299707
2013-02-13 22:04,0.09607373327956685,0.9467804924910717
2013-02-13 22:14,0.14470418812265703,0.8981440660181558
2013-02-13 22:24,0.0,1.04359600461516
2013-02-14 03:54,0.01176489605274187,0.8989452720921586
2013-02-14 04:04,0.3129962466162803,0.38188859730219143
2013-02-14 04:14,0.2909260105293431,0.49082174074230017
2013-02-14 04:24,0.30483196684234193,0.4769133322163763
2013-02-14 04:34,0.0,1.225164515174429
2013-02-14 04:44,0.36527288910159456,0.528146418561903
2013-02-14 04:54,0.3516710819456311,0.5417468805116835
2013-02-14 05:04,0.628977350235306,0.0
2013-02-14 05:14,0.5460473442217515,0.07934005577973777
2013-02-14 05:24,0.5845032219176768,0.040884897221004614
2013-02-14 05:34,0.42042850107039165,0.47298396733391
2013-02-14 05:44,0.638256519776534,0.0
2013-02-14 05:54,0.5993897649088378,0.0
2013-02-14 06:04,0.43592826779766014,0.457482225050757
2013-02-14 06:14,0.6820767044168289,0.0
2013-02-14 06:24,0.7531521078479781,0.028589796271834795
2013-02-14 06:34,0.6494796412161288,0.0
2013-02-14 06:44,0.7966703723713837,0.0
2013-02-14 06:54,0.7131986377933154,0.0
2013-02-14 07:04,0.7854570138263811,0.0
2013-02-14 07:14,0.7258041775723401,0.0
2013-02-14 07:24,0.628606349600002,0.0
2013-02-14 07:34,0.65677118788168,0.0
2013-02-14 07:44,0.6936800855146764,0.19973756822964275
2013-02-14 07:54,0.7193081558784431,0.17411045478169215
2013-02-14 08:04,0.7335244445915525,0.0
2013-02-14 08:14,0.8994813858894634,0.0
2013-02-14 08:24,0.7250159201332814,0.0
2013-02-14 08:34,0.7490901152200484,0.0
2013-02-14 08:44,0.3824991342120563,0.8682650449270278
2013-02-14 08:54,0.8486122766488577,0.0
2013-02-14 09:04,0.5560020514321252,0.48630906828926007
2013-02-14 09:14,0.6701890853103379,0.3721255327660558
2013-02-14 09:24,0.6673254959175648,0.37498889329286694
2013-02-14 09:34,0.6740130812276821,0.0
2013-02-14 09:44,0.7872230524919815,0.0
2013-02-14 09:54,0.546821448717308,0.0
2013-02-14 10:04,0.6083940627747412,0.17334352993499855
2013-02-14 10:14,0.3845683140723537,0.6577396204303267
2013-02-14 10:24,0.7154997963255189,0.0
2013-02-14 10:34,0.6201150983165578,0.1616211600662937
2013-02-14 10:44,0.469202140182902,0.4242076991413408
2013-02-14 16:14,0.1874562912639611,0.8548340181836152
2013-02-14 16:24,0.5974593592223556,0.29595016269050245
2013-02-14 16:34,0.6606882089363313,0.0
2013-02-14 16:44,0.8068495485117703,0.0
2013-02-14 16:54,0.5451118379179538,0.0
2013-02-14 17:04,0.75391316847614,0.0
2013-02-14 17:14,0.5645726256579484,0.4777414539754353
2013-02-14 17:24,0.7630423171249914,0.0
2013-02-14 17:34,0.5422896501466189,0.0
2013-02-14 17:44,0.7770151590547278,0.26532104352840974
2013-02-14 17:54,0.9656105978808482,0.0
2013-02-14 18:04,0.8117748512105539,0.0
2013-02-14 18:14,0.6297498875428706,0.0
2013-02-14 18:24,0.8506553618536672,0.0
2013-02-14 18:34,0.5944320478945234,0.0
2013-02-14 18:44,0.8658897021834742,0.0
2013-02-14 18:54,0.927290600056266,0.0
2013-02-14 19:04,1.0520580012681895,0.0
2013-02-14 19:14,1.0652901163734003,0.0
2013-02-14 19:24,0.5973431118012427,0.0
2013-02-14 19:34,0.8327697391133414,0.0
2013-02-14 19:44,0.8395680585571821,0.0
2013-02-14 19:54,0.9260658640842437,0.0
2013-02-14 20:04,1.074370423194499,0.0
2013-02-14 20:14,0.8599261924377092,0.0
2013-02-14 20:24,0.7030474885736496,0.0
2013-02-14 20:34,0.8238352463320024,0.0
2013-02-14 20:44,0.6113402052764082,0.0
2013-02-14 20:54,0.9154191450757673,0.0
2013-02-14 21:04,0.6098753294645108,0.0
2013-02-14 21:14,0.8208482370724453,0.0
2013-02-14 21:24,0.8577901460483778,0.18464932218608568
2013-02-14 21:34,0.8989716636097218,0.0
2013-02-14 21:44,0.6898319385207455,0.3526152495453801
2013-02-14 21:54,0.7937702912539072,0.0
2013-02-14 22:04,0.739643162795574,0.0
2013-02-14 22:14,0.5413931609953347,0.0
2013-02-14 22:24,0.7897722747446415,0.0
2013-02-14 22:34,0.5758621378567866,0.0
2013-02-14 22:44,0.725383058979212,0.05643726830061631
2013-02-14 22:54,0.7095395123868311,0.18398714495278023
2013-02-14 23:04,0.5148332103685668,0.0
2013-02-15 04:34,0.5366758026429196,0.0
2013-02-15 04:44,0.3324969079392764,0.7293173223362132
2013-02-15 04:54,0.7242247264021364,0.0
2013-02-15 05:04,0.42406828900551163,0.63681493129343
2013-02-15 05:14,0.6422563712939081,0.0
2013-02-15 05:24,0.6985053580514505,0.36068595157227945
2013-02-15 05:34,0.8230889682306916,0.0
2013-02-15 05:44,0.7832080326907819,0.0
2013-02-15 05:54,0.8952349538529971,0.0
2013-02-15 06:04,0.7018855880674714,0.34057368474404726
2013-02-15 06:14,0.5773699290991618,0.4650680289611428
2013-02-15 06:24,0.8517678370080346,0.04182593763846709
2013-02-15 06:34,0.7327873614076635,0.0
2013-02-15 06:44,0.610766271325112,0.0
2013-02-15 06:54,0.803050339322089,0.0
2013-02-15 07:04,0.7224423747299489,0.3200507532697969
2013-02-15 07:14,0.925026432399962,0.0
2013-02-15 07:24,0.7900248437835482,0.25252291722842934
2013-02-15 07:34,0.8432046061414162,0.0
2013-02-15 07:44,0.7490387423681595,0.313723623257574
2013-02-15 07:54,0.8840606357834656,0.026557510739475595
2013-02-15 08:04,0.7562420855618519,0.0
2013-02-15 08:14,0.9421682568162351,0.0
2013-02-15 08:24,0.7656089156074959,0.0
2013-02-15 08:34,0.9122277942077437,0.0
2013-02-15 08:44,0.8237570964278759,0.23737069107232578
2013-02-15 08:54,0.9154346775587784,0.0
2013-02-15 09:04,0.5699005710194841,0.0
2013-02-15 09:14,0.8202818735944503,0.0
2013-02-15 09:24,0.6646963939278164,0.3981044395487318
2013-02-15 09:34,0.7988542007458797,0.0
2013-02-15 09:44,0.5446855278581609,0.0
2013-02-15 09:54,0.7061675943072508,0.22615679510732228
2013-02-15 10:04,0.5268857628564767,0.5617049968846335
2013-02-15 10:14,0.837597432199818,0.0
2013-02-15 10:24,0.6739516925835984,0.14216236798974927
2013-02-15 10:34,0.7703366348322878,0.045619449401909845
2013-02-15 10:44,0.5043827514238182,0.44828106944137863
2013-02-15 10:54,0.11970888756829619,0.9917797017629838
2013-02-15 11:04,0.44834627479305394,0.3866675498683457
2013-02-15 11:14,0.4178089947616413,0.4193072677285038
2013-02-15 11:24,0.1555359005932726,0.8033609984297896
2013-02-15 16:44,0.5271775936356341,0.0
2013-02-15 16:54,0.13969793102944464,0.8958255539620912
2013-02-15 17:04,0.342589952014785,0.6907988030924646
2013-02-15 17:14,0.22139317741992917,0.8102611253818293
2013-02-15 17:24,0.2159724703626164,0.8141172263487725
2013-02-15 17:34,0.1196206297154941,1.0801010957634567
2013-02-15 17:44,0.7093874396535014,0.08990110158458112
2013-02-15 17:54,0.5806511742078804,0.3370846068385716
2013-02-15 18:04,0.6929412370208005,0.14400011510481905
2013-02-15 18:14,0.3301695586733294,0.610166864778641
2013-02-15 18:24,0.3224283167864293,0.7519507173697406
2013-02-15 18:34,0.5022781009058138,0.43753582770212707
2013-02-15 18:44,0.6673467042104203,0.27198317286899387
2013-02-15 18:54,0.8363292144754825,0.06004551740565183
2013-02-15 19:04,0.7532834834838961,0.14319977129962472
2013-02-15 19:14,0.8941444486168538,0.3010735573581268
2013-02-15 19:24,0.9163383165370773,0.10879120906496642
2013-02-15 19:34,0.8096691651914397,0.0
2013-02-15 19:44,0.5591676124460222,0.0
2013-02-15 19:54,0.8893100178829797,0.007910439417071872
2013-02-15 20:04,0.4652095039792414,0.7306030269237331
2013-02-15 20:14,0.8066915009712297,0.39058763730105306
2013-02-15 20:24,0.8927480982182447,0.15357213761637736
2013-02-15 20:34,0.918647513121222,0.0
2013-02-15 20:44,0.8094823601642588,0.10539422309730827
2013-02-15 20:54,0.9277076532766708,0.0
2013-02-15 21:04,0.8845999554777924,0.02990275989039272
2013-02-15 21:14,0.8553181515739904,0.059462239466215386
2013-02-15 21:24,0.31105551054749625,0.9305654968851457
2013-02-15 21:34,0.7300194843379789,0.203080283261083
2013-02-15 21:44,0.5247272549591772,0.7197213413297108
2013-02-15 21:54,0.9202208848395784,0.148596849427207
2013-02-15 22:04,0.27998165824627913,0.9665641449160716
2013-02-15 22:14,0.8355136963082584,0.0
2013-02-15 22:24,0.15975996000062617,0.9107970453469736
2013-02-15 22:34,0.32333707722947513,0.7487500407317845
2013-02-15 22:44,0.35362285658462517,0.5856212681316403
2013-02-15 22:54,0.5610764912799077,0.2753026231017319
2013-02-15 23:04,0.29653256880761214,0.5402183258609417
2013-02-15 23:14,0.363136434819974,0.5798646346431957
2013-02-15 23:24,0.03140646649858495,1.0472459362223365
2013-02-15 23:34,0.0,1.2413708793193576
2013-02-16 05:04,0.0,0.9498589731260192
2013-02-16 05:14,0.0,1.091362686492155
2013-02-16 05:24,0.39950695742436754,0.45726118969260526
2013-02-16 05:34,0.0006460664037439028,0.9638586157713884
2013-02-16 05:44,0.0,1.2864423571066397
2013-02-16 05:54,0.0,1.2868138863073846
2013-02-16 06:04,0.0,1.2682774627059472
2013-02-16 06:14,0.0,1.08546834562454
2013-02-16 06:24,0.3812586670496007,0.704783406901605
2013-02-16 06:34,0.3400350744892996,0.7440935812617225
2013-02-16 06:44,0.08401175551271056,0.9980825841626837
2013-02-16 06:54,0.48874626044874575,0.35324407951508796
2013-02-16 07:04,0.0,1.2596920805937308
2013-02-16 07:14,0.5705358110054212,0.2708845218303407
2013-02-16 07:24,0.27758507892221757,0.6674606116958365
2013-02-16 07:34,0.34619230005988416,0.7333935993143499
2013-02-16 07:44,0.5991896963512205,0.0
2013-02-16 07:54,0.0,1.2503714453811166
2013-02-16 08:04,0.629006461787847,0.3142436210234419
2013-02-16 08:14,0.40971770282063474,0.532632361821491
2013-02-16 08:24,0.3854490429592947,0.5565414536454597
2013-02-16 08:34,0.6185546234862507,0.323781946545211
2013-02-16 08:44,0.9233407935867728,0.0
2013-02-16 08:54,0.7841215340111554,0.13819095930862788
2013-02-16 09:04,0.8233598229479209,0.0
2013-02-16 09:14,0.5723645347982681,0.4821231790545093
2013-02-16 09:24,0.7200825027875974,0.20339956923314156
2013-02-16 09:34,0.8405194412292621,0.0
2013-02-16 09:44,0.8979566153655156,0.026488953608041217
2013-02-16 09:54,0.19049214329026032,1.0409648800451472
2013-02-16 10:04,0.7205273252185909,0.33649456090434376
2013-02-16 10:14,0.08583235166127198,1.1480311177730886
2013-02-16 10:24,0.5686775224713738,0.4911550655632667
2013-02-16 10:34,0.7384804260740299,0.005145050627959151
2013-02-16 10:44,0.4022150944764434,0.661154619259694
2013-02-16 10:54,0.7285784804445643,0.20443742978896942
2013-02-16 11:04,0.32013237622317187,0.7482503514805087
2013-02-16 11:14,0.16257898443177493,0.9096021746908718
2013-02-16 11:24,0.051905293407671964,1.0244278357900292
2013-02-16 11:34,0.22071081120097483,0.7253818237114499
2013-02-16 11:44,0.0,1.0911509562405592
2013-02-16 11:54,0.0,0.9638908206117378
2013-02-16 12:04,0.0,1.096566126713851
2013-02-16 17:14,0.0,1.250843268602359
2013-02-16 17:24,0.0,1.0832260199981858
2013-02-16 17:34,0.0,1.0790164346131315
2013-02-16 17:44,0.0,1.0695918565774958
2013-02-16 17:54,0.0,0.9383848649866979
2013-02-16 18:04,0.0,1.070330123459704
2013-02-16 18:14,0.4527988485933888,0.4724342489151734
2013-02-16 18:24,0.172680389918705,0.8861433358538151
2013-02-16 18:34,0.254460140279673,0.805608098164667
2013-02-16 18:44,0.10958553980040668,1.1281716618132105
2013-02-16 18:54,0.27350675368577,0.6555978435578138
2013-02-16 19:04,0.0,1.061239934313927
2013-02-16 19:14,0.3805617519753603,0.44486331160547815
2013-02-16 19:24,0.37168037268356996,0.5561120276399809
2013-02-16 19:34,0.0,1.2352255721857262
2013-02-16 19:44,0.5175604922082756,0.223490783714504
2013-02-16 19:54,0.514828456589122,0.4105059042738943
2013-02-16 20:04,0.0,1.0546229838047068
2013-02-16 20:14,0.3065608195919103,0.6179328182456229
2013-02-16 20:24,0.06419635393985273,0.9920199724729786
2013-02-16 20:34,0.1620029531152346,0.7621285137778333
2013-02-16 20:44,0.3730169802550486,0.6831080710963278
2013-02-16 20:54,0.21815946401404548,0.7057309372746062
2013-02-16 21:04,0.11897672971945157,0.9365043834157599
2013-02-16 21:14,0.27639492369729296,0.6468369434642347
2013-02-16 21:24,0.43433887634731966,0.4885854458010587
2013-02-16 21:34,0.18370215612920424,0.7386809702287662
2013-02-16 21:44,0.2883141739223479,0.5313339205126426
2013-02-16 21:54,0.2912860909664597,0.5280578335770737
2013-02-16 22:04,0.16315458244237313,0.8900065675965885
2013-02-16 22:14,0.0,1.2245086655419004
2013-02-16 22:24,0.1981293262995075,0.7236376389184199
2013-02-16 22:34,0.297157635005917,0.5223274121616203
2013-02-16 22:44,0.31409198109321385,0.5054541415609336
2013-02-16 22:54,0.0,1.0512272872150732
2013-02-16 23:04,0.0,1.0515876457414561
2013-02-16 23:14,0.00214620424133182,1.0512808788263515
2013-02-16 23:24,0.0,1.049904763293898
2013-02-16 23:34,0.0,1.4604405446308195
2013-02-16 23:44,0.0,1.2495318687120813
2013-02-17 00:04,0.0,1.098159105588764
2013-02-17 00:14,0.0,0.965313448260628
2013-02-17 00:24,0.0,0.9667840503853776
2013-02-17 05:24,0.0,1.2057033519730538
2013-02-17 05:34,0.06044482677127451,0.9965374074856083
2013-02-17 05:44,0.29184310798921476,0.5534848062218596
2013-02-17 05:54,0.09550858291161515,0.9606959826037297
2013-02-17 06:04,0.14812599432028487,0.9075755988867759
2013-02-17 06:14,0.010142883741902635,1.0449092863155953
2013-02-17 06:24,0.383136481188166,0.554194199344684
2013-02-17 06:34,0.44580181584557355,0.46763357848191317
2013-02-17 06:44,0.437508702705619,0.5901707797411966
2013-02-17 06:54,0.19082765137180302,0.8369665297983421
2013-02-17 07:04,0.44995909613418617,0.577897332822685
2013-02-17 07:14,0.3045787056323458,0.7233319882059329
2013-02-17 07:24,0.3523501875934985,0.6756145959673049
2013-02-17 07:34,0.3415400265959554,0.6864762375604667
2013-02-17 07:44,0.0,1.6381247259983909
2013-02-17 07:54,0.23042546894987304,0.7976820634035519
2013-02-17 08:04,0.11409969853590815,0.8861780437253881
2013-02-17 08:14,0.0,0.9435716851751753
2013-02-17 08:24,0.0,0.8389266513856238
2013-02-17 08:34,0.6273967473703517,0.0
2013-02-17 08:44,0.09628227488698121,0.9472131460297055
2013-02-17 08:54,0.0,0.7624240067393211
2013-02-17 09:04,0.0,0.8325257675680411
2013-02-17 09:14,0.0,0.8338976827863959
2013-02-17 09:24,0.0,0.7282982636109059
2013-02-17 09:34,0.0,1.1518627101873102
2013-02-17 09:44,0.0,0.7277977784827597
2013-02-17 09:54,0.0,0.6492628580810641
2013-02-17 10:04,0.0,0.7300886272638385
2013-02-17 10:14,0.0,1.1526073397180427
2013-02-17 10:24,0.0,0.6478828730475085
2013-02-17 10:34,0.0,0.6471420458182586
2013-02-17 10:44,0.0,1.1528757211513334
2013-02-17 10:54,0.0,0.6466974226764715
2013-02-17 11:04,0.0,0.6457118977077336
2013-02-17 11:14,0.0,1.1545658667324712
2013-02-17 11:24,0.0,0.7222469889211051
2013-02-17 11:34,0.0,0.8278005451101413
2013-02-17 11:44,0.0,0.7251723050192866
2013-02-17 11:54,0.0,0.743298138708001
2013-02-17 12:04,0.0,1.1722098465978805
2013-02-17 12:14,0.0,0.9826537453424566
2013-02-17 12:24,0.13087329177847276,0.5322851660319621
2013-02-17 12:34,0.0,1.2096545595249069
2013-02-17 12:44,0.13938581227441263,0.5399944276945682
2013-02-17 12:54,0.0,1.0133345071674187
2013-02-17 17:34,0.0,1.0193272972654603
2013-02-17 17:44,0.0,1.0161970376530283
2013-02-17 17:54,0.0,0.8742493017152005
2013-02-17 18:04,0.0,0.8719700362843519
2013-02-17 18:14,0.0,1.0118038578221127
2013-02-17 18:24,0.34813787084730835,0.08872005003004974
2013-02-17 18:34,0.0,1.0137003009491405
2013-02-17 18:44,0.09741126883558629,0.7757433891094854
2013-02-17 18:54,0.3796518230826376,0.38402339694247756
2013-02-17 19:04,0.0,1.2080383629699727
2013-02-17 19:14,0.0,0.871435137263691
2013-02-17 19:24,0.0,1.0103730251331855
2013-02-17 19:34,0.0,0.8719279845746154
2013-02-17 19:44,0.0,1.0131069720568244
2013-02-17 19:54,0.09946738093408458,0.7732960303977945
2013-02-17 20:04,0.03137225250578943,0.8408718444751734
2013-02-17 20:14,0.0,1.0086369619953832
2013-02-17 20:24,0.0,1.203864909351042
2013-02-17 20:34,0.4760892392404091,0.0
2013-02-17 20:44,0.0,1.0060732016698863
2013-02-17 20:54,0.26375815628621135,0.3464575001877702
2013-02-17 21:04,0.0,0.9892295187185983
2013-02-17 21:14,0.0,0.863378904283425
2013-02-17 21:24,0.0,0.8617457293390016
2013-02-17 21:34,0.0,0.9935111178916018
2013-02-17 21:44,0.0,0.8596552601335766
2013-02-17 21:54,0.0,1.1774375080207669
2013-02-17 22:04,0.0,0.9956140645104797
2013-02-17 22:14,0.0,0.8586252464708288
2013-02-17 22:24,0.0,0.8589794527854132
2013-02-17 22:34,0.0,0.9801746579920978
2013-02-17 22:44,0.0,1.1640024584671744
2013-02-17 22:54,0.0,0.740636218652027
2013-02-17 23:04,0.0,0.9693204299803486
2013-02-17 23:14,0.0,0.9763089716291571
2013-02-17 23:24,0.0,0.9684028082366928
2013-02-17 23:34,0.0,0.8412062171590784
2013-02-17 23:44,0.0,0.9701586333139671
2013-02-18 00:04,0.0,0.8430240278019572
2013-02-18 00:14,0.0,0.9774397473949649
2013-02-18 00:24,0.0,0.8453560868231095
2013-02-18 00:34,0.0,0.8290663776525947
2013-02-18 00:44,0.0,0.9643934706834643
2013-02-18 00:54,0.0,0.8261150339231449
2013-02-18 01:04,0.0,1.1362902970335091
2013-02-18 01:14,0.0,1.1320065648977058
2013-02-18 01:24,0.0,0.9512191146188531
2013-02-18 06:04,0.0,0.9645795290181617
2013-02-18 06:14,0.0,0.967433756883547
2013-02-18 06:24,0.0,0.9594773939464791
2013-02-18 06:34,0.0,1.150390899080959
2013-02-18 06:44,0.0,1.1415790534447934
2013-02-18 06:54,0.0,1.1354178916981155
2013-02-18 07:04,0.0,0.8357190720439086
2013-02-18 07:14,0.0,1.1470092070964195
2013-02-18 07:24,0.0,0.9515692881422766
2013-02-18 07:34,0.0,1.1310315802293776
2013-02-18 07:44,0.0,1.1475171654733973
2013-02-18 07:54,0.0,1.125564308327975
2013-02-18 08:04,0.0,1.1257186165051867
2013-02-18 08:14,0.0,1.1256699823770207
2013-02-18 08:24,0.0,1.1416831993687042
2013-02-18 08:34,0.0,1.1345748768578698
2013-02-18 08:44,0.0,0.9462487914646055
2013-02-18 08:54,0.0,1.1230012304224948
2013-02-18 09:04,0.0,1.1248599144509197
2013-02-18 09:14,0.10934422883428496,0.8419067928787819
2013-02-18 09:24,0.0,1.1257037149161222
2013-02-18 09:34,0.0,0.9500890157874212
2013-02-18 09:44,0.5249256749650005,0.0
2013-02-18 09:54,0.0,0.950914385036732
2013-02-18 10:04,0.015744855089195615,0.9353950271401206
2013-02-18 10:14,0.0,1.133035614441366
2013-02-18 10:24,0.0,1.1306235191176148
2013-02-18 10:34,0.032956546133419466,0.9188974661859816
2013-02-18 10:44,0.0,1.1252475446722954
2013-02-18 10:54,0.06590352520211548,1.0767929390251783
2013-02-18 11:04,0.5730530457056094,0.0
2013-02-18 11:14,0.0,0.9646091998855589
2013-02-18 11:24,0.0,1.1579269001360093
2013-02-18 11:34,0.0,1.1497252210388682
2013-02-18 11:44,0.0,1.1588343221735555
2013-02-18 11:54,0.0,1.1446570980993795
2013-02-18 12:04,0.0,1.1497288592618407
2013-02-18 12:14,0.0,0.9629017441096198
2013-02-18 12:24,0.0,1.1504652513518485
2013-02-18 12:34,0.0,0.9899649411629526
2013-02-18 12:44,0.01819760691241213,0.972795777161042
2013-02-18 12:54,0.0,1.172173334514913
2013-02-18 13:04,0.0,1.175838127000848
2013-02-18 13:14,0.0,1.1712026735781904
2013-02-18 13:24,0.0,1.1812211748104202
2013-02-18 13:34,0.0,1.212314031674342
2013-02-18 13:44,0.0,1.2061462877068392
2013-02-18 13:54,0.0,0.8646840403921914
2013-02-18 18:14,0.2195202283540717,0.6582201300405578
2013-02-18 18:24,0.050896333243222076,0.9732057713240373
2013-02-18 18:34,0.05160643545794386,0.9723786035799428
2013-02-18 18:44,0.1633409722222118,0.8604252391263244
2013-02-18 18:54,0.0,1.2200509323663087
2013-02-18 19:04,0.0,1.0370628909881443
2013-02-18 19:14,0.0,1.0381430327395407
2013-02-18 19:24,0.0,1.24898181026601
2013-02-18 19:34,0.03493936816287808,1.0080284476184276
2013-02-18 19:44,0.0,1.0378160274339572
2013-02-18 19:54,0.0,1.0377057266107086
2013-02-18 20:04,0.21632612665445985,0.8265181453618876
2013-02-18 20:14,0.2790979003747155,0.5029646517566948
2013-02-18 20:24,0.1170730085661341,0.9258207403015093
2013-02-18 20:34,0.0,1.0388811791293722
2013-02-18 20:44,0.39611591250143363,0.49762039171588257
2013-02-18 20:54,0.19952017167689243,0.6943231602025813
2013-02-18 21:04,0.0,1.0354651872545606
2013-02-18 21:14,0.0,1.2453375433994391
2013-02-18 21:24,0.3744280474456814,0.5193140448558944
2013-02-18 21:34,0.09150791267938095,0.9513724470804238
2013-02-18 21:44,0.0,1.242490625369597
2013-02-18 21:54,0.1972124579257235,0.8248952909957226
2013-02-18 22:04,0.21513846414227383,0.8069012619213934
2013-02-18 22:14,0.5612176987905698,0.0
2013-02-18 22:24,0.1959768003536355,1.0303767471272094
2013-02-18 22:34,0.24120956084767461,0.7806479319837539
2013-02-18 22:44,0.08859362644081482,0.933304528517649
2013-02-18 22:54,0.21071814711983955,0.8110498176373638
2013-02-18 23:04,0.11061675372892484,0.9108998603160243
2013-02-18 23:14,0.0,1.2132042204434907
2013-02-18 23:24,0.30418023059293964,0.5700439456854809
2013-02-18 23:34,0.43585429615916005,0.32843401541651035
2013-02-18 23:44,0.0,1.015188173817537
2013-02-19 00:04,0.0,1.0102076908708917
2013-02-19 00:14,0.0,1.0111977177196256
2013-02-19 00:24,0.0,1.0166760138703659
2013-02-19 00:34,0.0,1.1934508590610042
2013-02-19 00:44,0.07838321813105081,0.6847028413236402
2013-02-19 00:54,0.5372601908666463,0.017658458180695724
2013-02-19 01:04,0.0,1.0117072687396378
2013-02-19 01:14,0.0,1.0164239876001457
2013-02-19 01:24,0.0,0.8709427790181641
2013-02-19 01:34,0.0,1.013099511901248
2013-02-19 01:44,0.0,0.8722041430303984
2013-02-19 01:54,0.0,1.1997306477334098
2013-02-19 02:04,0.0,1.0120441677639016
2013-02-19 02:14,0.10458192027970678,0.767713166868362
2013-02-19 02:24,0.0,0.8620453088539229
2013-02-19 02:34,0.08449716293018432,0.9094061376222785
2013-02-19 02:44,0.0,0.8502129047846945
2013-02-19 06:54,0.03909882745776134,0.8079852413289365
2013-02-19 07:04,0.0,0.9694350758404355
2013-02-19 07:14,0.0,0.8274150213133123
2013-02-19 07:24,0.0,1.153271531940724
2013-02-19 07:34,0.08524947179394779,0.74705648603282
2013-02-19 07:44,0.0,1.1547091437921915
2013-02-19 07:54,0.0,0.9657830721985681
2013-02-19 08:04,0.0,0.9708825911444289
2013-02-19 08:14,0.0,0.9688459217001285
2013-02-19 08:24,0.0,0.9674124216617352
2013-02-19 08:34,0.29013367133750695,0.5414405730176984
2013-02-19 08:44,0.10831418533209167,0.8614677953180462
2013-02-19 08:54,0.0,1.155100195699103
2013-02-19 09:04,0.23315390380376236,0.49344419822809304
2013-02-19 09:14,0.0,1.146294117509269
2013-02-19 09:24,0.0,0.9624140104003307
2013-02-19 09:34,0.0,0.9651182009742716
2013-02-19 09:44,0.0,1.1465825844115742
2013-02-19 09:54,0.0,0.9497461393327481
2013-02-19 10:04,0.0,1.1310308009957748
2013-02-19 10:14,0.0,1.130828234306446
2013-02-19 10:24,0.30332394597004964,0.5123758025478218
2013-02-19 10:34,0.0009626938032185813,1.1402951062901867
2013-02-19 10:44,0.08380150964474194,0.8666308341582664
2013-02-19 10:54,0.0,1.136431113404604
2013-02-19 11:04,0.1534296977612529,0.7958569523572944
2013-02-19 11:14,0.14199888094304863,0.9966506529313147
2013-02-19 11:24,0.0,1.3986143947895122
2013-02-19 11:34,0.31239586106104383,0.6356728136810448
2013-02-19 11:44,0.12552490652960718,0.8221651552619342
2013-02-19 11:54,0.0,1.4063225559542676
2013-02-19 12:04,0.0,1.4002565087656016
2013-02-19 12:14,0.04601173867816798,1.0902261317379371
2013-02-19 12:24,0.11084670208737116,0.7006100939804036
2013-02-19 12:34,0.5077327907638008,0.3035825653909975
2013-02-19 12:44,0.0,1.1302920013925086
2013-02-19 12:54,0.0,1.127734633203119
2013-02-19 13:04,0.011932311962076508,1.1234285804111486
2013-02-19 13:14,0.0,1.3991718452947084
2013-02-19 13:24,0.10872684141437348,1.0261720817985307
2013-02-19 13:34,0.05163802959528493,1.083012156892246
2013-02-19 13:44,0.19793404267604092,0.7474062624076935
2013-02-19 13:54,0.3264945750190396,0.6186761327913942
2013-02-19 14:04,0.0,1.1222568077268917
2013-02-19 14:14,0.2581485491747663,0.6871751613903794
2013-02-19 14:24,0.0,1.4033689752743082
2013-02-19 14:34,0.0,1.382364555980096
2013-02-19 14:44,0.06814669454701316,0.8548521704790731
2013-02-19 14:54,0.0,1.3241681783292387
2013-02-19 15:04,0.0,1.2835744369246342
2013-02-19 15:14,0.5350437372906298,0.31169226911085157
2013-02-19 15:24,0.4678904430577871,0.5485370789102413
2013-02-19 15:34,0.0,1.2690235872641105
2013-02-19 15:44,0.10211093909925341,0.914974374726172
2013-02-19 19:14,0.43532757354980917,0.5786476833766038
2013-02-19 19:24,0.5251045164910004,0.0
2013-02-19 19:34,0.19051298011577836,0.8239249560457206
2013-02-19 19:44,0.3226348427762395,0.6921261367589562
2013-02-19 19:54,0.37278189595450373,0.6422239561610615
2013-02-19 20:04,0.5337223107561411,0.0
2013-02-19 20:14,0.38537983277508664,0.0
2013-02-19 20:24,0.9457042733055009,0.089594859278708
2013-02-19 20:34,0.10425468542599904,0.973315136398996
2013-02-19 20:44,0.4980250935842191,0.4013387848520648
2013-02-19 20:54,0.521978327819329,0.3787116057697994
2013-02-19 21:04,0.3580583720889625,0.7250455132695386
2013-02-19 21:14,0.22347742987277364,0.7002925791651221
2013-02-19 21:24,0.5283535341991392,0.0
2013-02-19 21:34,0.3805665964377012,0.7344906757882171
2013-02-19 21:44,0.5397596484868207,0.0
2013-02-19 21:54,0.058944689182190764,1.061984948897382
2013-02-19 22:04,0.6521347540479303,0.4872839437331276
2013-02-19 22:14,0.5844930901684523,0.3648977650858102
2013-02-19 22:24,0.23473927056571423,0.9041831664830197
2013-02-19 22:34,0.5354028204161341,0.6028652665585422
2013-02-19 22:44,0.3084450993679278,0.8288106347840197
2013-02-19 22:54,0.2541294257846429,0.8816893930285843
2013-02-19 23:04,0.3177542045312481,0.8168726555552615
2013-02-19 23:14,0.37318822768112325,0.7613637137539513
2013-02-19 23:24,0.22612394820000437,0.9086933638502981
2013-02-19 23:34,0.12899830948486482,1.0062812126432452
2013-02-19 23:44,0.0026441838680204884,1.1331396528225217
2013-02-20 00:04,0.2735461592660377,0.8629643327710675
2013-02-20 00:14,0.09639575880835306,1.040342381845006
2013-02-20 00:24,0.0,1.1317857381323322
2013-02-20 00:34,0.0,1.1356770643208236
2013-02-20 00:44,0.02393128156994916,1.113338166230491
2013-02-20 00:54,0.32725106977946594,0.810062052920182
2013-02-20 01:04,0.02199006740752699,1.1152756545821982
2013-02-20 01:14,0.3482690552220714,0.5993184763859271
2013-02-20 01:24,0.2976639226672605,0.6497171846740436
2013-02-20 01:34,0.10658066110794395,1.0506940325466458
2013-02-20 01:44,0.19225875181612517,0.772631590372571
2013-02-20 01:54,0.1212178162092387,1.0371058669970572
2013-02-20 02:04,0.637338960175592,0.19059784281900527
2013-02-20 02:14,0.08908875913742174,0.8769039339784341
2013-02-20 02:24,0.0,1.141838462410656
2013-02-20 02:34,0.17388753912093247,0.7925367037168376
2013-02-20 02:44,0.09045536027320342,1.0691649665330247
2013-02-20 02:54,0.0,0.9628010355802253
2013-02-20 03:04,0.0,0.9578364938558166
2013-02-20 03:14,0.49208525150536847,0.0
2013-02-20 03:24,0.0,0.9648504558152534
2013-02-20 03:34,0.0758610851314661,0.7528153181146685
2013-02-20 03:44,0.02445144887920052,0.9424560342657803
2013-02-20 03:54,0.0,1.1351338472749024
2013-02-20 04:04,0.0,1.1346458310737655
2013-02-20 04:14,0.0018895968288700638,1.1365042451172442
2013-02-20 04:24,0.0,1.1351414792473564
2013-02-20 08:24,0.03486192705250834,1.0080833724499014
2013-02-20 08:34,0.3130686443579338,0.7297763187010821
2013-02-20 08:44,0.0719558734919375,0.9709836680780862
2013-02-20 08:54,0.49113907818858676,0.4027372256930905
2013-02-20 09:04,0.7060181256671257,0.1877331526805982
2013-02-20 09:14,0.09546279732395252,0.9313817710540526
2013-02-20 09:24,0.253097942574436,0.7738269659101864
2013-02-20 09:34,0.2945956405427503,0.7483380793524094
2013-02-20 09:44,0.12593993044313223,0.9170499631863465
2013-02-20 09:54,0.20030176535980643,0.6936509569519191
2013-02-20 10:04,0.10481161616821676,0.938161069707008
2013-02-20 10:14,0.4269236045951161,0.6159394262676702
2013-02-20 10:24,0.19087082147360557,0.8520468195662302
2013-02-20 10:34,0.16386542088581788,0.7300528029217495
2013-02-20 10:44,0.22731359581530217,0.8155691253233438
2013-02-20 10:54,0.0,1.040519249346677
2013-02-20 11:04,0.05593279138781002,0.9867744883509469
2013-02-20 11:14,0.07268321077462647,0.9700163818907778
2013-02-20 11:24,0.4293629788705746,0.3527110650423502
2013-02-20 11:34,0.29058872670344726,0.6031564893223942
2013-02-20 11:44,0.1476232578001595,0.8950515986569589
2013-02-20 11:54,0.014515768046899802,1.0281362185077103
2013-02-20 12:04,0.24101774218879968,0.6527031259184933
2013-02-20 12:14,0.2646035605922562,0.7780643141531174
2013-02-20 12:24,0.032480037100090106,1.0101546809208342
2013-02-20 12:34,0.0,1.0338529936006622
2013-02-20 12:44,0.0,1.0370243226072762
2013-02-20 12:54,0.5123119151925145,0.009089194727129072
2013-02-20 13:04,0.3902879347515529,0.5034236908093428
2013-02-20 13:14,0.0,1.035788964246134
2013-02-20 13:24,0.0,1.0343072767606578
2013-02-20 13:34,0.11646198893441671,0.9261154923107724
2013-02-20 13:44,0.0,1.0308260791321482
2013-02-20 13:54,0.0,1.0370283456640697
2013-02-20 14:04,0.0,0.888653170350864
2013-02-20 14:14,0.0,1.0291885229841968
2013-02-20 14:24,0.0,1.042176284566449
2013-02-20 14:34,0.0,1.0362844496984112
2013-02-20 14:44,0.0,1.0261425745492918
2013-02-20 14:54,0.0,1.0347506069521328
2013-02-20 15:04,0.0,1.0306779276579905
2013-02-20 15:14,0.0,1.0290771052610537
2013-02-20 15:24,0.013646500422158233,0.8799629417506256
2013-02-20 15:34,0.0,1.0334002048065902
2013-02-20 15:44,0.0,1.021966094411929
2013-02-20 15:54,0.18261115907601957,0.5994058731780686
2013-02-20 16:04,0.0,1.041912134239318
2013-02-20 16:14,0.0,1.0368889397883354
2013-02-20 16:24,0.0,1.0411119077117947
2013-02-20 16:34,0.0,1.046469852864666
2013-02-20 16:44,0.1847213958538092,0.3059137858943578
2013-02-20 16:54,0.0,0.9010776512040012
2013-02-20 17:04,0.0,0.8081433517515572
2013-02-20 21:04,0.0,0.9324690852222259
2013-02-20 21:14,0.0,1.0885048443308292
2013-02-20 21:24,0.0,0.9182708885789479
2013-02-20 21:34,0.0,0.9307250787819036
2013-02-20 21:44,0.0,0.617065097338406
2013-02-20 21:54,0.0,0.6603588412603822
2013-02-20 22:04,0.0,1.0668933482707277
2013-02-20 22:14,0.25385039056992686,0.41215501937465726
2013-02-20 22:24,0.0,1.2864782261871344
2013-02-20 22:34,0.0,1.0444478996115243
2013-02-20 22:44,0.0,1.017096495195278
2013-02-20 22:54,0.26076266065675535,0.3852585279916607
2013-02-20 23:04,0.28434381248959095,0.5202175366631571
2013-02-20 23:14,0.2996287473537915,0.49331841025039447
2013-02-20 23:24,0.10591080957095689,0.6750491469650038
2013-02-20 23:34,0.0,1.0502232316985893
2013-02-20 23:44,0.1898621051799301,0.5643202053324405
2013-02-21 00:04,0.2737873076961916,0.4719361148526358
2013-02-21 00:14,0.055033829911992446,0.7460734526703305
2013-02-21 00:24,0.0,0.997761311977756
2013-02-21 00:34,0.006855268896847259,1.002017618931666
2013-02-21 00:44,0.0,1.6054801806376466
2013-02-21 00:54,0.0,1.1089623825603576
2013-02-21 01:04,0.06816774505829022,0.8637997488815884
2013-02-21 01:14,0.0,1.0236080586698877
2013-02-21 01:24,0.0,1.1009174941854918
2013-02-21 01:34,0.0,1.0990345842320368
2013-02-21 01:44,0.0,1.019376782440018
2013-02-21 01:54,0.029593207805860826,0.996596718158233
2013-02-21 02:04,0.0,1.118183996362181
2013-02-21 02:14,0.0,1.1303432949134562
2013-02-21 02:24,0.0,0.9002656752471723
2013-02-21 02:34,0.0,1.0814633123207957
2013-02-21 02:44,0.0,0.9587767333472804
2013-02-21 02:54,0.0,0.9805642310489617
2013-02-21 03:04,0.0,1.0721773259571263
2013-02-21 03:14,0.0,1.1354324701155787
2013-02-21 03:24,0.0,1.0397310146418908
2013-02-21 03:34,0.0,1.0464122420139128
2013-02-21 03:44,0.0,1.0799451942101304
2013-02-21 03:54,0.05333255734507896,0.9266324819142491
2013-02-21 04:04,0.0,1.071865772932694
2013-02-21 04:14,0.08494248812242132,0.976906574656017
2013-02-21 04:24,0.09772939008441439,0.8575500506920214
2013-02-21 04:34,0.3089893311925139,0.7801943339414904
2013-02-21 04:44,0.22896342110643317,0.8616720220913946
2013-02-21 04:54,0.232042070146376,0.8616768162452414
2013-02-21 05:04,0.09184634978070398,0.904262104662649
2013-02-21 05:14,0.09431423390223788,0.9852297936863591
2013-02-21 05:24,0.518939831542973,0.7462194877224496
2013-02-21 10:04,0.0,1.0435003751704277
2013-02-21 10:14,0.0,1.0476600996209655
2013-02-21 10:24,0.0,2.2126095235310927
2013-02-21 10:34,0.0,0.9538492343751203
2013-02-21 10:44,0.0,2.242659091561146
2013-02-21 10:54,0.0,2.2403342385257505
2013-02-21 11:04,0.0,0.9787622721065465
2013-02-21 11:14,0.0,0.9814485977784279
2013-02-21 11:24,0.0,1.0642128628834753
2013-02-21 11:34,0.0,0.9726449880521298
2013-02-21 11:44,0.0,1.163540342870365
2013-02-21 11:54,0.0,2.1824624191604642
2013-02-21 12:04,0.0,2.1867346171247073
2013-02-21 12:14,0.0,2.1830998154860253
2013-02-21 12:24,0.0,0.9698436056591687
2013-02-21 12:34,0.0,0.9681169020012542
2013-02-21 12:44,0.0,2.1646712999260065
2013-02-21 12:54,0.0,0.9505373465770605
2013-02-21 13:04,0.0,1.0394689665658914
2013-02-21 13:14,0.0,2.174242836194629
2013-02-21 13:24,0.0,0.954568255255806
2013-02-21 13:34,0.0,0.9854351199147224
2013-02-21 13:44,0.0,0.8946767312656202
2013-02-21 13:54,0.0,0.9775882537046076
2013-02-21 14:04,0.0,1.024195660812041
2013-02-21 14:14,0.0,1.1085516610072217
2013-02-21 14:24,0.0,0.9313624726915378
2013-02-21 14:34,0.0,1.011098351341883
2013-02-21 14:44,0.0,1.101338230186429
2013-02-21 14:54,0.0,1.1398778235992657
2013-02-21 15:04,0.0,2.2646368298108843
2013-02-21 15:14,0.0,2.199220498637174
2013-02-21 15:24,0.0,1.0655362874379282
2013-02-21 15:34,0.0,1.0503688225272243
2013-02-21 15:44,0.0,1.0674258202070026
2013-02-21 15:54,0.0,2.1677128320508374
2013-02-21 16:04,0.0,0.9669686355424243
2013-02-21 16:14,0.0,0.898567967747701
2013-02-21 16:24,0.0,0.9938290869320072
2013-02-21 16:34,0.0,2.2440951057585963
2013-02-21 16:44,0.026177061889808454,1.08938119919701
2013-02-21 16:54,0.0,1.092976715616402
2013-02-21 17:04,0.0,1.0051673873054148
2013-02-21 17:14,0.0,1.1002283163833517
2013-02-21 17:24,0.0,2.282115227122975
2013-02-21 17:34,0.0,2.2551412278458893
2013-02-21 17:44,0.0,1.005633537784485
2013-02-21 17:54,0.08141202145461536,0.9302608424979398
2013-02-21 22:34,0.1092286213193903,1.0044437051593134
2013-02-21 22:44,0.0,1.226813791355365
2013-02-21 22:54,0.11289925064969851,1.1279349710702624
2013-02-21 23:04,0.0,1.2869964071407602
2013-02-21 23:14,0.059017686932542,1.0085575379606762
2013-02-21 23:24,0.27021738836661,0.8054784703466755
2013-02-21 23:34,0.13406188327688273,0.939474118306546
2013-02-21 23:44,0.01763644039630904,1.1462101738152257
2013-02-22 00:04,0.0,1.2914590525240648
2013-02-22 00:14,0.0,2.4240764937651784
2013-02-22 00:24,0.1963831938637833,0.9760581759790409
2013-02-22 00:34,0.0,1.1077336487975837
2013-02-22 00:44,0.0,1.181233696296228
2013-02-22 00:54,0.0,1.1870855677253789
2013-02-22 01:04,0.0,1.1270628035939116
2013-02-22 01:14,0.0,2.293961376637079
2013-02-22 01:24,0.0,1.1496170179879563
2013-02-22 01:34,0.0,1.1405183574761024
2013-02-22 01:44,0.0,1.2542923021377608
2013-02-22 01:54,0.0,1.096663159598288
2013-02-22 02:04,0.0,1.02555546148741
2013-02-22 02:14,0.0,1.007340103693769
2013-02-22 02:24,0.0,2.2705823000992793
2013-02-22 02:34,0.0,1.8698125799803402
2013-02-22 02:44,0.0,1.1167527510075763
2013-02-22 02:54,0.15498511197464276,0.9767101658097423
2013-02-22 03:04,0.0,2.2940638489480154
2013-02-22 03:14,0.13844011739202514,0.9189496684471677
2013-02-22 03:24,0.08720150269458059,1.0875816439842747
2013-02-22 03:34,0.13654618407534713,0.827242255938786
2013-02-22 03:44,0.3361385857571487,0.7294185931876435
2013-02-22 03:54,0.27741165051802485,0.7858581821157584
2013-02-22 04:04,0.19799348941323067,0.9792416437523613
2013-02-22 04:14,0.4446622073361953,0.6206031951717657
2013-02-22 04:24,0.27650200099877376,0.7104248366854484
2013-02-22 04:34,0.3408565197533681,0.8617225610877044
2013-02-22 04:44,0.8094405454684966,0.16994283296158433
2013-02-22 04:54,0.5685596747592476,0.7520503065398139
2013-02-22 05:04,0.6433958934548931,0.6082133442981001
2013-02-22 05:14,0.7942379126754089,0.2251509552124828
2013-02-22 05:24,0.5027308812070141,0.3471699394012901
2013-02-22 05:34,0.7053901975022953,0.10065049781010207
2013-02-22 05:44,0.8614139229841297,0.0902655299144757
2013-02-22 05:54,0.41407129694214834,0.5358364336375988
2013-02-22 06:04,0.33879812737555864,0.43685884253183066
2013-02-22 06:14,0.251977254604489,0.5373825074807678
2013-02-22 11:14,0.11971172808257129,0.7693933511499684
2013-02-22 11:24,0.0,0.877712448569124
2013-02-22 11:34,0.158223086102378,0.6411280589227555
2013-02-22 11:44,0.0,1.8754708312338981
2013-02-22 11:54,0.0,0.8809338081611681
2013-02-22 12:04,0.0,1.5140799600948096
2013-02-22 12:14,0.10667572394459249,0.7791330439603377
2013-02-22 12:24,0.14446001786469886,0.7411119814918218
2013-02-22 12:34,0.07335775337638498,0.6090153153616032
2013-02-22 12:44,0.0,0.8139330104505946
2013-02-22 12:54,0.0,0.8241681064700761
2013-02-22 13:04,0.0,1.371467562079906
2013-02-22 13:14,0.05983441334981788,0.7734110738587
2013-02-22 13:24,0.0,0.745318167624426
2013-02-22 13:34,0.0,1.7057099154169268
2013-02-22 13:44,0.0,0.738024114531836
2013-02-22 13:54,0.0,1.3903630005031578
2013-02-22 14:04,0.0,0.8095318396616319
2013-02-22 14:14,0.1352096229178832,0.6973741820403193
2013-02-22 14:24,0.0,0.8252447666110677
2013-02-22 14:34,0.0,0.9264681347604661
2013-02-22 14:44,0.0,0.816263489610077
2013-02-22 14:54,0.013416852042288716,0.7360236109739212
2013-02-22 15:04,0.0,0.8278698085406822
2013-02-22 15:14,0.0,0.8248912078208402
2013-02-22 15:24,0.0,1.497265731012889
2013-02-22 15:34,0.23041851638615543,0.5657563221769397
2013-02-22 15:44,0.0,1.4973921689616543
2013-02-22 15:54,0.06009253935487184,0.8241676662427689
2013-02-22 16:04,0.37096642442117433,0.35398217248492464
2013-02-22 16:14,0.0,1.5148307407839396
2013-02-22 16:24,0.43379599733477936,0.23150651228242128
2013-02-22 16:34,0.2702854641440355,0.5273212613759592
2013-02-22 16:44,0.0,1.511229425546402
2013-02-22 16:54,0.8612036556231142,0.0
2013-02-22 17:04,0.35140388875499123,0.330935019727287
2013-02-22 17:14,0.0898106894940302,0.6993121987049492
2013-02-22 17:24,0.16204108681828028,0.40522760469439634
2013-02-22 17:34,0.02373987979129343,0.6186814188929972
2013-02-22 17:44,0.0,1.031015440090726
2013-02-22 17:54,0.38816967555563925,0.16222307550778278
2013-02-22 18:04,0.1466314048943639,0.4203118348957248
2013-02-22 18:14,0.23126461204430288,0.2781791252875712
2013-02-22 18:24,0.3622509782303493,0.14656579983997783
2013-02-22 18:34,0.3746293856700465,0.08753179343276761
2013-02-22 23:34,0.2871138275691589,0.19573299408792608
2013-02-22 23:44,0.2708941568878285,0.21174037572239082
2013-02-23 00:04,0.33374988607937883,0.2167225058109961
2013-02-23 00:14,0.5771213900153168,0.0
2013-02-23 00:24,0.011402682285109622,0.5776307768787766
2013-02-23 00:34,0.019141834090319915,0.5924083396960548
2013-02-23 00:44,0.0,1.3351876677377077
2013-02-23 00:54,0.0,1.4784141934557153
2013-02-23 01:04,0.3348295920254305,0.464598320318809
2013-02-23 01:14,0.0,1.5246603103826148
2013-02-23 01:24,0.14617608000957633,0.8518277934029341
2013-02-23 01:34,0.3244158639774316,0.5633716734360018
2013-02-23 01:44,0.4303921974593971,0.3690747740279645
2013-02-23 01:54,0.20724949775838705,0.679872217564644
2013-02-23 02:04,0.0,1.5380341284598975
2013-02-23 02:14,0.0,1.5246692050789643
2013-02-23 02:24,0.25584843690467707,0.5431752950205432
2013-02-23 02:34,0.5986685944971493,0.0
2013-02-23 02:44,0.0,1.8912491879222857
2013-02-23 02:54,0.0,1.5250862822871571
2013-02-23 03:04,0.3052453288465271,0.5803323729176848
2013-02-23 03:14,0.5147726222378204,0.14663899310288894
2013-02-23 03:24,0.0,1.0289905168314006
2013-02-23 03:34,0.0,1.036334034287061
2013-02-23 03:44,0.005575704622826657,1.0329935044339076
2013-02-23 03:54,0.0,0.9774768637533667
2013-02-23 04:04,0.0,0.9890178557276119
2013-02-23 04:14,0.0,0.9787658026547543
2013-02-23 04:24,0.0,0.9994455065801264
2013-02-23 04:34,0.5116647667276266,0.0
2013-02-23 04:44,0.0,0.990614753257149
2013-02-23 04:54,0.495241771898077,0.006984231481675882
2013-02-23 05:04,0.4662523562630106,0.0
2013-02-23 05:14,0.0,0.9824318119231056
2013-02-23 05:24,0.0,1.205021249907364
2013-02-23 05:34,0.5037599901550455,0.0
2013-02-23 05:44,0.3845923494468104,0.0
2013-02-23 05:54,0.0,1.2068789889088674
2013-02-23 06:04,0.0,0.9721383943229475
2013-02-23 06:14,0.4653439063705977,0.0
2013-02-23 06:24,0.0,1.1962937064881862
2013-02-23 06:34,0.39360488782549236,0.0
2013-02-23 06:44,0.0,1.2020771984651282
2013-02-23 12:14,0.345266292364446,0.10822049620872651
2013-02-23 12:24,0.0,0.9841628013240513
2013-02-23 12:34,0.0,0.9945313540182212
2013-02-23 12:44,0.0,0.968540694644642
2013-02-23 12:54,0.0,0.9675505323390962
2013-02-23 13:04,0.0,0.9952941050037698
2013-02-23 13:14,0.33880158623562356,0.046852464397080476
2013-02-23 13:24,0.0,0.9840803238994963
2013-02-23 13:34,0.0,0.974474285970099
2013-02-23 13:44,0.3535662902631692,0.0
2013-02-23 13:54,0.3697572778329537,0.0
2013-02-23 14:04,0.0,0.9853172059143336
2013-02-23 14:14,0.0,0.9832245576648336
2013-02-23 14:24,0.0,0.8269117345423214
2013-02-23 14:34,0.0,0.9758132547733473
2013-02-23 14:44,0.0,0.9820168148638532
2013-02-23 14:54,0.0,0.8251780722909489
2013-02-23 15:04,0.0,0.9745130071678229
2013-02-23 15:14,0.0,0.9785120953755468
2013-02-23 15:24,0.0,0.9865115426978359
2013-02-23 15:34,0.047065487656232106,0.8051743794864018
2013-02-23 15:44,0.0,1.010704736550839
2013-02-23 15:54,0.0,0.9972830319207101
2013-02-23 16:04,0.0,0.9961858517312672
2013-02-23 16:14,0.5010905914649589,0.003542528881122856
2013-02-23 16:24,0.0,0.9971993459664412
2013-02-23 16:34,0.0,0.8324350299630968
2013-02-23 16:44,0.01258149725108998,0.9778804826018661
2013-02-23 16:54,0.1434297801089272,0.8471157089373831
2013-02-23 17:04,0.17120238994985637,0.8374926887960251
2013-02-23 17:14,0.20673277234228654,0.5138509621016963
2013-02-23 17:24,0.36498380069160424,0.0
2013-02-23 17:34,0.0,1.0016114577688815
2013-02-23 17:44,0.0,1.0241902752671899
2013-02-23 17:54,0.11667446354747854,0.9085542121700675
2013-02-23 18:04,0.17987789446461766,0.8453108485724536
2013-02-23 18:14,0.0,1.0222361852088275
2013-02-23 18:24,0.0,1.0240569040120564
2013-02-23 18:34,0.08109163645604996,0.9476799485405616
2013-02-23 18:44,0.0,1.0302989884508613
2013-02-23 18:54,0.012099147177521198,1.0206625307574546
2013-02-23 19:04,0.0,1.0310990168276892
2013-02-24 00:24,0.0,1.1217967708927437
2013-02-24 00:34,0.0,0.9365272283054774
2013-02-24 00:44,0.0,1.1173252709911432
2013-02-24 00:54,0.38966569594636646,0.0
2013-02-24 01:04,0.4131417136968045,0.0
2013-02-24 01:14,0.0,1.1128126518617043
2013-02-24 01:24,0.0,1.1208165516826627
2013-02-24 01:34,0.014623891831715771,0.9209094723410025
2013-02-24 01:44,0.0,1.1176574009550853
2013-02-24 01:54,0.3099372592427587,0.808173699414355
2013-02-24 02:04,0.5204412011704177,0.0
2013-02-24 02:14,0.0,1.1154500817807722
2013-02-24 02:24,0.4125479586093744,0.5187495585431972
2013-02-24 02:34,0.47834560014727656,0.3208254842266758
2013-02-24 02:44,0.5193114848584791,0.0
2013-02-24 02:54,0.23244247032101434,0.8976197625029623
2013-02-24 03:04,0.0,1.130272340779577
2013-02-24 03:14,0.19839818653712543,0.6107165972545322
2013-02-24 03:24,0.0,1.1136793470626798
2013-02-24 03:34,0.17448400510143616,0.6279072750216022
2013-02-24 03:44,0.0,1.1214358955960357
2013-02-24 03:54,0.0,1.116795048830712
2013-02-24 04:04,0.034882711431875615,0.9025617090150357
2013-02-24 04:14,0.14467965638288577,0.7932951184347485
2013-02-24 04:24,0.0,1.1248121132162106
2013-02-24 04:34,0.0,1.1221909680316418
2013-02-24 04:44,0.47783685038711177,0.0
2013-02-24 04:54,0.0,1.1145624306831603
2013-02-24 05:04,0.3710732547435521,0.5524055361866284
2013-02-24 05:14,0.2049887126307874,0.9031858233556771
2013-02-24 05:24,0.01375937597135577,1.0944151761434315
2013-02-24 05:34,0.5186457561416032,0.0
2013-02-24 05:44,0.0,1.1027073184823888
2013-02-24 05:54,0.4546398862196156,0.0
2013-02-24 06:04,0.4107220392114752,0.0
2013-02-24 06:14,0.23261560947764442,0.6908876023837754
2013-02-24 06:24,0.19095584480892552,0.7325417722097742
2013-02-24 06:34,0.45667447215595963,0.0
2013-02-24 06:44,0.4840686947864744,0.0
2013-02-24 06:54,0.020415256082525493,0.9442461681910097
2013-02-24 07:04,0.49431342589424954,0.0
2013-02-24 07:14,0.0,1.1427789957763508
2013-02-24 07:24,0.0,1.1420934826535372
2013-02-24 12:54,0.0,0.9756644730217602
2013-02-24 13:04,0.4632463984075304,0.010207643050481363
2013-02-24 13:14,0.46719890533544556,0.04707133587193634
2013-02-24 13:24,0.0,1.0659518303056548
2013-02-24 13:34,0.0,1.1773818553859574
2013-02-24 13:44,0.0,0.8632794768966309
2013-02-24 13:54,0.35762880742091163,0.15598576841876466
2013-02-24 14:04,0.0,1.4079660729638843
2013-02-24 14:14,0.0,1.4102572914781941
2013-02-24 14:24,0.6247500341466794,0.0
2013-02-24 14:34,0.0,1.3884612559154925
2013-02-24 14:44,0.5049896434205005,0.11635176755398507
2013-02-24 14:54,0.0,1.1305153462661353
2013-02-24 15:04,0.6317831172951628,0.0
2013-02-24 15:14,0.0,1.331848956481465
2013-02-24 15:24,0.0,1.3155650528722869
2013-02-24 15:34,0.16852565497459468,1.0415852800454897
2013-02-24 15:44,0.5952158532299032,0.0
2013-02-24 15:54,0.4485704638556551,0.4971811847381609
2013-02-24 16:04,0.7271709873158371,0.0
2013-02-24 16:14,0.0,1.41444129906566
2013-02-24 16:24,0.5515483763959961,0.06365157702565419
2013-02-24 16:34,0.0,1.3703409776596926
2013-02-24 16:44,0.0,1.3661549236291122
2013-02-24 16:54,0.0,1.3816639022552348
2013-02-24 17:04,0.3855849473019966,0.2804931006838791
2013-02-24 17:14,0.0,1.1485394944115737
2013-02-24 17:24,0.0,1.1608460952972357
2013-02-24 17:34,0.184711727566107,0.4329341820871826
2013-02-24 17:44,0.0,0.9707294908596005
2013-02-24 17:54,0.2406309544431905,0.3280923144388987
2013-02-24 18:04,0.22918073025376795,0.2258829455168218
2013-02-24 18:14,0.0004362119867464557,0.5786893028127285
2013-02-24 18:24,0.0,1.0229318572918518
2013-02-24 18:34,0.0,1.020340662287904
2013-02-24 18:44,0.4024117790516613,0.0
2013-02-24 18:54,0.300600268991739,0.1909493552020256
2013-02-24 19:04,0.3413488673969433,0.01420605291201798
2013-02-24 19:14,0.3471968610360021,0.07986790045573064
2013-02-24 19:24,0.3911717202473057,0.009499053335435584
2013-02-24 19:34,0.0,1.0482228983193853
2013-02-25 01:04,0.031875899030438,0.531914608477323
2013-02-25 01:14,0.14749192496324334,0.4170560302015134
2013-02-25 01:24,0.15094887655904113,0.3442654351466672
2013-02-25 01:34,0.0,0.8935118617712295
2013-02-25 01:44,0.0,0.8765071236919175
2013-02-25 01:54,0.0,0.8448169061291988
2013-02-25 02:04,0.4258343213952514,0.16523871741711144
2013-02-25 02:14,0.0,1.1152688403086217
2013-02-25 02:24,0.38603425134946107,0.5306990413880037
2013-02-25 02:34,0.0,1.8312975856574234
2013-02-25 02:44,0.1410353244238928,0.6551990268475102
2013-02-25 02:54,0.0,1.5177639749011518
2013-02-25 03:04,0.0,1.5690836655388978
2013-02-25 03:14,0.6930985278837393,0.03825029635528795
2013-02-25 03:24,0.21706256200791915,1.112312017438562
2013-02-25 03:34,0.5172412426499144,0.2812766723238649
2013-02-25 03:44,0.6202014230797741,0.0
2013-02-25 03:54,0.7497606286976352,0.0
2013-02-25 04:04,0.3978524710865271,1.0533361890508408
2013-02-25 04:14,0.6572799603617124,0.0
2013-02-25 04:24,0.6508261044097502,0.0
2013-02-25 04:34,0.6826486261407436,0.0
2013-02-25 04:44,0.5404361600755433,0.25924425650550037
2013-02-25 04:54,0.643470991961379,0.0
2013-02-25 05:04,0.0,1.3357534598338037
2013-02-25 05:14,0.6879148874376666,0.0
2013-02-25 05:24,0.7374137502112444,0.0
2013-02-25 05:34,0.35967200473177263,1.038930884605646
2013-02-25 05:44,0.5980228615299875,0.0
2013-02-25 05:54,0.3116944665735032,1.0904040015742653
2013-02-25 06:04,0.05133375879409685,1.1813452483135767
2013-02-25 06:14,0.0,1.8206908913995874
2013-02-25 06:24,0.6026770301123325,0.2547915206548608
2013-02-25 06:34,0.0,2.2339177644685178
2013-02-25 06:44,0.375404593353363,0.6122718779114161
2013-02-25 06:54,0.13831021863925116,0.7150620569665296
2013-02-25 07:04,0.0,0.7830537990068879
2013-02-25 07:14,0.0,0.7317829937000672
2013-02-25 07:24,0.0,0.7216420731560921
2013-02-25 07:34,0.0,1.2812656124693236
2013-02-25 07:44,0.19972154961644328,0.39944154876912996
2013-02-25 07:54,0.0,1.317416328160901
2013-02-25 13:34,0.0,0.7897540595541767
2013-02-25 13:44,0.004260075392759833,0.9288509422969453
2013-02-25 13:54,0.0,1.0284553921013115
2013-02-25 14:04,0.8436329043808499,0.0
2013-02-25 14:14,0.4425877339811505,1.1638796698579799
2013-02-25 14:24,0.7588871825505757,0.2557397374408504
2013-02-25 14:34,0.6880488154591894,0.6249779938568295
2013-02-25 14:44,0.7865035065204391,0.31362508265820416
2013-02-25 14:54,0.0,1.9892633655274516
2013-02-25 15:04,0.0,1.9619830594925445
2013-02-25 15:14,0.0,1.9328749855988554
2013-02-25 15:24,0.0,1.9389945447199994
2013-02-25 15:34,0.4479107988689581,0.5412312705378318
2013-02-25 15:44,0.5333524375313873,0.4080626386430757
2013-02-25 15:54,0.41081176074226566,0.7936890599599321
2013-02-25 16:04,0.0,2.2176566513810485
2013-02-25 16:14,0.0,1.8454390725486909
2013-02-25 16:24,0.5743739134794545,0.2897512694755838
2013-02-25 16:34,0.0,2.134517730348359
2013-02-25 16:44,0.42492812423679155,0.6557735413996116
2013-02-25 16:54,0.8128182006935991,0.0
2013-02-25 17:04,0.8320095256350617,0.0
2013-02-25 17:14,0.7842288560891015,0.05979854741880135
2013-02-25 17:24,0.844715072491513,0.0
2013-02-25 17:34,0.7987612739780625,0.0
2013-02-25 17:44,0.0,1.6642607549302457
2013-02-25 17:54,0.7117249818899364,0.20808173118041273
2013-02-25 18:04,0.3166129907852426,0.4446681431287912
2013-02-25 18:14,0.6335748820121527,0.03966980709224345
2013-02-25 18:24,0.21746572459615335,0.5237738315727558
2013-02-25 18:34,0.07332724801135061,0.7681328309903577
2013-02-25 18:44,0.1592079875791187,0.5810070506197776
2013-02-25 18:54,0.4404570284452975,0.06802272053561716
2013-02-25 19:04,0.0,1.0535364948409127
2013-02-25 19:14,0.0,0.9211231691880869
2013-02-25 19:24,0.3019801628145477,0.14731660726910595
2013-02-25 19:34,0.1987001713737964,0.31978533713291973
2013-02-25 19:44,0.0,1.0636129767895925
2013-02-25 19:54,0.3705523304564026,0.07939679816360654
2013-02-25 20:04,0.04656603017645978,0.5666036212782766
2013-02-25 20:14,0.0,1.23855677884175
2013-02-26 01:44,0.07093402656343559,0.4177785893088703
2013-02-26 01:54,0.2204827471578299,0.1646807590137205
2013-02-26 02:04,0.0,0.852901619197506
2013-02-26 02:14,0.03035330503765514,0.8780734810986324
2013-02-26 02:24,0.0,1.1276012905818473
2013-02-26 02:34,0.0,1.204592125543047
2013-02-26 02:44,0.31250239377657585,0.2957268357771965
2013-02-26 02:54,0.0,1.586537462568132
2013-02-26 03:04,1.078057163971481,0.38629306214865866
2013-02-26 03:14,1.030611361052125,0.0
2013-02-26 03:24,0.4458416868239155,2.435039512440068
2013-02-26 03:34,0.8377312396450723,1.582922731461088
2013-02-26 03:44,1.1414680345648953,0.013504677640945734
2013-02-26 03:54,1.0163472928833728,0.2339012892891954
2013-02-26 04:04,0.4715626266022628,2.181041850020122
2013-02-26 04:14,0.49650170614838474,2.134761190045163
2013-02-26 04:24,1.0226545936071212,0.0
2013-02-26 04:34,1.045411209747472,0.0
2013-02-26 04:44,0.8252787465308644,1.0469094304066573
2013-02-26 04:54,1.1258350500331868,0.0
2013-02-26 05:04,0.3305881901681647,1.8049664070800062
2013-02-26 05:14,1.0214439116796707,0.0825653438282786
2013-02-26 05:24,1.0667333524874012,0.12805755824803103
2013-02-26 05:34,0.30369167563075466,1.7903486131963031
2013-02-26 05:44,0.9493512340231466,0.16833559018438876
2013-02-26 05:54,0.9998140203029522,0.11170869115946765
2013-02-26 06:04,0.0,2.224045057522105
2013-02-26 06:14,0.0,1.674339245378676
2013-02-26 06:24,0.3809879355234969,0.234518557074148
2013-02-26 06:34,0.0,0.7733961038904192
2013-02-26 06:44,0.23271356649274888,0.4108224525216616
2013-02-26 06:54,0.0,1.1725681487876176
2013-02-26 07:04,0.37602051193858543,0.13587147362585797
2013-02-26 07:14,0.24267395507031123,0.31997398616880623
2013-02-26 07:24,0.39014462805748373,0.0
2013-02-26 07:34,0.3968910796874255,0.0
2013-02-26 07:44,0.28105511606467326,0.22275080533596028
2013-02-26 07:54,0.0,1.066012077853802
2013-02-26 08:04,0.20351369096116467,0.30026139361824444
2013-02-26 08:14,0.25672568654750105,0.29743512948712175
2013-02-26 08:24,0.2747979939729705,0.07158806232983615
2013-02-26 14:14,0.5298310355374529,0.0
2013-02-26 14:24,0.0,1.0452570402605585
2013-02-26 14:34,0.0,0.8914613171047754
2013-02-26 14:44,0.0,1.3301617626732383
2013-02-26 14:54,0.0,1.4119431525071362
2013-02-26 15:04,0.27532079109072183,0.6124597776563331
2013-02-26 15:14,0.0,1.535708225344138
2013-02-26 15:24,0.0,1.5426959064855499
2013-02-26 15:34,0.0,1.537221350665117
2013-02-26 15:44,0.0,1.5442876755785915
2013-02-26 15:54,0.0,1.5410057838359594
2013-02-26 16:04,0.0,1.5431944067208747
2013-02-26 16:14,0.0,1.5583526894732147
2013-02-26 16:24,0.0,1.5572144237078136
2013-02-26 16:34,0.06848314975822295,1.2594591494214074
2013-02-26 16:44,0.03073971873452433,1.2971243358761044
2013-02-26 16:54,0.0,1.5564279620647896
2013-02-26 17:04,0.3571813283784497,0.39316690369278784
2013-02-26 17:14,0.0,1.3620902842152942
2013-02-26 17:24,0.0,0.9740444423700666
2013-02-26 17:34,0.0,1.0977228987521668
2013-02-26 17:44,0.6882291519471925,0.33785818904199544
2013-02-26 17:54,0.1151127494685068,0.8892988422586316
2013-02-26 18:04,0.01015199859858082,0.8413634057550885
2013-02-26 18:14,0.202443958754443,0.8156202831073436
2013-02-26 18:24,0.1821662983550219,0.6642381947419569
2013-02-26 18:34,0.13106989626749144,0.7163609670545372
2013-02-26 18:44,0.0,1.014755881178894
2013-02-26 18:54,0.0,1.01058324244
2013-02-26 19:04,0.0,0.9894141633940597
2013-02-26 19:14,0.11325335799393471,0.7123268670242611
2013-02-26 19:24,0.0,0.9891546794124261
2013-02-26 19:34,0.0,0.9811233972360467
2013-02-26 19:44,0.0,0.9785897487723412
2013-02-26 19:54,0.16171685279477074,0.6637717227833687
2013-02-26 20:04,0.49651675120370736,0.0
2013-02-26 20:14,0.0,0.9900222880418622
2013-02-26 20:24,0.016749271708007944,0.9738516333894466
2013-02-26 20:34,0.0,0.9979414569690563
2013-02-26 20:44,0.0,1.0012517075468639
2013-02-27 02:14,0.0,1.1744533163587643
2013-02-27 02:24,0.0,1.1412132671795405
2013-02-27 02:34,0.0,1.0242119107662861
2013-02-27 02:44,0.0,1.1411772275107748
2013-02-27 02:54,0.0,1.4360383152855314
2013-02-27 03:04,0.0,1.3046424906097893
2013-02-27 03:14,0.0,1.3150110294674109
2013-02-27 03:24,0.0,1.5453775807225252
2013-02-27 03:34,0.0,1.5408452149248595
2013-02-27 03:44,0.0,1.5432845701005318
2013-02-27 03:54,0.0,1.5414739782150204
2013-02-27 04:04,0.0,1.52792204497959
2013-02-27 04:14,0.0,1.3020813508009457
2013-02-27 04:24,0.0,1.5286432627761724
2013-02-27 04:34,0.0,1.3205460028663292
2013-02-27 04:44,0.0,1.3136811151641612
2013-02-27 04:54,0.0,1.5503090129896444
2013-02-27 05:04,0.0,1.307112026080681
2013-02-27 05:14,0.0,1.5537195503555183
2013-02-27 05:24,0.0,1.5522619972201532
2013-02-27 05:34,0.0,1.5537830305013212
2013-02-27 05:44,0.0,1.555669943395312
2013-02-27 05:54,0.4175404359637005,0.7246777993878103
2013-02-27 06:04,0.7342889365592394,0.0
2013-02-27 06:14,0.22455206890441476,1.109470224132114
2013-02-27 06:24,0.7651792087471867,0.0
2013-02-27 06:34,0.08090985650720088,1.6203353072644822
2013-02-27 06:44,0.08284681006499237,1.3374363552436035
2013-02-27 06:54,0.0,1.7052907865931755
2013-02-27 07:04,0.0,1.5189475458639459
2013-02-27 07:14,0.3296386147965379,0.3161697462517141
2013-02-27 07:24,0.0,1.3700897207834057
2013-02-27 07:34,0.0,1.1076935107314665
2013-02-27 07:44,0.0,1.020186949134092
2013-02-27 07:54,0.0,1.1195931198710911
2013-02-27 08:04,0.0,1.0868022976742948
2013-02-27 08:14,0.0,0.9237213246621518
2013-02-27 08:24,0.0,0.9151211904666378
2013-02-27 08:34,0.18827548465660335,0.3261916077645897
2013-02-27 08:44,0.23255193242874567,0.2932482409755887
2013-02-27 08:54,0.15941536314798435,0.3238085004472528
2013-02-27 09:04,0.3667614225723813,0.0
2013-02-27 14:44,0.19678546858123874,0.44912467236735676
2013-02-27 14:54,0.0,0.6370152449135413
2013-02-27 15:04,0.0,0.9459219964859227
2013-02-27 15:14,0.0,1.060323566470461
2013-02-27 15:24,0.0,1.3740440942664764
2013-02-27 15:34,0.0,1.356277523064596
2013-02-27 15:44,0.0,1.691484442792738
2013-02-27 15:54,0.0,1.66160403460705
2013-02-27 16:04,0.1839769081924544,0.7715960868870437
2013-02-27 16:14,0.0,1.5564963620677037
2013-02-27 16:24,0.0,1.7969523339083395
2013-02-27 16:34,0.08233010452069432,0.8980351085483662
2013-02-27 16:44,0.0,1.7932477120781256
2013-02-27 16:54,0.0,1.8042508229677896
2013-02-27 17:04,0.13496676870040478,0.8472158852013245
2013-02-27 17:14,0.0,1.0546589960088806
2013-02-27 17:24,0.2661989926239783,0.6367013823842913
2013-02-27 17:34,0.266323875641466,0.7966350970852245
2013-02-27 17:44,0.06136304581778834,0.9952525601503541
2013-02-27 17:54,0.259987717588749,0.7960542895120013
2013-02-27 18:04,0.0,1.8019782737240484
2013-02-27 18:14,0.0,1.8103854450919192
2013-02-27 18:24,0.0,1.7702967680172417
2013-02-27 18:34,0.0,1.7206155988528584
2013-02-27 18:44,0.5544155296707086,0.33412154925131765
2013-02-27 18:54,0.0,1.7049853902432548
2013-02-27 19:04,0.0,1.6536915394998506
2013-02-27 19:14,0.5047685870084788,0.3370714837126028
2013-02-27 19:24,0.0,1.6431951991194678
2013-02-27 19:34,0.0,1.590937790169354
2013-02-27 19:44,0.0,1.5889539620648834
2013-02-27 19:54,0.0,1.60891982950749
2013-02-27 20:04,0.5100905962510563,0.3392195181857443
2013-02-27 20:14,0.2049860942180114,0.8531707564346241
2013-02-27 20:24,0.6905656100747172,0.4066388126472051
2013-02-27 20:34,0.0,1.4908180532925506
2013-02-27 20:44,0.5729893337960135,0.12692396782167428
2013-02-27 20:54,0.6499681690279306,0.0
2013-02-27 21:04,0.21363574062071736,0.44829735659919806
2013-02-27 21:14,0.0,1.1475350523358847
2013-02-27 21:24,0.5115718313649207,0.0
2013-02-28 02:54,0.0,1.1031553354907007
2013-02-28 03:04,0.0,0.7358928201742944
2013-02-28 03:14,0.0,1.040176016692891
2013-02-28 03:24,0.0,1.2533045388687865
2013-02-28 03:34,0.17559065291712359,0.7622268119739428
2013-02-28 03:44,0.012933822877357273,0.7712830282303438
2013-02-28 03:54,0.0,0.9916456064045225
2013-02-28 04:04,0.0,1.3755619928751002
2013-02-28 04:14,0.0,0.9343193732181011
2013-02-28 04:24,0.0,1.5944001112637438
2013-02-28 04:34,0.0,1.5932647593406832
2013-02-28 04:44,0.0,1.593304259238168
2013-02-28 04:54,0.0,0.9723386984776704
2013-02-28 05:04,0.0,1.3981549143559062
2013-02-28 05:14,0.0,1.0250643369098922
2013-02-28 05:24,0.001614395372036668,0.8270366156865829
2013-02-28 05:34,0.0,1.6024464498584075
2013-02-28 05:44,0.0,1.6088447900072091
2013-02-28 05:54,0.0,0.9389629743693193
2013-02-28 06:04,0.0,1.570709655579186
2013-02-28 06:14,0.0,1.5658645203216313
2013-02-28 06:24,0.0,0.9948110126531546
2013-02-28 06:34,0.0,1.5901817912842657
2013-02-28 06:44,0.0,0.9134832063547668
2013-02-28 06:54,0.0,1.55648528747072
2013-02-28 07:04,0.0,1.5232116798865971
2013-02-28 07:14,0.0,1.2476464590148926
2013-02-28 07:24,0.1240321182931655,0.7796378844614977
2013-02-28 07:34,0.0,1.2465954403771575
2013-02-28 07:44,0.0,1.492287662912579
2013-02-28 07:54,0.32440638038238173,0.5196614901663914
2013-02-28 08:04,0.0,1.6390567373539642
2013-02-28 08:14,0.0,1.4302511615461053
2013-02-28 08:24,0.0,1.6853001340350855
2013-02-28 08:34,0.0,1.606302495110437
2013-02-28 08:44,0.0,1.3952946855072144
2013-02-28 08:54,0.44335696496660204,0.46126372658860115
2013-02-28 09:04,0.0,1.5762289105459404
2013-02-28 09:14,0.0,1.510110784065062
2013-02-28 09:24,0.0,1.4301384981566452
2013-02-28 09:34,0.3626476743253272,0.2757509493131029
2013-02-28 15:14,0.0,1.347833501344592
2013-02-28 15:24,0.0,0.8283877837747988
2013-02-28 15:34,0.0,1.340356969417945
2013-02-28 15:44,0.0,1.1172802207417212
2013-02-28 15:54,0.2736956259850501,0.34285694531755007
2013-02-28 16:04,0.0,0.9109067588419523
2013-02-28 16:14,0.0,1.1919427431210847
2013-02-28 16:24,0.0,1.4186471120216135
2013-02-28 16:34,0.0,1.9521020109671645
2013-02-28 16:44,0.0,1.327699276154036
2013-02-28 16:54,0.0,1.3044119178526594
2013-02-28 17:04,0.0,1.4548862014250454
2013-02-28 17:14,0.481165010795007,0.3214799033252689
2013-02-28 17:24,0.0,1.7334401973370421
2013-02-28 17:34,0.4615088211734951,0.2971275203085443
2013-02-28 17:44,0.0,1.3319182765229778
2013-02-28 17:54,0.0,1.5184166041869713
2013-02-28 18:04,0.0,1.495458416820862
2013-02-28 18:14,0.49631160774570426,0.2187194788808781
2013-02-28 18:24,0.0,1.7594524098523747
2013-02-28 18:34,0.0,1.3017627417278317
2013-02-28 18:44,0.06551985604591479,1.234180264581345
2013-02-28 18:54,0.0,1.4870327772092695
2013-02-28 19:04,0.0,1.463897262722762
2013-02-28 19:14,0.0,1.2813691607442588
2013-02-28 19:24,0.6120711054919898,0.08347373673872545
2013-02-28 19:34,0.0,1.3946508927179373
2013-02-28 19:44,0.6247715156476361,0.0
2013-02-28 19:54,0.6040468004778478,0.10660746003085074
2013-02-28 20:04,0.0,1.5589237289480165
2013-02-28 20:14,0.0,1.9858378509011967
2013-02-28 20:24,1.0169520534697924,0.01711481854614711
2013-02-28 20:34,0.6880408224392187,0.14296157408192178
2013-02-28 20:44,0.42171658144503676,0.28047589329237976
2013-02-28 20:54,0.6803865269443959,0.020542910940996684
2013-02-28 21:04,0.0,1.4979832162301425
2013-02-28 21:14,0.5012348598894639,0.09065969865842409
2013-02-28 21:24,0.5691734727381949,0.0
2013-02-28 21:34,0.531464697942284,0.0
2013-02-28 21:44,0.2593381667583556,0.837178538543478
2013-02-28 21:54,0.33658929398556336,0.2891542258380051
2013-03-01 03:34,0.0,1.1813623965139117
2013-03-01 03:44,0.0,1.149525216411374
2013-03-01 03:54,0.0,1.1639286250648138
2013-03-01 04:04,0.0,1.1819484268692768
2013-03-01 04:14,0.0,1.3530728081420194
2013-03-01 04:24,0.0,1.3349467174222946
2013-03-01 04:34,0.0,1.1193952706213284
2013-03-01 04:44,0.0,1.4961628235379303
2013-03-01 04:54,0.0,1.1946969346884668
2013-03-01 05:04,0.23282925501828197,0.2984378362153499
2013-03-01 05:14,0.0,1.0361560212561154
2013-03-01 05:24,0.0,1.195305399181324
2013-03-01 05:34,0.0,1.0285849077053693
2013-03-01 05:44,0.0,1.1964885159925767
2013-03-01 05:54,0.31720510409409547,0.4233397556382425
2013-03-01 06:04,0.0,1.1895951293588343
2013-03-01 06:14,0.35756397329837475,0.2293184261293505
2013-03-01 06:24,0.0,1.5056699117688308
2013-03-01 06:34,0.0,1.4043823108770763
2013-03-01 06:44,0.0,1.4103033145683084
2013-03-01 06:54,0.0,1.2657316150534723
2013-03-01 07:04,0.0,1.334457407175022
2013-03-01 07:14,0.31029135957365167,0.5946026313852093
2013-03-01 07:24,0.0,1.4720600030011062
2013-03-01 07:34,0.0,1.4664954150418756
2013-03-01 07:44,0.48193055285906,0.33296241908622864
2013-03-01 07:54,0.04817153082863678,1.2549025500814723
2013-03-01 08:04,0.0,1.5089503877180397
2013-03-01 08:14,0.5425380897120045,0.20803571960177275
2013-03-01 08:24,0.0,1.6014191333421774
2013-03-01 08:34,0.7412259089693322,0.04688878822786858
2013-03-01 08:44,0.08934128466591466,1.1458673107014845
2013-03-01 08:54,0.38899994682324907,0.9702017636413263
2013-03-01 09:04,0.6331139803522671,0.3264090405299101
2013-03-01 09:14,0.7181611862135275,0.2501387752285107
2013-03-01 09:24,0.7684762618597681,0.1234728953621594
2013-03-01 09:34,0.173899416018103,1.4715472881784741
2013-03-01 09:44,0.6588555536937175,0.3575445627134559
2013-03-01 09:54,0.0,2.733345307604541
2013-03-01 10:04,0.424791229741038,0.5693447294172822
2013-03-01 10:14,0.19257943282925138,0.6758152502057435
2013-03-01 15:54,0.0,0.5913674653564628
2013-03-01 16:04,0.10851530948213753,0.7204369180665207
2013-03-01 16:14,0.1482026565213684,0.6039554329821788
2013-03-01 16:24,0.0,1.1154889560583856
2013-03-01 16:34,0.1587925689642958,0.45095871791615816
2013-03-01 16:44,0.0,2.0865636524780444
2013-03-01 16:54,0.0,0.9765285381337184
2013-03-01 17:04,0.31497836211993474,0.5175100774424983
2013-03-01 17:14,0.0,1.6387218147617468
2013-03-01 17:24,0.05369417464059186,0.923327640299285
2013-03-01 17:34,0.0,1.505594828918443
2013-03-01 17:44,0.0,1.4507686105421393
2013-03-01 17:54,0.2335142803940755,0.5697933602786679
2013-03-01 18:04,0.2243684788962271,0.5264110290405405
2013-03-01 18:14,0.0,1.8947715602767818
2013-03-01 18:24,0.0,1.879941523753184
2013-03-01 18:34,0.0,1.390301011772928
2013-03-01 18:44,0.19181569269813856,0.607896596785169
2013-03-01 18:54,0.1991808965809087,0.542053734904559
2013-03-01 19:04,0.0,1.988311385861604
2013-03-01 19:14,0.0,1.664967389672728
2013-03-01 19:24,0.3959375761673637,0.4627226407133821
2013-03-01 19:34,0.3008977341236769,0.552445052211733
2013-03-01 19:44,0.0,1.5021181200904206
2013-03-01 19:54,0.0,1.5230850408137189
2013-03-01 20:04,0.0,1.5030535770737845
2013-03-01 20:14,0.31204867849489637,0.5277298713138994
2013-03-01 20:24,0.0,1.4881285944345826
2013-03-01 20:34,0.0,1.5349280664181655
2013-03-01 20:44,0.0,1.8268503014621866
2013-03-01 20:54,0.29758669076237226,0.5655687931888277
2013-03-01 21:04,0.25787099126072655,0.7624501566264021
2013-03-01 21:14,0.0,1.9082123782614415
2013-03-01 21:24,0.4223489837763265,0.3090997781250849
2013-03-01 21:34,0.20295016004771282,0.48764423767056325
2013-03-01 21:44,0.0,1.6131978577374828
2013-03-01 21:54,0.5086946453283564,0.18621745543269247
2013-03-01 22:04,0.2823556454804289,0.36439379849959663
2013-03-01 22:14,0.0,0.9870320671028365
2013-03-01 22:24,0.13988341881008654,0.3267955747648816
2013-03-01 22:34,0.0,0.5490970071226075
2013-03-02 04:14,0.0,1.145578398214259
2013-03-02 04:24,0.0,0.8955363261879957
2013-03-02 04:34,0.0,1.002484362386921
2013-03-02 04:44,0.0,1.1596042160172775
2013-03-02 04:54,0.0,1.1217870090869246
2013-03-02 05:04,0.0,1.1677513023022152
2013-03-02 05:14,0.0,0.8936810773225774
2013-03-02 05:24,0.0,1.3867377611401868
2013-03-02 05:34,0.42413565782671486,0.13717962487696644
2013-03-02 05:44,0.0,1.3887117743051143
2013-03-02 05:54,0.08352651141067441,0.5231607470559552
2013-03-02 06:04,0.0,1.1708316145089999
2013-03-02 06:14,0.0,1.3840976209519353
2013-03-02 06:24,0.0,1.1796240681378447
2013-03-02 06:34,0.0,1.170495910977614
2013-03-02 06:44,0.0,1.1694966139589442
2013-03-02 06:54,0.0,1.3839486897486375
2013-03-02 07:04,0.18875333538347258,0.3318099310244825
2013-03-02 07:14,0.0,1.169501593861252
2013-03-02 07:24,0.0,1.3795463485922725
2013-03-02 07:34,0.0,1.0145317521962085
2013-03-02 07:44,0.0,1.1698118675878926
2013-03-02 07:54,0.0,1.3930067524934993
2013-03-02 08:04,0.0,1.1709644114117743
2013-03-02 08:14,0.0,1.3988210771522986
2013-03-02 08:24,0.0,1.496791390688406
2013-03-02 08:34,0.0,1.4959622641384867
2013-03-02 08:44,0.0,1.5593579552110313
2013-03-02 08:54,0.0,1.3103366645943317
2013-03-02 09:04,0.0,1.31822006021719
2013-03-02 09:14,0.0,1.316393024550323
2013-03-02 09:24,0.1981784095483417,0.5304027371637189
2013-03-02 09:34,0.5284543768994503,0.13352723337450303
2013-03-02 09:44,0.0,1.4148382213787851
2013-03-02 09:54,0.0,1.6874133534722293
2013-03-02 10:04,0.0,1.3064575988188882
2013-03-02 10:14,0.0,1.1443763777678384
2013-03-02 10:24,0.32566011243700504,0.22088548226322466
2013-03-02 10:34,0.0,1.1437046292324997
2013-03-02 10:44,0.21370691677775086,0.27896776181220195
2013-03-02 10:54,0.0,0.9586360388667089
2013-03-02 16:34,0.0,1.1426952597462992
2013-03-02 16:44,0.0,0.9872414100833173
2013-03-02 16:54,0.10661267896301925,0.40106762547021113
2013-03-02 17:04,0.0,1.1698150703943273
2013-03-02 17:14,0.08683827645065123,0.43534446354703027
2013-03-02 17:24,0.023012679700423255,0.49869662252746144
2013-03-02 17:34,0.0,1.1676897751933701
2013-03-02 17:44,0.035467804133575406,0.5258131270029038
2013-03-02 17:54,0.0,1.1716333957493155
2013-03-02 18:04,0.0,1.0087627159562167
2013-03-02 18:14,0.0,0.5572052440071706
2013-03-02 18:24,0.0,1.202330122656975
2013-03-02 18:34,0.0,1.4736863177636719
2013-03-02 18:44,0.0,1.4287159991226759
2013-03-02 18:54,0.0,0.9665117965165643
2013-03-02 19:04,0.0,0.9396238168043124
2013-03-02 19:14,0.0,1.687043873289445
2013-03-02 19:24,0.0,1.0079868954226554
2013-03-02 19:34,0.0,0.9503438418257697
2013-03-02 19:44,0.0,1.8756421561610246
2013-03-02 19:54,0.0,1.8836030990520491
2013-03-02 20:04,0.0,2.050978197154589
2013-03-02 20:14,0.0,1.0263741797908594
2013-03-02 20:24,0.057510981999330156,0.8481389607047414
2013-03-02 20:34,0.0,1.4021906842891216
2013-03-02 20:44,0.0,1.4814068909697593
2013-03-02 20:54,0.0,1.7129859584428124
2013-03-02 21:04,0.0,1.474572335331817
2013-03-02 21:14,0.19648068711101432,0.6711470392093928
2013-03-02 21:24,0.11276323396513245,1.4512273080575524
2013-03-02 21:34,0.4142515904843471,0.440009287015905
2013-03-02 21:44,0.5806274102889283,0.32427313165936755
2013-03-02 21:54,0.45594674362602555,0.33419658516275635
2013-03-02 22:04,0.5598573645524095,0.1458387287762171
2013-03-02 22:14,0.0,1.9319746680153014
2013-03-02 22:24,0.2553122096750752,0.5877893890432466
2013-03-02 22:34,0.0,1.8062986440519273
2013-03-02 22:44,0.3134312294769863,0.2845803296082563
2013-03-02 22:54,0.0,1.3705998141416964
2013-03-02 23:04,0.0,1.1231284655733353
2013-03-02 23:14,0.14401448382470083,0.36372839526461787
2013-03-03 04:44,0.0,1.0021646690102026
2013-03-03 04:54,0.0,1.0173775980336797
2013-03-03 05:04,0.0,0.6863596093562627
2013-03-03 05:14,0.0,1.1623588133199874
2013-03-03 05:24,0.0,1.0157462564881723
2013-03-03 05:34,0.0986132933581628,0.4790288163969993
2013-03-03 05:44,0.07735546343799728,0.42228852841315867
2013-03-03 05:54,0.10222170072963037,0.43219618832755174
2013-03-03 06:04,0.0,1.1841346067820457
2013-03-03 06:14,0.0,1.015487591564522
2013-03-03 06:24,0.15692643568815243,0.32881933502201494
2013-03-03 06:34,0.0,1.0128016589438844
2013-03-03 06:44,0.0,0.5156588652621243
2013-03-03 06:54,0.0,0.5179560696802923
2013-03-03 07:04,0.0,0.5073708349114335
2013-03-03 07:14,0.0,0.9881308666344955
2013-03-03 07:24,0.0,0.9890649156234091
2013-03-03 07:34,0.0,1.1452219927015364
2013-03-03 07:44,0.0,0.9838249721944455
2013-03-03 07:54,0.0,1.145851761413993
2013-03-03 08:04,0.0,0.5568608346772932
2013-03-03 08:14,0.0555070876226168,0.42903001882273584
2013-03-03 08:24,0.08907924680734794,0.39568589015132116
2013-03-03 08:34,0.0,1.1801756195112496
2013-03-03 08:44,0.03909963142664675,0.48031276800989187
2013-03-03 08:54,0.0,0.5563987486678599
2013-03-03 09:04,0.0,0.5542824566255099
2013-03-03 09:14,0.0,0.5155773207062102
2013-03-03 09:24,0.0,0.5972970244700507
2013-03-03 09:34,0.0,1.2775874579184756
2013-03-03 09:44,0.0,0.8244915802891248
2013-03-03 09:54,0.0,1.907035837932566
2013-03-03 10:04,0.04861421352263712,0.8193496543565385
2013-03-03 10:14,0.0,1.4820078105577397
2013-03-03 10:24,0.0,0.7098218075866666
2013-03-03 10:34,0.17065709967444437,0.5397083459472883
2013-03-03 10:44,0.0,1.363996597008795
2013-03-03 10:54,0.05678366700796292,0.5234804026406219
2013-03-03 11:04,0.0,0.5499227519461595
2013-03-03 11:14,0.12194663576401565,0.5062770388514123
2013-03-03 11:24,0.0,1.3446951011556814
2013-03-03 11:34,0.1085036252773411,0.4376428587973966
2013-03-03 11:44,0.021435744036987385,0.6086858306785579
2013-03-03 17:04,0.13455689967400986,0.3807245206831162
2013-03-03 17:14,0.1652155839080046,0.48741871080849763
2013-03-03 17:24,0.06788956909608158,0.6939625322176547
2013-03-03 17:34,0.0,1.7534990439298341
2013-03-03 17:44,0.0,0.8884427203517609
2013-03-03 17:54,0.0,0.7624684827331143
2013-03-03 18:04,0.0,0.9453464792715763
2013-03-03 18:14,0.0,1.0082521875335586
2013-03-03 18:24,0.0,1.051750124530001
2013-03-03 18:34,0.0,0.9612791690040994
2013-03-03 18:44,0.0,0.9459490222463207
2013-03-03 18:54,0.0,1.1006519775269408
2013-03-03 19:04,0.0,1.0121937104196557
2013-03-03 19:14,0.0,0.9458001150580914
2013-03-03 19:24,0.0,1.011359916970482
2013-03-03 19:34,0.0,1.1797553845184858
2013-03-03 19:44,0.0,0.9534187300224358
2013-03-03 19:54,0.0,0.949883942848959
2013-03-03 20:04,0.0,1.1634501992574517
2013-03-03 20:14,0.0,0.93520198551087
2013-03-03 20:24,0.0,1.060783491848713
2013-03-03 20:34,0.0,1.0046176152322923
2013-03-03 20:44,0.0,1.1529570559544031
2013-03-03 20:54,0.0,1.6911887554151896
2013-03-03 21:04,0.0,0.9506695999466408
2013-03-03 21:14,0.0,1.025578234659108
2013-03-03 21:24,0.0,0.7519582874328491
2013-03-03 21:34,0.0,0.8074761683058683
2013-03-03 21:44,0.0,0.7396011734667371
2013-03-03 21:54,0.0,0.896613649208271
2013-03-03 22:04,0.0,0.7764040828038096
2013-03-03 22:14,0.0,0.8834317404143678
2013-03-03 22:24,0.0,1.0218365181646265
2013-03-03 22:34,0.0,0.8052780612851355
2013-03-03 22:44,0.02014740272918686,0.7221416084716025
2013-03-03 22:54,0.0020134972919976114,0.9348946791278655
2013-03-03 23:04,0.021029709144135565,0.8985063121448269
2013-03-03 23:14,0.2198748565106378,0.6876269206478521
2013-03-03 23:24,0.1156052059591437,0.7774596804459649
2013-03-03 23:34,0.31150120875380966,0.39891636449394613
2013-03-03 23:44,0.28175660389196777,0.5344036832764922
2013-03-04 00:04,0.29568085167791713,0.4049260469105739
2013-03-04 05:34,0.08386570266443241,1.0268937764846848
2013-03-04 05:44,0.024662605987930436,1.1003727922327429
2013-03-04 05:54,0.0,1.2096403860509204
2013-03-04 06:04,0.0,1.1107430432144858
2013-03-04 06:14,0.0,1.1284930761729774
2013-03-04 06:24,0.0,1.1377592349272079
2013-03-04 06:34,0.0,0.8996388894720546
2013-03-04 06:44,0.0,1.0136931316053384
2013-03-04 06:54,0.0,1.153110726828315
2013-03-04 07:04,0.0,1.1501258675898927
2013-03-04 07:14,0.0,1.1478733835430321
2013-03-04 07:24,0.0,1.4115639750912745
2013-03-04 07:34,0.0,0.9691352084389716
2013-03-04 07:44,0.0,1.1367519385852844
2013-03-04 07:54,0.0,1.0401473931753593
2013-03-04 08:04,0.0,1.047515278001608
2013-03-04 08:14,0.0,0.8279748471823604
2013-03-04 08:24,0.0,0.9623266163657548
2013-03-04 08:34,0.0,1.0447105169770836
2013-03-04 08:44,0.0,0.7856362946742923
2013-03-04 08:54,0.0,0.7981636828522249
2013-03-04 09:04,0.0,0.9594091021657474
2013-03-04 09:14,0.0,1.1452541153470157
2013-03-04 09:24,0.0,0.7901578442728724
2013-03-04 09:34,0.0,1.5552035354927471
2013-03-04 09:44,0.0,0.8275236143172281
2013-03-04 09:54,0.0,0.9388245597680576
2013-03-04 10:04,0.0,1.1033594297499152
2013-03-04 10:14,0.0,0.9514329683006685
2013-03-04 10:24,0.0,0.8801907800827777
2013-03-04 10:34,0.0,0.9426046526030627
2013-03-04 10:44,0.0,0.9521844575622168
2013-03-04 10:54,0.0,0.8355972975674959
2013-03-04 11:04,0.0,1.046825249121376
2013-03-04 11:14,0.0,1.0483871675676042
2013-03-04 11:24,0.0,0.9531506062994637
2013-03-04 11:34,0.0,1.121236018191979
2013-03-04 11:44,0.0,0.8075781636574944
2013-03-04 11:54,0.024164321160416752,0.7757966777228553
2013-03-04 12:04,0.024374664103479826,0.7148811819966036
2013-03-04 12:14,0.15394971847998948,0.7183285979508347
2013-03-04 12:24,0.18634324422940288,0.6798889931490715
2013-03-04 12:34,0.12151332817774411,0.810631474325007
2013-03-04 12:44,0.3261315657377586,0.535891751893026
2013-03-04 17:44,0.18769565306839212,0.890049860932676
2013-03-04 17:54,0.0,1.11825534806838
2013-03-04 18:04,0.0,1.110106823159925
2013-03-04 18:14,0.0,1.0038514442150992
2013-03-04 18:24,0.0,1.2182075632017335
2013-03-04 18:34,0.0,1.7989825767973944
2013-03-04 18:44,0.0,0.999004188048507
2013-03-04 18:54,0.0,1.2837153690391496
2013-03-04 19:04,0.0,1.1812924246949568
2013-03-04 19:14,0.0,1.0203784946085503
2013-03-04 19:24,0.0,1.947965276391177
2013-03-04 19:34,0.0,1.2784604063261826
2013-03-04 19:44,0.0,1.9412393076238197
2013-03-04 19:54,0.0,1.002240489470042
2013-03-04 20:04,0.0,1.0007336769852955
2013-03-04 20:14,0.0,1.0673913129318904
2013-03-04 20:24,0.0,1.144424223025269
2013-03-04 20:34,0.0,1.0042236395367246
2013-03-04 20:44,0.0,1.14116831340266
2013-03-04 20:54,0.0,0.9926937788377276
2013-03-04 21:04,0.0,0.8792415541278277
2013-03-04 21:14,0.0,1.5977721598886874
2013-03-04 21:24,0.0,1.180808087956417
2013-03-04 21:34,0.0,1.0104623283162122
2013-03-04 21:44,0.0,0.9390611397946567
2013-03-04 21:54,0.0,0.874107762994409
2013-03-04 22:04,0.0,1.0069380026985573
2013-03-04 22:14,0.0,0.8742662678349908
2013-03-04 22:24,0.0,1.0010614019938704
2013-03-04 22:34,0.0,1.0029737330404875
2013-03-04 22:44,0.0,0.8818885133290169
2013-03-04 22:54,0.0,0.8833204241320662
2013-03-04 23:04,0.0,0.9411811022734087
2013-03-04 23:14,0.0,0.9376529413891448
2013-03-04 23:24,0.0,0.9397956105183493
2013-03-04 23:34,0.0,0.9217903300059227
2013-03-04 23:44,0.0,0.8078356525904452
2013-03-05 00:04,0.0,0.916368279730266
2013-03-05 00:14,0.0,0.7970876502335663
2013-03-05 00:24,0.0,0.8541211357873271
2013-03-05 00:34,0.0,0.8628681731896415
2013-03-05 00:44,0.0,1.5816364312807554
2013-03-05 00:54,0.0,1.5850818146129066
2013-03-05 01:04,0.051812058657022535,0.8117922713078831
2013-03-05 06:14,0.0,1.1962203916219327
2013-03-05 06:24,0.0,1.1918459827714847
2013-03-05 06:34,0.0,1.2679975488370645
2013-03-05 06:44,0.0,1.4845864304028804
2013-03-05 06:54,0.0,1.2630728090343784
2013-03-05 07:04,0.0,1.1910170185815163
2013-03-05 07:14,0.0,1.1089750149682318
2013-03-05 07:24,0.0,1.043890791098087
2013-03-05 07:34,0.0,1.0450588859701724
2013-03-05 07:44,0.0,1.106955550684286
2013-03-05 07:54,0.0,1.9165515469186913
2013-03-05 08:04,0.0,1.1176703323934487
2013-03-05 08:14,0.0,1.928160612678451
2013-03-05 08:24,0.0,3.0707499101266795
2013-03-05 08:34,0.0,1.0498746041468414
2013-03-05 08:44,0.0,1.3078579052097608
2013-03-05 08:54,0.0,1.209454779474348
2013-03-05 09:04,0.0,1.128136638241546
2013-03-05 09:14,0.0,1.2075673448877495
2013-03-05 09:24,0.0,3.086903651857041
2013-03-05 09:34,0.0,1.203758388773591
2013-03-05 09:44,0.0,3.0824865053840496
2013-03-05 09:54,0.0,1.9367873763026764
2013-03-05 10:04,0.0,1.3037177551613437
2013-03-05 10:14,0.0,1.047286707897304
2013-03-05 10:24,0.0,1.298577261849082
2013-03-05 10:34,0.0,3.0618931505185167
2013-03-05 10:44,0.0,1.1991287798283015
2013-03-05 10:54,0.0,1.2020278209040411
2013-03-05 11:04,0.0,1.2600079048160215
2013-03-05 11:14,0.0,1.2599922182829928
2013-03-05 11:24,0.0,3.045009940485307
2013-03-05 11:34,0.0,1.1128753943734917
2013-03-05 11:44,0.0,1.4017191508229387
2013-03-05 11:54,0.0,1.1939873796877356
2013-03-05 12:04,0.0,1.1943964714626882
2013-03-05 12:14,0.0,1.0344112830950514
2013-03-05 12:24,0.0,1.034158178705196
2013-03-05 12:34,0.0,1.0360576912566055
2013-03-05 12:44,0.0,1.37376229887038
2013-03-05 12:54,0.0,1.0447865726384549
2013-03-05 13:04,0.0,2.3508244867366894
2013-03-05 13:14,0.0,1.0602256678139295
2013-03-05 13:24,0.0,2.089197682813826
2013-03-05 13:34,0.0,3.341196018099748
2013-03-05 13:44,0.0,1.0099692755336378
2013-03-05 13:54,0.0,1.081464975337128
2013-03-05 18:44,0.0,1.7502731985416953
2013-03-05 18:54,0.0,1.750785540806056
2013-03-05 19:04,0.0,1.7494797942830422
2013-03-05 19:14,0.0,0.47292649175859275
2013-03-05 19:24,0.0,1.7500072646769895
2013-03-05 19:34,0.0,1.7502491407527692
2013-03-05 19:44,0.0,1.1696090432669715
2013-03-05 19:54,0.0,1.7500158226646183
2013-03-05 20:04,0.0,0.507047032759794
2013-03-05 20:14,0.0,1.4024390231932864
2013-03-05 20:24,0.0,0.8801966131232455
2013-03-05 20:34,0.0,0.6424498529825876
2013-03-05 20:44,0.0,0.8741635815167722
2013-03-05 20:54,0.0,0.7789587729413134
2013-03-05 21:04,0.0,0.7028401730007661
2013-03-05 21:14,0.0,1.7394606609536998
2013-03-05 21:24,0.0,0.7794330022705598
2013-03-05 21:34,0.0,0.586945829726463
2013-03-05 21:44,0.0,0.5055563761733289
2013-03-05 21:54,0.0,0.5454605126699682
2013-03-05 22:04,0.0,1.393572675645608
2013-03-05 22:14,0.0,0.5066538795258088
2013-03-05 22:24,0.0,0.5439802693497237
2013-03-05 22:34,0.0,1.1728492066566882
2013-03-05 22:44,0.0,1.753474517752073
2013-03-05 22:54,0.0,1.4056264879263645
2013-03-05 23:04,0.1340428752980876,0.4583308244133706
2013-03-05 23:14,0.0,0.7869114806357514
2013-03-05 23:24,0.0,0.7863833343363562
2013-03-05 23:34,0.16028764340461835,0.3263592000297963
2013-03-05 23:44,0.0,1.7975197904752749
2013-03-06 00:04,0.35795993705522994,0.12962203343553194
2013-03-06 00:14,0.0,0.7284896523524136
2013-03-06 00:24,0.0,1.8034054883789472
2013-03-06 00:34,0.0,1.4444508931323796
2013-03-06 00:44,0.0,0.7466715773888561
2013-03-06 00:54,0.3549968333077312,0.18021596097357387
2013-03-06 01:04,0.0,0.7287963636573034
2013-03-06 01:14,0.0,0.6449928193197585
2013-03-06 01:24,0.0,0.5859496069259187
2013-03-06 01:34,0.0,0.7529177451450809
2013-03-06 01:44,0.0,1.0712499893465974
2013-03-06 01:54,0.49676210602136806,0.05386675473297017
2013-03-06 02:04,0.0,0.9868628156074508
2013-03-06 02:14,0.0,0.707017619695565
2013-03-06 02:24,0.4081804179956888,0.04216738732803811
2013-03-06 07:34,0.039899056318700964,0.6679459567747738
2013-03-06 07:44,0.0,0.8297335405382795
2013-03-06 07:54,0.0,0.830787449569368
2013-03-06 08:04,0.0,0.9959639604765859
2013-03-06 08:14,0.0,0.9971706357571816
2013-03-06 08:24,0.0,0.9995480677842341
2013-03-06 08:34,0.0,0.9996407345409495
2013-03-06 08:44,0.0,0.9886255145940682
2013-03-06 08:54,0.0,0.9892324969894931
2013-03-06 09:04,0.0,0.9898181826165163
2013-03-06 09:14,0.0,0.9886554034199454
2013-03-06 09:24,0.0,1.0032448368388382
2013-03-06 09:34,0.0,1.0046275771836681
2013-03-06 09:44,0.0,1.0062546518622923
2013-03-06 09:54,0.0,0.8388610655434415
2013-03-06 10:04,0.0,1.0077746968476213
2013-03-06 10:14,0.0,1.0085695835268453
2013-03-06 10:24,0.0,1.0081545594895678
2013-03-06 10:34,0.0,1.0102750893763741
2013-03-06 10:44,0.0,1.009531256597299
2013-03-06 10:54,0.0,1.0087630929658749
2013-03-06 11:04,0.0,1.0102628525637194
2013-03-06 11:14,0.0,1.010501724791689
2013-03-06 11:24,0.10711821772299454,0.7370355401209963
2013-03-06 11:34,0.07820902142167381,0.7661094110825489
2013-03-06 11:44,0.0,1.029847150493588
2013-03-06 11:54,0.0,0.8579951052726482
2013-03-06 12:04,0.0,1.071365805991136
2013-03-06 12:14,0.0,1.0970111121627932
2013-03-06 12:24,0.0,1.0989161712912472
2013-03-06 12:34,0.0,1.1050309369434403
2013-03-06 12:44,0.0,1.1082604470122883
2013-03-06 12:54,0.0,1.1317886676274258
2013-03-06 13:04,0.0,1.131245519580308
2013-03-06 13:14,0.0,1.134038189657748
2013-03-06 13:24,0.0,1.1348106283725667
2013-03-06 13:34,0.0,1.1389090983246632
2013-03-06 13:44,0.0,1.134396374070655
2013-03-06 13:54,0.0,1.1389318306850418
2013-03-06 14:04,0.0,0.9500030492184359
2013-03-06 14:14,0.0,1.139553855422612
2013-03-06 14:24,0.0,0.9519587903499076
2013-03-06 14:34,0.0,1.1516849143887202
2013-03-06 14:44,0.0,1.1578581838718025
2013-03-06 14:54,0.0,1.154471644490785
2013-03-06 15:04,0.0,1.1586273669557143
2013-03-06 15:14,0.0,1.1573895725621965
2013-03-06 15:24,0.0,1.1543377902758654
2013-03-06 20:04,0.0,0.830489165096062
2013-03-06 20:14,0.0,0.9712361429384784
2013-03-06 20:24,0.0,0.970928165876205
2013-03-06 20:34,0.0,0.9713414742827348
2013-03-06 20:44,0.0,0.9730360163072802
2013-03-06 20:54,0.0,1.169188204965983
2013-03-06 21:04,0.0,0.9728521417961044
2013-03-06 21:14,0.0,0.9808549220919539
2013-03-06 21:24,0.0,0.9751129313623088
2013-03-06 21:34,0.0,0.9754706545070689
2013-03-06 21:44,0.0,1.1623848631815445
2013-03-06 21:54,0.0,1.1681776519006595
2013-03-06 22:04,0.0,1.1635686360277941
2013-03-06 22:14,0.0,0.9714539594279392
2013-03-06 22:24,0.0,1.1696459607175689
2013-03-06 22:34,0.0,1.1665529260430594
2013-03-06 22:44,0.0,0.8360965849498171
2013-03-06 22:54,0.0,1.1663437863673627
2013-03-06 23:04,0.0,1.1692934817270486
2013-03-06 23:14,0.0,0.972576578275794
2013-03-06 23:24,0.0,1.1662765498493435
2013-03-06 23:34,0.0,1.1595162604134697
2013-03-06 23:44,0.0,0.967502181283002
2013-03-07 00:04,0.0,1.1606600210422386
2013-03-07 00:14,0.0,1.1536938689153333
2013-03-07 00:24,0.0,0.9707176690852236
2013-03-07 00:34,0.15884950332090522,0.8146913356533719
2013-03-07 00:44,0.0,0.9685088481670503
2013-03-07 00:54,0.0,0.9693693538216425
2013-03-07 01:04,0.0,0.9674024962188822
2013-03-07 01:14,0.0,0.9724706642193851
2013-03-07 01:24,0.0,1.1626274779303072
2013-03-07 01:34,0.0,0.9697366677132129
2013-03-07 01:44,0.06391081626799482,0.7699628754110074
2013-03-07 01:54,0.0,0.9696536376373792
2013-03-07 02:04,0.0,0.9683538502278679
2013-03-07 02:14,0.0,0.9668602594678425
2013-03-07 02:24,0.0,1.1592875356262031
2013-03-07 02:34,0.0,1.1563463252698287
2013-03-07 02:44,0.0,1.1633672764251017
2013-03-07 02:54,0.1868624510274893,0.8054413913191413
2013-03-07 03:04,0.0,1.1822966049542984
2013-03-07 03:14,0.0,0.8497232421067052
2013-03-07 03:24,0.0,0.9848997570880419
2013-03-07 03:34,0.0,1.1795036437328046
2013-03-07 03:44,0.0,0.9882653382429952
2013-03-07 03:54,0.0,0.9868906440099919
2013-03-07 04:04,0.0,0.9855098865210835
2013-03-07 09:14,0.4893595162107056,0.0
2013-03-07 09:24,0.4471996935088953,0.5960053038210841
2013-03-07 09:34,0.6420940890893541,0.1400004463247301
2013-03-07 09:44,0.10625827492417314,0.9372855172308417
2013-03-07 09:54,0.36444442558937634,0.6788415309513507
2013-03-07 10:04,0.5058816929266029,0.5372665791754306
2013-03-07 10:14,0.3223742427207875,0.7209497416410772
2013-03-07 10:24,0.40831803067516287,0.634923396338375
2013-03-07 10:34,0.4711874673420196,0.5719947696295994
2013-03-07 10:44,0.47076611118272915,0.4233289075599734
2013-03-07 10:54,0.5658285180864296,0.4772677908643056
2013-03-07 11:04,0.685431963789619,0.09665440802610163
2013-03-07 11:14,0.42718655714443066,0.6160357860256507
2013-03-07 11:24,0.462587660539509,0.4315153554891236
2013-03-07 11:34,0.41299190249821854,0.4811562238514147
2013-03-07 11:44,0.6168520554171666,0.4261960224625233
2013-03-07 11:54,0.6090783207268449,0.4339762782869736
2013-03-07 12:04,0.41248609069550024,0.6307506018695642
2013-03-07 12:14,0.5152291789598291,0.37882308325792174
2013-03-07 12:24,0.20622400161482218,0.837212321867846
2013-03-07 12:34,0.5667532545912525,0.32724718200837494
2013-03-07 12:44,0.6853717899334003,0.2085097537700121
2013-03-07 12:54,0.7155875877196091,0.17825905029592667
2013-03-07 13:04,0.36545248903934585,0.6778406793735373
2013-03-07 13:14,0.14842971214501807,1.103828622867721
2013-03-07 13:24,0.4287386649599407,0.6144912542170343
2013-03-07 13:34,0.21920768253484607,0.8242536857995342
2013-03-07 13:44,0.597808142260511,0.18430166535872397
2013-03-07 13:54,0.5337199776141923,0.5093882202690789
2013-03-07 14:04,0.47360997208902156,0.5695663792326211
2013-03-07 14:14,0.4645358195739988,0.4429487422888166
2013-03-07 14:24,0.33658207442894783,0.722959545899638
2013-03-07 14:34,0.2700686361591017,0.6386369757211472
2013-03-07 14:44,0.5383607646728717,0.5221203959715381
2013-03-07 14:54,0.18341355608322998,0.8781665980360328
2013-03-07 15:04,0.0,1.0622653052717637
2013-03-07 15:14,0.2083563849180316,0.8546652967410213
2013-03-07 15:24,0.12197120291537669,0.9418824571334508
2013-03-07 15:34,0.03628157290425337,0.8948651215820265
2013-03-07 15:44,0.07215510859532755,1.0158902701162
2013-03-07 15:54,0.08577185895335375,1.0042372799439228
2013-03-07 16:04,0.0,1.0901408576689546
2013-03-07 16:14,0.5475204207089798,0.0
2013-03-07 16:24,0.0,1.0966959304032529
2013-03-07 16:34,0.0,0.9413049979504856
2013-03-07 16:44,0.0,1.0978491009063833
2013-03-07 21:44,0.0,1.0826512313886654
2013-03-07 21:54,0.0,1.0667021385863882
2013-03-07 22:04,0.0,1.0656852295987411
2013-03-07 22:14,0.0,1.2748581561406014
2013-03-07 22:24,0.16502561781278033,0.7478380306609788
2013-03-07 22:34,0.33384799108991514,0.5782723785087329
2013-03-07 22:44,0.19908325897893184,0.5987264943576089
2013-03-07 22:54,0.37098465231399796,0.692049281040878
2013-03-07 23:04,0.14738818173658025,0.9154830297667269
2013-03-07 23:14,0.16778668435810007,0.8946720900877043
2013-03-07 23:24,0.28601408531486944,0.6241827219218917
2013-03-07 23:34,0.3923652081488885,0.6691201688892426
2013-03-07 23:44,0.21207855667369135,1.0401211585143206
2013-03-08 00:04,0.3252680821622199,0.7180670394633739
2013-03-08 00:14,0.29951880871435727,0.7438404073015358
2013-03-08 00:24,0.07482209563812492,0.9687624504873452
2013-03-08 00:34,0.46077020180228195,0.4333297215191001
2013-03-08 00:44,0.3764854858363275,0.6667906419252383
2013-03-08 00:54,0.5284867216132222,0.5146399381569757
2013-03-08 01:04,0.4364252972945053,0.6067909513105746
2013-03-08 01:14,0.2595471307826277,0.7838399713914108
2013-03-08 01:24,0.565776965822464,0.477313948154631
2013-03-08 01:34,0.525497217464992,0.5176325558099676
2013-03-08 01:44,0.23277180921470644,1.019357039900988
2013-03-08 01:54,0.3690380152939995,0.6953790239360998
2013-03-08 02:04,0.4112925692924576,0.654047879941973
2013-03-08 02:14,0.5557241644468803,0.24371636379909098
2013-03-08 02:24,0.0,1.6688143564877167
2013-03-08 02:34,0.010075836181808668,1.112234755221008
2013-03-08 02:44,0.0,1.1237238355184596
2013-03-08 02:54,0.0,1.3736710025259717
2013-03-08 03:04,0.07567560081917223,0.913427495397734
2013-03-08 03:14,0.0,1.1497108329773684
2013-03-08 03:24,0.0,0.9876427979527067
2013-03-08 03:34,0.21111441489120406,0.6533347694954446
2013-03-08 03:44,0.0,1.151703202185667
2013-03-08 03:54,0.07004040476596746,0.9179317340784664
2013-03-08 04:04,0.0,0.9873841156712788
2013-03-08 04:14,0.0,1.3770358884635325
2013-03-08 04:24,0.0739494691662981,0.9170539115974563
2013-03-08 04:34,0.0,1.2043115260794772
2013-03-08 04:44,0.0,1.1979315177820344
2013-03-08 04:54,0.0,1.1998695824129781
2013-03-08 05:04,0.0,1.060046398994787
2013-03-08 05:14,0.0,1.2333800404079533
2013-03-08 10:44,0.0,1.0697853132160093
2013-03-08 10:54,0.0,1.2379333804753616
2013-03-08 11:04,0.0,1.2377732364713407
2013-03-08 11:14,0.0,1.0669729525783163
2013-03-08 11:24,0.0,1.2475690366267849
2013-03-08 11:34,0.0,1.0743652497187428
2013-03-08 11:44,0.0,1.0731536201970053
2013-03-08 11:54,0.0,1.0390665288391323
2013-03-08 12:04,0.0,1.0434755393357313
2013-03-08 12:14,0.0,1.2444941513322054
2013-03-08 12:24,0.0,1.0753768422011378
2013-03-08 12:34,0.0,1.0728331221503629
2013-03-08 12:44,0.0,0.9481902637970149
2013-03-08 12:54,0.0,0.9486399782065439
2013-03-08 13:04,0.0,1.4930235739250004
2013-03-08 13:14,0.0,1.0686596635221246
2013-03-08 13:24,0.0,0.9349075345751295
2013-03-08 13:34,0.0,1.070029351659138
2013-03-08 13:44,0.0,0.8347269974963005
2013-03-08 13:54,0.0,0.9364078595270054
2013-03-08 14:04,0.0,1.4728325387066659
2013-03-08 14:14,0.0,0.938159748434249
2013-03-08 14:24,0.0,1.0705841854363578
2013-03-08 14:34,0.0,1.240268393414637
2013-03-08 14:44,0.0,1.2410982642004411
2013-03-08 14:54,0.0,1.4762032515411603
2013-03-08 15:04,0.0,1.0661576699168953
2013-03-08 15:14,0.0,1.2404137149356533
2013-03-08 15:24,0.0,1.0758964537959184
2013-03-08 15:34,0.0,1.2410622370239226
2013-03-08 15:44,0.0,1.2468015869909443
2013-03-08 15:54,0.0,1.8381860495325637
2013-03-08 16:04,0.0,0.9455314423124311
2013-03-08 16:14,0.0,0.9451824763563462
2013-03-08 16:24,0.0,1.238378431537242
2013-03-08 16:34,0.0,1.0690198263677764
2013-03-08 16:44,0.0,0.950842784216962
2013-03-08 16:54,0.0,1.0754935515134127
2013-03-08 17:04,0.0,0.941105040979488
2013-03-08 17:14,0.0,1.2695432668360809
2013-03-08 17:24,0.0,1.50560085893342
2013-03-08 17:34,0.0,1.246959321029011
2013-03-08 17:44,0.0,1.2449801547065666
2013-03-08 17:54,0.0,1.0794661386172364
2013-03-08 23:04,0.0,1.0675784759320157
2013-03-08 23:14,0.0,1.2398302363066822
2013-03-08 23:24,0.0,0.7644316268271233
2013-03-08 23:34,0.0,1.2404204560821408
2013-03-08 23:44,0.0,0.942168677059211
2013-03-09 00:04,0.0,1.2443004499249504
2013-03-09 00:14,0.0,1.4864416556225486
2013-03-09 00:24,0.0,1.0785563206597668
2013-03-09 00:34,0.0,1.0744778932913355
2013-03-09 00:44,0.0,1.2435557834003694
2013-03-09 00:54,0.0,1.4933016611149321
2013-03-09 01:04,0.0,0.9456515067748031
2013-03-09 01:14,0.0,1.076734987390441
2013-03-09 01:24,0.0,1.4842426454169273
2013-03-09 01:34,0.0,1.0763391241081082
2013-03-09 01:44,0.0,0.9409692161143665
2013-03-09 01:54,0.0,1.4768883248326983
2013-03-09 02:04,0.05177551301710108,0.8902114398100214
2013-03-09 02:14,0.0,1.0658005575690395
2013-03-09 02:24,0.0,0.9359931119038073
2013-03-09 02:34,0.0,1.069759499240374
2013-03-09 02:44,0.0,1.4774215742545929
2013-03-09 02:54,0.0,1.476743935596735
2013-03-09 03:04,0.37996447103691855,0.37536697256297785
2013-03-09 03:14,0.05274627416674888,0.8905053236513844
2013-03-09 03:24,0.0,1.2414028720276187
2013-03-09 03:34,0.1730717160177862,0.6650682280094862
2013-03-09 03:44,0.0,1.2398567955410462
2013-03-09 03:54,0.12812881004302884,0.8141026972341268
2013-03-09 04:04,0.0,1.474087360021068
2013-03-09 04:14,0.43454028915367515,0.3182435530165492
2013-03-09 04:24,0.05888620738498244,0.8800325520508897
2013-03-09 04:34,0.0,1.0719065377457484
2013-03-09 04:44,0.0,1.0678949401434237
2013-03-09 04:54,0.0,1.234624850279909
2013-03-09 05:04,0.1720921358174506,0.7627554943287959
2013-03-09 05:14,0.0,1.2327593638934056
2013-03-09 05:24,0.0,0.9325982940592638
2013-03-09 05:34,0.0,0.9338643382756547
2013-03-09 05:44,0.0,1.0587768167040923
2013-03-09 05:54,0.0,1.4738618692154861
2013-03-09 06:04,0.0,0.9430302862104426
2013-03-09 06:14,0.0,1.265475440762497
2013-03-09 11:44,0.0,1.0756800868061762
2013-03-09 11:54,0.0,1.0826675047515122
2013-03-09 12:04,0.19664898464515163,0.7384649951536468
2013-03-09 12:14,0.2089924810787285,0.855884548254766
2013-03-09 12:24,0.47741673156891623,0.34818736147401186
2013-03-09 12:34,0.0,1.4710953063392116
2013-03-09 12:44,0.46940728548681976,0.4689269312148905
2013-03-09 12:54,0.11559656173322161,0.9575545762858547
2013-03-09 13:04,0.24436714734580775,0.6964236993202494
2013-03-09 13:14,0.0,1.495423389561697
2013-03-09 13:24,0.17944668908838782,0.8993645867407555
2013-03-09 13:34,0.3928252206235469,0.5536955579004188
2013-03-09 13:44,0.229774527991403,0.7190207755510459
2013-03-09 13:54,0.06461765533653785,0.8864703671341139
2013-03-09 14:04,0.49222819367178766,0.340970693364072
2013-03-09 14:14,0.28438643359980464,0.6541481288003705
2013-03-09 14:24,0.046260338390494496,1.0277101298145745
2013-03-09 14:34,0.0,1.4925368804757801
2013-03-09 14:44,0.6938249090518824,0.0
2013-03-09 14:54,0.0,1.4934462011807306
2013-03-09 15:04,0.15460452211360726,0.790712230390914
2013-03-09 15:14,0.10553551273845745,1.1552090696856723
2013-03-09 15:24,0.5884813328914668,0.25325042521297614
2013-03-09 15:34,0.342003791442538,0.6049079783906498
2013-03-09 15:44,0.6248823121953934,0.007456922384589296
2013-03-09 15:54,0.0,1.0825767829899722
2013-03-09 16:04,0.0,1.503429666574883
2013-03-09 16:14,0.0,1.5005597690061858
2013-03-09 16:24,0.0,1.2511920238608492
2013-03-09 16:34,0.2573204465060089,0.8140016836408773
2013-03-09 16:44,0.1315458620375609,0.9365843163039007
2013-03-09 16:54,0.0,1.4803612169485192
2013-03-09 17:04,0.0,1.8358268506993278
2013-03-09 17:14,0.0,1.0865477465434485
2013-03-09 17:24,0.0,1.248050404490313
2013-03-09 17:34,0.0,1.082010825564707
2013-03-09 17:44,0.0,1.486383819786583
2013-03-09 17:54,0.1397590431620123,0.7008722465306018
2013-03-09 18:04,0.0,0.9473193180389832
2013-03-09 18:14,0.2500855955262094,0.47575099140190286
2013-03-09 18:24,0.20532673737967655,0.856005089967728
2013-03-09 18:34,0.0,1.0222450344580487
2013-03-09 18:44,0.0,0.827201900043486
2013-03-10 00:04,0.0,1.128805658677051
2013-03-10 00:14,0.0,0.8364301859643795
2013-03-10 00:24,0.0,1.1682662695994672
2013-03-10 00:34,0.0,1.1487611868025345
2013-03-10 00:44,0.0,0.9646785765760468
2013-03-10 00:54,0.0,1.1585371898791788
2013-03-10 01:04,0.0,1.1532253282815879
2013-03-10 01:14,0.0,1.1543587348430078
2013-03-10 01:24,0.5878322652373558,0.0
2013-03-10 01:34,0.0,1.1586084953581246
2013-03-10 01:44,0.0,1.1548846087762012
2013-03-10 01:54,0.0,1.1493614069892528
2013-03-10 02:04,0.1990527462791672,0.7703690901919367
2013-03-10 02:14,0.0,1.1561783728200883
2013-03-10 02:24,0.0,1.1587358647988377
2013-03-10 02:34,0.1386968758728165,1.0250451324631213
2013-03-10 02:44,0.1931627326526182,0.9707053043600924
2013-03-10 02:54,0.40174447109516914,0.42964356897638517
2013-03-10 03:04,0.4007497645120861,0.43073171465689414
2013-03-10 03:14,0.0,1.1603746020920636
2013-03-10 03:24,0.09416237494391705,1.0702527584551598
2013-03-10 03:34,0.7304337324882805,0.0
2013-03-10 03:44,0.665506755167291,0.0
2013-03-10 03:54,0.0,1.1605690625743392
2013-03-10 04:04,0.0,1.1634627055200715
2013-03-10 04:14,0.5669249944120933,0.26482262115977206
2013-03-10 04:24,0.0,1.1547865631708536
2013-03-10 04:34,0.42206632806100536,0.5481470896060797
2013-03-10 04:44,0.17947680056572538,0.98475173937114
2013-03-10 04:54,0.1087394024560605,1.0554026835903627
2013-03-10 05:04,0.0,1.1582803172329896
2013-03-10 05:14,0.23293644184545506,0.5983155399106362
2013-03-10 05:24,0.0,1.1477433353107296
2013-03-10 05:34,0.510762165593836,0.320203821040355
2013-03-10 05:44,0.0,1.1430353959528246
2013-03-10 05:54,0.0,1.1660805557521654
2013-03-10 06:04,0.0,0.9706292929764184
2013-03-10 06:14,0.0,1.1520536089485534
2013-03-10 06:24,0.0,1.1481891508565507
2013-03-10 06:34,0.0,0.9520728136441154
2013-03-10 06:44,0.0,1.13222981217687
2013-03-10 06:54,0.0,1.134617435129178
2013-03-10 07:04,0.0,0.9512320726054773
2013-03-10 12:44,0.26666814061119615,0.2370225403026044
2013-03-10 12:54,0.0,0.9132227125098866
2013-03-10 13:04,0.4765224121225998,0.0
2013-03-10 13:14,0.08986932377910556,0.5638627310404795
2013-03-10 13:24,0.0856074602134502,0.5742541294504028
2013-03-10 13:34,0.23949970110021274,0.47088154064133775
2013-03-10 13:44,0.0,0.9786249895843608
2013-03-10 13:54,0.3334445702770236,0.27403355402993756
2013-03-10 14:04,0.4141777164931159,0.3151526397921107
2013-03-10 14:14,0.27642176853910844,0.6128375041826659
2013-03-10 14:24,0.3581263135917101,0.44137035287215826
2013-03-10 14:34,0.42664938696932087,0.3718349622460729
2013-03-10 14:44,0.3238991107394253,0.472904475186991
2013-03-10 14:54,0.0,1.2669048052541816
2013-03-10 15:04,0.4699104814962809,0.21113624097092581
2013-03-10 15:14,0.5166481804892193,0.16524875983228843
2013-03-10 15:24,0.0,1.271188472644091
2013-03-10 15:34,0.7184476146833175,0.29024994242900903
2013-03-10 15:44,0.5379175116365053,0.6123057838965091
2013-03-10 15:54,0.43663606033570995,0.7037351975097632
2013-03-10 16:04,0.3887961524143831,0.9568661111390385
2013-03-10 16:14,0.378249150494478,0.8290921284115332
2013-03-10 16:24,0.40937620030606126,0.9269054535552165
2013-03-10 16:34,0.20549331452503458,1.2832543102498881
2013-03-10 16:44,0.6870726383355998,0.6526241478569078
2013-03-10 16:54,0.0,2.3181902508979677
2013-03-10 17:04,0.9654150166399997,0.5417744551922073
2013-03-10 17:14,0.8594605274365572,0.482640911830159
2013-03-10 17:24,1.0297758334082687,0.32613953347945773
2013-03-10 17:34,0.8727731677932321,0.47499999227001627
2013-03-10 17:44,1.1125265639947333,0.2045777386237641
2013-03-10 17:54,0.9231263287692387,0.37343803237856643
2013-03-10 18:04,0.7795734003736497,0.4963344260699015
2013-03-10 18:14,0.7477379577873458,0.5153087540841648
2013-03-10 18:24,0.9668387755711209,0.0
2013-03-10 18:34,0.5998239621828441,0.7882772148105311
2013-03-10 18:44,0.6797388226692574,0.43643120431784954
2013-03-10 18:54,1.0770871866248417,0.17501897481491707
2013-03-10 19:04,0.9667408241799218,0.232367282288269
2013-03-10 19:14,1.0009744490325363,0.32771444566742264
2013-03-10 19:24,0.993040621150896,0.3357555488544099
2013-03-11 01:04,0.0,1.3018815927624425
2013-03-11 01:14,0.13022438220739685,1.173280055767741
2013-03-11 01:24,0.13196922256115184,1.060187069007744
2013-03-11 01:34,0.0,1.2435410511225904
2013-03-11 01:44,0.5123888177432452,0.7319613483492998
2013-03-11 01:54,0.2728456319431268,0.9649584938264996
2013-03-11 02:04,0.21954988727719693,1.0152113672769236
2013-03-11 02:14,0.31771159454222875,0.9170583668994535
2013-03-11 02:24,0.2363314688608262,1.1719820127951608
2013-03-11 02:34,0.0003822950932811454,1.3572112235970564
2013-03-11 02:44,0.39723091084921447,0.9596123314342702
2013-03-11 02:54,0.4264852086538358,0.6264964375139195
2013-03-11 03:04,0.5023475847421902,0.6487594278611789
2013-03-11 03:14,0.22263028083030537,1.1159243247344328
2013-03-11 03:24,0.6226499016554515,0.5558409434734294
2013-03-11 03:34,0.2473756460772144,1.0893849639530804
2013-03-11 03:44,0.30101641910743254,0.994902652135453
2013-03-11 03:54,0.15491633177327058,1.1327997537593377
2013-03-11 04:04,0.5168028756892988,0.7097107634570191
2013-03-11 04:14,0.14001556881590743,1.0825722304337018
2013-03-11 04:24,0.6561983241871799,0.4149489659355403
2013-03-11 04:34,0.4361554076779189,0.7843464106331227
2013-03-11 04:44,0.5723613934242562,0.4949763919173954
2013-03-11 04:54,0.8767786766816742,0.3092048089050614
2013-03-11 05:04,0.5746096733522297,0.6084983813526339
2013-03-11 05:14,0.8133496161390154,0.4372205961547698
2013-03-11 05:24,0.9551672901314318,0.3060337542340655
2013-03-11 05:34,1.2641320616963911,0.05215912466172774
2013-03-11 05:44,0.9890180320466099,0.2435738362915699
2013-03-11 05:54,1.2957507354261686,0.0
2013-03-11 06:04,1.1676060710387937,0.0
2013-03-11 06:14,1.009256696151931,0.2489243324188076
2013-03-11 06:24,1.1941945041680058,0.0
2013-03-11 06:34,1.002777503615093,0.10206198201277224
2013-03-11 06:44,1.1347167003703875,0.0
2013-03-11 06:54,1.1366736734219347,0.0
2013-03-11 07:04,1.1324430861904249,0.09615678882064763
2013-03-11 07:14,1.1733714249167397,0.0
2013-03-11 07:24,1.047289410430548,0.0
2013-03-11 07:34,1.259638403083778,0.0
2013-03-11 07:44,1.1761489276815094,0.12524204712230053
2013-03-11 13:24,1.2401413104509424,0.0
2013-03-11 13:34,1.103448081908008,0.0
2013-03-11 13:44,1.20912686486774,0.029123418460078335
2013-03-11 13:54,0.812985284554179,0.0
2013-03-11 14:04,1.1535876386656352,0.0
2013-03-11 14:14,0.9957468639409703,0.2272402012732324
2013-03-11 14:24,1.1231240308755,0.09878096330241656
2013-03-11 14:34,1.2107801351705547,0.010153531033359054
2013-03-11 14:44,1.1479918473359267,0.10794966060609526
2013-03-11 14:54,1.3396456652859776,0.0
2013-03-11 15:04,1.2591811000546018,0.05017948197437542
2013-03-11 15:14,1.2972292222118196,0.0
2013-03-11 15:24,1.2884274368396558,0.0
2013-03-11 15:34,1.0264136701495137,0.15215442557486164
2013-03-11 15:44,1.1648620744114497,0.0
2013-03-11 15:54,0.7846309488986987,0.0
2013-03-11 16:04,1.0612220813049917,0.2701854662335251
2013-03-11 16:14,1.2079140904489152,0.12735224860944408
2013-03-11 16:24,1.375198157982591,0.0
2013-03-11 16:34,0.7704671556764565,0.5943219837832238
2013-03-11 16:44,1.1986874388392796,0.0
2013-03-11 16:54,1.1948946176084563,0.0
2013-03-11 17:04,1.3720341457086886,0.0
2013-03-11 17:14,1.3032121489708242,0.0
2013-03-11 17:24,1.3901360175440498,0.0
2013-03-11 17:34,1.3695598052018787,0.0
2013-03-11 17:44,1.3186180644430103,0.0
2013-03-11 17:54,1.3329108666270721,0.0
2013-03-11 18:04,1.3855792686573496,0.0
2013-03-11 18:14,1.4667461802989483,0.0
2013-03-11 18:24,1.396128997102836,0.0
2013-03-11 18:34,1.3866374864875022,0.0
2013-03-11 18:44,1.3752629278048485,0.0
2013-03-11 18:54,1.4099330344141272,0.0
2013-03-11 19:04,1.174929343334111,0.0
2013-03-11 19:14,1.340435933024135,0.0
2013-03-11 19:24,1.4087275354742104,0.0
2013-03-11 19:34,1.3610604165099776,0.0
2013-03-11 19:44,1.3468174891464684,0.0
2013-03-11 19:54,1.4267548684436373,0.0
2013-03-11 20:04,0.8778347084676473,0.0
2013-03-12 01:44,1.297945815618798,0.3194371118411161
2013-03-12 01:54,1.1415991139216422,0.4073609172282461
2013-03-12 02:04,1.323344246664203,0.0
2013-03-12 02:14,0.7812806734944381,0.0
2013-03-12 02:24,0.9474907785544714,0.3040061366355293
2013-03-12 02:34,1.1254704872020858,0.3026736269355309
2013-03-12 02:44,0.6994004274955823,0.7142719444147975
2013-03-12 02:54,0.9206426738069302,0.3183729309204906
2013-03-12 03:04,0.9901850176908173,0.0
2013-03-12 03:14,1.0830364434061484,0.11676803117336015
2013-03-12 03:24,1.0461978412118165,0.01810842259413344
2013-03-12 03:34,0.8723318000578564,0.08061317646324556
2013-03-12 03:44,0.7525772719251747,0.5942533586279805
2013-03-12 03:54,0.4963016942830298,0.6507581860895912
2013-03-12 04:04,0.615207691058352,0.5312770137305284
2013-03-12 04:14,0.34314508737450466,0.9608286037207198
2013-03-12 04:24,0.812157481080051,0.0
2013-03-12 04:34,0.4657892738304961,0.8736623737823819
2013-03-12 04:44,0.8620396677172594,0.0
2013-03-12 04:54,1.1026960230654164,0.0
2013-03-12 05:04,0.6832772216043168,0.4358773391901249
2013-03-12 05:14,0.7776446291232487,0.0
2013-03-12 05:24,0.7750245077438618,0.0
2013-03-12 05:34,0.7920923487048751,0.0
2013-03-12 05:44,0.865499782407297,0.2880404338797959
2013-03-12 05:54,1.1997656230904163,0.0888614720773316
2013-03-12 06:04,1.1627289140545833,0.15943608411228768
2013-03-12 06:14,1.3527270954490802,0.0
2013-03-12 06:24,1.101632041720962,0.18107198340899944
2013-03-12 06:34,0.815687120358315,0.43327759147470163
2013-03-12 06:44,0.8534241052342919,0.0
2013-03-12 06:54,1.0188973988531274,0.08412107473273515
2013-03-12 07:04,0.8561382643994623,0.13037228730570335
2013-03-12 07:14,1.032118287635607,0.24475668594102534
2013-03-12 07:24,1.3946447481945812,0.0
2013-03-12 07:34,1.570126955174131,0.0
2013-03-12 07:44,1.2330360310485076,0.0
2013-03-12 07:54,1.417560257171468,0.0
2013-03-12 08:04,1.406292708659356,0.0
2013-03-12 08:14,1.3916900325741886,0.0
2013-03-12 08:24,1.3526096032440302,0.0
