date,coef_a,coef_b
2012-12-13 13:14,0.6116024528838382,0.0
2012-12-13 13:24,0.782944697370856,0.0
2012-12-13 13:34,0.7526795951918799,0.0
2012-12-13 13:44,0.8619294741524186,0.0
2012-12-13 13:54,1.0342140166348168,0.0
2012-12-13 14:04,0.8713640199720539,0.0
2012-12-13 14:14,0.8937198427751645,0.0
2012-12-13 14:24,0.9234517794538818,0.0
2012-12-13 14:34,0.9480497069448748,0.0
2012-12-13 14:44,0.8812252762060571,0.0
2012-12-13 14:54,1.0034551545485983,0.0
2012-12-13 15:04,0.8894604751688305,0.0
2012-12-13 15:14,1.0959057098339313,0.0
2012-12-13 15:24,1.0289475648569077,0.0
2012-12-13 15:34,0.9232934792496245,0.0
2012-12-13 15:44,0.9341621884064327,0.0
2012-12-13 15:54,1.1045818883455756,0.0
2012-12-13 16:04,0.8885906145492694,0.0
2012-12-13 16:14,0.7975796167561898,0.0
2012-12-13 16:24,0.8685515194738257,0.0
2012-12-13 16:34,0.9594909144850042,0.0
2012-12-13 16:44,0.7887868048597882,0.0
2012-12-13 16:54,0.9525982199064311,0.0
2012-12-13 17:04,0.9586195110099591,0.0
2012-12-13 17:14,0.9782863506109375,0.0
2012-12-13 17:24,2.5814295305509964,0.0
2012-12-13 17:34,0.9048217748556996,0.0
2012-12-13 17:44,0.8414575765904756,0.0
2012-12-13 17:54,0.8628482686997164,0.0
2012-12-13 18:04,0.8877979463394189,0.0
2012-12-13 18:14,0.8613764942295018,0.0
2012-12-13 18:24,0.5954180014248435,0.0
2012-12-13 18:34,0.8709879086273166,0.0
2012-12-13 18:44,0.5757910285541382,0.0
2012-12-13 18:54,0.6976437520947246,0.0
2012-12-13 19:04,0.8423756119445007,0.0
2012-12-13 19:14,0.8897456895662283,0.0
2012-12-13 19:24,0.8167788165113334,0.0
2012-12-13 19:34,0.8304474600527193,0.0
2012-12-13 19:44,0.7752996965750715,0.0
2012-12-13 19:54,0.5776140314856668,0.0
2012-12-13 20:04,0.7481290011427956,0.0
2012-12-14 01:34,0.7047817248892182,0.0
2012-12-14 01:44,0.7513288110461822,0.0
2012-12-14 01:54,0.7452832507292924,0.0
2012-12-14 02:04,0.7643718034666097,0.0
2012-12-14 02:14,0.6626208676244045,0.0
2012-12-14 02:24,0.5954184867562399,0.0
2012-12-14 02:34,0.7501838413333789,0.0
2012-12-14 02:44,0.7041363798746852,0.0
2012-12-14 02:54,0.7365767950884046,0.0
2012-12-14 03:04,0.8363320560700119,0.0
2012-12-14 03:14,0.8832888067472792,0.0
2012-12-14 03:24,0.9500604827551199,0.0
2012-12-14 03:34,0.8723822538635418,0.0
2012-12-14 03:44,0.8519421534666962,0.0
2012-12-14 03:54,0.9857300212033316,0.0
2012-12-14 04:04,0.875396742209277,0.0
2012-12-14 04:14,1.0062251132863151,0.0
2012-12-14 04:24,0.837554664864813,0.0
2012-12-14 04:34,0.608851285456369,0.0
2012-12-14 04:44,1.0440524290619508,0.0
2012-12-14 04:54,0.6838736320451246,0.0
2012-12-14 05:04,0.9738139177239993,0.0
2012-12-14 05:14,1.0161379201797296,0.0
2012-12-14 05:24,0.8905757882288587,0.0
2012-12-14 05:34,0.9272924159112113,0.0
2012-12-14 05:44,0.8656842741960513,0.0
2012-12-14 05:54,0.9380451223665732,0.0
2012-12-14 06:04,0.9860848385441557,0.0
2012-12-14 06:14,0.9175340076961324,0.0
2012-12-14 06:24,0.7389599949181982,0.0
2012-12-14 06:34,0.8782756899292773,0.0
2012-12-14 06:44,0.8680323505472854,0.0
2012-12-14 06:54,0.8380201276716783,0.0
2012-12-14 07:04,0.8494767565757015,0.0
2012-12-14 07:14,0.8098509790434703,0.0
2012-12-14 07:24,0.788064479581117,0.0
2012-12-14 07:34,0.7798515423456092,0.0
2012-12-14 07:44,0.552892208921539,0.0
2012-12-14 07:54,0.603186368025141,0.0
2012-12-14 08:04,0.4729308368546162,0.0
2012-12-14 08:14,0.5988686248856729,0.0
2012-12-14 08:24,0.7022906455692826,0.0
2012-12-14 14:04,0.5048800038706044,0.0
2012-12-14 14:14,0.4854720289054256,0.0
2012-12-14 14:24,0.6337796028198821,0.0
2012-12-14 14:34,0.6914544071892891,0.0
2012-12-14 14:44,0.641298066581535,0.0
2012-12-14 14:54,0.6093975906054676,0.0
2012-12-14 15:04,0.4525490136035824,0.0
2012-12-14 15:14,0.7297755319558026,0.0
2012-12-14 15:24,0.7598918764470105,0.0
2012-12-14 15:34,0.7760654763771776,0.0
2012-12-14 15:44,0.5280394959779539,0.0
2012-12-14 15:54,0.5237690371040595,0.0
2012-12-14 16:04,0.8379503385660124,0.0
2012-12-14 16:14,0.7841806841913527,0.0
2012-12-14 16:24,0.7982118174236688,0.0
2012-12-14 16:34,0.569074075132322,0.0
2012-12-14 16:44,0.8207603972315521,0.0
2012-12-14 16:54,0.811679103293325,0.0
2012-12-14 17:04,0.756279549476398,0.0
2012-12-14 17:14,0.8228635378700532,0.0
2012-12-14 17:24,1.0755973504175176,0.0
2012-12-14 17:34,1.0537590527535632,0.0
2012-12-14 17:44,0.7238495926953779,0.0
2012-12-14 17:54,0.7951610978877103,0.0
2012-12-14 18:04,0.8578582992060139,0.0
2012-12-14 18:14,0.6504579046311205,0.0
2012-12-14 18:24,0.7629027194659428,0.0
2012-12-14 18:34,0.6083122522715079,0.0
2012-12-14 18:44,0.8259516846109557,0.0
2012-12-14 18:54,0.6425620163975192,0.0
2012-12-14 19:04,0.6347660607630071,0.0
2012-12-14 19:14,1.0223148949779148,0.0
2012-12-14 19:24,0.7650411017566928,0.0
2012-12-14 19:34,0.6473219880052152,0.0
2012-12-14 19:44,0.5863624599693248,0.0
2012-12-14 19:54,0.6252749132487744,0.0
2012-12-14 20:04,0.5380302249348964,0.0
2012-12-14 20:14,0.5581671714618868,0.0
2012-12-14 20:24,0.5335242386483146,0.0
2012-12-14 20:34,0.6418750315275628,0.0
2012-12-14 20:44,0.7641977754033339,0.0
2012-12-14 20:54,0.8668767223917155,0.0
2012-12-15 02:24,0.7995318756031088,0.0
2012-12-15 02:34,0.6914028591676702,0.0
2012-12-15 02:44,0.7202122180505713,0.0
2012-12-15 02:54,0.7836836592891003,0.0
2012-12-15 03:04,0.8218857966955886,0.0
2012-12-15 03:14,0.841265134485303,0.0
2012-12-15 03:24,0.8855066462220962,0.0
2012-12-15 03:34,0.8601612812769172,0.0
2012-12-15 03:44,1.05708393211188,0.0
2012-12-15 03:54,0.9900756559069032,0.0
2012-12-15 04:04,0.8877558939107003,0.0
2012-12-15 04:14,1.1261529585286698,0.0
2012-12-15 04:24,0.9366700717239349,0.0
2012-12-15 04:34,1.0433144889703467,0.0
2012-12-15 04:44,1.0016225404996788,0.0
2012-12-15 04:54,0.951184625550366,0.0
2012-12-15 05:04,0.9973266942903148,0.0
2012-12-15 05:14,0.954517519694843,0.0
2012-12-15 05:24,0.7883676872418867,0.0
2012-12-15 05:34,0.9577315480447559,0.0
2012-12-15 05:44,0.8049507253385094,0.0
2012-12-15 05:54,0.9514556987608078,0.0
2012-12-15 06:04,1.0617231396779419,0.0
2012-12-15 06:14,1.0801362643871968,0.0
2012-12-15 06:24,0.9316475078645116,0.0
2012-12-15 06:34,0.912093551190963,0.0
2012-12-15 06:44,0.9667050825436646,0.0
2012-12-15 06:54,1.0229947927903393,0.0
2012-12-15 07:04,0.9979622492740461,0.0
2012-12-15 07:14,0.9477578532883343,0.0
2012-12-15 07:24,0.9574361932787786,0.0
2012-12-15 07:34,0.8501134069708172,0.0
2012-12-15 07:44,0.9294004348250181,0.0
2012-12-15 07:54,0.8908015248700163,0.0
2012-12-15 08:04,0.9918404549274473,0.0
2012-12-15 08:14,0.8325577513543652,0.0
2012-12-15 08:24,0.8994588522453918,0.0
2012-12-15 08:34,0.82017942940743,0.0
2012-12-15 08:44,0.8598983840462221,0.0
2012-12-15 08:54,0.6551463369782271,0.0
2012-12-15 09:04,0.6056041280111216,0.0
2012-12-15 09:14,0.5078397077751029,0.0
2012-12-15 15:04,0.7278574173455676,0.0
2012-12-15 15:14,0.7372439972674991,0.0
2012-12-15 15:24,0.784190272343309,0.0
2012-12-15 15:34,0.8173839211192734,0.0
2012-12-15 15:44,0.8329551925369261,0.0
2012-12-15 15:54,0.6594701856980153,0.0
2012-12-15 16:04,0.7495630498088651,0.0
2012-12-15 16:14,0.8614494297281513,0.0
2012-12-15 16:24,0.8561047583709488,0.0
2012-12-15 16:34,0.9482978840989952,0.0
2012-12-15 16:44,1.0412612971183595,0.0
2012-12-15 16:54,0.9985869896808174,0.0
2012-12-15 17:04,0.7510467463358569,0.0
2012-12-15 17:14,1.1254372905504777,0.0
2012-12-15 17:24,0.9975282410038517,0.0
2012-12-15 17:34,1.007425164939743,0.0
2012-12-15 17:44,0.9239403786458464,0.0
2012-12-15 17:54,0.9724626053094207,0.0
2012-12-15 18:04,0.782163294352245,0.0
2012-12-15 18:14,0.9665003254008316,0.0
2012-12-15 18:24,1.0417986673836275,0.0
2012-12-15 18:34,0.9537740675628983,0.0
2012-12-15 18:44,1.0324249714665794,0.0
2012-12-15 18:54,1.0077613990835883,0.0
2012-12-15 19:04,0.9363907501193206,0.0
2012-12-15 19:14,0.8964672625493763,0.0
2012-12-15 19:24,0.8828993438550479,0.0
2012-12-15 19:34,1.0398710832368963,0.0
2012-12-15 19:44,0.9974450387706216,0.0
2012-12-15 19:54,0.7728918759946855,0.0
2012-12-15 20:04,1.0442461413662714,0.0
2012-12-15 20:14,0.7268433970839221,0.0
2012-12-15 20:24,0.9571926072869944,0.0
2012-12-15 20:34,0.6638095148348768,0.0
2012-12-15 20:44,0.9189794721569011,0.0
2012-12-15 20:54,0.6037093510026932,0.0
2012-12-15 21:04,0.9477598374684927,0.0
2012-12-15 21:14,0.9376877601490277,0.0
2012-12-15 21:24,0.9076995228017372,0.0
2012-12-15 21:34,0.5289053064157259,0.0
2012-12-16 03:14,0.7049993086751799,0.0
2012-12-16 03:24,0.7537175692408077,0.0
2012-12-16 03:34,0.7603544001872943,0.0
2012-12-16 03:44,0.5920762300738757,0.0
2012-12-16 03:54,0.6273624297288668,0.0
2012-12-16 04:04,0.8840662959547383,0.0
2012-12-16 04:14,0.9783458474162965,0.0
2012-12-16 04:24,0.9457464715616971,0.0
2012-12-16 04:34,0.73173361350137,0.0
2012-12-16 04:44,1.1355757435285354,0.0
2012-12-16 04:54,0.9271080030137174,0.0
2012-12-16 05:04,1.070018762837025,0.0
2012-12-16 05:14,1.094417927405112,0.0
2012-12-16 05:24,1.170227335567581,0.0
2012-12-16 05:34,1.0975747980143264,0.0
2012-12-16 05:44,0.8674252436326145,0.0
2012-12-16 05:54,0.9641245928490108,0.0
2012-12-16 06:04,1.1428595500086507,0.0
2012-12-16 06:14,0.9259605570117971,0.0
2012-12-16 06:24,0.9466612279509987,0.0
2012-12-16 06:34,0.9172155643574614,0.0
2012-12-16 06:44,1.0909716281146284,0.0
2012-12-16 06:54,1.0575084113597897,0.0
2012-12-16 07:04,1.2320592943297808,0.0
2012-12-16 07:14,1.0176512784491984,0.0
2012-12-16 07:24,1.0729674126424553,0.0
2012-12-16 07:34,0.8594092401649802,0.0
2012-12-16 07:44,1.0500138740551699,0.0
2012-12-16 07:54,1.0722003611496582,0.0
2012-12-16 08:04,1.002717210348094,0.0
2012-12-16 08:14,0.8410397547483387,0.0
2012-12-16 08:24,0.9638489465567146,0.0
2012-12-16 08:34,0.8185157571761056,0.0
2012-12-16 08:44,0.9886949901324359,0.0
2012-12-16 08:54,0.7389823495013427,0.0
2012-12-16 09:04,0.7684832182342499,0.0
2012-12-16 09:14,0.9066504384593915,0.0
2012-12-16 09:24,0.9776119761758735,0.0
2012-12-16 09:34,0.7327781513895594,0.0
2012-12-16 09:44,0.8710636692424883,0.0
2012-12-16 09:54,0.8986870379723538,0.0
2012-12-16 10:04,0.7221041409553174,0.0
2012-12-16 15:44,0.5290970554872738,0.0
2012-12-16 15:54,0.748938154739473,0.0
2012-12-16 16:04,0.5951897459804606,0.0
2012-12-16 16:14,0.6509471464807302,0.0
2012-12-16 16:24,0.5893762616638708,0.0
2012-12-16 16:34,0.8513200286113489,0.0
2012-12-16 16:44,0.8602963716436295,0.0
2012-12-16 16:54,0.8876655063958812,0.0
2012-12-16 17:04,0.9131685501099891,0.0
2012-12-16 17:14,0.9603413423603355,0.0
2012-12-16 17:24,0.8293739251319798,0.0
2012-12-16 17:34,1.0839059029576632,0.0
2012-12-16 17:44,1.1158704881512829,0.0
2012-12-16 17:54,0.9688716466961903,0.0
2012-12-16 18:04,1.1436743115561108,0.0
2012-12-16 18:14,1.0239400127029086,0.0
2012-12-16 18:24,0.8565320320443611,0.0
2012-12-16 18:34,0.855467643667273,0.0
2012-12-16 18:44,1.080467231285687,0.0
2012-12-16 18:54,0.9335392884974587,0.0
2012-12-16 19:04,1.0644132020134651,0.0
2012-12-16 19:14,0.8903257526035233,0.0
2012-12-16 19:24,0.9513969243753158,0.0
2012-12-16 19:34,1.0793207546632566,0.0
2012-12-16 19:44,1.0916802301280988,0.0
2012-12-16 19:54,1.0698799572082156,0.0
2012-12-16 20:04,1.001580334284022,0.0
2012-12-16 20:14,0.9390749845856212,0.0
2012-12-16 20:24,0.9956343626666042,0.0
2012-12-16 20:34,1.0964064808066358,0.0
2012-12-16 20:44,1.0327052665068739,0.0
2012-12-16 20:54,0.6917898116003558,0.0
2012-12-16 21:04,1.0014581840942862,0.0
2012-12-16 21:14,0.9707306900519658,0.0
2012-12-16 21:24,0.7937975696727794,0.0
2012-12-16 21:34,1.005789384350163,0.0
2012-12-16 21:44,1.0007186949343818,0.0
2012-12-16 21:54,0.8805506514355284,0.0
2012-12-16 22:04,0.6182279947233162,0.0
2012-12-16 22:14,0.5311816571006348,0.0
2012-12-16 22:24,1.199783190239136,0.0
2012-12-16 22:34,0.7518542497336727,0.0
2012-12-17 04:04,0.5962017369838857,0.0
2012-12-17 04:14,0.7577319221967481,0.0
2012-12-17 04:24,0.6289287259152835,0.0
2012-12-17 04:34,0.8476119455018735,0.0
2012-12-17 04:44,0.81151846356088,0.0
2012-12-17 04:54,0.7815602922972111,0.0
2012-12-17 05:04,1.0126637906716014,0.0
2012-12-17 05:14,1.0467397214456526,0.0
2012-12-17 05:24,0.9963620684712178,0.0
2012-12-17 05:34,0.9823618056467727,0.0
2012-12-17 05:44,0.955522697594406,0.0
2012-12-17 05:54,0.9901768568934259,0.0
2012-12-17 06:04,1.114471075001316,0.0
2012-12-17 06:14,1.2150586591510504,0.0
2012-12-17 06:24,1.1138893202513238,0.0
2012-12-17 06:34,1.100258240035068,0.0
2012-12-17 06:44,1.224315729445281,0.0
2012-12-17 06:54,1.162746543905,0.0
2012-12-17 07:04,1.1565540883737986,0.0
2012-12-17 07:14,1.039986620339339,0.0
2012-12-17 07:24,1.2738610301839235,0.0
2012-12-17 07:34,0.9898565719552541,0.0
2012-12-17 07:44,1.3375874712151834,0.0
2012-12-17 07:54,1.083496053651787,0.0
2012-12-17 08:04,1.1519115185335709,0.0
2012-12-17 08:14,1.1175498507526578,0.0
2012-12-17 08:24,1.0473340403964053,0.0
2012-12-17 08:34,1.0925797424028973,0.0
2012-12-17 08:44,0.9678714505685266,0.0
2012-12-17 08:54,1.0122182730053353,0.0
2012-12-17 09:04,1.027080498007694,0.0
2012-12-17 09:14,1.018571245760688,0.0
2012-12-17 09:24,0.9339619559254166,0.0
2012-12-17 09:34,0.9408736127477405,0.0
2012-12-17 09:44,0.8483731016736502,0.0
2012-12-17 09:54,0.9804059663685633,0.0
2012-12-17 10:04,0.8696563590418325,0.0
2012-12-17 10:14,0.7386171673674845,0.0
2012-12-17 10:24,0.9690321058354422,0.0
2012-12-17 10:34,0.6775124351128826,0.0
2012-12-17 10:44,0.7616471751821724,0.0
2012-12-17 10:54,0.5423142344346016,0.0
2012-12-17 16:34,0.6858126842421515,0.0
2012-12-17 16:44,0.7491339464533571,0.0
2012-12-17 16:54,0.5429131580044894,0.0
2012-12-17 17:04,0.6132500265239463,0.0
2012-12-17 17:14,0.7145020649086541,0.0
2012-12-17 17:24,0.8073324029080735,0.0
2012-12-17 17:34,0.8347621664490581,0.0
2012-12-17 17:44,0.9389984023671757,0.0
2012-12-17 17:54,0.9807941484734047,0.0
2012-12-17 18:04,1.028228165367474,0.0
2012-12-17 18:14,1.0288250432850623,0.0
2012-12-17 18:24,0.8986613693969909,0.0
2012-12-17 18:34,1.026387948774259,0.0
2012-12-17 18:44,1.1654626764635816,0.0
2012-12-17 18:54,1.1324792564035437,0.0
2012-12-17 19:04,1.0186130407051668,0.0
2012-12-17 19:14,1.1805971978703045,0.0
2012-12-17 19:24,1.0176317110108812,0.0
2012-12-17 19:34,1.0795033855690854,0.0
2012-12-17 19:44,0.8408083494578381,0.0
2012-12-17 19:54,1.049329528211696,0.0
2012-12-17 20:04,1.175180443833083,0.0
2012-12-17 20:14,1.1183916821416664,0.0
2012-12-17 20:24,1.181289763237397,0.0
2012-12-17 20:34,0.9359098256071635,0.0
2012-12-17 20:44,0.9726998928200579,0.0
2012-12-17 20:54,0.9295299500173055,0.0
2012-12-17 21:04,0.9988384548538979,0.0
2012-12-17 21:14,1.0025190659180423,0.0
2012-12-17 21:24,1.0356348659471584,0.0
2012-12-17 21:34,0.8200184901137254,0.0
2012-12-17 21:44,0.7287923147048305,0.0
2012-12-17 21:54,0.9599827908973246,0.0
2012-12-17 22:04,0.7361302408641304,0.0
2012-12-17 22:14,0.7367091977267051,0.0
2012-12-17 22:24,0.8021897348750986,0.0
2012-12-17 22:34,0.6485517256530746,0.0
2012-12-17 22:44,0.7314418118939113,0.0
2012-12-17 22:54,1.2914229335735352,0.0
2012-12-17 23:04,0.5452091530600373,0.0
2012-12-17 23:14,0.48820608302435736,0.0
2012-12-18 04:44,0.48625812435009824,0.0
2012-12-18 04:54,0.6482693415452747,0.0
2012-12-18 05:04,0.7196346579827461,0.0
2012-12-18 05:14,1.072158760950721,0.0
2012-12-18 05:24,0.813641859065745,0.0
2012-12-18 05:34,0.8133175510043923,0.0
2012-12-18 05:44,0.7630648885414159,0.0
2012-12-18 05:54,0.7057320523082883,0.0
2012-12-18 06:04,0.753359825495862,0.0
2012-12-18 06:14,0.9679456895866135,0.0
2012-12-18 06:24,1.100743081896914,0.0
2012-12-18 06:34,0.7979518626251831,0.0
2012-12-18 06:44,1.0407447350699648,0.0
2012-12-18 06:54,0.9746147260472922,0.0
2012-12-18 07:04,0.8100745356685111,0.0
2012-12-18 07:14,1.003897865672114,0.0
2012-12-18 07:24,1.0748328019249531,0.0
2012-12-18 07:34,0.9308447186770797,0.0
2012-12-18 07:44,1.0715686238354658,0.0
2012-12-18 07:54,0.9726789617694767,0.0
2012-12-18 08:04,1.039925222657186,0.0
2012-12-18 08:14,0.983772628593607,0.0
2012-12-18 08:24,0.9715013614417829,0.0
2012-12-18 08:34,0.8703626938171799,0.0
2012-12-18 08:44,0.9188739161921057,0.0
2012-12-18 08:54,0.8373366863650579,0.0
2012-12-18 09:04,0.7598509587383121,0.0
2012-12-18 09:14,0.8539405022307653,0.0
2012-12-18 09:24,0.9673103291989811,0.0
2012-12-18 09:34,0.9676177449733246,0.0
2012-12-18 09:44,0.8119288830097758,0.0
2012-12-18 09:54,0.7560077157921096,0.0
2012-12-18 10:04,0.7695349061332226,0.0
2012-12-18 10:14,0.7743666991818323,0.0
2012-12-18 10:24,0.8479598245254641,0.0
2012-12-18 10:34,0.7757432380497896,0.0
2012-12-18 10:44,0.8181574573557119,0.0
2012-12-18 10:54,0.882855565208073,0.0
2012-12-18 11:04,0.8672368007700288,0.0
2012-12-18 11:14,0.8588457583678909,0.0
2012-12-18 11:24,0.6454095605022022,0.0
2012-12-18 11:34,0.7819504465734146,0.0
2012-12-18 11:44,1.4193147873098937,0.0
2012-12-18 17:14,0.5934737361429882,0.0
2012-12-18 17:24,0.5769607246985087,0.0
2012-12-18 17:34,0.5729696181976902,0.0
2012-12-18 17:44,0.735750388012942,0.0
2012-12-18 17:54,0.6735247000286895,0.0
2012-12-18 18:04,0.7827064625681909,0.0
2012-12-18 18:14,0.8997719438531381,0.0
2012-12-18 18:24,0.7532828464284262,0.0
2012-12-18 18:34,0.8411327448197207,0.0
2012-12-18 18:44,0.82370857417691,0.0
2012-12-18 18:54,0.7425660515810064,0.0
2012-12-18 19:04,0.638889202958984,0.0
2012-12-18 19:14,0.7802967129996984,0.0
2012-12-18 19:24,0.6122036400640465,0.0
2012-12-18 19:34,0.861604531375961,0.0
2012-12-18 19:44,0.7600005868297505,0.0
2012-12-18 19:54,0.9002261259573231,0.0
2012-12-18 20:04,0.9338563034888135,0.0
2012-12-18 20:14,0.9933728542471828,0.0
2012-12-18 20:24,0.7784695472735333,0.0
2012-12-18 20:34,0.8428598024978309,0.0
2012-12-18 20:44,0.8244564245361103,0.0
2012-12-18 20:54,0.8880601258826861,0.0
2012-12-18 21:04,0.8261464817786862,0.0
2012-12-18 21:14,0.8480140061489089,0.0
2012-12-18 21:24,0.7758505499470736,0.0
2012-12-18 21:34,0.8429898424087512,0.0
2012-12-18 21:44,0.8045275597666477,0.0
2012-12-18 21:54,0.816201642163369,0.0
2012-12-18 22:04,0.7705703414305597,0.0
2012-12-18 22:14,0.6569260627374617,0.0
2012-12-18 22:24,0.8932401566842773,0.0
2012-12-18 22:34,0.7765929483321126,0.0
2012-12-18 22:44,0.764714304797543,0.0
2012-12-18 22:54,0.8147434181287107,0.0
2012-12-18 23:04,0.8989152720887871,0.0
2012-12-18 23:14,0.8627710292919288,0.0
2012-12-18 23:24,0.8202003486263011,0.0
2012-12-18 23:34,0.7756751192281007,0.0
2012-12-18 23:44,0.7055498040919803,0.0
2012-12-19 00:04,0.585359781137973,0.0
2012-12-19 00:14,0.7222515760922176,0.0
2012-12-19 05:24,0.5933601059948688,0.0
2012-12-19 05:34,0.6099656468385152,0.0
2012-12-19 05:44,0.6862779818988984,0.0
2012-12-19 05:54,0.6834994474996009,0.0
2012-12-19 06:04,0.6015233492011671,0.0
2012-12-19 06:14,0.7734772429500866,0.0
2012-12-19 06:24,0.7271020473250447,0.0
2012-12-19 06:34,0.6146927427416379,0.0
2012-12-19 06:44,0.7185558137601739,0.0
2012-12-19 06:54,0.7291710024111463,0.0
2012-12-19 07:04,0.6568390021032975,0.0
2012-12-19 07:14,0.5859710218806256,0.0
2012-12-19 07:24,0.6811756074164049,0.0
2012-12-19 07:34,0.9589839491874858,0.0
2012-12-19 07:44,0.748090944779469,0.0
2012-12-19 07:54,0.7244780620214268,0.0
2012-12-19 08:04,0.5967827594607533,0.0
2012-12-19 08:14,1.0948750092538986,0.0
2012-12-19 08:24,0.7372086723897728,0.0
2012-12-19 08:34,0.8302424826673858,0.0
2012-12-19 08:44,0.9182901236129104,0.0
2012-12-19 08:54,0.913461583048506,0.0
2012-12-19 09:04,0.8875164288598731,0.0
2012-12-19 09:14,0.9537018781691227,0.0
2012-12-19 09:24,0.8665170865750247,0.0
2012-12-19 09:34,0.8008176088086318,0.0
2012-12-19 09:44,0.8927011638653961,0.0
2012-12-19 09:54,0.8875740240802706,0.0
2012-12-19 10:04,0.7441908629762433,0.0
2012-12-19 10:14,0.4775356927087035,0.0
2012-12-19 10:24,0.8050089527303522,0.0
2012-12-19 10:34,0.745814480917841,0.0
2012-12-19 10:44,0.4146287463327746,0.0
2012-12-19 10:54,0.5359630733520543,0.0
2012-12-19 11:04,0.6144878598645008,0.0
2012-12-19 11:14,0.5337316065250437,0.0
2012-12-19 11:24,0.6492014375590582,0.0
2012-12-19 11:34,0.7471874084079894,0.0
2012-12-19 11:44,0.6626147015088661,0.0
2012-12-19 11:54,0.626267830374866,0.0
2012-12-19 12:04,0.5343257160255871,0.0
2012-12-19 12:14,0.36182942894097386,0.0
2012-12-19 12:24,0.4283914728373863,0.0
2012-12-19 12:34,0.551137148557206,0.0
2012-12-19 12:44,0.4938552685157727,0.0
2012-12-19 18:04,0.513225198373216,0.0
2012-12-19 18:14,0.46201198955210715,0.0
2012-12-19 18:24,0.5543059454695056,0.0
2012-12-19 18:34,0.6064480133597686,0.0
2012-12-19 18:44,0.633223956496514,0.0
2012-12-19 18:54,0.6900509799462318,0.0
2012-12-19 19:04,0.6142389175891664,0.0
2012-12-19 19:14,0.6998364815696132,0.0
2012-12-19 19:24,0.7022221572803179,0.0
2012-12-19 19:34,0.6415609269680791,0.0
2012-12-19 19:44,0.6904812553573962,0.0
2012-12-19 19:54,0.6391425624794491,0.0
2012-12-19 20:04,0.6592072256182765,0.0
2012-12-19 20:14,0.6115331462887371,0.0
2012-12-19 20:24,0.6767652736028358,0.0
2012-12-19 20:34,0.7201654193674494,0.0
2012-12-19 20:44,0.6213457026021815,0.0
2012-12-19 20:54,0.7427882470141932,0.0
2012-12-19 21:04,0.6690018329718881,0.0
2012-12-19 21:14,0.6838600412855769,0.0
2012-12-19 21:24,0.8362870871614811,0.0
2012-12-19 21:34,0.6924018893686146,0.0
2012-12-19 21:44,0.6621964996664468,0.0
2012-12-19 21:54,0.6548962484738803,0.0
2012-12-19 22:04,0.720266168480061,0.0
2012-12-19 22:14,0.6573003399174958,0.0
2012-12-19 22:24,0.6845156624855706,0.0
2012-12-19 22:34,0.5384160055625004,0.0
2012-12-19 22:44,0.707293726053968,0.0
2012-12-19 22:54,0.6289866011624871,0.0
2012-12-19 23:04,0.555499655053911,0.0
2012-12-19 23:14,0.6233543970144054,0.0
2012-12-19 23:24,0.5629310383211177,0.0
2012-12-19 23:34,0.5951091979447991,0.0
2012-12-19 23:44,0.5872145185574601,0.0
2012-12-20 00:04,0.5402914938415365,0.0
2012-12-20 00:14,0.4741834492771072,0.0
2012-12-20 00:24,0.5180671806340421,0.0
2012-12-20 00:34,0.5505600663344903,0.0
2012-12-20 00:44,0.4394114326159054,0.0
2012-12-20 00:54,0.4517547017232506,0.0
2012-12-20 01:04,0.5335309471202276,0.0
2012-12-20 06:04,0.7074404235896496,0.0
2012-12-20 06:14,0.7384472557844551,0.0
2012-12-20 06:24,0.7808807879677373,0.0
2012-12-20 06:34,0.7513028515020082,0.0
2012-12-20 06:44,0.7021740299980599,0.0
2012-12-20 06:54,0.5200110963031683,0.0
2012-12-20 07:04,0.45222413692499613,0.0
2012-12-20 07:14,0.68787994189647,0.0
2012-12-20 07:24,0.5161077371962052,0.0
2012-12-20 07:34,0.5782908241078758,0.0
2012-12-20 07:44,0.5315675182023565,0.0
2012-12-20 07:54,0.5509856899593575,0.0
2012-12-20 08:04,0.7206051869509743,0.0
2012-12-20 08:14,0.7369968932138702,0.0
2012-12-20 08:24,0.5916418883603417,0.0
2012-12-20 08:34,0.574960339232613,0.0
2012-12-20 08:44,0.8482684688576616,0.0
2012-12-20 08:54,0.5587888042113573,0.0
2012-12-20 09:04,0.8904886480090386,0.0
2012-12-20 09:14,0.84152546298207,0.0
2012-12-20 09:24,0.8164735586581997,0.0
2012-12-20 09:34,0.763987704868202,0.0
2012-12-20 09:44,0.5344946340570157,0.0
2012-12-20 09:54,0.7052999978311446,0.0
2012-12-20 10:04,0.8025286246740578,0.0
2012-12-20 10:14,0.5159036157961508,0.0
2012-12-20 10:24,0.8745197721442901,0.0
2012-12-20 10:34,0.8262342261043902,0.0
2012-12-20 10:44,0.8095510548275519,0.0
2012-12-20 10:54,0.5727682973798155,0.0
2012-12-20 11:04,0.7944859234474542,0.0
2012-12-20 11:14,0.8232936648025608,0.0
2012-12-20 11:24,0.6401073792225634,0.0
2012-12-20 11:34,0.8836522336626302,0.0
2012-12-20 11:44,0.7978146237010014,0.0
2012-12-20 11:54,0.8270166458810223,0.0
2012-12-20 12:04,0.4771736872232047,0.0
2012-12-20 12:14,0.5212852032261309,0.0
2012-12-20 12:24,0.5036377730727549,0.0
2012-12-20 12:34,0.4684367081380596,0.0
2012-12-20 12:44,0.7445041222813231,0.0
2012-12-20 12:54,0.4570362454013734,0.0
2012-12-20 13:04,0.6659011030867371,0.0
2012-12-20 13:14,0.6524011031437233,0.0
2012-12-20 13:24,0.49401079695518135,0.0
2012-12-20 13:34,0.42831649142837763,0.0
2012-12-20 18:54,0.45971034706486424,0.0
2012-12-20 19:04,0.5483385214946598,0.0
2012-12-20 19:14,0.717182191378216,0.0
2012-12-20 19:24,0.6878631342525463,0.0
2012-12-20 19:34,0.7164831137739472,0.0
2012-12-20 19:44,0.6390576486896946,0.0
2012-12-20 19:54,0.6547298025978645,0.0
2012-12-20 20:04,0.7029441302320873,0.0
2012-12-20 20:14,0.5596161193386453,0.0
2012-12-20 20:24,0.576535835770041,0.0
2012-12-20 20:34,0.8389667547415328,0.0
2012-12-20 20:44,0.6161641330314115,0.0
2012-12-20 20:54,0.8440248492220248,0.0
2012-12-20 21:04,0.8699799264144765,0.0
2012-12-20 21:14,0.8907644778877712,0.0
2012-12-20 21:24,0.6694052004098157,0.0
2012-12-20 21:34,0.8930877626161243,0.0
2012-12-20 21:44,0.894004745032058,0.0
2012-12-20 21:54,0.7262888203550489,0.0
2012-12-20 22:04,0.8618159557882624,0.0
2012-12-20 22:14,0.7856186993354722,0.0
2012-12-20 22:24,0.7851517296118333,0.0
2012-12-20 22:34,0.8880667550116256,0.0
2012-12-20 22:44,0.6704820720796962,0.0
2012-12-20 22:54,0.7861520977684971,0.0
2012-12-20 23:04,0.8963264531099291,0.0
2012-12-20 23:14,0.9204718835217534,0.0
2012-12-20 23:24,0.877873097911525,0.0
2012-12-20 23:34,0.8143504159151056,0.0
2012-12-20 23:44,0.613494815254191,0.0
2012-12-21 00:04,0.7883290479062515,0.0
2012-12-21 00:14,0.8127618030211026,0.0
2012-12-21 00:24,0.6467949799481756,0.0
2012-12-21 00:34,0.7032789912871089,0.0
2012-12-21 00:44,0.6935819035046734,0.0
2012-12-21 00:54,0.7928635958411084,0.0
2012-12-21 01:04,0.5796596465309762,0.0
2012-12-21 01:14,0.7711036938457939,0.0
2012-12-21 01:24,0.5466117744485585,0.0
2012-12-21 01:34,0.7905388226251624,0.0
2012-12-21 01:44,0.707568908029335,0.0
2012-12-21 01:54,0.7607184807334874,0.0
2012-12-21 02:04,0.5197352285692473,0.0
2012-12-21 07:14,0.616106693442885,0.0
2012-12-21 07:24,0.672551564164735,0.0
2012-12-21 07:34,0.7017696178396452,0.0
2012-12-21 07:44,0.5706242052033681,0.0
2012-12-21 07:54,0.7765093687003641,0.0
2012-12-21 08:04,0.7420960778347461,0.0
2012-12-21 08:14,0.5595393704315034,0.0
2012-12-21 08:24,0.6773963826068492,0.0
2012-12-21 08:34,0.6790601934963681,0.0
2012-12-21 08:44,0.5914176336093128,0.0
2012-12-21 08:54,0.5697097371060775,0.0
2012-12-21 09:04,0.7648269614241533,0.0
2012-12-21 09:14,0.7311845534285158,0.0
2012-12-21 09:24,0.6805305665524172,0.0
2012-12-21 09:34,0.7758679635265621,0.0
2012-12-21 09:44,0.779903200466342,0.0
2012-12-21 09:54,0.8843617224614779,0.0
2012-12-21 10:04,0.7915570992261383,0.0
2012-12-21 10:14,0.7720758991270364,0.0
2012-12-21 10:24,0.7062821364430263,0.0
2012-12-21 10:34,0.7886027664895008,0.0
2012-12-21 10:44,0.846280936300149,0.0
2012-12-21 10:54,0.8667377941569606,0.0
2012-12-21 11:04,0.6375567780961314,0.0
2012-12-21 11:14,0.7774385966334696,0.0
2012-12-21 11:24,0.8314724743217119,0.0
2012-12-21 11:34,0.8421246588661064,0.0
2012-12-21 11:44,0.7464653840845258,0.0
2012-12-21 11:54,0.6115932541164086,0.0
2012-12-21 12:04,0.7445103818865111,0.0
2012-12-21 12:14,0.7741928389447715,0.0
2012-12-21 12:24,0.7124074545528787,0.0
2012-12-21 12:34,0.727339302902994,0.0
2012-12-21 12:44,0.8059657637740503,0.0
2012-12-21 12:54,0.7968240604207489,0.0
2012-12-21 13:04,0.5916954852368865,0.0
2012-12-21 13:14,0.8071033360713127,0.0
2012-12-21 13:24,0.8040008978729101,0.0
2012-12-21 13:34,0.79842846875495,0.0
2012-12-21 13:44,0.6987989830526778,0.0
2012-12-21 13:54,0.7412826172090844,0.0
2012-12-21 14:04,0.6851809406113516,0.0
2012-12-21 14:14,0.7684106818664636,0.0
2012-12-21 14:24,0.43737983230927197,0.0
2012-12-21 14:34,0.7524011905360917,0.0
2012-12-21 19:44,0.6879499069490096,0.0
2012-12-21 19:54,0.5384396427185496,0.0
2012-12-21 20:04,0.8164017741205546,0.0
2012-12-21 20:14,0.7061386401482932,0.0
2012-12-21 20:24,0.7878194039717654,0.0
2012-12-21 20:34,0.8036087512229129,0.0
2012-12-21 20:44,0.6083172645989847,0.0
2012-12-21 20:54,0.7750610500796897,0.0
2012-12-21 21:04,0.8394135811278113,0.0
2012-12-21 21:14,0.8238870634141554,0.0
2012-12-21 21:24,0.5881956688170774,0.0
2012-12-21 21:34,0.7258458887535739,0.0
2012-12-21 21:44,0.7387860171896454,0.0
2012-12-21 21:54,0.846886722720442,0.0
2012-12-21 22:04,0.7110603894971274,0.0
2012-12-21 22:14,0.7901086717925556,0.0
2012-12-21 22:24,0.6607683238781832,0.0
2012-12-21 22:34,0.6627892895175186,0.0
2012-12-21 22:44,0.7145194860718396,0.0
2012-12-21 22:54,0.6241395167710699,0.0
2012-12-21 23:04,0.8181577212090844,0.0
2012-12-21 23:14,0.7815001029544009,0.0
2012-12-21 23:24,0.78183775367906,0.0
2012-12-21 23:34,0.6938620390752595,0.0
2012-12-21 23:44,0.6860711132236704,0.0
2012-12-22 00:04,0.75387707724026,0.0
2012-12-22 00:14,0.8044073139720401,0.0
2012-12-22 00:24,0.7794676777129549,0.0
2012-12-22 00:34,0.7472826963670675,0.0
2012-12-22 00:44,0.6754364655898287,0.0
2012-12-22 00:54,0.8044068483797909,0.0
2012-12-22 01:04,0.6757677176396523,0.0
2012-12-22 01:14,0.7828564226355161,0.0
2012-12-22 01:24,0.7884101193072311,0.0
2012-12-22 01:34,0.761958935711385,0.0
2012-12-22 01:44,0.6990553181329843,0.0
2012-12-22 01:54,0.778973735654382,0.0
2012-12-22 02:04,0.7506328212427115,0.0
2012-12-22 02:14,0.5020513791717791,0.0
2012-12-22 02:24,0.48931426063675276,0.0
2012-12-22 02:34,0.6883817344897651,0.0
2012-12-22 02:44,0.6680023045630475,0.0
2012-12-22 02:54,0.6959948308319548,0.0
2012-12-22 03:04,0.484146009385592,0.0
2012-12-22 03:14,0.6473810635896871,0.0
2012-12-22 03:24,0.46194448986916303,0.0
2012-12-22 03:34,0.6738937192123259,0.0
2012-12-22 07:54,0.37206619013335035,0.0
2012-12-22 08:04,0.5089393218921765,0.0
2012-12-22 08:14,0.4267414406940819,0.0
2012-12-22 08:24,0.52478330470531,0.0
2012-12-22 08:34,0.6076537262174182,0.0
2012-12-22 08:44,0.648008619909035,0.0
2012-12-22 08:54,0.6722803042717818,0.0
2012-12-22 09:04,0.6438625506379966,0.0
2012-12-22 09:14,0.6784967103040014,0.0
2012-12-22 09:24,0.678658633943011,0.0
2012-12-22 09:34,0.6672553848320036,0.0
2012-12-22 09:44,0.6884541362024477,0.0
2012-12-22 09:54,0.6749631727042749,0.0
2012-12-22 10:04,0.6855339760937719,0.0
2012-12-22 10:14,0.5987145686281032,0.0
2012-12-22 10:24,0.5466701522557003,0.0
2012-12-22 10:34,0.6390451434367808,0.0
2012-12-22 10:44,0.6982518470579798,0.0
2012-12-22 10:54,0.7082184450519702,0.0
2012-12-22 11:04,0.6538096246361407,0.0
2012-12-22 11:14,0.654892181267562,0.0
2012-12-22 11:24,0.6967865374985127,0.0
2012-12-22 11:34,0.7432056649713265,0.0
2012-12-22 11:44,0.6689965593143293,0.0
2012-12-22 11:54,0.6437640903506775,0.0
2012-12-22 12:04,0.6915052477695309,0.0
2012-12-22 12:14,0.7555643923033607,0.0
2012-12-22 12:24,0.5592615840264971,0.0
2012-12-22 12:34,0.6924824662324706,0.0
2012-12-22 12:44,0.5999238012765208,0.0
2012-12-22 12:54,0.7488247396539089,0.0
2012-12-22 13:04,0.6298774098886757,0.0
2012-12-22 13:14,0.7148805176286498,0.0
2012-12-22 13:24,0.6629324309577063,0.0
2012-12-22 13:34,0.7160845320570682,0.0
2012-12-22 13:44,0.6651662119308905,0.0
2012-12-22 13:54,0.5207575395839006,0.0
2012-12-22 14:04,0.6433726168300944,0.0
2012-12-22 14:14,0.5913070669572876,0.0
2012-12-22 14:24,0.6551474696417583,0.0
2012-12-22 14:34,0.6876349851223064,0.0
2012-12-22 14:44,0.5992246578491979,0.0
2012-12-22 14:54,0.6582699704412271,0.0
2012-12-22 15:04,0.722693356370068,0.0
2012-12-22 15:14,0.7052056867168556,0.0
2012-12-22 15:24,0.6956848552497292,0.0
2012-12-22 15:34,1.252772537902734,0.0
2012-12-22 15:44,0.45940540404418007,0.0
2012-12-22 15:54,0.4132230578759863,0.0
2012-12-22 16:04,0.5340735311095154,0.0
2012-12-22 20:34,0.44408268995929995,0.0
2012-12-22 20:44,0.35429557872568285,0.0
2012-12-22 20:54,0.5107878623469712,0.0
2012-12-22 21:04,0.40575288292085326,0.0
2012-12-22 21:14,0.5954736442509291,0.0
2012-12-22 21:24,0.6624500154899812,0.0
2012-12-22 21:34,0.6333489048347053,0.0
2012-12-22 21:44,0.6240918855214438,0.0
2012-12-22 21:54,0.7322804949183213,0.0
2012-12-22 22:04,0.6801965753047283,0.0
2012-12-22 22:14,0.7494214758999839,0.0
2012-12-22 22:24,0.6755011681904015,0.0
2012-12-22 22:34,0.5603992761275918,0.0
2012-12-22 22:44,0.7100522915531777,0.0
2012-12-22 22:54,0.6508016310513444,0.0
2012-12-22 23:04,0.6295595133752862,0.0
2012-12-22 23:14,0.6911158141135646,0.0
2012-12-22 23:24,0.6780176652030181,0.0
2012-12-22 23:34,0.7933902918639276,0.0
2012-12-22 23:44,0.6552610894776126,0.0
2012-12-23 00:04,0.7042935695065096,0.0
2012-12-23 00:14,0.7733934379757662,0.0
2012-12-23 00:24,0.5411922977782433,0.0
2012-12-23 00:34,0.8265195128883518,0.0
2012-12-23 00:44,0.7233170779074909,0.0
2012-12-23 00:54,0.8471957880767841,0.0
2012-12-23 01:04,0.7084874977866479,0.0
2012-12-23 01:14,0.6502145436467147,0.0
2012-12-23 01:24,0.7650455580098683,0.0
2012-12-23 01:34,0.793891953250958,0.0
2012-12-23 01:44,0.7652792525263987,0.0
2012-12-23 01:54,0.609907712584421,0.0
2012-12-23 02:04,0.7430438018211596,0.0
2012-12-23 02:14,0.733891280069362,0.0
2012-12-23 02:24,0.6925211318694449,0.0
2012-12-23 02:34,0.632060089661423,0.0
2012-12-23 02:44,0.5018193477273145,0.0
2012-12-23 02:54,0.4408183271663229,0.0
2012-12-23 03:04,0.6081586854209833,0.0
2012-12-23 03:14,0.6178568717873697,0.0
2012-12-23 03:24,0.47561769252882913,0.0
2012-12-23 03:34,0.5097127268122644,0.0
2012-12-23 03:44,0.6851433386279504,0.0
2012-12-23 03:54,0.4870687143783893,0.0
2012-12-23 04:04,0.5534491279671255,0.0
2012-12-23 04:14,0.3987595509567141,0.0
2012-12-23 04:24,0.4881903692648595,0.0
2012-12-23 04:34,0.6671182180118251,0.0
2012-12-23 04:44,0.39666360532598804,0.0
2012-12-23 09:24,0.577461079924075,0.0
2012-12-23 09:34,0.6147457069348017,0.0
2012-12-23 09:44,0.4077418413239692,0.0
2012-12-23 09:54,0.4601544672423131,0.0
2012-12-23 10:04,0.45899254023864183,0.0
2012-12-23 10:14,0.6915603624910436,0.0
2012-12-23 10:24,0.6021294990583562,0.0
2012-12-23 10:34,0.47397143986376766,0.0
2012-12-23 10:44,0.6164954999906087,0.0
2012-12-23 10:54,0.5511554126642755,0.0
2012-12-23 11:04,0.5575700240348478,0.0
2012-12-23 11:14,0.6960500636782316,0.0
2012-12-23 11:24,0.6587883031490319,0.0
2012-12-23 11:34,0.6320884326004781,0.0
2012-12-23 11:44,0.49513847517348647,0.0
2012-12-23 11:54,0.501379346323627,0.0
2012-12-23 12:04,0.6872415419343084,0.0
2012-12-23 12:14,0.7735614208131711,0.0
2012-12-23 12:24,0.6634955740061771,0.0
2012-12-23 12:34,0.7089972920701698,0.0
2012-12-23 12:44,0.7289346057040146,0.0
2012-12-23 12:54,0.6040105983802767,0.0
2012-12-23 13:04,0.7503861228815947,0.0
2012-12-23 13:14,0.7397394615185177,0.0
2012-12-23 13:24,0.7532440231550115,0.0
2012-12-23 13:34,0.7593130455063669,0.0
2012-12-23 13:44,0.5814260507152538,0.0
2012-12-23 13:54,0.505114354662467,0.0
2012-12-23 14:04,0.7625161172127376,0.0
2012-12-23 14:14,0.7517028567394138,0.0
2012-12-23 14:24,0.7438713818669322,0.0
2012-12-23 14:34,0.8259791942646982,0.0
2012-12-23 14:44,0.7736498068700404,0.0
2012-12-23 14:54,0.8157361789133769,0.0
2012-12-23 15:04,0.7419474039425104,0.0
2012-12-23 15:14,0.7053671040229224,0.0
2012-12-23 15:24,0.7569994599516097,0.0
2012-12-23 15:34,0.5864158370571666,0.0
2012-12-23 15:44,0.7794190619273722,0.0
2012-12-23 15:54,0.49429754358481426,0.0
2012-12-23 16:04,0.8146389068279463,0.0
2012-12-23 16:14,0.8505924712989129,0.0
2012-12-23 16:24,0.7226128721081932,0.0
2012-12-23 16:34,0.6680095629442667,0.0
2012-12-23 16:44,0.7458277385175608,0.0
2012-12-23 16:54,0.7108017671561377,0.0
2012-12-23 21:54,2.438821265124963,0.0
2012-12-23 22:04,0.5954705802313147,0.0
2012-12-23 22:14,0.591371228197378,0.0
2012-12-23 22:24,0.6746206965904803,0.0
2012-12-23 22:34,0.4497031654499385,0.0
2012-12-23 22:44,0.7228295459455741,0.0
2012-12-23 22:54,0.7301789634947162,0.0
2012-12-23 23:04,0.7499770792867558,0.0
2012-12-23 23:14,0.6658472794205018,0.0
2012-12-23 23:24,0.6480854146995602,0.0
2012-12-23 23:34,0.734461381616623,0.0
2012-12-23 23:44,0.7159083766522002,0.0
2012-12-24 00:04,0.5165408679093062,0.0
2012-12-24 00:14,0.6793740093662857,0.0
2012-12-24 00:24,0.7202411906410265,0.0
2012-12-24 00:34,0.7814271475029237,0.0
2012-12-24 00:44,0.8125026115533078,0.0
2012-12-24 00:54,0.5751078307329005,0.0
2012-12-24 01:04,0.7672404328233129,0.0
2012-12-24 01:14,0.8444537199526148,0.0
2012-12-24 01:24,0.7837291534636274,0.0
2012-12-24 01:34,0.7679605417101751,0.0
2012-12-24 01:44,0.8058269732385169,0.0
2012-12-24 01:54,0.7832331947536313,0.0
2012-12-24 02:04,0.7692090906018076,0.0
2012-12-24 02:14,0.6812863669433643,0.0
2012-12-24 02:24,0.6509475713539523,0.0
2012-12-24 02:34,0.8311432992961251,0.0
2012-12-24 02:44,0.814497014486753,0.0
2012-12-24 02:54,0.6778450722857483,0.0
2012-12-24 03:04,0.7441799218770819,0.0
2012-12-24 03:14,0.6388717440424327,0.0
2012-12-24 03:24,0.7135891132480506,0.0
2012-12-24 03:34,0.619869332790869,0.0
2012-12-24 03:44,0.6411289717322302,0.0
2012-12-24 03:54,0.6346540424040139,0.0
2012-12-24 04:04,0.658860190933701,0.0
2012-12-24 04:14,0.6594513751171601,0.0
2012-12-24 04:24,0.7002028093694553,0.0
2012-12-24 04:34,0.7087629551644373,0.0
2012-12-24 04:44,0.6181924320833794,0.0
2012-12-24 04:54,0.6022537663206423,0.0
2012-12-24 05:04,0.656873469488532,0.0
2012-12-24 05:14,0.44527418994427065,0.0
2012-12-24 05:24,0.6060397948700456,0.0
2012-12-24 05:34,0.6761905612624235,0.0
2012-12-24 10:24,0.5767970164894064,0.0
2012-12-24 10:34,0.547918693472694,0.0
2012-12-24 10:44,0.6660847364473806,0.0
2012-12-24 10:54,0.681910114230638,0.0
2012-12-24 11:04,0.7496003343671623,0.0
2012-12-24 11:14,0.7409199162034423,0.0
2012-12-24 11:24,0.6443597112141114,0.0
2012-12-24 11:34,0.6598799311840292,0.0
2012-12-24 11:44,0.6769758127807033,0.0
2012-12-24 11:54,0.7892044079027896,0.0
2012-12-24 12:04,0.6957765780967958,0.0
2012-12-24 12:14,0.5437519839721269,0.0
2012-12-24 12:24,0.7053691318935198,0.0
2012-12-24 12:34,0.7241208426441839,0.0
2012-12-24 12:44,0.7962527044345289,0.0
2012-12-24 12:54,0.7862647633793385,0.0
2012-12-24 13:04,0.6673070867047558,0.0
2012-12-24 13:14,0.8101517010465907,0.0
2012-12-24 13:24,0.7240760676081971,0.0
2012-12-24 13:34,0.8504299467067399,0.0
2012-12-24 13:44,0.6350966512352813,0.0
2012-12-24 13:54,0.858968508997578,0.0
2012-12-24 14:04,0.7902991525451796,0.0
2012-12-24 14:14,0.8417154868644401,0.0
2012-12-24 14:24,0.6483717788693831,0.0
2012-12-24 14:34,0.6870214046533696,0.0
2012-12-24 14:44,0.7446051644955997,0.0
2012-12-24 14:54,0.8345904835747221,0.0
2012-12-24 15:04,0.8107260619362167,0.0
2012-12-24 15:14,0.8008866597782258,0.0
2012-12-24 15:24,0.6368525877395289,0.0
2012-12-24 15:34,0.519043276779191,0.0
2012-12-24 15:44,0.530950071352624,0.0
2012-12-24 15:54,0.6721303420318675,0.0
2012-12-24 16:04,0.5269327406002848,0.0
2012-12-24 16:14,0.7695684156048208,0.0
2012-12-24 16:24,0.8664789771908952,0.0
2012-12-24 16:34,0.787865297698596,0.0
2012-12-24 16:44,0.7438170629099328,0.0
2012-12-24 16:54,0.742148416112307,0.0
2012-12-24 17:04,0.7253276898780889,0.0
2012-12-24 17:14,0.43284548839521997,0.0
2012-12-24 17:24,0.5789962709855055,0.0
2012-12-24 17:34,0.6680138838461087,0.0
2012-12-24 17:44,0.644281095300669,0.0
2012-12-24 17:54,0.5546253262353956,0.0
2012-12-24 22:44,0.5487258999786844,0.0
2012-12-24 22:54,0.40669518909698277,0.0
2012-12-24 23:04,0.6078525269690186,0.0
2012-12-24 23:14,0.6835167151816786,0.0
2012-12-24 23:24,0.6954096444651466,0.0
2012-12-24 23:34,0.5015813680428152,0.0
2012-12-24 23:44,0.5977295631130453,0.0
2012-12-25 00:04,0.9051335545570695,0.0
2012-12-25 00:14,0.6925453928210589,0.0
2012-12-25 00:24,0.7527958349466303,0.0
2012-12-25 00:34,0.789398994953029,0.0
2012-12-25 00:44,0.624672579927502,0.0
2012-12-25 00:54,0.7220878634442583,0.0
2012-12-25 01:04,0.7256029546980185,0.0
2012-12-25 01:14,0.6934467229847555,0.0
2012-12-25 01:24,0.8784797265385854,0.0
2012-12-25 01:34,0.8078466297493184,0.0
2012-12-25 01:44,0.8772506418820257,0.0
2012-12-25 01:54,0.7007810471563068,0.0
2012-12-25 02:04,0.8773992570308687,0.0
2012-12-25 02:14,0.6811338023842042,0.0
2012-12-25 02:24,0.7148422189588474,0.0
2012-12-25 02:34,0.6864905529866001,0.0
2012-12-25 02:44,0.7513756164856107,0.0
2012-12-25 02:54,0.6702200689329699,0.0
2012-12-25 03:04,0.7160208620053333,0.0
2012-12-25 03:14,0.7072117326015567,0.0
2012-12-25 03:24,0.6787649386061344,0.0
2012-12-25 03:34,0.6958518464444924,0.0
2012-12-25 03:44,0.6978878310778563,0.0
2012-12-25 03:54,0.6724488856346931,0.0
2012-12-25 04:04,0.7077141399123633,0.0
2012-12-25 04:14,0.8270789352287643,0.0
2012-12-25 04:24,0.5578609182209044,0.0
2012-12-25 04:34,0.5532458108099824,0.0
2012-12-25 04:44,0.7440952131024815,0.0
2012-12-25 04:54,0.5842052425469416,0.0
2012-12-25 05:04,0.5461377580012556,0.0
2012-12-25 05:14,0.7908385467864673,0.0
2012-12-25 05:24,0.6675118051115853,0.0
2012-12-25 05:34,0.5739349106765328,0.0
2012-12-25 05:44,0.6206787230401292,0.0
2012-12-25 05:54,0.6851346868371154,0.0
2012-12-25 06:04,0.6459236805891457,0.0
2012-12-25 06:14,0.5537429037995074,0.0
2012-12-25 06:24,0.46409799068290286,0.0
2012-12-25 11:24,2.040524732840035,0.0
2012-12-25 11:34,0.5845867867638013,0.0
2012-12-25 11:44,0.7862130431710049,0.0
2012-12-25 11:54,0.7431458227266582,0.0
2012-12-25 12:04,0.747459953497534,0.0
2012-12-25 12:14,0.8026846701279269,0.0
2012-12-25 12:24,0.6236518546970242,0.0
2012-12-25 12:34,0.7941575992840237,0.0
2012-12-25 12:44,0.8324428939058746,0.0
2012-12-25 12:54,0.7074184582063433,0.0
2012-12-25 13:04,0.965130354063593,0.0
2012-12-25 13:14,0.9182749820407266,0.0
2012-12-25 13:24,0.9225312624187677,0.0
2012-12-25 13:34,0.9974573439361887,0.0
2012-12-25 13:44,0.9102945529228551,0.0
2012-12-25 13:54,0.9855874476926136,0.0
2012-12-25 14:04,0.9521173526011184,0.0
2012-12-25 14:14,1.0971322913139223,0.0
2012-12-25 14:24,1.1209088580463735,0.0
2012-12-25 14:34,1.0624155728324756,0.0
2012-12-25 14:44,0.9946138138995291,0.0
2012-12-25 14:54,0.7771997956108927,0.0
2012-12-25 15:04,0.9050807067737098,0.0
2012-12-25 15:14,0.9028275712628703,0.0
2012-12-25 15:24,1.0710239287188332,0.0
2012-12-25 15:34,0.9658023298469776,0.0
2012-12-25 15:44,0.9278694865879514,0.0
2012-12-25 15:54,0.7514507800859901,0.0
2012-12-25 16:04,0.8445569207314897,0.0
2012-12-25 16:14,0.9059446039987342,0.0
2012-12-25 16:24,0.9168376628086519,0.0
2012-12-25 16:34,0.9973774981339963,0.0
2012-12-25 16:44,1.0449827979494704,0.0
2012-12-25 16:54,0.8677638586965968,0.0
2012-12-25 17:04,0.877168873146679,0.0
2012-12-25 17:14,0.8416275410502907,0.0
2012-12-25 17:24,0.8045791364816701,0.0
2012-12-25 17:34,0.7564674389860724,0.0
2012-12-25 17:44,0.6851191835983542,0.0
2012-12-25 17:54,0.6307981389154611,0.0
2012-12-25 18:04,0.7016071916944135,0.0
2012-12-25 18:14,0.7619470762333731,0.0
2012-12-25 18:24,0.7064710652977836,0.0
2012-12-25 18:34,0.6637883813183812,0.0
2012-12-26 00:04,0.5876353722908672,0.0
2012-12-26 00:14,0.7049197472283293,0.0
2012-12-26 00:24,0.7290949578988138,0.0
2012-12-26 00:34,0.7887305018147707,0.0
2012-12-26 00:44,0.8291639463020556,0.0
2012-12-26 00:54,0.7891274670691727,0.0
2012-12-26 01:04,0.8130217065730357,0.0
2012-12-26 01:14,0.8606339994109728,0.0
2012-12-26 01:24,0.6907199965803456,0.0
2012-12-26 01:34,0.8007550291272464,0.0
2012-12-26 01:44,0.845486785097424,0.0
2012-12-26 01:54,1.0022706748388162,0.0
2012-12-26 02:04,0.904503779922204,0.0
2012-12-26 02:14,0.8844706810911551,0.0
2012-12-26 02:24,0.9569731714794659,0.0
2012-12-26 02:34,0.828298700713352,0.0
2012-12-26 02:44,1.0192848775207568,0.0
2012-12-26 02:54,0.9609247341438358,0.0
2012-12-26 03:04,0.9808984736902907,0.0
2012-12-26 03:14,0.9509086558331042,0.0
2012-12-26 03:24,0.9575869615917378,0.0
2012-12-26 03:34,0.9731444502002097,0.0
2012-12-26 03:44,0.9313552841970753,0.0
2012-12-26 03:54,1.033022558354807,0.0
2012-12-26 04:04,0.9933082298191144,0.0
2012-12-26 04:14,0.9927578852773746,0.0
2012-12-26 04:24,0.7433455320432801,0.0
2012-12-26 04:34,0.8334039083568796,0.0
2012-12-26 04:44,0.9353805414981344,0.0
2012-12-26 04:54,0.8071429560384408,0.0
2012-12-26 05:04,0.7860877881649987,0.0
2012-12-26 05:14,0.8054674232376624,0.0
2012-12-26 05:24,0.7300645936653781,0.0
2012-12-26 05:34,0.7424716813141837,0.0
2012-12-26 05:44,0.8139001877802059,0.0
2012-12-26 05:54,0.8773074386494812,0.0
2012-12-26 06:04,0.7696802809629277,0.0
2012-12-26 06:14,0.6610381734728273,0.0
2012-12-26 06:24,0.6772381216971173,0.0
2012-12-26 06:34,0.7369679807995118,0.0
2012-12-26 06:44,0.5782312812136812,0.0
2012-12-26 06:54,0.6183777982923565,0.0
2012-12-26 12:14,0.647903071997099,0.0
2012-12-26 12:24,1.3705185566889861,0.0
2012-12-26 12:34,0.7434340280431668,0.0
2012-12-26 12:44,0.7915339164678398,0.0
2012-12-26 12:54,0.8518873838689178,0.0
2012-12-26 13:04,0.7016185600760183,0.0
2012-12-26 13:14,0.8455047509356637,0.0
2012-12-26 13:24,0.7674827168685354,0.0
2012-12-26 13:34,0.8921579328067735,0.0
2012-12-26 13:44,0.8426259839217819,0.0
2012-12-26 13:54,0.8270798669204595,0.0
2012-12-26 14:04,0.8835882930081747,0.0
2012-12-26 14:14,0.784924857942951,0.0
2012-12-26 14:24,0.7324936534973405,0.0
2012-12-26 14:34,0.9381245288973727,0.0
2012-12-26 14:44,0.984811119341782,0.0
2012-12-26 14:54,0.8931947906905044,0.0
2012-12-26 15:04,0.8008937742236368,0.0
2012-12-26 15:14,0.9407384282299979,0.0
2012-12-26 15:24,0.8296544510886219,0.0
2012-12-26 15:34,0.817485933308701,0.0
2012-12-26 15:44,1.0110101307281492,0.0
2012-12-26 15:54,0.9346575124189678,0.0
2012-12-26 16:04,0.9323223715972536,0.0
2012-12-26 16:14,0.9285579039737162,0.0
2012-12-26 16:24,0.9725869545301697,0.0
2012-12-26 16:34,0.7651192274734014,0.0
2012-12-26 16:44,0.8919124583516248,0.0
2012-12-26 16:54,0.9366868284374572,0.0
2012-12-26 17:04,0.9280890891956071,0.0
2012-12-26 17:14,0.8958810935340318,0.0
2012-12-26 17:24,0.8012700021252476,0.0
2012-12-26 17:34,0.7917950241548619,0.0
2012-12-26 17:44,0.9017746472291415,0.0
2012-12-26 17:54,0.7266466190512652,0.0
2012-12-26 18:04,0.7715784231991974,0.0
2012-12-26 18:14,0.9297970487717301,0.0
2012-12-26 18:24,0.8338983513824451,0.0
2012-12-26 18:34,0.833895244851395,0.0
2012-12-26 18:44,0.7423967299464397,0.0
2012-12-26 18:54,0.7700320081051488,0.0
2012-12-26 19:04,0.7330628024755211,0.0
2012-12-26 19:14,0.6490346780835672,0.0
2012-12-27 00:24,0.6345005431101497,0.0
2012-12-27 00:34,0.5498676610115206,0.0
2012-12-27 00:44,0.7075759374003089,0.0
2012-12-27 00:54,0.7642257730858765,0.0
2012-12-27 01:04,0.7783597299168258,0.0
2012-12-27 01:14,0.9303700839032102,0.0
2012-12-27 01:24,0.6876075636125707,0.0
2012-12-27 01:34,0.7925823373833314,0.0
2012-12-27 01:44,0.7870625277626222,0.0
2012-12-27 01:54,0.735357599902353,0.0
2012-12-27 02:04,0.8345711153881304,0.0
2012-12-27 02:14,0.8836193504623246,0.0
2012-12-27 02:24,0.8640446112209783,0.0
2012-12-27 02:34,0.8344108794415931,0.0
2012-12-27 02:44,0.9328309933190851,0.0
2012-12-27 02:54,0.9202692890232961,0.0
2012-12-27 03:04,1.0200541453437109,0.0
2012-12-27 03:14,0.9655561654230039,0.0
2012-12-27 03:24,1.0298321330165237,0.0
2012-12-27 03:34,0.9499742068561932,0.0
2012-12-27 03:44,1.0258503715414498,0.0
2012-12-27 03:54,1.034649109135637,0.0
2012-12-27 04:04,1.1266364728358638,0.0
2012-12-27 04:14,1.2147828665273483,0.0
2012-12-27 04:24,1.1246082823022119,0.0
2012-12-27 04:34,1.035565705360371,0.0
2012-12-27 04:44,1.0713833019702788,0.0
2012-12-27 04:54,1.0876838233039283,0.0
2012-12-27 05:04,1.0488429177321146,0.0
2012-12-27 05:14,0.874120906224539,0.0
2012-12-27 05:24,0.8453339386988873,0.0
2012-12-27 05:34,1.0268356539533752,0.0
2012-12-27 05:44,1.0525061469840442,0.0
2012-12-27 05:54,0.9890789276826498,0.0
2012-12-27 06:04,0.943384813864629,0.0
2012-12-27 06:14,0.9616619065906862,0.0
2012-12-27 06:24,0.8546023316813776,0.0
2012-12-27 06:34,0.8676564744432835,0.0
2012-12-27 06:44,0.8320412154692456,0.0
2012-12-27 06:54,0.7478695836894608,0.0
2012-12-27 07:04,0.6873100241328598,0.0
2012-12-27 07:14,0.7939261254480908,0.0
2012-12-27 07:24,0.5994463833926857,0.0
2012-12-27 07:34,1.2771588109274725,0.0
2012-12-27 07:44,0.6999589945173093,0.0
2012-12-27 12:54,1.1186623345242341,0.0
2012-12-27 13:04,0.6724619946752647,0.0
2012-12-27 13:14,0.7461122791678905,0.0
2012-12-27 13:24,1.2861471739460628,0.0
2012-12-27 13:34,0.8208359865898978,0.0
2012-12-27 13:44,0.8651818002749256,0.0
2012-12-27 13:54,0.9556816893813261,0.0
2012-12-27 14:04,0.9191690440600366,0.0
2012-12-27 14:14,1.0451607525549163,0.0
2012-12-27 14:24,1.1256970382586515,0.0
2012-12-27 14:34,1.1346252122602387,0.0
2012-12-27 14:44,1.1344285260563955,0.0
2012-12-27 14:54,1.0680307948568406,0.0
2012-12-27 15:04,1.2844584061302347,0.0
2012-12-27 15:14,1.142246769058297,0.0
2012-12-27 15:24,1.1654125911814361,0.0
2012-12-27 15:34,1.783951581754575,0.0
2012-12-27 15:44,1.0553646534962378,0.0
2012-12-27 15:54,1.106626258424094,0.0
2012-12-27 16:04,1.4033434502324422,0.0
2012-12-27 16:14,0.9942601290514049,0.0
2012-12-27 16:24,1.0478192485222986,0.0
2012-12-27 16:34,1.2779673913003824,0.0
2012-12-27 16:44,1.2223001132877038,0.0
2012-12-27 16:54,1.1789877428360305,0.0
2012-12-27 17:04,1.2020854768995652,0.0
2012-12-27 17:14,1.2676030375407747,0.0
2012-12-27 17:24,0.9463338493197608,0.0
2012-12-27 17:34,0.9705890679321185,0.0
2012-12-27 17:44,1.1268234435240734,0.0
2012-12-27 17:54,0.8705118364165308,0.0
2012-12-27 18:04,1.0922531478473942,0.0
2012-12-27 18:14,1.0529853698074747,0.0
2012-12-27 18:24,0.7915263924540129,0.0
2012-12-27 18:34,0.9555749903194732,0.0
2012-12-27 18:44,0.680251844636339,0.0
2012-12-27 18:54,0.6787173658530489,0.0
2012-12-27 19:04,0.8445922997966053,0.0
2012-12-27 19:14,0.7989389136614946,0.0
2012-12-27 19:24,0.6934175760247133,0.0
2012-12-27 19:34,1.1880935538569057,0.0
2012-12-28 01:04,0.46047042043466124,0.0
2012-12-28 01:14,0.7341991222814687,0.0
2012-12-28 01:24,0.6264899971309689,0.0
2012-12-28 01:34,0.8877137274010116,0.0
2012-12-28 01:44,0.8139193565641932,0.0
2012-12-28 01:54,0.7537272910442209,0.0
2012-12-28 02:04,0.6659382691359138,0.0
2012-12-28 02:14,0.9011321245535788,0.0
2012-12-28 02:24,0.9019042141949765,0.0
2012-12-28 02:34,0.8362348709635291,0.0
2012-12-28 02:44,0.9275032128981857,0.0
2012-12-28 02:54,1.0992911762274238,0.0
2012-12-28 03:04,0.8020974229163378,0.0
2012-12-28 03:14,1.0540679279441119,0.0
2012-12-28 03:24,0.8490974654230123,0.0
2012-12-28 03:34,1.0156816021956718,0.0
2012-12-28 03:44,0.977877579014499,0.0
2012-12-28 03:54,1.074580911233977,0.0
2012-12-28 04:04,0.9452176055239165,0.0
2012-12-28 04:14,0.9420410446153036,0.0
2012-12-28 04:24,0.7909764864862227,0.0
2012-12-28 04:34,0.9589192088910609,0.0
2012-12-28 04:44,1.0836463485298709,0.0
2012-12-28 04:54,0.9277185224736887,0.0
2012-12-28 05:04,0.9117948948605875,0.0
2012-12-28 05:14,0.9866421072256167,0.0
2012-12-28 05:24,0.7192292704852852,0.0
2012-12-28 05:34,0.9093734743694262,0.0
2012-12-28 05:44,0.8918585964224293,0.0
2012-12-28 05:54,0.7646796645183617,0.0
2012-12-28 06:04,0.9629707564876664,0.0
2012-12-28 06:14,0.750797111647508,0.0
2012-12-28 06:24,0.9146301573329175,0.0
2012-12-28 06:34,0.8932285882445101,0.0
2012-12-28 06:44,0.7783684777960831,0.0
2012-12-28 06:54,0.6594665829546242,0.0
2012-12-28 07:04,0.8507276578809828,0.0
2012-12-28 07:14,0.7288393138996718,0.0
2012-12-28 07:24,0.673047535043615,0.0
2012-12-28 07:34,0.6660852655775278,0.0
2012-12-28 07:44,0.6524270585112731,0.0
2012-12-28 07:54,1.0163528603915435,0.0
2012-12-28 08:04,0.5276126003040299,0.0
2012-12-28 13:34,0.43684480578688273,0.0
2012-12-28 13:44,0.7454372329859047,0.0
2012-12-28 13:54,0.7858974504743094,0.0
2012-12-28 14:04,0.7217548780945995,0.0
2012-12-28 14:14,0.6444604023659578,0.0
2012-12-28 14:24,0.6533857811905996,0.0
2012-12-28 14:34,0.7376435894015383,0.0
2012-12-28 14:44,0.8347264572917182,0.0
2012-12-28 14:54,0.7332710398043435,0.0
2012-12-28 15:04,0.6621052279205569,0.0
2012-12-28 15:14,0.8643697254804962,0.0
2012-12-28 15:24,0.8179520154154565,0.0
2012-12-28 15:34,0.9569190052748382,0.0
2012-12-28 15:44,0.9668443919265463,0.0
2012-12-28 15:54,0.9202064894445957,0.0
2012-12-28 16:04,0.9303309926863917,0.0
2012-12-28 16:14,0.8207835093906635,0.0
2012-12-28 16:24,1.0197475569880516,0.0
2012-12-28 16:34,0.9566664519214004,0.0
2012-12-28 16:44,0.996952035730102,0.0
2012-12-28 16:54,0.9153308698958649,0.0
2012-12-28 17:04,0.8299573841422317,0.0
2012-12-28 17:14,0.8223852919967042,0.0
2012-12-28 17:24,0.9245486813767199,0.0
2012-12-28 17:34,0.9897566054960772,0.0
2012-12-28 17:44,0.9458313519054145,0.0
2012-12-28 17:54,0.9732772298214039,0.0
2012-12-28 18:04,0.8923996227706712,0.0
2012-12-28 18:14,0.9350477908269073,0.0
2012-12-28 18:24,0.7369351140000793,0.0
2012-12-28 18:34,0.735798419695896,0.0
2012-12-28 18:44,0.9295290747203303,0.0
2012-12-28 18:54,0.650872983176321,0.0
2012-12-28 19:04,0.6973258083754847,0.0
2012-12-28 19:14,0.7426445311711276,0.0
2012-12-28 19:24,0.7472459844858863,0.0
2012-12-28 19:34,0.7100543897700952,0.0
2012-12-28 19:44,0.6598293626784417,0.0
2012-12-28 19:54,0.611814370729004,0.0
2012-12-28 20:04,0.8327110001034844,0.0
2012-12-28 20:14,0.4846209286240133,0.0
2012-12-28 20:24,0.7368566578285531,0.0
2012-12-29 01:44,0.75205623471159,0.0
2012-12-29 01:54,0.5582217035764371,0.0
2012-12-29 02:04,0.9351855355563187,0.0
2012-12-29 02:14,0.901835217355144,0.0
2012-12-29 02:24,0.6419473217407639,0.0
2012-12-29 02:34,0.7554125843969246,0.0
2012-12-29 02:44,0.6367300682985856,0.0
2012-12-29 02:54,0.647004091476828,0.0
2012-12-29 03:04,0.7840118232993598,0.0
2012-12-29 03:14,0.9253395673688144,0.0
2012-12-29 03:24,0.8905069928032785,0.0
2012-12-29 03:34,0.9381565970179828,0.0
2012-12-29 03:44,0.992771683578809,0.0
2012-12-29 03:54,0.922981222597289,0.0
2012-12-29 04:04,0.9332792061472881,0.0
2012-12-29 04:14,0.8675183329387461,0.0
2012-12-29 04:24,1.1204465168359652,0.0
2012-12-29 04:34,0.870554897684062,0.0
2012-12-29 04:44,1.048899439338374,0.0
2012-12-29 04:54,1.0878162848090145,0.0
2012-12-29 05:04,1.1442448495753146,0.0
2012-12-29 05:14,0.9525854530353088,0.0
2012-12-29 05:24,1.0012667723559203,0.0
2012-12-29 05:34,0.9217413132311998,0.0
2012-12-29 05:44,0.9497608433776743,0.0
2012-12-29 05:54,1.109295858969277,0.0
2012-12-29 06:04,0.9997488233532421,0.0
2012-12-29 06:14,1.076892781337413,0.0
2012-12-29 06:24,0.923282067031709,0.0
2012-12-29 06:34,0.7593049824919657,0.0
2012-12-29 06:44,0.8482589993625903,0.0
2012-12-29 06:54,1.049007286968556,0.0
2012-12-29 07:04,0.7849633279465377,0.0
2012-12-29 07:14,0.9301172994122288,0.0
2012-12-29 07:24,0.8966337377459028,0.0
2012-12-29 07:34,0.7769810689454977,0.0
2012-12-29 07:44,0.8688189239651569,0.0
2012-12-29 07:54,0.8943054018164815,0.0
2012-12-29 08:04,0.6569120082832428,0.0
2012-12-29 08:14,0.9248704556615254,0.0
2012-12-29 08:24,0.730346278016991,0.0
2012-12-29 08:34,0.7227235510945846,0.0
2012-12-29 08:44,0.8135168735434478,0.0
2012-12-29 14:04,0.6712319820102431,0.0
2012-12-29 14:14,0.5447475274896307,0.0
2012-12-29 14:24,0.4799361457133363,0.0
2012-12-29 14:34,0.7198610468177953,0.0
2012-12-29 14:44,0.5358321612742184,0.0
2012-12-29 14:54,0.7444363106721663,0.0
2012-12-29 15:04,0.8334498742270244,0.0
2012-12-29 15:14,0.9046374658449053,0.0
2012-12-29 15:24,0.9160023698896654,0.0
2012-12-29 15:34,0.7140396904115742,0.0
2012-12-29 15:44,0.92322035535034,0.0
2012-12-29 15:54,0.8855144187494063,0.0
2012-12-29 16:04,1.009585073121687,0.0
2012-12-29 16:14,0.9266959655633314,0.0
2012-12-29 16:24,0.9609712116811976,0.0
2012-12-29 16:34,0.8063393055731674,0.0
2012-12-29 16:44,1.0025972150707472,0.0
2012-12-29 16:54,1.011224032773033,0.0
2012-12-29 17:04,0.9429736092543135,0.0
2012-12-29 17:14,0.8143800194727102,0.0
2012-12-29 17:24,0.9681138195422161,0.0
2012-12-29 17:34,1.139942659082285,0.0
2012-12-29 17:44,1.011208293736577,0.0
2012-12-29 17:54,0.8089778720504398,0.0
2012-12-29 18:04,0.8539614021881595,0.0
2012-12-29 18:14,0.7943687589870504,0.0
2012-12-29 18:24,0.8291062177052683,0.0
2012-12-29 18:34,0.751847745130554,0.0
2012-12-29 18:44,0.8906196012195494,0.0
2012-12-29 18:54,0.9505402449189515,0.0
2012-12-29 19:04,0.8767343564583788,0.0
2012-12-29 19:14,0.845334912576602,0.0
2012-12-29 19:24,0.8634259932062329,0.0
2012-12-29 19:34,0.6065337413944615,0.0
2012-12-29 19:44,0.8496368254221538,0.0
2012-12-29 19:54,0.7079137704904132,0.0
2012-12-29 20:04,0.6114951308844151,0.0
2012-12-29 20:14,0.8067720865099852,0.0
2012-12-29 20:24,0.7340036927195208,0.0
2012-12-29 20:34,0.5330641932672516,0.0
2012-12-29 20:44,0.5963605015866738,0.0
2012-12-29 20:54,0.7216893312592797,0.0
2012-12-30 02:14,0.5604790229180998,0.0
2012-12-30 02:24,0.4943463479213058,0.0
2012-12-30 02:34,0.6440500096124631,0.0
2012-12-30 02:44,0.6823275394559583,0.0
2012-12-30 02:54,0.6996622060179903,0.0
2012-12-30 03:04,0.6654162794211357,0.0
2012-12-30 03:14,0.6307989736732749,0.0
2012-12-30 03:24,0.840697246783972,0.0
2012-12-30 03:34,0.8923072343918784,0.0
2012-12-30 03:44,0.8230678930958608,0.0
2012-12-30 03:54,0.8167841389549313,0.0
2012-12-30 04:04,0.7626524430990584,0.0
2012-12-30 04:14,0.9433754772826919,0.0
2012-12-30 04:24,0.9097540185978873,0.0
2012-12-30 04:34,0.8512497033562657,0.0
2012-12-30 04:44,0.8573734796467469,0.0
2012-12-30 04:54,0.8569346147240927,0.0
2012-12-30 05:04,1.0674251267011101,0.0
2012-12-30 05:14,0.9852529702250157,0.0
2012-12-30 05:24,1.011686302262884,0.0
2012-12-30 05:34,0.8993794142096425,0.0
2012-12-30 05:44,0.9399777116979698,0.0
2012-12-30 05:54,1.0432857308427665,0.0
2012-12-30 06:04,1.0416770647418563,0.0
2012-12-30 06:14,0.9608693314528778,0.0
2012-12-30 06:24,1.02176789871808,0.0
2012-12-30 06:34,0.8473889813916947,0.0
2012-12-30 06:44,0.9269659698063433,0.0
2012-12-30 06:54,0.8854511098827363,0.0
2012-12-30 07:04,0.854663681315966,0.0
2012-12-30 07:14,0.8926308478633389,0.0
2012-12-30 07:24,0.9023225071118902,0.0
2012-12-30 07:34,0.9637949272431884,0.0
2012-12-30 07:44,0.898839130226515,0.0
2012-12-30 07:54,0.9009106850967168,0.0
2012-12-30 08:04,0.9543173329074863,0.0
2012-12-30 08:14,0.8488192095226815,0.0
2012-12-30 08:24,0.9363403699702176,0.0
2012-12-30 08:34,0.6181406437805976,0.0
2012-12-30 08:44,0.7519582327522633,0.0
2012-12-30 08:54,0.7370806014009508,0.0
2012-12-30 09:04,0.7767151172298813,0.0
2012-12-30 14:44,0.5025018509606011,0.0
2012-12-30 14:54,0.7248545160041336,0.0
2012-12-30 15:04,0.7663413907900001,0.0
2012-12-30 15:14,0.759917693141683,0.0
2012-12-30 15:24,0.7708184399095304,0.0
2012-12-30 15:34,0.8048845990767747,0.0
2012-12-30 15:44,0.9709953890918447,0.0
2012-12-30 15:54,0.7261721450335401,0.0
2012-12-30 16:04,0.8453487305719994,0.0
2012-12-30 16:14,0.9217436220893475,0.0
2012-12-30 16:24,0.8919154634232459,0.0
2012-12-30 16:34,0.9922219518264618,0.0
2012-12-30 16:44,1.027233301343254,0.0
2012-12-30 16:54,0.9290032481840259,0.0
2012-12-30 17:04,0.9920101356113463,0.0
2012-12-30 17:14,0.9962154341232637,0.0
2012-12-30 17:24,1.0675210351118176,0.0
2012-12-30 17:34,0.9916291825430101,0.0
2012-12-30 17:44,1.0166662684796872,0.0
2012-12-30 17:54,1.1154388843395717,0.0
2012-12-30 18:04,0.9841995228699745,0.0
2012-12-30 18:14,1.0875189997159298,0.0
2012-12-30 18:24,0.9174221275151632,0.0
2012-12-30 18:34,1.0003581831183421,0.0
2012-12-30 18:44,1.0134694889409428,0.0
2012-12-30 18:54,1.0322818516865255,0.0
2012-12-30 19:04,1.0872283439276333,0.0
2012-12-30 19:14,1.0071920838717852,0.0
2012-12-30 19:24,0.83290817844908,0.0
2012-12-30 19:34,0.8188294748268878,0.0
2012-12-30 19:44,0.9282120556024376,0.0
2012-12-30 19:54,0.8767405758345804,0.0
2012-12-30 20:04,0.8310072435165955,0.0
2012-12-30 20:14,0.9373784234970228,0.0
2012-12-30 20:24,0.9116298952716028,0.0
2012-12-30 20:34,0.847431112876811,0.0
2012-12-30 20:44,0.7620661023183196,0.0
2012-12-30 20:54,0.8953635162342275,0.0
2012-12-30 21:04,0.7912151648089795,0.0
2012-12-30 21:14,0.545527782810021,0.0
2012-12-30 21:24,0.6186023763897184,0.0
2012-12-31 02:54,0.6463518976877681,0.0
2012-12-31 03:04,0.7257780614015795,0.0
2012-12-31 03:14,0.8018346567386309,0.0
2012-12-31 03:24,0.6490200865093905,0.0
2012-12-31 03:34,0.7938820007293437,0.0
2012-12-31 03:44,0.8977762956920118,0.0
2012-12-31 03:54,0.7409192810928003,0.0
2012-12-31 04:04,0.7066700149236382,0.0
2012-12-31 04:14,0.9810503906286013,0.0
2012-12-31 04:24,0.9745873385272217,0.0
2012-12-31 04:34,1.0159923901379475,0.0
2012-12-31 04:44,0.9209368368914911,0.0
2012-12-31 04:54,1.0516701759663962,0.0
2012-12-31 05:04,1.0952198175128678,0.0
2012-12-31 05:14,0.9974567183185798,0.0
2012-12-31 05:24,1.05939455630343,0.0
2012-12-31 05:34,1.1275484217940617,0.0
2012-12-31 05:44,1.0650761711278365,0.0
2012-12-31 05:54,1.1718293797236836,0.0
2012-12-31 06:04,1.0088462322085843,0.0
2012-12-31 06:14,0.8829828862305196,0.0
2012-12-31 06:24,0.992371667630888,0.0
2012-12-31 06:34,1.1584307555040214,0.0
2012-12-31 06:44,0.9929215666195247,0.0
2012-12-31 06:54,1.0189687033980335,0.0
2012-12-31 07:04,1.0255914997853213,0.0
2012-12-31 07:14,1.0653084458032789,0.0
2012-12-31 07:24,0.8681309445353641,0.0
2012-12-31 07:34,1.072484723022432,0.0
2012-12-31 07:44,1.0171594521592704,0.0
2012-12-31 07:54,0.787271396349503,0.0
2012-12-31 08:04,0.9310348500724409,0.0
2012-12-31 08:14,0.9020570629589042,0.0
2012-12-31 08:24,0.895461191417421,0.0
2012-12-31 08:34,1.037478697446836,0.0
2012-12-31 08:44,0.9137182447149488,0.0
2012-12-31 08:54,0.8892734064060994,0.0
2012-12-31 09:04,0.8971317217156106,0.0
2012-12-31 09:14,0.8911430036517134,0.0
2012-12-31 09:24,1.1619437914969422,0.0
2012-12-31 09:34,0.8654385402582222,0.0
2012-12-31 09:44,0.812796649847088,0.0
2012-12-31 09:54,0.5427621585786124,0.0
2012-12-31 15:14,0.4944727756283882,0.0
2012-12-31 15:24,0.6695418713038349,0.0
2012-12-31 15:34,0.8194528443109451,0.0
2012-12-31 15:44,0.6340006701852323,0.0
2012-12-31 15:54,0.6674198253069792,0.0
2012-12-31 16:04,0.8355466147678557,0.0
2012-12-31 16:14,0.6810134866694038,0.0
2012-12-31 16:24,0.9168020879280779,0.0
2012-12-31 16:34,0.7072476719124413,0.0
2012-12-31 16:44,0.8994992598858874,0.0
2012-12-31 16:54,0.8598402793034186,0.0
2012-12-31 17:04,1.0150779607135423,0.0
2012-12-31 17:14,0.7441500074882519,0.0
2012-12-31 17:24,0.8905380828629362,0.0
2012-12-31 17:34,0.7450094010071627,0.0
2012-12-31 17:44,0.9822726388638972,0.0
2012-12-31 17:54,0.8859349483169928,0.0
2012-12-31 18:04,0.9320427095776371,0.0
2012-12-31 18:14,0.9802934217760298,0.0
2012-12-31 18:24,0.9179534035593004,0.0
2012-12-31 18:34,1.0026054385052945,0.0
2012-12-31 18:44,0.9455309789612653,0.0
2012-12-31 18:54,1.0203536855157624,0.0
2012-12-31 19:04,1.0439575383052118,0.0
2012-12-31 19:14,0.9883056104915562,0.0
2012-12-31 19:24,0.9109969305274386,0.0
2012-12-31 19:34,0.9547832266120808,0.0
2012-12-31 19:44,0.9401529070135622,0.0
2012-12-31 19:54,0.7079943812740899,0.0
2012-12-31 20:04,0.8504257742946725,0.0
2012-12-31 20:14,0.7483597215936086,0.0
2012-12-31 20:24,0.797735724919667,0.0
2012-12-31 20:34,0.6887709696752705,0.0
2012-12-31 20:44,0.8676627004935209,0.0
2012-12-31 20:54,0.7925217017124621,0.0
2012-12-31 21:04,0.8363283171723976,0.0
2012-12-31 21:14,0.7734440363232372,0.0
2012-12-31 21:24,0.7263753281962169,0.0
2012-12-31 21:34,0.7516520973712151,0.0
2012-12-31 21:44,0.71286561309949,0.0
2012-12-31 21:54,0.7204766939380172,0.0
2012-12-31 22:04,0.4617430267817933,0.0
2013-01-01 03:24,0.5083144164987956,0.0
2013-01-01 03:34,0.6769258233383723,0.0
2013-01-01 03:44,0.7429492851455,0.0
2013-01-01 03:54,0.8097740196359637,0.0
2013-01-01 04:04,0.8027748449682862,0.0
2013-01-01 04:14,0.8151927531259925,0.0
2013-01-01 04:24,0.5960215739327714,0.0
2013-01-01 04:34,0.8154256199662925,0.0
2013-01-01 04:44,0.7433412024218853,0.0
2013-01-01 04:54,0.920250773300472,0.0
2013-01-01 05:04,0.9718678262234521,0.0
2013-01-01 05:14,0.9789641136151527,0.0
2013-01-01 05:24,1.0230416865214955,0.0
2013-01-01 05:34,0.9525276029394836,0.0
2013-01-01 05:44,1.012370635448464,0.0
2013-01-01 05:54,0.9520744008511793,0.0
2013-01-01 06:04,0.9660783929637856,0.0
2013-01-01 06:14,0.9797908288945611,0.0
2013-01-01 06:24,1.0111509159806447,0.0
2013-01-01 06:34,0.9685960031981253,0.0
2013-01-01 06:44,0.9642025469666863,0.0
2013-01-01 06:54,0.830855033654559,0.0
2013-01-01 07:04,0.9708078300451438,0.0
2013-01-01 07:14,0.9940876683343065,0.0
2013-01-01 07:24,0.9937870285749041,0.0
2013-01-01 07:34,0.8064324961214501,0.0
2013-01-01 07:44,0.9768733837477246,0.0
2013-01-01 07:54,0.9950614878089087,0.0
2013-01-01 08:04,0.9052083301867094,0.0
2013-01-01 08:14,0.8806787355324003,0.0
2013-01-01 08:24,0.7620576654196834,0.0
2013-01-01 08:34,0.7362550563241106,0.0
2013-01-01 08:44,0.6650775376710665,0.0
2013-01-01 08:54,0.8374412703211861,0.0
2013-01-01 09:04,0.8717265765141446,0.0
2013-01-01 09:14,0.8025333714099355,0.0
2013-01-01 09:24,0.6551170602141231,0.0
2013-01-01 09:34,0.7974305568935443,0.0
2013-01-01 09:44,0.5833764244026775,0.0
2013-01-01 09:54,0.7118705531036015,0.0
2013-01-01 10:04,0.7524689930863688,0.0
2013-01-01 10:14,0.44991695083928296,0.0
2013-01-01 15:54,0.36887476311975687,0.0
2013-01-01 16:04,0.5808452498289737,0.0
2013-01-01 16:14,0.7126222329922681,0.0
2013-01-01 16:24,0.5219407871863359,0.0
2013-01-01 16:34,0.7765264725033192,0.0
2013-01-01 16:44,0.7476417699425255,0.0
2013-01-01 16:54,0.66217356989973,0.0
2013-01-01 17:04,0.5950987641742991,0.0
2013-01-01 17:14,0.6479490159694375,0.0
2013-01-01 17:24,0.8485316052820019,0.0
2013-01-01 17:34,0.7457704762872923,0.0
2013-01-01 17:44,0.7487478450853752,0.0
2013-01-01 17:54,0.8700767242914135,0.0
2013-01-01 18:04,0.9109828088494518,0.0
2013-01-01 18:14,0.8794062207954546,0.0
2013-01-01 18:24,0.8857105673624027,0.0
2013-01-01 18:34,0.8805383852462147,0.0
2013-01-01 18:44,0.8130461309159634,0.0
2013-01-01 18:54,0.8730201563989445,0.0
2013-01-01 19:04,0.9126481522244484,0.0
2013-01-01 19:14,0.8251764881764411,0.0
2013-01-01 19:24,0.7444215729469926,0.0
2013-01-01 19:34,0.8368174285939475,0.0
2013-01-01 19:44,0.7832393442650499,0.0
2013-01-01 19:54,0.7050689283760627,0.0
2013-01-01 20:04,0.6925120778468369,0.0
2013-01-01 20:14,0.7228555382114635,0.0
2013-01-01 20:24,0.8270747276615723,0.0
2013-01-01 20:34,0.7933061537838059,0.0
2013-01-01 20:44,0.7546283947523409,0.0
2013-01-01 20:54,0.6461084934892618,0.0
2013-01-01 21:04,0.7298402882736342,0.0
2013-01-01 21:14,0.6659176046611204,0.0
2013-01-01 21:24,0.6894439154904517,0.0
2013-01-01 21:34,0.7483615999223034,0.0
2013-01-01 21:44,0.7247967928521881,0.0
2013-01-01 21:54,0.684990304404076,0.0
2013-01-01 22:04,0.5961033473420232,0.0
2013-01-01 22:14,0.6893574246370202,0.0
2013-01-01 22:24,0.4889946224716529,0.0
2013-01-01 22:34,0.4058566887912528,0.0
2013-01-02 04:04,0.6594434524589767,0.0
2013-01-02 04:14,0.7133328671090746,0.0
2013-01-02 04:24,0.7714775207815204,0.0
2013-01-02 04:34,0.7284541788493584,0.0
2013-01-02 04:44,0.7440162531699507,0.0
2013-01-02 04:54,0.8345816201733219,0.0
2013-01-02 05:04,0.8093794871450204,0.0
2013-01-02 05:14,0.7392402813056618,0.0
2013-01-02 05:24,0.7367677966370993,0.0
2013-01-02 05:34,0.863070065120656,0.0
2013-01-02 05:44,0.6811339588569197,0.0
2013-01-02 05:54,0.7866920152108148,0.0
2013-01-02 06:04,0.7463578495378861,0.0
2013-01-02 06:14,0.6664432578769806,0.0
2013-01-02 06:24,0.6058248142585448,0.0
2013-01-02 06:34,0.8351212540978691,0.0
2013-01-02 06:44,0.6938725502147168,0.0
2013-01-02 06:54,0.8951125230871303,0.0
2013-01-02 07:04,0.8952639752660028,0.0
2013-01-02 07:14,0.8808214512462564,0.0
2013-01-02 07:24,0.9295085426684971,0.0
2013-01-02 07:34,0.8662917599795479,0.0
2013-01-02 07:44,0.691297229055148,0.0
2013-01-02 07:54,0.8677876169115448,0.0
2013-01-02 08:04,0.9125739256819049,0.0
2013-01-02 08:14,0.7831364065956405,0.0
2013-01-02 08:24,0.5310660811272409,0.0
2013-01-02 08:34,0.7648542266437696,0.0
2013-01-02 08:44,0.712641212786647,0.0
2013-01-02 08:54,0.7703550888217011,0.0
2013-01-02 09:04,0.8631334511548906,0.0
2013-01-02 09:14,0.7770316802035289,0.0
2013-01-02 09:24,0.7164633503843466,0.0
2013-01-02 09:34,0.7334945845227571,0.0
2013-01-02 09:44,0.8160002588019099,0.0
2013-01-02 09:54,0.7398182017727766,0.0
2013-01-02 10:04,0.7460505025519995,0.0
2013-01-02 10:14,0.7128973588566746,0.0
2013-01-02 10:24,0.7177408327076725,0.0
2013-01-02 10:34,0.5869225098739078,0.0
2013-01-02 10:44,0.49862173841236607,0.0
2013-01-02 10:54,0.5246493798617259,0.0
2013-01-02 16:34,0.7577739736931781,0.0
2013-01-02 16:44,0.7056585794688801,0.0
2013-01-02 16:54,0.4552777576842431,0.0
2013-01-02 17:04,0.7325073849118032,0.0
2013-01-02 17:14,0.7164897306006963,0.0
2013-01-02 17:24,0.4854157148576102,0.0
2013-01-02 17:34,0.6297440372628949,0.0
2013-01-02 17:44,0.7251674596530417,0.0
2013-01-02 17:54,0.76295765299632,0.0
2013-01-02 18:04,0.7263795191565575,0.0
2013-01-02 18:14,0.7868713588229714,0.0
2013-01-02 18:24,0.758947012781707,0.0
2013-01-02 18:34,0.7737290165561445,0.0
2013-01-02 18:44,0.8399232967226092,0.0
2013-01-02 18:54,0.8412525696614797,0.0
2013-01-02 19:04,0.858192956947136,0.0
2013-01-02 19:14,0.8559492979244926,0.0
2013-01-02 19:24,0.8784416110966449,0.0
2013-01-02 19:34,0.7481434254050676,0.0
2013-01-02 19:44,0.8965606775968198,0.0
2013-01-02 19:54,0.828223508832997,0.0
2013-01-02 20:04,0.8504704647858788,0.0
2013-01-02 20:14,0.8807140792004555,0.0
2013-01-02 20:24,0.6134966095564972,0.0
2013-01-02 20:34,0.6874245008768544,0.0
2013-01-02 20:44,0.8114401376472137,0.0
2013-01-02 20:54,0.7821687990988612,0.0
2013-01-02 21:04,0.6718370864794014,0.0
2013-01-02 21:14,0.8105988920770043,0.0
2013-01-02 21:24,0.7617783489993025,0.0
2013-01-02 21:34,0.8401300165678555,0.0
2013-01-02 21:44,0.7809066099846759,0.0
2013-01-02 21:54,0.7576476886991526,0.0
2013-01-02 22:04,0.6775030940945067,0.0
2013-01-02 22:14,0.7737291692444057,0.0
2013-01-02 22:24,0.6114911564363829,0.0
2013-01-02 22:34,0.5902054885264274,0.0
2013-01-02 22:44,0.44910011827318835,0.0
2013-01-02 22:54,0.532332986442473,0.0
2013-01-02 23:04,0.6757773654461584,0.0
2013-01-02 23:14,0.8212767734191487,0.0
2013-01-03 04:34,0.6200714590123593,0.0
2013-01-03 04:44,0.4188515938342738,0.0
2013-01-03 04:54,0.48487178511684276,0.0
2013-01-03 05:04,0.596283207728382,0.0
2013-01-03 05:14,0.779280619320647,0.0
2013-01-03 05:24,0.7759366480694767,0.0
2013-01-03 05:34,0.49107258367235596,0.0
2013-01-03 05:44,0.7195777625297387,0.0
2013-01-03 05:54,0.752229126837272,0.0
2013-01-03 06:04,0.7121780779679407,0.0
2013-01-03 06:14,0.7454462099965322,0.0
2013-01-03 06:24,0.6997337685672647,0.0
2013-01-03 06:34,0.6881495553493024,0.0
2013-01-03 06:44,0.7251161046825958,0.0
2013-01-03 06:54,0.7742077522387242,0.0
2013-01-03 07:04,0.5822858876662328,0.0
2013-01-03 07:14,0.7408512497045333,0.0
2013-01-03 07:24,0.6884649034036929,0.0
2013-01-03 07:34,0.589124630199113,0.0
2013-01-03 07:44,0.7075116814379941,0.0
2013-01-03 07:54,0.6648885307847584,0.0
2013-01-03 08:04,0.8389302034637869,0.0
2013-01-03 08:14,0.5530592990971427,0.0
2013-01-03 08:24,0.8335466941610173,0.0
2013-01-03 08:34,0.5892279343555273,0.0
2013-01-03 08:44,0.6409611585577389,0.0
2013-01-03 08:54,0.7237962563656188,0.0
2013-01-03 09:04,0.7097613642000613,0.0
2013-01-03 09:14,0.623560223609339,0.0
2013-01-03 09:24,0.5605297303729412,0.0
2013-01-03 09:34,0.7068748689884055,0.0
2013-01-03 09:44,0.5401768635881266,0.0
2013-01-03 09:54,0.6485490199219652,0.0
2013-01-03 10:04,0.6030733032440487,0.0
2013-01-03 10:14,0.6332509110956452,0.0
2013-01-03 10:24,0.6419832937119068,0.0
2013-01-03 10:34,0.47488910059980705,0.0
2013-01-03 10:44,0.6261770246866322,0.0
2013-01-03 10:54,0.4494478294110832,0.0
2013-01-03 11:04,0.612595395911821,0.0
2013-01-03 11:14,0.608420439749253,0.0
2013-01-03 11:24,0.5420515168983819,0.0
2013-01-03 11:34,0.36553530497146225,0.0
2013-01-03 17:04,0.5221358552017231,0.0
2013-01-03 17:14,2.29080565004249,0.0
2013-01-03 17:24,0.6181060491326306,0.0
2013-01-03 17:34,1.281053639693831,0.0
2013-01-03 17:44,0.6216203395616804,0.0
2013-01-03 17:54,0.6340837221593918,0.0
2013-01-03 18:04,0.6384044566306248,0.0
2013-01-03 18:14,0.6282347218856401,0.0
2013-01-03 18:24,0.6996177303001259,0.0
2013-01-03 18:34,0.618544991381336,0.0
2013-01-03 18:44,0.7419761326468179,0.0
2013-01-03 18:54,0.6480510099820758,0.0
2013-01-03 19:04,0.6338250087279366,0.0
2013-01-03 19:14,0.7082404422993427,0.0
2013-01-03 19:24,0.7254204630430179,0.0
2013-01-03 19:34,0.6498760691271979,0.0
2013-01-03 19:44,0.6931294418362575,0.0
2013-01-03 19:54,0.7032140444558724,0.0
2013-01-03 20:04,0.6979146910251124,0.0
2013-01-03 20:14,0.7340576180926177,0.0
2013-01-03 20:24,0.6140633846769142,0.0
2013-01-03 20:34,0.8006138676830427,0.0
2013-01-03 20:44,0.7518056740132897,0.0
2013-01-03 20:54,0.8400957633959085,0.0
2013-01-03 21:04,0.8010563019710164,0.0
2013-01-03 21:14,0.8179078049299104,0.0
2013-01-03 21:24,0.8047707096653035,0.0
2013-01-03 21:34,0.7205248322560057,0.0
2013-01-03 21:44,0.7837558838908415,0.0
2013-01-03 21:54,0.7935855232272037,0.0
2013-01-03 22:04,0.8028060531920747,0.0
2013-01-03 22:14,0.7666955518741696,0.0
2013-01-03 22:24,0.752054664390402,0.0
2013-01-03 22:34,0.8474375147326604,0.0
2013-01-03 22:44,0.7469396551595935,0.0
2013-01-03 22:54,0.6198461666369871,0.0
2013-01-03 23:04,0.7552228923947552,0.0
2013-01-03 23:14,0.8295901118368292,0.0
2013-01-03 23:24,0.5553747879172695,0.0
2013-01-03 23:34,0.8589963657898336,0.0
2013-01-03 23:44,0.5252179027335305,0.0
2013-01-04 00:04,0.5356664718433233,0.0
2013-01-04 05:14,2.5036865419949814,0.0
2013-01-04 05:24,0.8136497447416677,0.0
2013-01-04 05:34,0.4775720098646105,0.0
2013-01-04 05:44,0.5736029957435703,0.0
2013-01-04 05:54,0.7756730736098695,0.0
2013-01-04 06:04,0.7443165777361894,0.0
2013-01-04 06:14,0.6099570639214612,0.0
2013-01-04 06:24,0.8288550810940397,0.0
2013-01-04 06:34,0.7177015959148392,0.0
2013-01-04 06:44,0.8116771756443998,0.0
2013-01-04 06:54,0.7837258296336471,0.0
2013-01-04 07:04,0.6963107383542346,0.0
2013-01-04 07:14,0.6670866615503518,0.0
2013-01-04 07:24,0.7231458179838767,0.0
2013-01-04 07:34,0.6891861733771814,0.0
2013-01-04 07:44,0.8498898397818654,0.0
2013-01-04 07:54,0.6160466134825408,0.0
2013-01-04 08:04,0.788807909219678,0.0
2013-01-04 08:14,0.883541281360712,0.0
2013-01-04 08:24,0.8101705550555961,0.0
2013-01-04 08:34,0.8547481863969774,0.0
2013-01-04 08:44,0.8239738874922925,0.0
2013-01-04 08:54,0.8001635547599092,0.0
2013-01-04 09:04,0.9961695922497712,0.0
2013-01-04 09:14,0.8781867820282391,0.0
2013-01-04 09:24,0.6758062570532006,0.0
2013-01-04 09:34,0.7928602617987377,0.0
2013-01-04 09:44,0.6871728379469303,0.0
2013-01-04 09:54,0.7568213552611656,0.0
2013-01-04 10:04,0.8952002126038577,0.0
2013-01-04 10:14,0.8682487752400606,0.0
2013-01-04 10:24,0.848100768398425,0.0
2013-01-04 10:34,0.7650761620543312,0.0
2013-01-04 10:44,0.636504905082212,0.0
2013-01-04 10:54,0.7083978496375917,0.0
2013-01-04 11:04,0.7273786794399824,0.0
2013-01-04 11:14,0.5147233834001705,0.0
2013-01-04 11:24,0.775157116691755,0.0
2013-01-04 11:34,0.7673186483291149,0.0
2013-01-04 11:44,0.59462860605529,0.0
2013-01-04 11:54,0.585059246043411,0.0
2013-01-04 12:04,0.7175379476122001,0.0
2013-01-04 12:14,0.5015753980097511,0.0
2013-01-04 12:24,0.48608185437323753,0.0
2013-01-04 17:54,0.5943027777110308,0.0
2013-01-04 18:04,0.5270478778358232,0.0
2013-01-04 18:14,0.4932371682484056,0.0
2013-01-04 18:24,0.7814694910164016,0.0
2013-01-04 18:34,0.6745819653614441,0.0
2013-01-04 18:44,0.47653243060135037,0.0
2013-01-04 18:54,0.7158136335890882,0.0
2013-01-04 19:04,0.6899947274143541,0.0
2013-01-04 19:14,0.6920047801258042,0.0
2013-01-04 19:24,0.7638100671358198,0.0
2013-01-04 19:34,0.7666333322876093,0.0
2013-01-04 19:44,0.6562797304821095,0.0
2013-01-04 19:54,0.6270072338781226,0.0
2013-01-04 20:04,0.7931664905763145,0.0
2013-01-04 20:14,0.8284936816991902,0.0
2013-01-04 20:24,0.6511696132637405,0.0
2013-01-04 20:34,0.8242364608475148,0.0
2013-01-04 20:44,0.7687632069610268,0.0
2013-01-04 20:54,0.9329799254640713,0.0
2013-01-04 21:04,0.7619049691195914,0.0
2013-01-04 21:14,0.7846347970214459,0.0
2013-01-04 21:24,0.851933174507829,0.0
2013-01-04 21:34,0.717739777868871,0.0
2013-01-04 21:44,0.8121862971662974,0.0
2013-01-04 21:54,0.5873186809705618,0.0
2013-01-04 22:04,0.5725696002689412,0.0
2013-01-04 22:14,0.7612170586217365,0.0
2013-01-04 22:24,0.8053349593963751,0.0
2013-01-04 22:34,0.6580074020297499,0.0
2013-01-04 22:44,0.8000633906748431,0.0
2013-01-04 22:54,0.5736011760275244,0.0
2013-01-04 23:04,0.7702906219785102,0.0
2013-01-04 23:14,0.49627766096441744,0.0
2013-01-04 23:24,0.6252475718638875,0.0
2013-01-04 23:34,0.6851868696661607,0.0
2013-01-04 23:44,0.6254320032814403,0.0
2013-01-05 00:04,0.8162295317558073,0.0
2013-01-05 00:14,0.7655529182670923,0.0
2013-01-05 00:24,0.7120004839977562,0.0
2013-01-05 00:34,0.503092398703099,0.0
2013-01-05 00:44,0.6640017648491464,0.0
2013-01-05 00:54,0.7296942864919982,0.0
2013-01-05 06:04,0.5562466040923242,0.0
2013-01-05 06:14,0.7167245288427021,0.0
2013-01-05 06:24,0.5146730078888674,0.0
2013-01-05 06:34,0.7135305473633585,0.0
2013-01-05 06:44,0.8464209983526421,0.0
2013-01-05 06:54,0.7102492284614544,0.0
2013-01-05 07:04,0.7824475500550175,0.0
2013-01-05 07:14,0.8139286840053506,0.0
2013-01-05 07:24,0.9089683406159171,0.0
2013-01-05 07:34,0.5911602736377677,0.0
2013-01-05 07:44,0.8874789167853913,0.0
2013-01-05 07:54,0.7258353572307282,0.0
2013-01-05 08:04,0.8522299486009287,0.0
2013-01-05 08:14,0.9256821288364506,0.0
2013-01-05 08:24,0.8447069160436798,0.0
2013-01-05 08:34,0.7015304176132712,0.0
2013-01-05 08:44,0.7908663546917096,0.0
2013-01-05 08:54,0.8579119604269989,0.0
2013-01-05 09:04,0.7927965543958579,0.0
2013-01-05 09:14,0.9135081033917563,0.0
2013-01-05 09:24,0.883482109264522,0.0
2013-01-05 09:34,0.7818346088308622,0.0
2013-01-05 09:44,0.8755129993605001,0.0
2013-01-05 09:54,0.8829693714023326,0.0
2013-01-05 10:04,0.5932157718098142,0.0
2013-01-05 10:14,0.5622570091663137,0.0
2013-01-05 10:24,0.5975244810561638,0.0
2013-01-05 10:34,0.8774044831821728,0.0
2013-01-05 10:44,0.8394952074008909,0.0
2013-01-05 10:54,0.6919615318143457,0.0
2013-01-05 11:04,0.6537897291986209,0.0
2013-01-05 11:14,0.5326007653685975,0.0
2013-01-05 11:24,0.7260667317408043,0.0
2013-01-05 11:34,0.77167951963883,0.0
2013-01-05 11:44,0.8014799935417645,0.0
2013-01-05 11:54,0.7817294780110721,0.0
2013-01-05 12:04,0.7425463135011645,0.0
2013-01-05 12:14,0.7788733708978209,0.0
2013-01-05 12:24,0.5206533984491718,0.0
2013-01-05 12:34,1.5070025760604806,0.0
2013-01-05 12:44,0.811526415096267,0.0
2013-01-05 12:54,0.855840001555683,0.0
2013-01-05 13:04,0.563323259951684,0.0
2013-01-05 13:14,0.7486122996160494,0.0
2013-01-05 13:24,0.7063290686070838,0.0
2013-01-05 18:44,0.6941405612801784,0.0
2013-01-05 18:54,2.684395117756219,0.0
2013-01-05 19:04,0.8721302537724185,0.0
2013-01-05 19:14,0.4872913434855959,0.0
2013-01-05 19:24,0.6796412711074991,0.0
2013-01-05 19:34,0.800557830101629,0.0
2013-01-05 19:44,0.43013330784438913,0.0
2013-01-05 19:54,0.7340410604860894,0.0
2013-01-05 20:04,0.7498590707988518,0.0
2013-01-05 20:14,0.7137967275221222,0.0
2013-01-05 20:24,0.759846942529973,0.0
2013-01-05 20:34,0.7925676891071279,0.0
2013-01-05 20:44,0.582228990873684,0.0
2013-01-05 20:54,0.7576426830549627,0.0
2013-01-05 21:04,0.7349909524805613,0.0
2013-01-05 21:14,0.9290986122421021,0.0
2013-01-05 21:24,0.8282053132704604,0.0
2013-01-05 21:34,0.8456804562735972,0.0
2013-01-05 21:44,0.8317416322637582,0.0
2013-01-05 21:54,0.8254896024774442,0.0
2013-01-05 22:04,0.7225361239557057,0.0
2013-01-05 22:14,0.8583730068355899,0.0
2013-01-05 22:24,0.6972439473555195,0.0
2013-01-05 22:34,0.9298760874556541,0.0
2013-01-05 22:44,0.6556255448132301,0.0
2013-01-05 22:54,0.6947585157102851,0.0
2013-01-05 23:04,0.6557410600375286,0.0
2013-01-05 23:14,0.6158374089576206,0.0
2013-01-05 23:24,0.8055106624251682,0.0
2013-01-05 23:34,0.7102115511132426,0.0
2013-01-05 23:44,0.7541453536241429,0.0
2013-01-06 00:04,0.8379411196830098,0.0
2013-01-06 00:14,0.7854606940510561,0.0
2013-01-06 00:24,0.692361119682548,0.0
2013-01-06 00:34,0.7068314667214614,0.0
2013-01-06 00:44,0.7064297000724465,0.0
2013-01-06 00:54,0.7561040162501205,0.0
2013-01-06 01:04,0.7513476203103465,0.0
2013-01-06 01:14,0.5599768215341516,0.0
2013-01-06 01:24,0.7607045893531093,0.0
2013-01-06 01:34,0.7261230840098709,0.0
2013-01-06 01:44,0.5620135364567225,0.0
2013-01-06 01:54,0.774942880390336,0.0
2013-01-06 07:04,0.8079258961753885,0.0
2013-01-06 07:14,0.6168472280465468,0.0
2013-01-06 07:24,0.4370877452771224,0.0
2013-01-06 07:34,0.7785771580977697,0.0
2013-01-06 07:44,0.6341306092670171,0.0
2013-01-06 07:54,0.6830022082735386,0.0
2013-01-06 08:04,0.7382378735098944,0.0
2013-01-06 08:14,0.6779214014289637,0.0
2013-01-06 08:24,0.5769135569097192,0.0
2013-01-06 08:34,0.6483552740487171,0.0
2013-01-06 08:44,0.6924847859733103,0.0
2013-01-06 08:54,0.7130414492390611,0.0
2013-01-06 09:04,0.7041318565189892,0.0
2013-01-06 09:14,0.7023640664055382,0.0
2013-01-06 09:24,0.7667691669101301,0.0
2013-01-06 09:34,0.8757877541741368,0.0
2013-01-06 09:44,0.7973611617538566,0.0
2013-01-06 09:54,0.7815752810503035,0.0
2013-01-06 10:04,0.783083729159839,0.0
2013-01-06 10:14,0.7811949161789512,0.0
2013-01-06 10:24,0.5627810459420531,0.0
2013-01-06 10:34,0.8205706588427176,0.0
2013-01-06 10:44,0.7596749914352505,0.0
2013-01-06 10:54,0.5606058259372376,0.0
2013-01-06 11:04,0.7611143981520221,0.0
2013-01-06 11:14,0.6377177577710058,0.0
2013-01-06 11:24,0.7397043031044055,0.0
2013-01-06 11:34,0.6672084933711846,0.0
2013-01-06 11:44,0.7465504656292902,0.0
2013-01-06 11:54,0.739758424293306,0.0
2013-01-06 12:04,0.7662067598394422,0.0
2013-01-06 12:14,0.4976079664615547,0.0
2013-01-06 12:24,0.5595187923500424,0.0
2013-01-06 12:34,0.8050340139177387,0.0
2013-01-06 12:44,0.7847397300157009,0.0
2013-01-06 12:54,0.6666619523935841,0.0
2013-01-06 13:04,0.7130894519530885,0.0
2013-01-06 13:14,0.7424127015621791,0.0
2013-01-06 13:24,0.7759798592869048,0.0
2013-01-06 13:34,0.8349802032541832,0.0
2013-01-06 13:44,0.8877303875245816,0.0
2013-01-06 13:54,0.7981776905523312,0.0
2013-01-06 14:04,0.8276723552667252,0.0
2013-01-06 14:14,0.727421622421074,0.0
2013-01-06 14:24,3.0231662113761595,0.0
2013-01-06 14:34,0.654290981839403,0.0
2013-01-06 19:44,0.7660841395606423,0.0
2013-01-06 19:54,0.6918647456314014,0.0
2013-01-06 20:04,0.48191815081030764,0.0
2013-01-06 20:14,0.6231029012817406,0.0
2013-01-06 20:24,0.9248314417894691,0.0
2013-01-06 20:34,0.8219869798791428,0.0
2013-01-06 20:44,0.8042500563938524,0.0
2013-01-06 20:54,0.8281862898399992,0.0
2013-01-06 21:04,0.789703642434355,0.0
2013-01-06 21:14,0.8347755414595599,0.0
2013-01-06 21:24,0.8641461047612015,0.0
2013-01-06 21:34,0.9071456251854223,0.0
2013-01-06 21:44,0.822578434153897,0.0
2013-01-06 21:54,0.6086547672779458,0.0
2013-01-06 22:04,0.9015988642586611,0.0
2013-01-06 22:14,0.8393904691329916,0.0
2013-01-06 22:24,0.8423090817365549,0.0
2013-01-06 22:34,0.9792809495652637,0.0
2013-01-06 22:44,0.8730126662228673,0.0
2013-01-06 22:54,0.9592692093223399,0.0
2013-01-06 23:04,0.7630774619469534,0.0
2013-01-06 23:14,0.8520273477423909,0.0
2013-01-06 23:24,0.8618418713513885,0.0
2013-01-06 23:34,1.006254135372553,0.0
2013-01-06 23:44,0.8455682504564647,0.0
2013-01-07 00:04,0.707629013969671,0.0
2013-01-07 00:14,0.6011550616531517,0.0
2013-01-07 00:24,0.7863107337898112,0.0
2013-01-07 00:34,0.7133612195308069,0.0
2013-01-07 00:44,0.7295293167237799,0.0
2013-01-07 00:54,0.7429054664014777,0.0
2013-01-07 01:04,0.9055582983297141,0.0
2013-01-07 01:14,0.5641863258020531,0.0
2013-01-07 01:24,0.9220314322786421,0.0
2013-01-07 01:34,0.7935831963191069,0.0
2013-01-07 01:44,0.7592849981607663,0.0
2013-01-07 01:54,0.8456774509540305,0.0
2013-01-07 02:04,0.9024861400756419,0.0
2013-01-07 02:14,0.5904777934755723,0.0
2013-01-07 02:24,0.7686576495112128,0.0
2013-01-07 02:34,0.8558817188061459,0.0
2013-01-07 02:44,0.9826447553315305,0.0
2013-01-07 02:54,0.720527702016068,0.0
2013-01-07 03:04,0.6183615464841374,0.0
2013-01-07 03:14,0.8078339134786714,0.0
2013-01-07 08:24,0.617686813397528,0.0
2013-01-07 08:34,0.3640425434369712,0.0
2013-01-07 08:44,0.684125379999901,0.0
2013-01-07 08:54,0.7557914316966078,0.0
2013-01-07 09:04,0.7391850101700372,0.0
2013-01-07 09:14,0.7737938529088155,0.0
2013-01-07 09:24,0.5519326675827367,0.0
2013-01-07 09:34,0.7976489921223057,0.0
2013-01-07 09:44,0.8141871678886159,0.0
2013-01-07 09:54,0.7541643544085076,0.0
2013-01-07 10:04,0.8751967533176959,0.0
2013-01-07 10:14,0.8872015790100609,0.0
2013-01-07 10:24,0.8140708074447313,0.0
2013-01-07 10:34,0.7646166810605168,0.0
2013-01-07 10:44,0.7970118767273251,0.0
2013-01-07 10:54,0.8658331661626091,0.0
2013-01-07 11:04,0.8378446250808502,0.0
2013-01-07 11:14,0.8609205176041188,0.0
2013-01-07 11:24,0.8637866493791234,0.0
2013-01-07 11:34,0.9523398459305233,0.0
2013-01-07 11:44,0.9468366291393667,0.0
2013-01-07 11:54,0.5930886664960932,0.0
2013-01-07 12:04,0.8085875432309187,0.0
2013-01-07 12:14,0.8423540314164617,0.0
2013-01-07 12:24,0.9436661344599852,0.0
2013-01-07 12:34,0.8124281827564023,0.0
2013-01-07 12:44,0.5391194797077397,0.0
2013-01-07 12:54,0.7017451905875407,0.0
2013-01-07 13:04,0.9301706472786325,0.0
2013-01-07 13:14,0.7488079279102423,0.0
2013-01-07 13:24,0.8577696494859202,0.0
2013-01-07 13:34,0.7313973115840205,0.0
2013-01-07 13:44,0.7279359202081779,0.0
2013-01-07 13:54,0.5615134004898283,0.0
2013-01-07 14:04,0.8411743703920063,0.0
2013-01-07 14:14,0.7405078144627328,0.0
2013-01-07 14:24,0.8806741692084535,0.0
2013-01-07 14:34,0.7436241091787508,0.0
2013-01-07 14:44,0.8024343561418585,0.0
2013-01-07 14:54,0.7410801952179749,0.0
2013-01-07 15:04,0.574730547013479,0.0
2013-01-07 15:14,0.5292283648498027,0.0
2013-01-07 15:24,0.7476143199142015,0.0
2013-01-07 15:34,0.6902229097736652,0.0
2013-01-07 15:44,0.7771340604667771,0.0
2013-01-07 15:54,0.6313740618730725,0.0
2013-01-07 21:04,0.38219682421572504,0.0
2013-01-07 21:14,0.7048253190230337,0.0
2013-01-07 21:24,0.7289823856502102,0.0
2013-01-07 21:34,0.6640702021057446,0.0
2013-01-07 21:44,0.7601475101231214,0.0
2013-01-07 21:54,0.46659614301235713,0.0
2013-01-07 22:04,0.860025850664358,0.0
2013-01-07 22:14,0.9145726629052333,0.0
2013-01-07 22:24,0.7370554568478502,0.0
2013-01-07 22:34,0.8328577569351567,0.0
2013-01-07 22:44,0.6856549483986515,0.0
2013-01-07 22:54,0.611073793551146,0.0
2013-01-07 23:04,0.5310069251934009,0.0
2013-01-07 23:14,0.7730924104265315,0.0
2013-01-07 23:24,0.8475784874535481,0.0
2013-01-07 23:34,0.5803436231283366,0.0
2013-01-07 23:44,0.6926701197953248,0.0
2013-01-08 00:04,0.7481539843710499,0.0
2013-01-08 00:14,0.8623780106182328,0.0
2013-01-08 00:24,0.9000479998281661,0.0
2013-01-08 00:34,0.8668053700568372,0.0
2013-01-08 00:44,0.6046684183835792,0.0
2013-01-08 00:54,0.8563467794063415,0.0
2013-01-08 01:04,0.8575179028858366,0.0
2013-01-08 01:14,0.694114465611023,0.0
2013-01-08 01:24,0.8027812159997472,0.0
2013-01-08 01:34,0.834950095534466,0.0
2013-01-08 01:44,0.8946216235391725,0.0
2013-01-08 01:54,0.7222210142437682,0.0
2013-01-08 02:04,0.7880195573866118,0.0
2013-01-08 02:14,0.761686731182739,0.0
2013-01-08 02:24,0.8985664838306412,0.0
2013-01-08 02:34,0.8086441458652139,0.0
2013-01-08 02:44,0.6841131512698405,0.0
2013-01-08 02:54,0.7556136750731572,0.0
2013-01-08 03:04,0.8535760655768232,0.0
2013-01-08 03:14,0.8550383874747909,0.0
2013-01-08 03:24,0.5758364704387609,0.0
2013-01-08 03:34,0.8345312479399334,0.0
2013-01-08 03:44,0.8493103107361503,0.0
2013-01-08 03:54,0.8029870619845211,0.0
2013-01-08 04:04,0.7793589161717647,0.0
2013-01-08 04:14,0.47964476144907675,0.0
2013-01-08 04:24,0.5560306312404097,0.0
2013-01-08 09:44,0.6542970818127101,0.0
2013-01-08 09:54,0.5201056517831951,0.0
2013-01-08 10:04,0.4187777838497,0.0
2013-01-08 10:14,0.6842701396014736,0.0
2013-01-08 10:24,0.6934826222136852,0.0
2013-01-08 10:34,0.6758768466972197,0.0
2013-01-08 10:44,0.7016480599452029,0.0
2013-01-08 10:54,0.6930670243381236,0.0
2013-01-08 11:04,0.762925228802363,0.0
2013-01-08 11:14,0.8509703193049271,0.0
2013-01-08 11:24,0.7980771759764013,0.0
2013-01-08 11:34,0.6012329972766456,0.0
2013-01-08 11:44,0.7115878673573403,0.0
2013-01-08 11:54,0.833196520512334,0.0
2013-01-08 12:04,0.790281243682968,0.0
2013-01-08 12:14,0.872520140713377,0.0
2013-01-08 12:24,0.7652571284296298,0.0
2013-01-08 12:34,0.6800079457519022,0.0
2013-01-08 12:44,0.6989180356952248,0.0
2013-01-08 12:54,0.779568559405247,0.0
2013-01-08 13:04,0.8134153575568888,0.0
2013-01-08 13:14,0.9289620441791072,0.0
2013-01-08 13:24,0.8310585489889496,0.0
2013-01-08 13:34,0.928397212293281,0.0
2013-01-08 13:44,0.8449120575902848,0.0
2013-01-08 13:54,0.792230784026714,0.0
2013-01-08 14:04,0.6692050935629781,0.0
2013-01-08 14:14,0.8820206109577229,0.0
2013-01-08 14:24,0.8778144581109052,0.0
2013-01-08 14:34,0.762680581004794,0.0
2013-01-08 14:44,0.7480353596450178,0.0
2013-01-08 14:54,0.8646209696793339,0.0
2013-01-08 15:04,0.7641235821354058,0.0
2013-01-08 15:14,0.681600482142187,0.0
2013-01-08 15:24,0.8196499388885248,0.0
2013-01-08 15:34,1.1129443072671845,0.0
2013-01-08 15:44,1.1067357009303997,0.0
2013-01-08 15:54,0.7722717503584372,0.0
2013-01-08 16:04,1.1130134434666408,0.0
2013-01-08 16:14,0.8029727147915154,0.0
2013-01-08 16:24,1.072228060537617,0.0
2013-01-08 16:34,0.9977419021324576,0.0
2013-01-08 16:44,0.966435573968602,0.0
2013-01-08 16:54,0.6504440149308135,0.0
2013-01-08 17:04,0.932761959271593,0.0
2013-01-08 22:24,0.4699065461999843,0.0
2013-01-08 22:34,0.8562519649933417,0.0
2013-01-08 22:44,0.8400807926654147,0.0
2013-01-08 22:54,0.8101229829420888,0.0
2013-01-08 23:04,0.5355582428809142,0.0
2013-01-08 23:14,0.917832792140937,0.0
2013-01-08 23:24,0.5240450022787405,0.0
2013-01-08 23:34,0.5291809763155279,0.0
2013-01-08 23:44,0.6127031593936502,0.0
2013-01-09 00:04,0.8406267266566876,0.0
2013-01-09 00:14,0.8574752970820898,0.0
2013-01-09 00:24,0.8220649708116902,0.0
2013-01-09 00:34,0.809934411296876,0.0
2013-01-09 00:44,0.6443843576519241,0.0
2013-01-09 00:54,0.7219418250472078,0.0
2013-01-09 01:04,0.81220215709541,0.0
2013-01-09 01:14,0.8951345448511948,0.0
2013-01-09 01:24,0.7676225478627865,0.0
2013-01-09 01:34,0.6694287159465616,0.0
2013-01-09 01:44,1.035096195605668,0.0
2013-01-09 01:54,0.867542297251804,0.0
2013-01-09 02:04,0.9063954770368696,0.0
2013-01-09 02:14,0.5755805809541835,0.0
2013-01-09 02:24,0.9249756459512974,0.0
2013-01-09 02:34,0.87178845168546,0.0
2013-01-09 02:44,0.818533271765968,0.0
2013-01-09 02:54,0.5649536104978484,0.0
2013-01-09 03:04,0.8385952487333299,0.0
2013-01-09 03:14,0.7941468299393548,0.0
2013-01-09 03:24,0.8475896565204073,0.0
2013-01-09 03:34,0.7992003454693138,0.0
2013-01-09 03:44,0.9138134094383987,0.0
2013-01-09 03:54,0.7779624866713467,0.0
2013-01-09 04:04,0.8439869506456452,0.0
2013-01-09 04:14,0.8815535868311399,0.0
2013-01-09 04:24,0.7628759157605138,0.0
2013-01-09 04:34,0.7818511297612936,0.0
2013-01-09 04:44,0.8768679865287288,0.0
2013-01-09 04:54,0.5841756944709923,0.0
2013-01-09 05:04,0.8450959041050252,0.0
2013-01-09 05:14,0.7947762437363122,0.0
2013-01-09 05:24,0.5200028609134731,0.0
2013-01-09 05:34,0.5307375041946129,0.0
2013-01-09 11:04,0.7317407226018762,0.0
2013-01-09 11:14,0.8215616693966171,0.0
2013-01-09 11:24,0.7881301909417946,0.0
2013-01-09 11:34,0.7989750513452248,0.0
2013-01-09 11:44,0.7247256681349271,0.0
2013-01-09 11:54,0.44209887832887307,0.0
2013-01-09 12:04,0.6180309421014877,0.0
2013-01-09 12:14,0.6193078276401608,0.0
2013-01-09 12:24,0.8378861077789306,0.0
2013-01-09 12:34,0.6944300678789948,0.0
2013-01-09 12:44,0.7590948958041255,0.0
2013-01-09 12:54,0.8405007670547844,0.0
2013-01-09 13:04,0.8468020605215754,0.0
2013-01-09 13:14,0.9028183483506682,0.0
2013-01-09 13:24,0.9072715306200988,0.0
2013-01-09 13:34,0.8795986099443823,0.0
2013-01-09 13:44,0.7287820312177195,0.0
2013-01-09 13:54,0.9199493115419949,0.0
2013-01-09 14:04,0.891805244094682,0.0
2013-01-09 14:14,0.8482909454797583,0.0
2013-01-09 14:24,0.961900637459075,0.0
2013-01-09 14:34,0.946457617825245,0.0
2013-01-09 14:44,0.727136919544748,0.0
2013-01-09 14:54,0.7490255574204698,0.0
2013-01-09 15:04,0.934008829659617,0.0
2013-01-09 15:14,0.9120965926889795,0.0
2013-01-09 15:24,0.8661874413310103,0.0
2013-01-09 15:34,0.7608564710922259,0.0
2013-01-09 15:44,0.9040745254505239,0.0
2013-01-09 15:54,0.6616643865976439,0.0
2013-01-09 16:04,0.8006543135349151,0.0
2013-01-09 16:14,0.9781978154911762,0.0
2013-01-09 16:24,0.9682720703001093,0.0
2013-01-09 16:34,0.9234777278883304,0.0
2013-01-09 16:44,0.8810590402202715,0.0
2013-01-09 16:54,0.7485313725041739,0.0
2013-01-09 17:04,0.7806224496095825,0.0
2013-01-09 17:14,0.8621379377496656,0.0
2013-01-09 17:24,0.7795860026668239,0.0
2013-01-09 17:34,0.7925967988318621,0.0
2013-01-09 17:44,0.763811945414905,0.0
2013-01-09 17:54,0.8425992284919958,0.0
2013-01-09 18:04,0.5885889970187472,0.0
2013-01-09 23:34,0.68122163637995,0.0
2013-01-09 23:44,0.7133723701966077,0.0
2013-01-10 00:04,0.7203258350435636,0.0
2013-01-10 00:14,0.6250978397666722,0.0
2013-01-10 00:24,0.7465865011506634,0.0
2013-01-10 00:34,0.8008948246941882,0.0
2013-01-10 00:44,0.7224805114575733,0.0
2013-01-10 00:54,0.45485032831342964,0.0
2013-01-10 01:04,0.7499376356725636,0.0
2013-01-10 01:14,0.7112101290010446,0.0
2013-01-10 01:24,0.912900048998298,0.0
2013-01-10 01:34,0.7151820108832485,0.0
2013-01-10 01:44,0.9746761405688055,0.0
2013-01-10 01:54,0.9124725697185453,0.0
2013-01-10 02:04,0.9169068599551775,0.0
2013-01-10 02:14,0.9004971850051969,0.0
2013-01-10 02:24,0.8348274047057462,0.0
2013-01-10 02:34,0.949846226020205,0.0
2013-01-10 02:44,0.9056286310022716,0.0
2013-01-10 02:54,0.8481032130543067,0.0
2013-01-10 03:04,0.9655217395337498,0.0
2013-01-10 03:14,0.909546939084052,0.0
2013-01-10 03:24,0.938594320689086,0.0
2013-01-10 03:34,0.8532986276178747,0.0
2013-01-10 03:44,0.9667245912708754,0.0
2013-01-10 03:54,0.8740496886955561,0.0
2013-01-10 04:04,0.9348102525630274,0.0
2013-01-10 04:14,0.9015725900033298,0.0
2013-01-10 04:24,0.7931404339041676,0.0
2013-01-10 04:34,0.7840882769647446,0.0
2013-01-10 04:44,0.972417224395225,0.0
2013-01-10 04:54,0.7963750319127008,0.0
2013-01-10 05:04,0.7546684972392426,0.0
2013-01-10 05:14,0.9086484410985324,0.0
2013-01-10 05:24,0.5530346431199529,0.0
2013-01-10 05:34,0.6637547566691474,0.0
2013-01-10 05:44,0.7911007645402612,0.0
2013-01-10 05:54,0.7840990916819736,0.0
2013-01-10 06:04,0.7871319682939637,0.0
2013-01-10 06:14,0.8587455246480137,0.0
2013-01-10 06:24,0.7193673044548692,0.0
2013-01-10 06:34,0.5418445889784617,0.0
2013-01-10 12:14,0.6631331852275507,0.0
2013-01-10 12:24,0.6279478038588227,0.0
2013-01-10 12:34,0.677282265105116,0.0
2013-01-10 12:44,0.6582265510459714,0.0
2013-01-10 12:54,0.7849204725495141,0.0
2013-01-10 13:04,0.6979076467307437,0.0
2013-01-10 13:14,0.7631732702201336,0.0
2013-01-10 13:24,0.8225786004269525,0.0
2013-01-10 13:34,0.7935524638626984,0.0
2013-01-10 13:44,0.8878981331818633,0.0
2013-01-10 13:54,0.8908276892488363,0.0
2013-01-10 14:04,0.9239944123569457,0.0
2013-01-10 14:14,0.934564847139434,0.0
2013-01-10 14:24,0.9153419264200466,0.0
2013-01-10 14:34,0.84907127320072,0.0
2013-01-10 14:44,1.0502473915994512,0.0
2013-01-10 14:54,0.7382850221047751,0.0
2013-01-10 15:04,0.9894449006948941,0.0
2013-01-10 15:14,0.8040021895087729,0.0
2013-01-10 15:24,0.7225865307922938,0.0
2013-01-10 15:34,0.884283142203385,0.0
2013-01-10 15:44,1.072501066069334,0.0
2013-01-10 15:54,1.093341328618609,0.0
2013-01-10 16:04,0.8504994765844173,0.0
2013-01-10 16:14,0.8359043449472302,0.0
2013-01-10 16:24,1.0693567287697923,0.0
2013-01-10 16:34,0.7958866745727254,0.0
2013-01-10 16:44,1.0208445079654263,0.0
2013-01-10 16:54,0.749675122361252,0.0
2013-01-10 17:04,0.8015332923310668,0.0
2013-01-10 17:14,0.9533338717464538,0.0
2013-01-10 17:24,0.6751207928119333,0.0
2013-01-10 17:34,0.84288204116105,0.0
2013-01-10 17:44,0.7246749149932412,0.0
2013-01-10 17:54,0.8672433392366663,0.0
2013-01-10 18:04,0.7939808058145024,0.0
2013-01-10 18:14,0.7801165150369838,0.0
2013-01-10 18:24,0.8157874196460393,0.0
2013-01-10 18:34,0.5850512273541297,0.0
2013-01-10 18:44,0.554618640451232,0.0
2013-01-10 18:54,0.4824961286140228,0.0
2013-01-11 00:34,0.7636098182435146,0.0
2013-01-11 00:44,0.5570598748234316,0.0
2013-01-11 00:54,0.6442603653793717,0.0
2013-01-11 01:04,0.7158107226065835,0.0
2013-01-11 01:14,0.7364042866003777,0.0
2013-01-11 01:24,0.9301616322915167,0.0
2013-01-11 01:34,0.9586904841958706,0.0
2013-01-11 01:44,0.7825397503964263,0.0
2013-01-11 01:54,0.9912400885883361,0.0
2013-01-11 02:04,0.9958284056750931,0.0
2013-01-11 02:14,0.9345985494477764,0.0
2013-01-11 02:24,0.9428147611920512,0.0
2013-01-11 02:34,1.004756042479076,0.0
2013-01-11 02:44,0.9556956103282664,0.0
2013-01-11 02:54,0.907019427152596,0.0
2013-01-11 03:04,0.7954150462669778,0.0
2013-01-11 03:14,0.9024365209857046,0.0
2013-01-11 03:24,1.032614113170426,0.0
2013-01-11 03:34,0.9033586183624468,0.0
2013-01-11 03:44,0.8653301924551795,0.0
2013-01-11 03:54,0.8476080493945158,0.0
2013-01-11 04:04,0.9901158639659198,0.0
2013-01-11 04:14,0.8854022612188891,0.0
2013-01-11 04:24,1.0062775086430327,0.0
2013-01-11 04:34,0.8114512832950529,0.0
2013-01-11 04:44,1.021387337801404,0.0
2013-01-11 04:54,0.7937230566142939,0.0
2013-01-11 05:04,0.8571405024075212,0.0
2013-01-11 05:14,0.86947330375725,0.0
2013-01-11 05:24,0.8798268782141047,0.0
2013-01-11 05:34,0.9712393925044313,0.0
2013-01-11 05:44,0.9523428105420739,0.0
2013-01-11 05:54,1.0007668138185912,0.0
2013-01-11 06:04,0.8419185443342551,0.0
2013-01-11 06:14,0.7532339416633623,0.0
2013-01-11 06:24,0.7175075030047285,0.0
2013-01-11 06:34,0.7394210435332585,0.0
2013-01-11 06:44,0.7728118609603668,0.0
2013-01-11 06:54,0.9299956229465518,0.0
2013-01-11 07:04,0.5736630786445711,0.0
2013-01-11 07:14,2.2064280173808983,0.0
2013-01-11 07:24,0.46316581729288,0.0
2013-01-11 13:14,0.720219341079456,0.0
2013-01-11 13:24,0.6973011751665364,0.0
2013-01-11 13:34,0.6274933424314388,0.0
2013-01-11 13:44,0.7808592766489316,0.0
2013-01-11 13:54,0.8492146487085613,0.0
2013-01-11 14:04,0.8105140803411307,0.0
2013-01-11 14:14,0.6820429992459646,0.0
2013-01-11 14:24,0.6218888871883855,0.0
2013-01-11 14:34,0.90080119533263,0.0
2013-01-11 14:44,0.6926523168811115,0.0
2013-01-11 14:54,0.9987624076413604,0.0
2013-01-11 15:04,0.9709354152643561,0.0
2013-01-11 15:14,1.0592216738898843,0.0
2013-01-11 15:24,0.9880619089747836,0.0
2013-01-11 15:34,1.0360106258658777,0.0
2013-01-11 15:44,0.9841124770925043,0.0
2013-01-11 15:54,1.0524221979392498,0.0
2013-01-11 16:04,1.050746425169097,0.0
2013-01-11 16:14,0.986768231520651,0.0
2013-01-11 16:24,0.8760010682011334,0.0
2013-01-11 16:34,1.0686959535346543,0.0
2013-01-11 16:44,0.9304310739083301,0.0
2013-01-11 16:54,0.9929188536460958,0.0
2013-01-11 17:04,0.7695069149446154,0.0
2013-01-11 17:14,0.9916317595818297,0.0
2013-01-11 17:24,0.9729809948185772,0.0
2013-01-11 17:34,0.9361414877647583,0.0
2013-01-11 17:44,0.9479517981325623,0.0
2013-01-11 17:54,0.8630555795017253,0.0
2013-01-11 18:04,0.8585073918276539,0.0
2013-01-11 18:14,1.0101396874434747,0.0
2013-01-11 18:24,0.8469613823058897,0.0
2013-01-11 18:34,1.0143680751365507,0.0
2013-01-11 18:44,0.8063063591040004,0.0
2013-01-11 18:54,0.8541301212541972,0.0
2013-01-11 19:04,0.8826684618672723,0.0
2013-01-11 19:14,0.8118206147540289,0.0
2013-01-11 19:24,0.762000327068407,0.0
2013-01-11 19:34,0.7276661978112882,0.0
2013-01-11 19:44,0.8354742428306653,0.0
2013-01-11 19:54,0.5490226973863881,0.0
2013-01-12 01:24,0.6425597037466148,0.0
2013-01-12 01:34,0.7586957979244061,0.0
2013-01-12 01:44,0.5875030933486782,0.0
2013-01-12 01:54,0.6640428276335485,0.0
2013-01-12 02:04,0.5562265548875591,0.0
2013-01-12 02:14,0.7785559901248752,0.0
2013-01-12 02:24,0.8010207318354373,0.0
2013-01-12 02:34,0.8398738017165304,0.0
2013-01-12 02:44,0.8582965915101597,0.0
2013-01-12 02:54,0.9878835220429646,0.0
2013-01-12 03:04,0.8606846028392262,0.0
2013-01-12 03:14,0.9314473319068515,0.0
2013-01-12 03:24,0.8533165646707827,0.0
2013-01-12 03:34,0.9312510398539131,0.0
2013-01-12 03:44,0.9287530970727482,0.0
2013-01-12 03:54,1.0071009129048047,0.0
2013-01-12 04:04,0.9110814886318314,0.0
2013-01-12 04:14,1.0475281400624603,0.0
2013-01-12 04:24,0.7947430502778363,0.0
2013-01-12 04:34,0.9628184111243898,0.0
2013-01-12 04:44,0.8172736135851528,0.0
2013-01-12 04:54,0.9631485992994457,0.0
2013-01-12 05:04,0.897295914717319,0.0
2013-01-12 05:14,0.7919416270217668,0.0
2013-01-12 05:24,0.8922206817993722,0.0
2013-01-12 05:34,1.0547280551789513,0.0
2013-01-12 05:44,0.9407569602988693,0.0
2013-01-12 05:54,1.076245595136924,0.0
2013-01-12 06:04,1.0055310499029964,0.0
2013-01-12 06:14,1.0151524446217541,0.0
2013-01-12 06:24,0.9292472307949015,0.0
2013-01-12 06:34,0.8645882911221489,0.0
2013-01-12 06:44,0.9056598702833475,0.0
2013-01-12 06:54,0.906248828711393,0.0
2013-01-12 07:04,0.8831022465338215,0.0
2013-01-12 07:14,0.6678469795792547,0.0
2013-01-12 07:24,0.7191528264530156,0.0
2013-01-12 07:34,0.8529635075534335,0.0
2013-01-12 07:44,0.8557322342146961,0.0
2013-01-12 07:54,0.8172319913434792,0.0
2013-01-12 08:04,0.5523469885664452,0.0
2013-01-12 08:14,2.288973012705217,0.0
2013-01-12 14:04,0.5370954238584885,0.0
2013-01-12 14:14,0.5683965652535516,0.0
2013-01-12 14:24,0.7288981750058433,0.0
2013-01-12 14:34,0.6000015753980734,0.0
2013-01-12 14:44,0.6121631306501788,0.0
2013-01-12 14:54,0.8163881721356943,0.0
2013-01-12 15:04,0.860046299859065,0.0
2013-01-12 15:14,0.8406627665973896,0.0
2013-01-12 15:24,0.6440015659098169,0.0
2013-01-12 15:34,0.7197019512083674,0.0
2013-01-12 15:44,0.7971006828897496,0.0
2013-01-12 15:54,0.7753322015875344,0.0
2013-01-12 16:04,1.0218483730894956,0.0
2013-01-12 16:14,1.057215186432489,0.0
2013-01-12 16:24,0.9774918022936812,0.0
2013-01-12 16:34,0.9442811568179156,0.0
2013-01-12 16:44,0.8078999170763321,0.0
2013-01-12 16:54,1.064830656812012,0.0
2013-01-12 17:04,0.9529814494854465,0.0
2013-01-12 17:14,1.0960672662892856,0.0
2013-01-12 17:24,1.1018603186304288,0.0
2013-01-12 17:34,0.875415337029437,0.0
2013-01-12 17:44,1.0240618266856232,0.0
2013-01-12 17:54,1.2029403785111819,0.0
2013-01-12 18:04,0.9853440155039856,0.0
2013-01-12 18:14,1.001399224850904,0.0
2013-01-12 18:24,0.949376248418614,0.0
2013-01-12 18:34,0.8549976591894538,0.0
2013-01-12 18:44,0.9915888503198328,0.0
2013-01-12 18:54,0.7625296328066535,0.0
2013-01-12 19:04,0.8035823694114639,0.0
2013-01-12 19:14,0.9315847678028603,0.0
2013-01-12 19:24,0.9149893150193208,0.0
2013-01-12 19:34,0.911287160669689,0.0
2013-01-12 19:44,0.7867168715959753,0.0
2013-01-12 19:54,0.9145765413181939,0.0
2013-01-12 20:04,0.7874165198082832,0.0
2013-01-12 20:14,0.6083312981720421,0.0
2013-01-12 20:24,0.580956612067025,0.0
2013-01-12 20:34,0.502231327136069,0.0
2013-01-13 02:14,0.6696455402718962,0.0
2013-01-13 02:24,0.5436521723833865,0.0
2013-01-13 02:34,0.7423107160378133,0.0
2013-01-13 02:44,0.6761628429361979,0.0
2013-01-13 02:54,0.7042713543001582,0.0
2013-01-13 03:04,0.6930016000972304,0.0
2013-01-13 03:14,0.7418750656283002,0.0
2013-01-13 03:24,0.8333779302375183,0.0
2013-01-13 03:34,0.9608429453300388,0.0
2013-01-13 03:44,0.9576589819402964,0.0
2013-01-13 03:54,0.9052058334164502,0.0
2013-01-13 04:04,0.8969456481477202,0.0
2013-01-13 04:14,1.126166969916855,0.0
2013-01-13 04:24,1.0009148738087703,0.0
2013-01-13 04:34,0.9878513803338647,0.0
2013-01-13 04:44,1.0078885882566437,0.0
2013-01-13 04:54,0.9209692541763002,0.0
2013-01-13 05:04,0.8840597939716979,0.0
2013-01-13 05:14,0.9509368248282138,0.0
2013-01-13 05:24,0.7743732678831574,0.0
2013-01-13 05:34,0.9169513018762058,0.0
2013-01-13 05:44,1.01841051649517,0.0
2013-01-13 05:54,1.0124721002657837,0.0
2013-01-13 06:04,1.0355570222576223,0.0
2013-01-13 06:14,0.9774139607169001,0.0
2013-01-13 06:24,0.7752406964872803,0.0
2013-01-13 06:34,0.8478036172854145,0.0
2013-01-13 06:44,1.0188897395563745,0.0
2013-01-13 06:54,0.9078213732657077,0.0
2013-01-13 07:04,0.8184818176237846,0.0
2013-01-13 07:14,0.6560640021712133,0.0
2013-01-13 07:24,0.7488548207835275,0.0
2013-01-13 07:34,0.7856892638383947,0.0
2013-01-13 07:44,0.716076420780705,0.0
2013-01-13 07:54,0.8098689892731248,0.0
2013-01-13 08:04,0.8098160176738808,0.0
2013-01-13 08:14,0.5858518524872389,0.0
2013-01-13 08:24,0.7311686114743259,0.0
2013-01-13 08:34,0.6914042009008681,0.0
2013-01-13 08:44,0.6995869653039631,0.0
2013-01-13 08:54,0.4672441181480258,0.0
2013-01-13 14:54,0.48142366803343956,0.0
2013-01-13 15:04,0.5358827936836046,0.0
2013-01-13 15:14,0.5916182918529027,0.0
2013-01-13 15:24,0.5809008258823782,0.0
2013-01-13 15:34,0.6021388192747589,0.0
2013-01-13 15:44,0.5325721560956023,0.0
2013-01-13 15:54,0.5947014990056874,0.0
2013-01-13 16:04,0.6414571962055051,0.0
2013-01-13 16:14,0.6097453015662192,0.0
2013-01-13 16:24,0.728709318080682,0.0
2013-01-13 16:34,0.6615582301516595,0.0
2013-01-13 16:44,0.5474961738016187,0.0
2013-01-13 16:54,0.7038001514073051,0.0
2013-01-13 17:04,0.763856094707509,0.0
2013-01-13 17:14,0.7025043973995323,0.0
2013-01-13 17:24,0.7010858068814206,0.0
2013-01-13 17:34,0.7937943981654222,0.0
2013-01-13 17:44,0.745386939673153,0.0
2013-01-13 17:54,0.752425929882169,0.0
2013-01-13 18:04,0.7430552176936496,0.0
2013-01-13 18:14,0.7418902832072154,0.0
2013-01-13 18:24,0.7674779489267854,0.0
2013-01-13 18:34,0.7246219139622083,0.0
2013-01-13 18:44,0.7142611304775289,0.0
2013-01-13 18:54,0.7506520985422391,0.0
2013-01-13 19:04,0.5547811844497521,0.0
2013-01-13 19:14,0.6909774382827018,0.0
2013-01-13 19:24,0.6389721282028733,0.0
2013-01-13 19:34,0.7145006080387518,0.0
2013-01-13 19:44,0.4768107952276568,0.0
2013-01-13 19:54,0.627509789170278,0.0
2013-01-13 20:04,0.6245966747918826,0.0
2013-01-13 20:14,0.6827729500305049,0.0
2013-01-13 20:24,0.6250391158869533,0.0
2013-01-13 20:34,0.5768668558310397,0.0
2013-01-13 20:44,0.6579974220699307,0.0
2013-01-13 20:54,0.4661024659645961,0.0
2013-01-13 21:04,0.7971796566119548,0.0
2013-01-13 21:14,0.6454237420098898,0.0
2013-01-14 03:04,0.6170592003605787,0.0
2013-01-14 03:14,0.6182465362866095,0.0
2013-01-14 03:24,0.6734587459327628,0.0
2013-01-14 03:34,0.7489082922827055,0.0
2013-01-14 03:44,0.7642462245781999,0.0
2013-01-14 03:54,0.5623564492856787,0.0
2013-01-14 04:04,0.7225463713465032,0.0
2013-01-14 04:14,0.6841794251442456,0.0
2013-01-14 04:24,0.7584222180814206,0.0
2013-01-14 04:34,0.7790625957087273,0.0
2013-01-14 04:44,0.7580197186173403,0.0
2013-01-14 04:54,0.780465423521725,0.0
2013-01-14 05:04,0.8219696244976042,0.0
2013-01-14 05:14,0.8571963287311422,0.0
2013-01-14 05:24,0.8444886605304026,0.0
2013-01-14 05:34,0.8717417580217705,0.0
2013-01-14 05:44,0.729005331854587,0.0
2013-01-14 05:54,0.7806048530495354,0.0
2013-01-14 06:04,0.9035158656848652,0.0
2013-01-14 06:14,0.9106843628604995,0.0
2013-01-14 06:24,0.6873880964389595,0.0
2013-01-14 06:34,0.9220068627568903,0.0
2013-01-14 06:44,0.8528938512961086,0.0
2013-01-14 06:54,0.8385030314617398,0.0
2013-01-14 07:04,0.8166189923594698,0.0
2013-01-14 07:14,0.943083263761519,0.0
2013-01-14 07:24,0.8573569120814397,0.0
2013-01-14 07:34,0.7160362911539129,0.0
2013-01-14 07:44,0.9328225047476041,0.0
2013-01-14 07:54,0.6848204037907526,0.0
2013-01-14 08:04,0.5876560946684661,0.0
2013-01-14 08:14,0.8612041888731228,0.0
2013-01-14 08:24,0.6448288364504282,0.0
2013-01-14 08:34,0.6248052074186701,0.0
2013-01-14 08:44,0.6800209897824074,0.0
2013-01-14 08:54,0.8275378176742058,0.0
2013-01-14 09:04,0.856256032911551,0.0
2013-01-14 09:14,0.7960516160527347,0.0
2013-01-14 09:24,0.6352057283743553,0.0
2013-01-14 09:34,0.5714729671852303,0.0
2013-01-14 09:44,0.5786614548668135,0.0
2013-01-14 15:34,0.5304758221814364,0.0
2013-01-14 15:44,0.6706947714472788,0.0
2013-01-14 15:54,0.6285844543072298,0.0
2013-01-14 16:04,0.7171157293674956,0.0
2013-01-14 16:14,0.8255373588782646,0.0
2013-01-14 16:24,0.7832286858594152,0.0
2013-01-14 16:34,0.7453511349040797,0.0
2013-01-14 16:44,0.9013734706232104,0.0
2013-01-14 16:54,1.0280309943360846,0.0
2013-01-14 17:04,1.0124169620033012,0.0
2013-01-14 17:14,1.1266297893033406,0.0
2013-01-14 17:24,0.9624463261669972,0.0
2013-01-14 17:34,1.0436570842147463,0.0
2013-01-14 17:44,1.1031603518481299,0.0
2013-01-14 17:54,1.169915432707216,0.0
2013-01-14 18:04,1.0967072156204092,0.0
2013-01-14 18:14,1.0672173125039088,0.0
2013-01-14 18:24,1.0964009037281106,0.0
2013-01-14 18:34,1.1126650060223593,0.0
2013-01-14 18:44,1.0633148962400134,0.0
2013-01-14 18:54,1.1787152100670402,0.0
2013-01-14 19:04,1.0911105689155072,0.0
2013-01-14 19:14,1.0887670324347491,0.0
2013-01-14 19:24,1.0499603196572518,0.0
2013-01-14 19:34,1.0444562473126775,0.0
2013-01-14 19:44,1.045004509456319,0.0
2013-01-14 19:54,0.9701661285131062,0.0
2013-01-14 20:04,1.0180412618388814,0.0
2013-01-14 20:14,0.9068207669313086,0.0
2013-01-14 20:24,0.9456743783754811,0.0
2013-01-14 20:34,0.9773638329136572,0.0
2013-01-14 20:44,0.8421146974964476,0.0
2013-01-14 20:54,0.74711413269438,0.0
2013-01-14 21:04,0.8145406703742498,0.0
2013-01-14 21:14,0.751682653918861,0.0
2013-01-14 21:24,0.6602904704181988,0.0
2013-01-14 21:34,0.6315274742974777,0.0
2013-01-14 21:44,0.675149624201915,0.0
2013-01-14 21:54,0.560699788719876,0.0
2013-01-14 22:04,1.2509628956056646,0.0
2013-01-15 03:44,0.5723251372655946,0.0
2013-01-15 03:54,0.616942440646474,0.0
2013-01-15 04:04,0.6307051751875259,0.0
2013-01-15 04:14,0.7563526559844268,0.0
2013-01-15 04:24,0.7502882299416674,0.0
2013-01-15 04:34,0.9504998206875345,0.0
2013-01-15 04:44,0.9101809813636202,0.0
2013-01-15 04:54,0.9999657104321332,0.0
2013-01-15 05:04,1.0353742355030027,0.0
2013-01-15 05:14,1.0890254074802541,0.0
2013-01-15 05:24,0.9524138943399368,0.0
2013-01-15 05:34,1.0230717486929908,0.0
2013-01-15 05:44,1.0344564947402028,0.0
2013-01-15 05:54,1.0697053460535442,0.0
2013-01-15 06:04,1.216775910984293,0.0
2013-01-15 06:14,1.0650851523496192,0.0
2013-01-15 06:24,1.2200507188600576,0.0
2013-01-15 06:34,1.0965920816003563,0.0
2013-01-15 06:44,1.1484026423454927,0.0
2013-01-15 06:54,1.1488164174341153,0.0
2013-01-15 07:04,1.1903621535544486,0.0
2013-01-15 07:14,1.138972519757383,0.0
2013-01-15 07:24,1.1664133046339222,0.0
2013-01-15 07:34,1.1167413587371893,0.0
2013-01-15 07:44,1.0947763320466177,0.0
2013-01-15 07:54,1.0022268246189918,0.0
2013-01-15 08:04,1.1087781042162508,0.0
2013-01-15 08:14,1.0587221420197044,0.0
2013-01-15 08:24,1.0275931726456566,0.0
2013-01-15 08:34,0.9248837554316753,0.0
2013-01-15 08:44,0.9162112958655682,0.0
2013-01-15 08:54,1.02370450597176,0.0
2013-01-15 09:04,0.8995811929527028,0.0
2013-01-15 09:14,0.8925833939553312,0.0
2013-01-15 09:24,0.8351394362623925,0.0
2013-01-15 09:34,0.7548933891277091,0.0
2013-01-15 09:44,0.8039011126220466,0.0
2013-01-15 09:54,0.8290159555147166,0.0
2013-01-15 10:04,0.8050404442580376,0.0
2013-01-15 10:14,0.6180864338415483,0.0
2013-01-15 10:24,0.6646377103467387,0.0
2013-01-15 16:14,0.510907214401157,0.0
2013-01-15 16:24,0.5634690198712713,0.0
2013-01-15 16:34,0.7341610755605394,0.0
2013-01-15 16:44,0.5566666740396748,0.0
2013-01-15 16:54,0.7223933769215481,0.0
2013-01-15 17:04,0.7095123662144712,0.0
2013-01-15 17:14,0.7107357426754117,0.0
2013-01-15 17:24,0.64708555932593,0.0
2013-01-15 17:34,0.6805529396412133,0.0
2013-01-15 17:44,0.774763892503761,0.0
2013-01-15 17:54,0.785128995976036,0.0
2013-01-15 18:04,0.7681646421524638,0.0
2013-01-15 18:14,0.6640844389748979,0.0
2013-01-15 18:24,0.8290017001939765,0.0
2013-01-15 18:34,0.7993707107642091,0.0
2013-01-15 18:44,0.8386168417430399,0.0
2013-01-15 18:54,0.7650570327455607,0.0
2013-01-15 19:04,0.6992730002392967,0.0
2013-01-15 19:14,0.8614069231724341,0.0
2013-01-15 19:24,0.7563103097662919,0.0
2013-01-15 19:34,0.7696229828487336,0.0
2013-01-15 19:44,0.864763394215433,0.0
2013-01-15 19:54,0.7924387587011703,0.0
2013-01-15 20:04,0.8777825169217919,0.0
2013-01-15 20:14,0.7248602910395717,0.0
2013-01-15 20:24,0.8136056754890637,0.0
2013-01-15 20:34,0.8057567135710618,0.0
2013-01-15 20:44,0.8546972745238712,0.0
2013-01-15 20:54,0.7379553613443341,0.0
2013-01-15 21:04,0.8577344830443531,0.0
2013-01-15 21:14,0.7945294910550872,0.0
2013-01-15 21:24,0.7917489990589164,0.0
2013-01-15 21:34,0.7301757689362555,0.0
2013-01-15 21:44,0.8701493845167146,0.0
2013-01-15 21:54,0.8692976345533411,0.0
2013-01-15 22:04,0.8902105127046286,0.0
2013-01-15 22:14,0.9069648259080108,0.0
2013-01-15 22:24,0.7010076792179649,0.0
2013-01-15 22:34,0.545179391676622,0.0
2013-01-15 22:44,1.8951807309622213,0.0
2013-01-16 04:24,0.6438288599455333,0.0
2013-01-16 04:34,0.7847743395847897,0.0
2013-01-16 04:44,0.7855679444365017,0.0
2013-01-16 04:54,0.7172228541015054,0.0
2013-01-16 05:04,0.6725230438184412,0.0
2013-01-16 05:14,0.672383521992722,0.0
2013-01-16 05:24,0.6116984172992105,0.0
2013-01-16 05:34,0.5294634571262933,0.0
2013-01-16 05:44,0.5787522355563455,0.0
2013-01-16 05:54,0.6634327481281262,0.0
2013-01-16 06:04,0.5350437158853719,0.0
2013-01-16 06:14,0.6075903602195295,0.0
2013-01-16 06:24,0.6158328987663273,0.0
2013-01-16 06:34,0.5816587277958446,0.0
2013-01-16 06:44,0.5849504417965392,0.0
2013-01-16 06:54,0.5824347796371393,0.0
2013-01-16 07:04,0.6762830502705134,0.0
2013-01-16 07:14,0.5283532609534024,0.0
2013-01-16 07:24,0.5998794521307497,0.0
2013-01-16 07:34,0.6025245379361118,0.0
2013-01-16 07:44,0.6467851332287251,0.0
2013-01-16 07:54,0.576217666912914,0.0
2013-01-16 08:04,0.5295847189842662,0.0
2013-01-16 08:14,0.5070552297672765,0.0
2013-01-16 08:24,0.530221017589001,0.0
2013-01-16 08:34,0.5670492022305802,0.0
2013-01-16 08:44,0.5631530990377565,0.0
2013-01-16 08:54,0.5072457967366519,0.0
2013-01-16 09:04,0.46783275766949206,0.0
2013-01-16 09:14,0.5063823702158758,0.0
2013-01-16 09:24,0.6212515877607819,0.0
2013-01-16 09:34,0.5337411343551653,0.0
2013-01-16 09:44,0.7448721504568656,0.0
2013-01-16 09:54,0.6896704128682876,0.0
2013-01-16 10:04,0.8022702231538719,0.0
2013-01-16 10:14,0.7515810266124078,0.0
2013-01-16 10:24,0.7239448351566663,0.0
2013-01-16 10:34,0.781397016553749,0.0
2013-01-16 10:44,0.8076547946310835,0.0
2013-01-16 10:54,0.5763149262352975,0.0
2013-01-16 11:04,0.6442848778957265,0.0
2013-01-16 11:14,0.7021153886066028,0.0
2013-01-16 16:54,0.6354007076567278,0.0
2013-01-16 17:04,0.6626886223457058,0.0
2013-01-16 17:14,0.5319077483093068,0.0
2013-01-16 17:24,0.6282973594830239,0.0
2013-01-16 17:34,0.5412643611799277,0.0
2013-01-16 17:44,0.5186783240629702,0.0
2013-01-16 17:54,0.6615971803206537,0.0
2013-01-16 18:04,0.6227151688806907,0.0
2013-01-16 18:14,0.5533427870695009,0.0
2013-01-16 18:24,0.5239914026762317,0.0
2013-01-16 18:34,0.6345464457558184,0.0
2013-01-16 18:44,0.7023351260165878,0.0
2013-01-16 18:54,0.655506940927982,0.0
2013-01-16 19:04,0.7704892514750059,0.0
2013-01-16 19:14,0.6670995628168623,0.0
2013-01-16 19:24,0.7814742842014982,0.0
2013-01-16 19:34,0.7080360798298502,0.0
2013-01-16 19:44,0.851076769406044,0.0
2013-01-16 19:54,0.6821182834650118,0.0
2013-01-16 20:04,0.7207448876436294,0.0
2013-01-16 20:14,0.7530327294213688,0.0
2013-01-16 20:24,0.7900079920390032,0.0
2013-01-16 20:34,0.7826722801297201,0.0
2013-01-16 20:44,0.7502621423247091,0.0
2013-01-16 20:54,0.7705102746572143,0.0
2013-01-16 21:04,0.715280408270739,0.0
2013-01-16 21:14,0.7393625020112504,0.0
2013-01-16 21:24,0.7201998147351303,0.0
2013-01-16 21:34,0.7076968725600552,0.0
2013-01-16 21:44,0.8170247503621803,0.0
2013-01-16 21:54,0.687957193169365,0.0
2013-01-16 22:04,0.7423553056397005,0.0
2013-01-16 22:14,0.6758387629503856,0.0
2013-01-16 22:24,0.7327952853830642,0.0
2013-01-16 22:34,0.8241439962345373,0.0
2013-01-16 22:44,0.7569633304110894,0.0
2013-01-16 22:54,0.7738190083380445,0.0
2013-01-16 23:04,0.8574707933606925,0.0
2013-01-16 23:14,0.8492786738147664,0.0
2013-01-16 23:24,0.7152914985999997,0.0
2013-01-17 05:04,0.7274912201689048,0.0
2013-01-17 05:14,0.812322293628642,0.0
2013-01-17 05:24,0.6983207414728705,0.0
2013-01-17 05:34,0.7853483429487949,0.0
2013-01-17 05:44,0.935766286471192,0.0
2013-01-17 05:54,0.9361950403925557,0.0
2013-01-17 06:04,0.8502257197564476,0.0
2013-01-17 06:14,0.8255437570760628,0.0
2013-01-17 06:24,0.7675863873163027,0.0
2013-01-17 06:34,0.8372184407381983,0.0
2013-01-17 06:44,0.9636942204056445,0.0
2013-01-17 06:54,0.8443356062116173,0.0
2013-01-17 07:04,0.8621872191556389,0.0
2013-01-17 07:14,0.8493613387100667,0.0
2013-01-17 07:24,0.9115973675236788,0.0
2013-01-17 07:34,0.8561252400772691,0.0
2013-01-17 07:44,0.8885857842423194,0.0
2013-01-17 07:54,0.9194012203255245,0.0
2013-01-17 08:04,0.9386057057380208,0.0
2013-01-17 08:14,0.9065744593560413,0.0
2013-01-17 08:24,1.0483950472327421,0.0
2013-01-17 08:34,0.9795653676129054,0.0
2013-01-17 08:44,1.0082422901747845,0.0
2013-01-17 08:54,0.9089680700416987,0.0
2013-01-17 09:04,0.9667593868599306,0.0
2013-01-17 09:14,0.864161658728573,0.0
2013-01-17 09:24,0.8837591773853408,0.0
2013-01-17 09:34,0.9416999018837263,0.0
2013-01-17 09:44,0.7674462439611465,0.0
2013-01-17 09:54,0.9517972764569155,0.0
2013-01-17 10:04,0.8846487298859474,0.0
2013-01-17 10:14,0.8155885489938309,0.0
2013-01-17 10:24,0.8550847088190454,0.0
2013-01-17 10:34,0.9270314444822336,0.0
2013-01-17 10:44,0.887893765091793,0.0
2013-01-17 10:54,0.8695403587564463,0.0
2013-01-17 11:04,0.9551417315167162,0.0
2013-01-17 11:14,0.7478335980531908,0.0
2013-01-17 11:24,0.8065421165011678,0.0
2013-01-17 11:34,0.7388144557216303,0.0
2013-01-17 11:44,0.621063768637707,0.0
2013-01-17 11:54,0.6042011057984479,0.0
2013-01-17 17:24,0.5449247129419443,0.0
2013-01-17 17:34,0.5725443321816426,0.0
2013-01-17 17:44,0.4844635369135768,0.0
2013-01-17 17:54,0.5375402475617129,0.0
2013-01-17 18:04,0.531491927522091,0.0
2013-01-17 18:14,0.5003604425945978,0.0
2013-01-17 18:24,0.5485896174241448,0.0
2013-01-17 18:34,0.5534471093835471,0.0
2013-01-17 18:44,0.5740674296175902,0.0
2013-01-17 18:54,0.6548831377959106,0.0
2013-01-17 19:04,0.6256319803602971,0.0
2013-01-17 19:14,0.5213081530735301,0.0
2013-01-17 19:24,0.593821749636172,0.0
2013-01-17 19:34,0.49127296455817193,0.0
2013-01-17 19:44,0.6344961192241031,0.0
2013-01-17 19:54,0.6413623499785007,0.0
2013-01-17 20:04,0.5211222480133608,0.0
2013-01-17 20:14,0.5596223947156619,0.0
2013-01-17 20:24,0.6057829456169992,0.0
2013-01-17 20:34,0.553094622162065,0.0
2013-01-17 20:44,0.567939952476562,0.0
2013-01-17 20:54,0.572532889055426,0.0
2013-01-17 21:04,0.6941296504044344,0.0
2013-01-17 21:14,0.5845281176519102,0.0
2013-01-17 21:24,0.7924446312127994,0.0
2013-01-17 21:34,0.7211786261961932,0.0
2013-01-17 21:44,0.6623491318812749,0.0
2013-01-17 21:54,0.6050501638708755,0.0
2013-01-17 22:04,0.7210977166359434,0.0
2013-01-17 22:14,0.6758871633814674,0.0
2013-01-17 22:24,0.6191295988210852,0.0
2013-01-17 22:34,0.5844768018473869,0.0
2013-01-17 22:44,0.5993884342823509,0.0
2013-01-17 22:54,0.6144510336769449,0.0
2013-01-17 23:04,0.6714750412893891,0.0
2013-01-17 23:14,0.6802765613583328,0.0
2013-01-17 23:24,0.5849334063403472,0.0
2013-01-17 23:34,0.6297125683253615,0.0
2013-01-17 23:44,0.5406403606375614,0.0
2013-01-18 00:04,0.5160852458356053,0.0
2013-01-18 00:14,0.4941246196999311,0.0
2013-01-18 00:24,0.5169553461110536,0.0
2013-01-18 05:24,0.5499052143225591,0.0
2013-01-18 05:34,0.6106566487347017,0.0
2013-01-18 05:44,0.5551821187917683,0.0
2013-01-18 05:54,1.0809424809607575,0.0
2013-01-18 06:04,0.60732529803752,0.0
2013-01-18 06:14,0.630148299204688,0.0
2013-01-18 06:24,0.7398880649074954,0.0
2013-01-18 06:34,0.685165438591383,0.0
2013-01-18 06:44,0.8482233215759931,0.0
2013-01-18 06:54,0.6765946668005606,0.0
2013-01-18 07:04,0.627473542432289,0.0
2013-01-18 07:14,0.7384300867264462,0.0
2013-01-18 07:24,0.6797159823915905,0.0
2013-01-18 07:34,0.6380322347059331,0.0
2013-01-18 07:44,0.8780241554249554,0.0
2013-01-18 07:54,0.7982531470084624,0.0
2013-01-18 08:04,0.7951085572867884,0.0
2013-01-18 08:14,0.9513554460611977,0.0
2013-01-18 08:24,0.9579673877579709,0.0
2013-01-18 08:34,0.9256780647188857,0.0
2013-01-18 08:44,0.869521860184884,0.0
2013-01-18 08:54,0.8921431951499734,0.0
2013-01-18 09:04,0.6264059478386219,0.0
2013-01-18 09:14,0.8404863505885674,0.0
2013-01-18 09:24,1.071518262718881,0.0
2013-01-18 09:34,0.8936313488389226,0.0
2013-01-18 09:44,0.8204143623021084,0.0
2013-01-18 09:54,0.7197010521965043,0.0
2013-01-18 10:04,0.6321184853864545,0.0
2013-01-18 10:14,0.8208914352655474,0.0
2013-01-18 10:24,0.6246209504848774,0.0
2013-01-18 10:34,0.7523389854649745,0.0
2013-01-18 10:44,0.5846853743707455,0.0
2013-01-18 10:54,0.5842472078986428,0.0
2013-01-18 11:04,0.9628886383646243,0.0
2013-01-18 11:14,0.5456912113395225,0.0
2013-01-18 11:24,0.6810497662239657,0.0
2013-01-18 11:34,0.6230300314502064,0.0
2013-01-18 11:44,0.6181237868361248,0.0
2013-01-18 11:54,0.5630160977798303,0.0
2013-01-18 12:04,0.45154663016273394,0.0
2013-01-18 12:14,0.9141314403470152,0.0
2013-01-18 12:24,0.5237916917747142,0.0
2013-01-18 12:34,0.5755472774709046,0.0
2013-01-18 12:44,0.9439122587502554,0.0
2013-01-18 17:54,0.7999012174893632,0.0
2013-01-18 18:04,0.8648192281538938,0.0
2013-01-18 18:14,0.8212630408034597,0.0
2013-01-18 18:24,0.8545434554217872,0.0
2013-01-18 18:34,0.5523864073066492,0.0
2013-01-18 18:44,0.5372877001658509,0.0
2013-01-18 18:54,0.8846054727279812,0.0
2013-01-18 19:04,0.5751438896838952,0.0
2013-01-18 19:14,0.6305274823574302,0.0
2013-01-18 19:24,0.6415754509403547,0.0
2013-01-18 19:34,0.9395278301003698,0.0
2013-01-18 19:44,0.934289289086339,0.0
2013-01-18 19:54,0.8374349545540808,0.0
2013-01-18 20:04,0.5952235620083371,0.0
2013-01-18 20:14,0.8853251954637199,0.0
2013-01-18 20:24,0.6340514184324729,0.0
2013-01-18 20:34,0.9668174837278908,0.0
2013-01-18 20:44,0.9408103754401567,0.0
2013-01-18 20:54,0.5146113190255426,0.0
2013-01-18 21:04,0.9253517576168555,0.0
2013-01-18 21:14,0.9707711112817855,0.0
2013-01-18 21:24,0.7134291819454045,0.0
2013-01-18 21:34,0.7114933688607313,0.0
2013-01-18 21:44,0.9529615212909478,0.0
2013-01-18 21:54,0.7105243196080643,0.0
2013-01-18 22:04,0.9996163487426071,0.0
2013-01-18 22:14,0.9741817485133887,0.0
2013-01-18 22:24,0.9893982727431812,0.0
2013-01-18 22:34,0.9398355378333346,0.0
2013-01-18 22:44,0.9080284194447875,0.0
2013-01-18 22:54,0.7452277789103038,0.0
2013-01-18 23:04,0.6717214104628234,0.0
2013-01-18 23:14,0.9350890699944531,0.0
2013-01-18 23:24,0.863153404010055,0.0
2013-01-18 23:34,0.753399865418566,0.0
2013-01-18 23:44,0.9172271653924673,0.0
2013-01-19 00:04,0.8730007972765094,0.0
2013-01-19 00:14,0.852983830848455,0.0
2013-01-19 00:24,0.5134376384720507,0.0
2013-01-19 00:34,0.8347036599652579,0.0
2013-01-19 00:44,0.8487677230103866,0.0
2013-01-19 00:54,0.8245491962187186,0.0
2013-01-19 01:04,0.8001620444174884,0.0
2013-01-19 06:24,0.6563485344365092,0.0
2013-01-19 06:34,0.7648421225713938,0.0
2013-01-19 06:44,0.7293702674234711,0.0
2013-01-19 06:54,0.5467606175156233,0.0
2013-01-19 07:04,0.5430233192500198,0.0
2013-01-19 07:14,0.697413166932562,0.0
2013-01-19 07:24,0.6903128850128235,0.0
2013-01-19 07:34,0.6407336852885747,0.0
2013-01-19 07:44,0.7103609822279862,0.0
2013-01-19 07:54,0.7619837811393664,0.0
2013-01-19 08:04,0.6276999083919508,0.0
2013-01-19 08:14,0.8023990611321791,0.0
2013-01-19 08:24,0.6842824456903535,0.0
2013-01-19 08:34,0.7607018821084855,0.0
2013-01-19 08:44,0.7233483359925112,0.0
2013-01-19 08:54,0.7735625388048518,0.0
2013-01-19 09:04,0.8707710153320505,0.0
2013-01-19 09:14,0.7876845420773015,0.0
2013-01-19 09:24,0.8180351113785778,0.0
2013-01-19 09:34,0.8312527261560716,0.0
2013-01-19 09:44,0.5231094534172599,0.0
2013-01-19 09:54,0.7555306759917677,0.0
2013-01-19 10:04,0.6607116696422337,0.0
2013-01-19 10:14,0.7003876935513249,0.0
2013-01-19 10:24,0.6792449863945001,0.0
2013-01-19 10:34,0.7174951497530629,0.0
2013-01-19 10:44,0.5204401955362055,0.0
2013-01-19 10:54,0.7413650321551205,0.0
2013-01-19 11:04,0.6631916186007167,0.0
2013-01-19 11:14,0.6918863667430619,0.0
2013-01-19 11:24,0.7361420070218367,0.0
2013-01-19 11:34,0.6355184358813966,0.0
2013-01-19 11:44,0.7254499750300346,0.0
2013-01-19 11:54,0.6964784910292487,0.0
2013-01-19 12:04,0.6744589896908999,0.0
2013-01-19 12:14,0.5997275168584245,0.0
2013-01-19 12:24,0.6409965101596256,0.0
2013-01-19 12:34,0.6567353060142623,0.0
2013-01-19 12:44,0.6155543369707699,0.0
2013-01-19 12:54,0.6119961249696763,0.0
2013-01-19 13:04,0.6483829027459453,0.0
2013-01-19 13:14,0.6945000977472114,0.0
2013-01-19 13:24,0.4915696979641678,0.0
2013-01-19 13:34,0.49203478311069354,0.0
2013-01-19 18:44,0.48817791800460125,0.0
2013-01-19 18:54,0.5093059301614764,0.0
2013-01-19 19:04,0.6584479638078593,0.0
2013-01-19 19:14,0.6420874871162087,0.0
2013-01-19 19:24,0.4523900499786573,0.0
2013-01-19 19:34,0.596282193368973,0.0
2013-01-19 19:44,0.5827455637859942,0.0
2013-01-19 19:54,0.6058897026769523,0.0
2013-01-19 20:04,0.6208579923441689,0.0
2013-01-19 20:14,0.8164990953342356,0.0
2013-01-19 20:24,0.6654443172787989,0.0
2013-01-19 20:34,0.6958054413600325,0.0
2013-01-19 20:44,0.7670426610792048,0.0
2013-01-19 20:54,1.068284394106745,0.0
2013-01-19 21:04,1.3362170175871042,0.0
2013-01-19 21:14,1.1842080345964092,0.0
2013-01-19 21:24,0.8666948287315916,0.0
2013-01-19 21:34,0.9583613628826034,0.0
2013-01-19 21:44,1.3225902228146615,0.0
2013-01-19 21:54,1.259569364323873,0.0
2013-01-19 22:04,1.1912089109098094,0.0
2013-01-19 22:14,1.5228554171623838,0.0
2013-01-19 22:24,1.1137530720342883,0.0
2013-01-19 22:34,1.1664403268454353,0.0
2013-01-19 22:44,1.4047817982732729,0.0
2013-01-19 22:54,1.47721651329761,0.0
2013-01-19 23:04,1.0695689223899139,0.0
2013-01-19 23:14,0.7344245015579673,0.0
2013-01-19 23:24,0.9507773124286267,0.0
2013-01-19 23:34,0.6050893232027551,0.0
2013-01-19 23:44,0.8311305844567325,0.0
2013-01-20 00:04,0.5957614330829549,0.0
2013-01-20 00:14,0.4509805148095493,0.0
2013-01-20 00:24,0.5976759065837923,0.0
2013-01-20 00:34,0.5859667028446883,0.0
2013-01-20 00:44,0.5716824164812315,0.0
2013-01-20 00:54,0.5854964360143738,0.0
2013-01-20 01:04,0.6124205349668254,0.0
2013-01-20 01:14,0.5413980773030196,0.0
2013-01-20 01:24,0.6200638457584607,0.0
2013-01-20 01:34,0.44944382428513513,0.0
2013-01-20 01:44,0.6177573375397738,0.0
2013-01-20 01:54,0.6438391694289611,0.0
2013-01-20 02:04,0.47742475843163557,0.0
2013-01-20 07:04,0.41471652053961666,0.0
2013-01-20 07:14,0.6487988093521032,0.0
2013-01-20 07:24,0.6097263600862126,0.0
2013-01-20 07:34,0.5096959118612928,0.0
2013-01-20 07:44,0.638251431705681,0.0
2013-01-20 07:54,0.7251261285112407,0.0
2013-01-20 08:04,0.7240133681501953,0.0
2013-01-20 08:14,0.7147457288556844,0.0
2013-01-20 08:24,0.666656791344398,0.0
2013-01-20 08:34,0.6107953303047081,0.0
2013-01-20 08:44,0.5611327132400956,0.0
2013-01-20 08:54,0.6938533311072549,0.0
2013-01-20 09:04,0.5777533259148148,0.0
2013-01-20 09:14,0.6057584243046188,0.0
2013-01-20 09:24,0.6329660731846257,0.0
2013-01-20 09:34,0.6307524093997152,0.0
2013-01-20 09:44,0.6078137123989222,0.0
2013-01-20 09:54,0.669764637093591,0.0
2013-01-20 10:04,0.43700080167521743,0.0
2013-01-20 10:14,0.5644190519700135,0.0
2013-01-20 10:24,0.541221495024616,0.0
2013-01-20 10:34,0.5484153935926461,0.0
2013-01-20 10:44,0.6256290596482452,0.0
2013-01-20 10:54,0.6051589877573285,0.0
2013-01-20 11:04,0.5479034382797625,0.0
2013-01-20 11:14,0.6444990945953353,0.0
2013-01-20 11:24,0.5665350420186108,0.0
2013-01-20 11:34,0.610690982916061,0.0
2013-01-20 11:44,0.5844971205874739,0.0
2013-01-20 11:54,0.6261192799623305,0.0
2013-01-20 12:04,0.7200705478084192,0.0
2013-01-20 12:14,0.7037765244101276,0.0
2013-01-20 12:24,0.6088861145542885,0.0
2013-01-20 12:34,0.65372840862781,0.0
2013-01-20 12:44,0.760946118799558,0.0
2013-01-20 12:54,0.6579570308781396,0.0
2013-01-20 13:04,0.7769433135096018,0.0
2013-01-20 13:14,0.6401501647899491,0.0
2013-01-20 13:24,0.680968400369581,0.0
2013-01-20 13:34,0.6517542985738226,0.0
2013-01-20 13:44,0.7572965613753234,0.0
2013-01-20 13:54,0.6733407993330748,0.0
2013-01-20 14:04,0.8010349918852114,0.0
2013-01-20 14:14,0.5254949322934317,0.0
2013-01-20 14:24,0.7533054084485964,0.0
2013-01-20 14:34,0.6912555023877779,0.0
2013-01-20 19:34,0.7043149428731893,0.0
2013-01-20 19:44,0.7255383391602988,0.0
2013-01-20 19:54,0.6108112856521393,0.0
2013-01-20 20:04,0.8485471270412903,0.0
2013-01-20 20:14,0.5260836638258933,0.0
2013-01-20 20:24,0.9202476179671427,0.0
2013-01-20 20:34,0.7009937020240236,0.0
2013-01-20 20:44,0.8574125612636566,0.0
2013-01-20 20:54,0.853082164801485,0.0
2013-01-20 21:04,0.8712653720809146,0.0
2013-01-20 21:14,0.8783106507840253,0.0
2013-01-20 21:24,0.8047458318354904,0.0
2013-01-20 21:34,0.7331142000864372,0.0
2013-01-20 21:44,0.8032096065307797,0.0
2013-01-20 21:54,0.8778402483955411,0.0
2013-01-20 22:04,0.7170157143513682,0.0
2013-01-20 22:14,0.7331029699679673,0.0
2013-01-20 22:24,0.7508300175378029,0.0
2013-01-20 22:34,0.7258546715930249,0.0
2013-01-20 22:44,0.7939781860508552,0.0
2013-01-20 22:54,0.8064197416568064,0.0
2013-01-20 23:04,0.7098658027418581,0.0
2013-01-20 23:14,0.7484779670555168,0.0
2013-01-20 23:24,0.8278107043911147,0.0
2013-01-20 23:34,0.7654963548085102,0.0
2013-01-20 23:44,0.6743603694247693,0.0
2013-01-21 00:04,0.6929800851385621,0.0
2013-01-21 00:14,0.7695605496230672,0.0
2013-01-21 00:24,0.7219851159277281,0.0
2013-01-21 00:34,0.8837023622423794,0.0
2013-01-21 00:44,0.7603447928844734,0.0
2013-01-21 00:54,0.8909572556498514,0.0
2013-01-21 01:04,0.6050077333341806,0.0
2013-01-21 01:14,0.5883146170039414,0.0
2013-01-21 01:24,0.6103862691866547,0.0
2013-01-21 01:34,1.106221531919435,0.0
2013-01-21 01:44,0.6356973305294702,0.0
2013-01-21 01:54,1.09347736838946,0.0
2013-01-21 02:04,0.6151971310587601,0.0
2013-01-21 02:14,1.134359134981447,0.0
2013-01-21 02:24,1.1459817850740026,0.0
2013-01-21 02:34,1.1415444188584007,0.0
2013-01-21 02:44,1.1323898577473341,0.0
2013-01-21 02:54,0.525614353504775,0.0
2013-01-21 03:04,0.576532697393175,0.0
2013-01-21 03:14,1.0546351936801366,0.0
2013-01-21 03:24,0.5561952705876321,0.0
2013-01-21 08:14,0.5603193275195277,0.0
2013-01-21 08:24,0.5126646117717367,0.0
2013-01-21 08:34,0.6020681111656901,0.0
2013-01-21 08:44,0.8206184354008793,0.0
2013-01-21 08:54,0.8094684892761651,0.0
2013-01-21 09:04,0.8465461909527051,0.0
2013-01-21 09:14,0.5202681895883813,0.0
2013-01-21 09:24,0.8893675566739649,0.0
2013-01-21 09:34,0.877259340684102,0.0
2013-01-21 09:44,1.0202012744441482,0.0
2013-01-21 09:54,1.0564822689766744,0.0
2013-01-21 10:04,0.6703213662666376,0.0
2013-01-21 10:14,0.9298149255042694,0.0
2013-01-21 10:24,0.9854816119093016,0.0
2013-01-21 10:34,0.9684406785302917,0.0
2013-01-21 10:44,0.9980984830659513,0.0
2013-01-21 10:54,0.9882164188850575,0.0
2013-01-21 11:04,1.0026166188219576,0.0
2013-01-21 11:14,0.7629075467206585,0.0
2013-01-21 11:24,1.0389764087753341,0.0
2013-01-21 11:34,0.9738616079468542,0.0
2013-01-21 11:44,0.7520306872246396,0.0
2013-01-21 11:54,1.0559641775180388,0.0
2013-01-21 12:04,1.1376635076583579,0.0
2013-01-21 12:14,0.9821084943396514,0.0
2013-01-21 12:24,0.7688430669768239,0.0
2013-01-21 12:34,1.1274210986372775,0.0
2013-01-21 12:44,1.080270420170129,0.0
2013-01-21 12:54,1.2244412057404839,0.0
2013-01-21 13:04,0.8922858427773028,0.0
2013-01-21 13:14,0.7967979821989638,0.0
2013-01-21 13:24,1.0647154956487737,0.0
2013-01-21 13:34,1.2019770887261274,0.0
2013-01-21 13:44,1.1227478107600033,0.0
2013-01-21 13:54,0.819449989546956,0.0
2013-01-21 14:04,0.9608681318747676,0.0
2013-01-21 14:14,0.9773535688743619,0.0
2013-01-21 14:24,0.9329102837596851,0.0
2013-01-21 14:34,0.7105595606686049,0.0
2013-01-21 14:44,0.8882231930872059,0.0
2013-01-21 14:54,0.6506846420161657,0.0
2013-01-21 15:04,2.1243829947447344,0.0
2013-01-21 15:14,0.8519863125536933,0.0
2013-01-21 15:24,0.7447257431174578,0.0
2013-01-21 15:34,0.8203533487192339,0.0
2013-01-21 15:44,1.2149317379694806,0.0
2013-01-21 21:04,0.5058290573709919,0.0
2013-01-21 21:14,2.0959414355243102,0.0
2013-01-21 21:24,0.4955208311654493,0.0
2013-01-21 21:34,0.9728431736116125,0.0
2013-01-21 21:44,0.7925974961655723,0.0
2013-01-21 21:54,1.0288682072189452,0.0
2013-01-21 22:04,1.0357194223671256,0.0
2013-01-21 22:14,0.9465463182950202,0.0
2013-01-21 22:24,0.7062686562153014,0.0
2013-01-21 22:34,0.9758834723500183,0.0
2013-01-21 22:44,1.0027255939786954,0.0
2013-01-21 22:54,0.917128417855855,0.0
2013-01-21 23:04,1.0360507306594782,0.0
2013-01-21 23:14,0.8811684836192237,0.0
2013-01-21 23:24,1.0359173969474595,0.0
2013-01-21 23:34,0.6950439300357458,0.0
2013-01-21 23:44,0.9214516621228435,0.0
2013-01-22 00:04,1.0900412447563326,0.0
2013-01-22 00:14,1.1272445432531772,0.0
2013-01-22 00:24,1.1726859426561134,0.0
2013-01-22 00:34,1.1507852563735432,0.0
2013-01-22 00:44,1.2004596766415816,0.0
2013-01-22 00:54,2.616978906099009,0.0
2013-01-22 01:04,1.1415826360253434,0.0
2013-01-22 01:14,1.1923835895356476,0.0
2013-01-22 01:24,0.7704918416611021,0.0
2013-01-22 01:34,0.8090973475445518,0.0
2013-01-22 01:44,0.9146666087171763,0.0
2013-01-22 01:54,1.1537318542962496,0.0
2013-01-22 02:04,1.0376357733647565,0.0
2013-01-22 02:14,0.8422935759473247,0.0
2013-01-22 02:24,0.9360007127343981,0.0
2013-01-22 02:34,1.125368649189063,0.0
2013-01-22 02:44,0.7944090278978198,0.0
2013-01-22 02:54,1.1076781097418757,0.0
2013-01-22 03:04,0.7965509304220258,0.0
2013-01-22 03:14,0.9161341661552557,0.0
2013-01-22 03:24,0.7347495612661505,0.0
2013-01-22 03:34,1.0381962094298567,0.0
2013-01-22 03:44,0.7105866833029927,0.0
2013-01-22 03:54,0.7724961662750549,0.0
2013-01-22 04:04,0.923187206254825,0.0
2013-01-22 04:14,0.5557773460058146,0.0
2013-01-22 04:24,0.6343438347064065,0.0
2013-01-22 04:34,0.8748497861860263,0.0
2013-01-22 04:44,2.1710970420274,0.0
2013-01-22 09:34,0.7124786143067715,0.0
2013-01-22 09:44,0.7278685777875565,0.0
2013-01-22 09:54,1.0054889556748032,0.0
2013-01-22 10:04,0.748511305101622,0.0
2013-01-22 10:14,2.1802318431168044,0.0
2013-01-22 10:24,0.7087043262658387,0.0
2013-01-22 10:34,0.8202311896101103,0.0
2013-01-22 10:44,0.8193434125891592,0.0
2013-01-22 10:54,0.9112473756737155,0.0
2013-01-22 11:04,0.6509301566737098,0.0
2013-01-22 11:14,0.9665539805092616,0.0
2013-01-22 11:24,0.8075137823330096,0.0
2013-01-22 11:34,0.8397756028540788,0.0
2013-01-22 11:44,0.6962069637802188,0.0
2013-01-22 11:54,0.7853243276447578,0.0
2013-01-22 12:04,0.9170064922283091,0.0
2013-01-22 12:14,0.6388405040692027,0.0
2013-01-22 12:24,0.8473117697533982,0.0
2013-01-22 12:34,0.8303786054989554,0.0
2013-01-22 12:44,0.8749075045631525,0.0
2013-01-22 12:54,0.7265409133793979,0.0
2013-01-22 13:04,0.7553204561656598,0.0
2013-01-22 13:14,0.750589787124574,0.0
2013-01-22 13:24,0.8655252022279928,0.0
2013-01-22 13:34,0.8700989217343803,0.0
2013-01-22 13:44,0.7878027032757792,0.0
2013-01-22 13:54,0.9391640417007262,0.0
2013-01-22 14:04,0.6813587956084246,0.0
2013-01-22 14:14,0.7132117629695788,0.0
2013-01-22 14:24,0.9879282960519836,0.0
2013-01-22 14:34,0.8259982009043912,0.0
2013-01-22 14:44,0.7954414883998905,0.0
2013-01-22 14:54,0.9017312703003351,0.0
2013-01-22 15:04,1.0087348417850022,0.0
2013-01-22 15:14,0.9266008380125328,0.0
2013-01-22 15:24,0.7485261493111768,0.0
2013-01-22 15:34,1.0113890835027017,0.0
2013-01-22 15:44,0.9449016896559264,0.0
2013-01-22 15:54,0.9814440704312409,0.0
2013-01-22 16:04,0.7233021200090085,0.0
2013-01-22 16:14,0.771401243256625,0.0
2013-01-22 16:24,0.5691663232840876,0.0
2013-01-22 16:34,0.9217979201906391,0.0
2013-01-22 16:44,0.730553358969869,0.0
2013-01-22 16:54,0.6335696233705581,0.0
2013-01-22 17:04,1.2893055343344415,0.0
2013-01-22 17:14,0.7330695355776161,0.0
2013-01-22 17:24,0.9471577132713525,0.0
2013-01-22 22:14,2.029165550782468,0.0
2013-01-22 22:24,0.5944549056164474,0.0
2013-01-22 22:34,0.5834126179092657,0.0
2013-01-22 22:44,1.2987578481395627,0.0
2013-01-22 22:54,0.8738722603210424,0.0
2013-01-22 23:04,0.6675791649955177,0.0
2013-01-22 23:14,0.684592997942359,0.0
2013-01-22 23:24,0.7345601163851285,0.0
2013-01-22 23:34,0.6974022788501538,0.0
2013-01-22 23:44,0.7803717705674353,0.0
2013-01-23 00:04,1.0766255230946808,0.0
2013-01-23 00:14,0.9090854530534214,0.0
2013-01-23 00:24,1.0250012629481329,0.0
2013-01-23 00:34,0.9137606750119608,0.0
2013-01-23 00:44,1.1747896036377978,0.0
2013-01-23 00:54,1.1937801516939537,0.0
2013-01-23 01:04,1.1022906056142345,0.0
2013-01-23 01:14,0.838566692846709,0.0
2013-01-23 01:24,1.2196464409882228,0.0
2013-01-23 01:34,1.2312890142429436,0.0
2013-01-23 01:44,1.2013359018716134,0.0
2013-01-23 01:54,1.0571517331739428,0.0
2013-01-23 02:04,1.196430656660367,0.0
2013-01-23 02:14,1.1467636320613965,0.0
2013-01-23 02:24,0.8382236775193845,0.0
2013-01-23 02:34,0.8777444369633648,0.0
2013-01-23 02:44,1.2481432111483572,0.0
2013-01-23 02:54,0.8269988789361155,0.0
2013-01-23 03:04,1.0829344284265146,0.0
2013-01-23 03:14,1.0903991170242997,0.0
2013-01-23 03:24,1.127875666966031,0.0
2013-01-23 03:34,1.118789205510306,0.0
2013-01-23 03:44,1.1493113986218912,0.0
2013-01-23 03:54,1.100859850016713,0.0
2013-01-23 04:04,1.1288048874415835,0.0
2013-01-23 04:14,1.0623933115056596,0.0
2013-01-23 04:24,0.6352032269922638,0.0
2013-01-23 04:34,0.9000465635379472,0.0
2013-01-23 04:44,0.9265880575883123,0.0
2013-01-23 04:54,0.6895570177336172,0.0
2013-01-23 05:04,0.7334020539820283,0.0
2013-01-23 05:14,0.7643921729196065,0.0
2013-01-23 05:24,0.7991370982627543,0.0
2013-01-23 05:34,1.2294526054957617,0.0
2013-01-23 05:44,0.685241887716595,0.0
2013-01-23 11:04,0.7227059111031889,0.0
2013-01-23 11:14,0.5691784850825071,0.0
2013-01-23 11:24,2.1922925867175036,0.0
2013-01-23 11:34,0.6121691024760936,0.0
2013-01-23 11:44,0.7794444796714045,0.0
2013-01-23 11:54,0.6411882741513679,0.0
2013-01-23 12:04,0.6485938433400629,0.0
2013-01-23 12:14,0.6664840012467609,0.0
2013-01-23 12:24,0.6737593108430808,0.0
2013-01-23 12:34,0.7874603118307175,0.0
2013-01-23 12:44,0.9990012605055788,0.0
2013-01-23 12:54,1.0134184418319714,0.0
2013-01-23 13:04,0.8562164915535614,0.0
2013-01-23 13:14,0.9388645846122384,0.0
2013-01-23 13:24,0.8509616985693934,0.0
2013-01-23 13:34,0.7149469950178827,0.0
2013-01-23 13:44,0.9245639318915989,0.0
2013-01-23 13:54,0.7157114763469394,0.0
2013-01-23 14:04,0.6188567222597972,0.0
2013-01-23 14:14,0.9062027119183006,0.0
2013-01-23 14:24,0.8926756865843436,0.0
2013-01-23 14:34,0.8384769997997736,0.0
2013-01-23 14:44,0.8261235345498568,0.0
2013-01-23 14:54,0.9199325807305143,0.0
2013-01-23 15:04,0.6632360248084221,0.0
2013-01-23 15:14,0.7855005849053641,0.0
2013-01-23 15:24,0.9826024611692398,0.0
2013-01-23 15:34,0.7429566780166936,0.0
2013-01-23 15:44,0.7530101000566715,0.0
2013-01-23 15:54,0.9237244880786344,0.0
2013-01-23 16:04,0.8327590553214416,0.0
2013-01-23 16:14,0.8833853633263581,0.0
2013-01-23 16:24,0.8373818124524485,0.0
2013-01-23 16:34,0.5942749340391367,0.0
2013-01-23 16:44,0.6401205113482632,0.0
2013-01-23 16:54,0.8199335537598587,0.0
2013-01-23 17:04,0.5353555978628463,0.0
2013-01-23 17:14,0.844350020678777,0.0
2013-01-23 17:24,0.7910239570949223,0.0
2013-01-23 17:34,0.5931382841163213,0.0
2013-01-23 17:44,0.5732871002787702,0.0
2013-01-23 17:54,0.49230396755004857,0.0
2013-01-23 18:04,0.49754261574233033,0.0
2013-01-23 23:24,0.7283585286125055,0.0
2013-01-23 23:34,0.6248494128344073,0.0
2013-01-23 23:44,0.6709176385455232,0.0
2013-01-24 00:04,0.6396973760553731,0.0
2013-01-24 00:14,0.7078410072068623,0.0
2013-01-24 00:24,0.772882723287979,0.0
2013-01-24 00:34,0.6498542852116517,0.0
2013-01-24 00:44,0.6626638619428805,0.0
2013-01-24 00:54,0.5744218620502736,0.0
2013-01-24 01:04,0.7115360669908652,0.0
2013-01-24 01:14,0.6887885630061056,0.0
2013-01-24 01:24,0.8217588066747267,0.0
2013-01-24 01:34,0.5005888086079684,0.0
2013-01-24 01:44,0.6993796709982861,0.0
2013-01-24 01:54,0.7296787144352967,0.0
2013-01-24 02:04,0.740349697848225,0.0
2013-01-24 02:14,0.7880304459422198,0.0
2013-01-24 02:24,0.6798759987841569,0.0
2013-01-24 02:34,0.6864583980183979,0.0
2013-01-24 02:44,0.7878332516545623,0.0
2013-01-24 02:54,0.7895083838297839,0.0
2013-01-24 03:04,0.5627013209959697,0.0
2013-01-24 03:14,0.5836898160946654,0.0
2013-01-24 03:24,0.7760954376126581,0.0
2013-01-24 03:34,0.6722593410763178,0.0
2013-01-24 03:44,0.7139166248289025,0.0
2013-01-24 03:54,0.7236820926344198,0.0
2013-01-24 04:04,0.674003324572667,0.0
2013-01-24 04:14,0.7377792797132678,0.0
2013-01-24 04:24,0.6359823301009574,0.0
2013-01-24 04:34,0.5662346228440772,0.0
2013-01-24 04:44,0.5872307901768345,0.0
2013-01-24 04:54,0.7165784142018521,0.0
2013-01-24 05:04,0.6410383150533832,0.0
2013-01-24 05:14,0.6409469061130568,0.0
2013-01-24 05:24,0.7589373330243678,0.0
2013-01-24 05:34,0.5395973715277403,0.0
2013-01-24 05:44,0.7295660209061715,0.0
2013-01-24 05:54,0.6533620598227338,0.0
2013-01-24 06:04,0.7458153325792383,0.0
2013-01-24 06:14,0.6804988606922299,0.0
2013-01-24 06:24,0.6393141911903651,0.0
2013-01-24 06:34,0.551377370424136,0.0
2013-01-24 11:54,0.6192021820748044,0.0
2013-01-24 12:04,0.6433249793006109,0.0
2013-01-24 12:14,0.6104965744381893,0.0
2013-01-24 12:24,0.48194685604185833,0.0
2013-01-24 12:34,0.6687306325562541,0.0
2013-01-24 12:44,0.5774478182842252,0.0
2013-01-24 12:54,0.8341391670828193,0.0
2013-01-24 13:04,0.7001891965313946,0.0
2013-01-24 13:14,0.7916263108930306,0.0
2013-01-24 13:24,0.7343497634232435,0.0
2013-01-24 13:34,0.6903463655237815,0.0
2013-01-24 13:44,0.7476762012163274,0.0
2013-01-24 13:54,0.6204027980513692,0.0
2013-01-24 14:04,0.7450602662399491,0.0
2013-01-24 14:14,0.7337466940509887,0.0
2013-01-24 14:24,0.8131417701370683,0.0
2013-01-24 14:34,0.741529588442642,0.0
2013-01-24 14:44,0.8691742553835315,0.0
2013-01-24 14:54,0.7594956933585555,0.0
2013-01-24 15:04,0.8161898732767553,0.0
2013-01-24 15:14,0.7307170475672272,0.0
2013-01-24 15:24,0.6972553630399292,0.0
2013-01-24 15:34,0.7598267953337168,0.0
2013-01-24 15:44,0.6828082325848637,0.0
2013-01-24 15:54,0.7573463511322235,0.0
2013-01-24 16:04,0.6522225104216527,0.0
2013-01-24 16:14,0.7059564927426177,0.0
2013-01-24 16:24,0.81208301063398,0.0
2013-01-24 16:34,0.6188320735888078,0.0
2013-01-24 16:44,0.7189189662338907,0.0
2013-01-24 16:54,0.7560962809783779,0.0
2013-01-24 17:04,0.764580933331388,0.0
2013-01-24 17:14,0.7149659783139996,0.0
2013-01-24 17:24,0.7076922115368648,0.0
2013-01-24 17:34,0.6764007889828125,0.0
2013-01-24 17:44,0.6370085938623351,0.0
2013-01-24 17:54,0.7949278348002744,0.0
2013-01-24 18:04,0.7894433488363096,0.0
2013-01-24 18:14,0.6407182304820567,0.0
2013-01-24 18:24,0.5908660333719271,0.0
2013-01-24 18:34,0.5328612213922951,0.0
2013-01-24 18:44,0.6364212057497249,0.0
2013-01-25 00:04,0.41765199404066106,0.0
2013-01-25 00:14,0.6072856704587616,0.0
2013-01-25 00:24,0.7519256330999716,0.0
2013-01-25 00:34,0.7356676574186616,0.0
2013-01-25 00:44,0.7969501408111498,0.0
2013-01-25 00:54,0.8104505144830462,0.0
2013-01-25 01:04,0.840050264537933,0.0
2013-01-25 01:14,0.7416094812168293,0.0
2013-01-25 01:24,0.6186668687488404,0.0
2013-01-25 01:34,0.8844435014619438,0.0
2013-01-25 01:44,0.7534738221484085,0.0
2013-01-25 01:54,0.7350204025725101,0.0
2013-01-25 02:04,0.8829215567418072,0.0
2013-01-25 02:14,0.7796219599227635,0.0
2013-01-25 02:24,0.7198972707925742,0.0
2013-01-25 02:34,0.8990573100630732,0.0
2013-01-25 02:44,0.744496023061808,0.0
2013-01-25 02:54,1.0210103558415167,0.0
2013-01-25 03:04,0.7348412703018593,0.0
2013-01-25 03:14,0.9572016935103809,0.0
2013-01-25 03:24,0.8465092869839832,0.0
2013-01-25 03:34,0.8300453771963285,0.0
2013-01-25 03:44,0.9204881290886008,0.0
2013-01-25 03:54,0.8989614990826378,0.0
2013-01-25 04:04,0.8279998127242192,0.0
2013-01-25 04:14,0.8558326355388408,0.0
2013-01-25 04:24,0.7320577225448572,0.0
2013-01-25 04:34,0.7530288975489422,0.0
2013-01-25 04:44,0.7500270813250378,0.0
2013-01-25 04:54,0.7951986902314248,0.0
2013-01-25 05:04,0.9159756466834968,0.0
2013-01-25 05:14,0.8414362386633912,0.0
2013-01-25 05:24,0.8353053829090803,0.0
2013-01-25 05:34,0.7098287237811203,0.0
2013-01-25 05:44,0.8410997287590243,0.0
2013-01-25 05:54,0.8659826188744904,0.0
2013-01-25 06:04,0.8844879077925126,0.0
2013-01-25 06:14,0.7773924466149733,0.0
2013-01-25 06:24,0.8809518354933652,0.0
2013-01-25 06:34,0.5099096137717173,0.0
2013-01-25 06:44,0.8264675600924127,0.0
2013-01-25 06:54,0.5807687203885071,0.0
2013-01-25 07:04,0.7639521087164108,0.0
2013-01-25 07:14,0.8482710984937172,0.0
2013-01-25 12:34,0.7772825142628551,0.0
2013-01-25 12:44,0.7728995906077781,0.0
2013-01-25 12:54,0.7524660875391304,0.0
2013-01-25 13:04,0.7506633852224549,0.0
2013-01-25 13:14,0.7985079677040094,0.0
2013-01-25 13:24,0.7061939768277691,0.0
2013-01-25 13:34,0.8296133422438495,0.0
2013-01-25 13:44,0.9921103482370743,0.0
2013-01-25 13:54,0.9935278868281294,0.0
2013-01-25 14:04,0.6408352936145353,0.0
2013-01-25 14:14,0.6767598576821506,0.0
2013-01-25 14:24,0.7350287736727328,0.0
2013-01-25 14:34,0.6349839138632415,0.0
2013-01-25 14:44,0.827494078733017,0.0
2013-01-25 14:54,0.7493025796521672,0.0
2013-01-25 15:04,0.8542589598781164,0.0
2013-01-25 15:14,0.7240741355745747,0.0
2013-01-25 15:24,0.6369349645696123,0.0
2013-01-25 15:34,0.7085637993692108,0.0
2013-01-25 15:44,0.8811080387699988,0.0
2013-01-25 15:54,0.7614537562891865,0.0
2013-01-25 16:04,0.8422292686340326,0.0
2013-01-25 16:14,0.7307833220913659,0.0
2013-01-25 16:24,0.7612344617585528,0.0
2013-01-25 16:34,0.6007429844728883,0.0
2013-01-25 16:44,0.8885214861703339,0.0
2013-01-25 16:54,0.6416898355819726,0.0
2013-01-25 17:04,0.7025889426683081,0.0
2013-01-25 17:14,0.609631412679764,0.0
2013-01-25 17:24,0.7206268432845284,0.0
2013-01-25 17:34,0.45498689963374966,0.0
2013-01-25 17:44,0.8138042976986337,0.0
2013-01-25 17:54,0.8238963796151935,0.0
2013-01-25 18:04,0.5701066967698998,0.0
2013-01-25 18:14,0.46035846446831413,0.0
2013-01-25 18:24,0.5754868609062557,0.0
2013-01-25 18:34,0.6764953563390028,0.0
2013-01-25 18:44,0.7977154153811471,0.0
2013-01-25 18:54,0.676667940358863,0.0
2013-01-25 19:04,0.6412006501271829,0.0
2013-01-25 19:14,0.6761415912338498,0.0
2013-01-25 19:24,0.7997587469602503,0.0
2013-01-25 19:34,0.7818178230019364,0.0
2013-01-26 00:44,0.6377259720899334,0.0
2013-01-26 00:54,0.693287493081719,0.0
2013-01-26 01:04,0.5518969097411678,0.0
2013-01-26 01:14,0.489362645501559,0.0
2013-01-26 01:24,0.7769170856921787,0.0
2013-01-26 01:34,0.8931775292939846,0.0
2013-01-26 01:44,0.5976916979220748,0.0
2013-01-26 01:54,0.9276469002862542,0.0
2013-01-26 02:04,0.9594288547708224,0.0
2013-01-26 02:14,0.9798499155568577,0.0
2013-01-26 02:24,0.8341436046496494,0.0
2013-01-26 02:34,0.8138469947644994,0.0
2013-01-26 02:44,0.8581365638339515,0.0
2013-01-26 02:54,0.8819700374277196,0.0
2013-01-26 03:04,1.0451373243446216,0.0
2013-01-26 03:14,0.9315483984199352,0.0
2013-01-26 03:24,1.0398846407882953,0.0
2013-01-26 03:34,0.954366645642827,0.0
2013-01-26 03:44,1.2151371562411475,0.0
2013-01-26 03:54,1.2034991081938848,0.0
2013-01-26 04:04,1.4378027001840405,0.0
2013-01-26 04:14,1.1812972088875304,0.0
2013-01-26 04:24,1.086391550906268,0.0
2013-01-26 04:34,1.1779297320727093,0.0
2013-01-26 04:44,1.1838421210099501,0.0
2013-01-26 04:54,1.2816790015785198,0.0
2013-01-26 05:04,0.9694524999043377,0.0
2013-01-26 05:14,1.1274943789489174,0.0
2013-01-26 05:24,1.3760574103093026,0.0
2013-01-26 05:34,1.2018960978618698,0.0
2013-01-26 05:44,1.2033478233017258,0.0
2013-01-26 05:54,1.0236167444117918,0.0
2013-01-26 06:04,1.1514208253581515,0.0
2013-01-26 06:14,0.9884158776889188,0.0
2013-01-26 06:24,0.9619863043698045,0.0
2013-01-26 06:34,0.7941987786754906,0.0
2013-01-26 06:44,0.7602797026071897,0.0
2013-01-26 06:54,0.6515348727902797,0.0
2013-01-26 07:04,0.7860622681030043,0.0
2013-01-26 07:14,1.0487799634086,0.0
2013-01-26 07:24,0.8618778293956607,0.0
2013-01-26 07:34,0.4621182646984766,0.0
2013-01-26 13:24,0.4950710494628288,0.0
2013-01-26 13:34,0.5775375201480072,0.0
2013-01-26 13:44,0.7582379748822793,0.0
2013-01-26 13:54,0.8603195196332015,0.0
2013-01-26 14:04,0.6262979794293096,0.0
2013-01-26 14:14,0.8683561704429493,0.0
2013-01-26 14:24,0.6523330110670257,0.0
2013-01-26 14:34,0.6800543101707749,0.0
2013-01-26 14:44,0.6750465483684858,0.0
2013-01-26 14:54,0.9817137018404334,0.0
2013-01-26 15:04,0.9406629960311046,0.0
2013-01-26 15:14,0.7749293920926288,0.0
2013-01-26 15:24,1.060719055282745,0.0
2013-01-26 15:34,0.7939496621213359,0.0
2013-01-26 15:44,1.0593627604105083,0.0
2013-01-26 15:54,0.8736058941986538,0.0
2013-01-26 16:04,1.0579755444822767,0.0
2013-01-26 16:14,1.042094506329101,0.0
2013-01-26 16:24,1.047798221326559,0.0
2013-01-26 16:34,1.023604186297487,0.0
2013-01-26 16:44,1.0657204923836852,0.0
2013-01-26 16:54,0.9857691855686019,0.0
2013-01-26 17:04,0.9747744670729785,0.0
2013-01-26 17:14,0.9690004069954857,0.0
2013-01-26 17:24,0.7183308289255346,0.0
2013-01-26 17:34,0.9917689168675892,0.0
2013-01-26 17:44,1.0423309503457199,0.0
2013-01-26 17:54,0.9478785888174304,0.0
2013-01-26 18:04,0.8947954546041371,0.0
2013-01-26 18:14,0.8301780451466589,0.0
2013-01-26 18:24,0.9223654956135412,0.0
2013-01-26 18:34,0.9959656388526474,0.0
2013-01-26 18:44,0.9382035625516554,0.0
2013-01-26 18:54,0.7038459578142312,0.0
2013-01-26 19:04,0.6267279727302206,0.0
2013-01-26 19:14,0.9468055543304092,0.0
2013-01-26 19:24,0.7711160924086734,0.0
2013-01-26 19:34,0.9023017258627115,0.0
2013-01-26 19:44,0.9212629534738237,0.0
2013-01-26 19:54,0.9154370861130132,0.0
2013-01-27 01:24,0.617341132672132,0.0
2013-01-27 01:34,0.5529863125122131,0.0
2013-01-27 01:44,0.6168240144284749,0.0
2013-01-27 01:54,0.7727637145113226,0.0
2013-01-27 02:04,0.7843861457268473,0.0
2013-01-27 02:14,0.7680282172069318,0.0
2013-01-27 02:24,0.577488008405018,0.0
2013-01-27 02:34,0.8522202933868748,0.0
2013-01-27 02:44,0.8017291295075698,0.0
2013-01-27 02:54,0.8541192314675854,0.0
2013-01-27 03:04,0.8330185324028606,0.0
2013-01-27 03:14,0.7324050523828777,0.0
2013-01-27 03:24,0.7921646914142503,0.0
2013-01-27 03:34,0.6741999557721166,0.0
2013-01-27 03:44,0.9736071209688286,0.0
2013-01-27 03:54,0.9661831196316496,0.0
2013-01-27 04:04,0.9893565460731404,0.0
2013-01-27 04:14,0.9733314416341372,0.0
2013-01-27 04:24,0.8262781010058076,0.0
2013-01-27 04:34,0.9341323307204252,0.0
2013-01-27 04:44,0.8982831486550146,0.0
2013-01-27 04:54,0.9343696401762259,0.0
2013-01-27 05:04,0.9448808527508437,0.0
2013-01-27 05:14,0.946767779502852,0.0
2013-01-27 05:24,0.8795929065554139,0.0
2013-01-27 05:34,1.1142126939676842,0.0
2013-01-27 05:44,0.8225357423188668,0.0
2013-01-27 05:54,0.9776973570237696,0.0
2013-01-27 06:04,0.9690053682736726,0.0
2013-01-27 06:14,1.0139919416900962,0.0
2013-01-27 06:24,0.9274469970983124,0.0
2013-01-27 06:34,0.9025881594410329,0.0
2013-01-27 06:44,0.8541422182989893,0.0
2013-01-27 06:54,0.6433128970523393,0.0
2013-01-27 07:04,0.9022413229039447,0.0
2013-01-27 07:14,0.7972202350408616,0.0
2013-01-27 07:24,0.7432360611669235,0.0
2013-01-27 07:34,0.7861758934407498,0.0
2013-01-27 07:44,0.6565319947112546,0.0
2013-01-27 07:54,0.6025924627826308,0.0
2013-01-27 08:04,0.7898065056746644,0.0
2013-01-27 08:14,0.7237119904429317,0.0
2013-01-27 13:54,0.4020721466741431,0.0
2013-01-27 14:04,0.5804648239825059,0.0
2013-01-27 14:14,0.7383796876057145,0.0
2013-01-27 14:24,0.7924150175895791,0.0
2013-01-27 14:34,0.6398240592370542,0.0
2013-01-27 14:44,0.8414977440050005,0.0
2013-01-27 14:54,0.8716613556974236,0.0
2013-01-27 15:04,0.8536167114658325,0.0
2013-01-27 15:14,0.9045422694074613,0.0
2013-01-27 15:24,0.8855302336950058,0.0
2013-01-27 15:34,1.0318578884494434,0.0
2013-01-27 15:44,0.8384880026533954,0.0
2013-01-27 15:54,1.0443149891752532,0.0
2013-01-27 16:04,0.9459206865896064,0.0
2013-01-27 16:14,1.08111074760648,0.0
2013-01-27 16:24,1.2343537920248995,0.0
2013-01-27 16:34,1.001222348842388,0.0
2013-01-27 16:44,0.9959785022917791,0.0
2013-01-27 16:54,1.125139455110275,0.0
2013-01-27 17:04,0.9106743057510386,0.0
2013-01-27 17:14,1.1696481396653864,0.0
2013-01-27 17:24,0.999926280540836,0.0
2013-01-27 17:34,1.0117102043019885,0.0
2013-01-27 17:44,1.0486260345155876,0.0
2013-01-27 17:54,1.1233426757414542,0.0
2013-01-27 18:04,1.1596966524332986,0.0
2013-01-27 18:14,0.9869606876583351,0.0
2013-01-27 18:24,0.9301170517799424,0.0
2013-01-27 18:34,0.873380583120146,0.0
2013-01-27 18:44,0.7648425753509158,0.0
2013-01-27 18:54,1.203588349210267,0.0
2013-01-27 19:04,1.1381970222901077,0.0
2013-01-27 19:14,1.0398362474406426,0.0
2013-01-27 19:24,1.0913529641624993,0.0
2013-01-27 19:34,1.1244964670835356,0.0
2013-01-27 19:44,1.0407891164053473,0.0
2013-01-27 19:54,1.0111842588817708,0.0
2013-01-27 20:04,0.9127905687911216,0.0
2013-01-27 20:14,0.7843360874371075,0.0
2013-01-27 20:24,1.19965931049936,0.0
2013-01-27 20:34,1.9693386957279018,0.0
2013-01-28 02:04,0.5223317147217786,0.0
2013-01-28 02:14,0.622756368257278,0.0
2013-01-28 02:24,0.7995031404671865,0.0
2013-01-28 02:34,0.7028394749207746,0.0
2013-01-28 02:44,0.9539198795287824,0.0
2013-01-28 02:54,0.7324296118450977,0.0
2013-01-28 03:04,1.1285027553294618,0.0
2013-01-28 03:14,1.1891875373894008,0.0
2013-01-28 03:24,1.2818110857675558,0.0
2013-01-28 03:34,1.1111921567073009,0.0
2013-01-28 03:44,1.5272938144438315,0.0
2013-01-28 03:54,1.4279850038334807,0.0
2013-01-28 04:04,1.185375600958833,0.0
2013-01-28 04:14,1.449171849169036,0.0
2013-01-28 04:24,1.394879296859996,0.0
2013-01-28 04:34,1.3983658813014728,0.0
2013-01-28 04:44,1.4029765538840147,0.0
2013-01-28 04:54,1.5147159016419844,0.0
2013-01-28 05:04,1.6245938242952884,0.0
2013-01-28 05:14,1.4277807415498383,0.0
2013-01-28 05:24,1.4239184622928844,0.0
2013-01-28 05:34,1.4850693776604686,0.0
2013-01-28 05:44,1.4284690766848818,0.0
2013-01-28 05:54,1.3967282597135302,0.0
2013-01-28 06:04,1.6288714887905356,0.0
2013-01-28 06:14,1.476383700105932,0.0
2013-01-28 06:24,1.5050029606766329,0.0
2013-01-28 06:34,1.1032060516468478,0.0
2013-01-28 06:44,1.2630610256685078,0.0
2013-01-28 06:54,1.2327388206393086,0.0
2013-01-28 07:04,1.0706044809530035,0.0
2013-01-28 07:14,1.251980407366195,0.0
2013-01-28 07:24,1.1800356114542212,0.0
2013-01-28 07:34,1.2677368470942276,0.0
2013-01-28 07:44,1.225212091707957,0.0
2013-01-28 07:54,0.8637165291393089,0.0
2013-01-28 08:04,1.1027491269863978,0.0
2013-01-28 08:14,0.8111847964491163,0.0
2013-01-28 08:24,0.625272935555208,0.0
2013-01-28 08:34,0.6282950075336026,0.0
2013-01-28 08:44,0.784955685272843,0.0
2013-01-28 08:54,0.729455993294883,0.0
2013-01-28 14:24,0.49735548395457163,0.0
2013-01-28 14:34,0.8338548331300597,0.0
2013-01-28 14:44,0.9279050334550348,0.0
2013-01-28 14:54,0.774915259843285,0.0
2013-01-28 15:04,0.9997654311987151,0.0
2013-01-28 15:14,1.2472944838010884,0.0
2013-01-28 15:24,0.9960537154960571,0.0
2013-01-28 15:34,0.9478540817206412,0.0
2013-01-28 15:44,0.8641220505834224,0.0
2013-01-28 15:54,1.078189279550857,0.0
2013-01-28 16:04,1.2293462878445272,0.0
2013-01-28 16:14,0.9731424801864189,0.0
2013-01-28 16:24,0.8939743294946637,0.0
2013-01-28 16:34,1.0624299321208797,0.0
2013-01-28 16:44,1.1147255430935763,0.0
2013-01-28 16:54,1.2842649016159475,0.0
2013-01-28 17:04,1.2996747657501604,0.0
2013-01-28 17:14,1.1653111900564017,0.0
2013-01-28 17:24,1.06402531900519,0.0
2013-01-28 17:34,1.0529613493238483,0.0
2013-01-28 17:44,1.2499600430830262,0.0
2013-01-28 17:54,1.2359684481979758,0.0
2013-01-28 18:04,1.15943835000394,0.0
2013-01-28 18:14,1.1828571698839505,0.0
2013-01-28 18:24,0.9065172724586141,0.0
2013-01-28 18:34,1.2957547549636634,0.0
2013-01-28 18:44,1.151129794329178,0.0
2013-01-28 18:54,0.8590610703116442,0.0
2013-01-28 19:04,0.9531310084954658,0.0
2013-01-28 19:14,1.2516529883584189,0.0
2013-01-28 19:24,1.2874766279956078,0.0
2013-01-28 19:34,1.0382892576018896,0.0
2013-01-28 19:44,0.9399833104217904,0.0
2013-01-28 19:54,0.8212039008290712,0.0
2013-01-28 20:04,0.9175979857960348,0.0
2013-01-28 20:14,0.9900499577458032,0.0
2013-01-28 20:24,0.7123817692127306,0.0
2013-01-28 20:34,0.6864632344421829,0.0
2013-01-28 20:44,2.298016230666573,0.0
2013-01-28 20:54,0.6303779951230788,0.0
2013-01-28 21:04,1.9623140724362163,0.0
2013-01-29 02:34,1.1515540662658628,0.0
2013-01-29 02:44,0.6486413777418837,0.0
2013-01-29 02:54,0.6085313559017791,0.0
2013-01-29 03:04,1.1065767912668132,0.0
2013-01-29 03:14,0.8817055649013044,0.0
2013-01-29 03:24,0.9858617966830928,0.0
2013-01-29 03:34,1.0455501706949473,0.0
2013-01-29 03:44,1.04384324465718,0.0
2013-01-29 03:54,1.1845063728805245,0.0
2013-01-29 04:04,1.158824126211354,0.0
2013-01-29 04:14,1.367432846967385,0.0
2013-01-29 04:24,1.2482757013005166,0.0
2013-01-29 04:34,1.5238658144917208,0.0
2013-01-29 04:44,1.2198176099692082,0.0
2013-01-29 04:54,1.2927997726150264,0.0
2013-01-29 05:04,1.573513185091051,0.0
2013-01-29 05:14,1.033212884955483,0.0
2013-01-29 05:24,1.5106869048960845,0.0
2013-01-29 05:34,1.0936951837231903,0.0
2013-01-29 05:44,1.2238481015952498,0.0
2013-01-29 05:54,1.303315435363505,0.0
2013-01-29 06:04,1.4588259620566262,0.0
2013-01-29 06:14,1.3627510309261897,0.0
2013-01-29 06:24,1.4575633510427257,0.0
2013-01-29 06:34,1.189510320493913,0.0
2013-01-29 06:44,1.3749667602883249,0.0
2013-01-29 06:54,0.8707964614351714,0.0
2013-01-29 07:04,1.3667520242779718,0.0
2013-01-29 07:14,1.350294032143389,0.0
2013-01-29 07:24,1.1790153321090453,0.0
2013-01-29 07:34,1.3513159155082168,0.0
2013-01-29 07:44,1.211334054708858,0.0
2013-01-29 07:54,1.186384552029212,0.0
2013-01-29 08:04,1.2192536290707332,0.0
2013-01-29 08:14,1.2203482409404212,0.0
2013-01-29 08:24,1.1277001000762288,0.0
2013-01-29 08:34,1.1724303382351176,0.0
2013-01-29 08:44,1.138729527710378,0.0
2013-01-29 08:54,1.0610024738209605,0.0
2013-01-29 09:04,0.6800386258113605,0.0
2013-01-29 09:14,0.8438527092173261,0.0
2013-01-29 09:24,2.0499216327824827,0.0
2013-01-29 15:04,1.208874346015586,0.0
2013-01-29 15:14,1.2886951929826735,0.0
2013-01-29 15:24,0.69795737417331,0.0
2013-01-29 15:34,0.7526043177646463,0.0
2013-01-29 15:44,0.9230484301574668,0.0
2013-01-29 15:54,1.0668200386855478,0.0
2013-01-29 16:04,0.8041021840066028,0.0
2013-01-29 16:14,1.0819432586708715,0.0
2013-01-29 16:24,1.1831550553836738,0.0
2013-01-29 16:34,0.9733233041554981,0.0
2013-01-29 16:44,0.9939257793938694,0.0
2013-01-29 16:54,1.1526244258047535,0.0
2013-01-29 17:04,1.0492667339657744,0.0
2013-01-29 17:14,1.0647136891068485,0.0
2013-01-29 17:24,1.0132310885134035,0.0
2013-01-29 17:34,1.088464493596204,0.0
2013-01-29 17:44,1.2167962283339253,0.0
2013-01-29 17:54,1.2329127649244598,0.0
2013-01-29 18:04,1.2587302973589498,0.0
2013-01-29 18:14,0.9876861666040849,0.0
2013-01-29 18:24,1.214919535434542,0.0
2013-01-29 18:34,1.1253466888466095,0.0
2013-01-29 18:44,1.1681502086349593,0.0
2013-01-29 18:54,1.2148182177837836,0.0
2013-01-29 19:04,0.9097576192575003,0.0
2013-01-29 19:14,1.087318548576063,0.0
2013-01-29 19:24,1.2227155908830725,0.0
2013-01-29 19:34,0.7727136872281214,0.0
2013-01-29 19:44,1.0482324864636565,0.0
2013-01-29 19:54,0.9944965186445348,0.0
2013-01-29 20:04,1.0750394079763719,0.0
2013-01-29 20:14,1.045213478983259,0.0
2013-01-29 20:24,0.8980323631872328,0.0
2013-01-29 20:34,0.8484103513383141,0.0
2013-01-29 20:44,0.826343807377867,0.0
2013-01-29 20:54,0.8155168425465309,0.0
2013-01-29 21:04,0.9254170325969415,0.0
2013-01-29 21:14,0.9145387470173382,0.0
2013-01-29 21:24,0.8832530292710905,0.0
2013-01-29 21:34,0.5767695591512868,0.0
2013-01-29 21:44,0.6016318821576465,0.0
2013-01-30 03:14,1.302682239113487,0.0
2013-01-30 03:24,0.6272121403920854,0.0
2013-01-30 03:34,0.7032065038741728,0.0
2013-01-30 03:44,0.7818186387444417,0.0
2013-01-30 03:54,0.8508354444013924,0.0
2013-01-30 04:04,0.833044809262449,0.0
2013-01-30 04:14,0.957909046750802,0.0
2013-01-30 04:24,1.0382865042703238,0.0
2013-01-30 04:34,1.0177204454822895,0.0
2013-01-30 04:44,1.0701380656424573,0.0
2013-01-30 04:54,1.0454262762862803,0.0
2013-01-30 05:04,0.9809027815991168,0.0
2013-01-30 05:14,0.782503007258418,0.0
2013-01-30 05:24,1.1716173761733877,0.0
2013-01-30 05:34,1.1059636686726224,0.0
2013-01-30 05:44,0.9891337098454817,0.0
2013-01-30 05:54,0.9935577613585235,0.0
2013-01-30 06:04,0.8428679063808281,0.0
2013-01-30 06:14,1.0823615884532094,0.0
2013-01-30 06:24,0.9524434617309423,0.0
2013-01-30 06:34,0.9022930534680994,0.0
2013-01-30 06:44,1.039424652512165,0.0
2013-01-30 06:54,1.0318299255921815,0.0
2013-01-30 07:04,0.9866112088261245,0.0
2013-01-30 07:14,1.0966015247471566,0.0
2013-01-30 07:24,0.954452166604826,0.0
2013-01-30 07:34,0.8756746911067415,0.0
2013-01-30 07:44,0.9528777182290856,0.0
2013-01-30 07:54,0.9063052570781802,0.0
2013-01-30 08:04,0.9385983675184612,0.0
2013-01-30 08:14,0.8909297606071566,0.0
2013-01-30 08:24,0.9456010982036258,0.0
2013-01-30 08:34,0.8927483280962413,0.0
2013-01-30 08:44,0.7988279581056026,0.0
2013-01-30 08:54,0.9065592479987017,0.0
2013-01-30 09:04,0.7981141540251876,0.0
2013-01-30 09:14,0.8755851943966455,0.0
2013-01-30 09:24,0.8465771380170137,0.0
2013-01-30 09:34,0.5823946058009687,0.0
2013-01-30 09:44,0.7794960417245184,0.0
2013-01-30 09:54,0.744572347866899,0.0
2013-01-30 15:44,0.6816537974111782,0.0
2013-01-30 15:54,0.6491500488382983,0.0
2013-01-30 16:04,0.694958758475155,0.0
2013-01-30 16:14,0.6305596269587826,0.0
2013-01-30 16:24,0.6774917083927956,0.0
2013-01-30 16:34,0.6451889962483637,0.0
2013-01-30 16:44,0.8224188152933309,0.0
2013-01-30 16:54,0.8841148070589209,0.0
2013-01-30 17:04,0.9075046586822128,0.0
2013-01-30 17:14,0.9229753796342228,0.0
2013-01-30 17:24,0.9498062585220511,0.0
2013-01-30 17:34,0.8684939364980133,0.0
2013-01-30 17:44,0.9367006432680413,0.0
2013-01-30 17:54,1.0065079624298878,0.0
2013-01-30 18:04,0.7981793229747058,0.0
2013-01-30 18:14,0.827977622792785,0.0
2013-01-30 18:24,0.9579599911294518,0.0
2013-01-30 18:34,1.0508231673895403,0.0
2013-01-30 18:44,0.8274597690019765,0.0
2013-01-30 18:54,0.8496737743513316,0.0
2013-01-30 19:04,1.0272637832851543,0.0
2013-01-30 19:14,0.8707265164798927,0.0
2013-01-30 19:24,0.7298978565378655,0.0
2013-01-30 19:34,0.8557776501042124,0.0
2013-01-30 19:44,0.9687807283560925,0.0
2013-01-30 19:54,0.9598340275520364,0.0
2013-01-30 20:04,0.7998449399864906,0.0
2013-01-30 20:14,0.8181185692023139,0.0
2013-01-30 20:24,0.9032131457384835,0.0
2013-01-30 20:34,0.8902481313478272,0.0
2013-01-30 20:44,0.8299191695651622,0.0
2013-01-30 20:54,0.6085011920200982,0.0
2013-01-30 21:04,0.693474021776326,0.0
2013-01-30 21:14,0.837369847867652,0.0
2013-01-30 21:24,0.8745646999758959,0.0
2013-01-30 21:34,0.8640391664392674,0.0
2013-01-30 21:44,0.631532701088762,0.0
2013-01-30 21:54,0.6160532909921544,0.0
2013-01-30 22:04,0.7551998768696704,0.0
2013-01-30 22:14,0.7945865817700997,0.0
2013-01-31 03:44,0.6521363534384457,0.0
2013-01-31 03:54,0.7932507145116839,0.0
2013-01-31 04:04,0.8520181090381325,0.0
2013-01-31 04:14,0.7897475252301986,0.0
2013-01-31 04:24,0.7113780374941883,0.0
2013-01-31 04:34,0.8217262499598417,0.0
2013-01-31 04:44,0.925655235521624,0.0
2013-01-31 04:54,0.7958613248745118,0.0
2013-01-31 05:04,0.8137414522045037,0.0
2013-01-31 05:14,0.8231755078112073,0.0
2013-01-31 05:24,0.9608414180831785,0.0
2013-01-31 05:34,0.921001528223424,0.0
2013-01-31 05:44,1.005431188417248,0.0
2013-01-31 05:54,1.0414906200514535,0.0
2013-01-31 06:04,1.1049192104038321,0.0
2013-01-31 06:14,0.9253947719809067,0.0
2013-01-31 06:24,0.8805497245944618,0.0
2013-01-31 06:34,1.0156822650843866,0.0
2013-01-31 06:44,1.0845141873682655,0.0
2013-01-31 06:54,1.0270777780344826,0.0
2013-01-31 07:04,1.126011279375808,0.0
2013-01-31 07:14,1.1246205199635566,0.0
2013-01-31 07:24,0.947228133067675,0.0
2013-01-31 07:34,1.115848496229323,0.0
2013-01-31 07:44,1.0330271222410448,0.0
2013-01-31 07:54,1.016575936911386,0.0
2013-01-31 08:04,0.9019857824048612,0.0
2013-01-31 08:14,0.8536590737775879,0.0
2013-01-31 08:24,0.9573912954154437,0.0
2013-01-31 08:34,0.9532685794252542,0.0
2013-01-31 08:44,0.9581108724810279,0.0
2013-01-31 08:54,0.9383237106160334,0.0
2013-01-31 09:04,0.812409645294553,0.0
2013-01-31 09:14,0.7187286476104898,0.0
2013-01-31 09:24,0.9318780362397201,0.0
2013-01-31 09:34,0.7827839230944629,0.0
2013-01-31 09:44,0.7179521903213095,0.0
2013-01-31 09:54,0.6162047585607423,0.0
2013-01-31 10:04,0.7944814919862885,0.0
2013-01-31 10:14,0.737603764723344,0.0
2013-01-31 10:24,0.7543381876916824,0.0
2013-01-31 10:34,0.7017517915184484,0.0
2013-01-31 16:14,0.5000558006641749,0.0
2013-01-31 16:24,0.6577428981554465,0.0
2013-01-31 16:34,0.7852534102356283,0.0
2013-01-31 16:44,0.7940368904424637,0.0
2013-01-31 16:54,0.7399556690108104,0.0
2013-01-31 17:04,0.831438311546828,0.0
2013-01-31 17:14,0.633647009540431,0.0
2013-01-31 17:24,0.8891403681476355,0.0
2013-01-31 17:34,0.7757296229992766,0.0
2013-01-31 17:44,0.9437485176705234,0.0
2013-01-31 17:54,0.9558789305150656,0.0
2013-01-31 18:04,0.9053410461570762,0.0
2013-01-31 18:14,1.0085066331273103,0.0
2013-01-31 18:24,1.0251635461288338,0.0
2013-01-31 18:34,1.0583822582972586,0.0
2013-01-31 18:44,0.9658522885856614,0.0
2013-01-31 18:54,0.9767573440261651,0.0
2013-01-31 19:04,0.9325571601213395,0.0
2013-01-31 19:14,1.0724248767945954,0.0
2013-01-31 19:24,1.0260033983604102,0.0
2013-01-31 19:34,0.9217580254772499,0.0
2013-01-31 19:44,1.0398086125414443,0.0
2013-01-31 19:54,0.8313093347525973,0.0
2013-01-31 20:04,0.7059670678663392,0.0
2013-01-31 20:14,0.9955284205417108,0.0
2013-01-31 20:24,0.9518344221754154,0.0
2013-01-31 20:34,0.9219504442803926,0.0
2013-01-31 20:44,0.9738365941095876,0.0
2013-01-31 20:54,0.9900570285804593,0.0
2013-01-31 21:04,0.9740371195039785,0.0
2013-01-31 21:14,0.9513961508738117,0.0
2013-01-31 21:24,0.8432713825152613,0.0
2013-01-31 21:34,0.6419798169675421,0.0
2013-01-31 21:44,0.8296468216403371,0.0
2013-01-31 21:54,0.8661171218333747,0.0
2013-01-31 22:04,0.9246807874722637,0.0
2013-01-31 22:14,0.7941779470079945,0.0
2013-01-31 22:24,0.7906272587261445,0.0
2013-01-31 22:34,0.7849870673060757,0.0
2013-01-31 22:44,0.6756276047748051,0.0
2013-01-31 22:54,0.4844692195123697,0.0
2013-02-01 04:24,0.6522350119853882,0.0
2013-02-01 04:34,0.689637805579273,0.0
2013-02-01 04:44,0.8169443338522488,0.0
2013-02-01 04:54,0.7802194325738515,0.0
2013-02-01 05:04,0.7330968649256543,0.0
2013-02-01 05:14,0.7988039670736404,0.0
2013-02-01 05:24,0.7719240274474228,0.0
2013-02-01 05:34,0.7439418557997743,0.0
2013-02-01 05:44,0.8537460603890192,0.0
2013-02-01 05:54,0.924488281709589,0.0
2013-02-01 06:04,0.8687852039359439,0.0
2013-02-01 06:14,1.0157468145554829,0.0
2013-02-01 06:24,0.9451360676553259,0.0
2013-02-01 06:34,0.824065088712021,0.0
2013-02-01 06:44,0.9857047396874412,0.0
2013-02-01 06:54,1.01769403318295,0.0
2013-02-01 07:04,0.9751760905630669,0.0
2013-02-01 07:14,0.9759575056512995,0.0
2013-02-01 07:24,0.9284594317033779,0.0
2013-02-01 07:34,0.9081220168722666,0.0
2013-02-01 07:44,0.9756680896662244,0.0
2013-02-01 07:54,0.7844186846320587,0.0
2013-02-01 08:04,0.8990006313385746,0.0
2013-02-01 08:14,0.9293535828784528,0.0
2013-02-01 08:24,1.0039090890018074,0.0
2013-02-01 08:34,0.9377101709538257,0.0
2013-02-01 08:44,1.039000319658662,0.0
2013-02-01 08:54,0.9448011723508373,0.0
2013-02-01 09:04,0.9856487284416112,0.0
2013-02-01 09:14,0.9522837499380061,0.0
2013-02-01 09:24,0.9672121810045983,0.0
2013-02-01 09:34,0.9770877077213611,0.0
2013-02-01 09:44,0.9521601965553644,0.0
2013-02-01 09:54,0.8619218407167061,0.0
2013-02-01 10:04,0.903431859034586,0.0
2013-02-01 10:14,0.7890903557944358,0.0
2013-02-01 10:24,0.704680899951294,0.0
2013-02-01 10:34,0.8694612217204946,0.0
2013-02-01 10:44,0.6632300774511364,0.0
2013-02-01 10:54,0.9042514150989418,0.0
2013-02-01 11:04,0.7115286954825332,0.0
2013-02-01 11:14,2.4629852752807344,0.0
2013-02-01 11:24,0.5188892692965577,0.0
2013-02-01 16:44,0.37916374115580875,0.0
2013-02-01 16:54,0.6671862646496558,0.0
2013-02-01 17:04,0.6704967081503646,0.0
2013-02-01 17:14,0.6369781293740763,0.0
2013-02-01 17:24,0.773426799064379,0.0
2013-02-01 17:34,0.5952926551135,0.0
2013-02-01 17:44,0.6350258080951284,0.0
2013-02-01 17:54,0.6916190965441964,0.0
2013-02-01 18:04,0.7040462403531184,0.0
2013-02-01 18:14,0.7573222373838328,0.0
2013-02-01 18:24,0.7187290146685801,0.0
2013-02-01 18:34,0.837813426375445,0.0
2013-02-01 18:44,0.9280160464845812,0.0
2013-02-01 18:54,0.8060333582043852,0.0
2013-02-01 19:04,1.0455204710228163,0.0
2013-02-01 19:14,1.1372291825407417,0.0
2013-02-01 19:24,0.9681848966198778,0.0
2013-02-01 19:34,0.9066317351103331,0.0
2013-02-01 19:44,0.9352888630891673,0.0
2013-02-01 19:54,0.9672487737347122,0.0
2013-02-01 20:04,0.9110650713617949,0.0
2013-02-01 20:14,1.0315842856487776,0.0
2013-02-01 20:24,0.9881953478531927,0.0
2013-02-01 20:34,0.8638094358461093,0.0
2013-02-01 20:44,1.0885763495279763,0.0
2013-02-01 20:54,0.8766372346664769,0.0
2013-02-01 21:04,0.8758407500085185,0.0
2013-02-01 21:14,1.0240519519546443,0.0
2013-02-01 21:24,0.920361613511102,0.0
2013-02-01 21:34,0.755625229934716,0.0
2013-02-01 21:44,0.8783521213770037,0.0
2013-02-01 21:54,0.8130227316404467,0.0
2013-02-01 22:04,0.7858595295581511,0.0
2013-02-01 22:14,0.6702882752675746,0.0
2013-02-01 22:24,0.6444225759182505,0.0
2013-02-01 22:34,0.8265184208110364,0.0
2013-02-01 22:44,0.6964926836054229,0.0
2013-02-01 22:54,0.8225357465131317,0.0
2013-02-01 23:04,0.7854166760142425,0.0
2013-02-01 23:14,0.7387989644835009,0.0
2013-02-01 23:24,0.6697959367678019,0.0
2013-02-01 23:34,0.5215733840309906,0.0
2013-02-02 05:04,0.8463554258217194,0.0
2013-02-02 05:14,0.54309595983016,0.0
2013-02-02 05:24,1.2080526094894133,0.0
2013-02-02 05:34,0.7482817274292031,0.0
2013-02-02 05:44,0.9379538635017644,0.0
2013-02-02 05:54,0.7066329358430761,0.0
2013-02-02 06:04,0.8249837769719706,0.0
2013-02-02 06:14,0.7746510786424149,0.0
2013-02-02 06:24,0.8972033818809294,0.0
2013-02-02 06:34,0.8690487732190424,0.0
2013-02-02 06:44,0.9052478891006515,0.0
2013-02-02 06:54,0.840696625129724,0.0
2013-02-02 07:04,0.8375082928544252,0.0
2013-02-02 07:14,0.9362724921390397,0.0
2013-02-02 07:24,0.9586382367847612,0.0
2013-02-02 07:34,1.0452641728330017,0.0
2013-02-02 07:44,1.1126957982908743,0.0
2013-02-02 07:54,1.117071489794606,0.0
2013-02-02 08:04,1.1023470444792611,0.0
2013-02-02 08:14,1.1899539144320275,0.0
2013-02-02 08:24,1.070915805584399,0.0
2013-02-02 08:34,1.0945366656696214,0.0
2013-02-02 08:44,0.8916730715047476,0.0
2013-02-02 08:54,1.1968278972389639,0.0
2013-02-02 09:04,1.0135253711244754,0.0
2013-02-02 09:14,1.1137389758547074,0.0
2013-02-02 09:24,1.0879964312796684,0.0
2013-02-02 09:34,0.866038240325344,0.0
2013-02-02 09:44,0.9633259942912169,0.0
2013-02-02 09:54,0.8362797600500912,0.0
2013-02-02 10:04,0.9794622017967877,0.0
2013-02-02 10:14,0.8121115500239925,0.0
2013-02-02 10:24,0.9005764637868393,0.0
2013-02-02 10:34,0.7941032535277818,0.0
2013-02-02 10:44,0.8470831596591996,0.0
2013-02-02 10:54,0.8845329861571548,0.0
2013-02-02 11:04,0.7424294325467256,0.0
2013-02-02 11:14,0.7616147456026123,0.0
2013-02-02 11:24,0.6207287048234493,0.0
2013-02-02 11:34,0.5266185104016023,0.0
2013-02-02 11:44,0.5361333236344649,0.0
2013-02-02 17:44,0.41081783611927736,0.0
2013-02-02 17:54,2.2489394349975753,0.0
2013-02-02 18:04,0.6760272359538093,0.0
2013-02-02 18:14,0.6640197227381709,0.0
2013-02-02 18:24,0.7689383355054265,0.0
2013-02-02 18:34,0.7395190362293205,0.0
2013-02-02 18:44,0.7502840603424868,0.0
2013-02-02 18:54,0.7294536047635526,0.0
2013-02-02 19:04,0.7828679040439314,0.0
2013-02-02 19:14,0.7012506636218244,0.0
2013-02-02 19:24,0.7817486750152163,0.0
2013-02-02 19:34,0.6806372130139096,0.0
2013-02-02 19:44,0.6915701950795898,0.0
2013-02-02 19:54,0.8394269950244334,0.0
2013-02-02 20:04,0.8446608789335506,0.0
2013-02-02 20:14,0.7614987445381078,0.0
2013-02-02 20:24,0.6446380639181145,0.0
2013-02-02 20:34,0.7559598217219217,0.0
2013-02-02 20:44,0.8548630811880839,0.0
2013-02-02 20:54,0.7801696714595676,0.0
2013-02-02 21:04,0.7626054057312599,0.0
2013-02-02 21:14,0.6890618873754194,0.0
2013-02-02 21:24,0.6761392302678166,0.0
2013-02-02 21:34,0.688279032493283,0.0
2013-02-02 21:44,0.8079157242082518,0.0
2013-02-02 21:54,0.6870868859399875,0.0
2013-02-02 22:04,0.7460606193078392,0.0
2013-02-02 22:14,0.806315238345424,0.0
2013-02-02 22:24,0.74751208600175,0.0
2013-02-02 22:34,0.8136898093448499,0.0
2013-02-02 22:44,0.700309953525936,0.0
2013-02-02 22:54,0.739226184768987,0.0
2013-02-02 23:04,0.628392378777225,0.0
2013-02-02 23:14,0.6376181530894035,0.0
2013-02-02 23:24,0.8031138958888298,0.0
2013-02-02 23:34,0.7448805391160127,0.0
2013-02-02 23:44,0.5448590117665815,0.0
2013-02-03 00:04,0.4431386135599223,0.0
2013-02-03 00:14,1.0738034160724577,0.0
2013-02-03 00:24,0.42207490752191756,0.0
2013-02-03 05:54,0.6534536424305639,0.0
2013-02-03 06:04,2.7319324845046298,0.0
2013-02-03 06:14,0.5182396417240942,0.0
2013-02-03 06:24,0.6809933667835516,0.0
2013-02-03 06:34,0.6730920811722642,0.0
2013-02-03 06:44,0.7411950043042134,0.0
2013-02-03 06:54,0.6625481792839184,0.0
2013-02-03 07:04,0.755715519284474,0.0
2013-02-03 07:14,0.7843028617263681,0.0
2013-02-03 07:24,0.7981469489582548,0.0
2013-02-03 07:34,0.49190251655425715,0.0
2013-02-03 07:44,0.7788425183837362,0.0
2013-02-03 07:54,0.579450394853534,0.0
2013-02-03 08:04,0.7628932625606815,0.0
2013-02-03 08:14,0.7855138508139048,0.0
2013-02-03 08:24,0.797432257185571,0.0
2013-02-03 08:34,0.7884842236054552,0.0
2013-02-03 08:44,0.816680806212902,0.0
2013-02-03 08:54,0.7588835525968428,0.0
2013-02-03 09:04,0.7891506081987566,0.0
2013-02-03 09:14,0.5692381493000438,0.0
2013-02-03 09:24,0.8056424040128202,0.0
2013-02-03 09:34,0.8102054553189438,0.0
2013-02-03 09:44,0.6221435107308835,0.0
2013-02-03 09:54,0.8461051272150999,0.0
2013-02-03 10:04,0.8394031944252109,0.0
2013-02-03 10:14,0.8501501961542893,0.0
2013-02-03 10:24,0.7657761198448092,0.0
2013-02-03 10:34,0.5945620537830724,0.0
2013-02-03 10:44,0.8580431180646548,0.0
2013-02-03 10:54,0.7449882528206271,0.0
2013-02-03 11:04,0.7923810261352795,0.0
2013-02-03 11:14,0.8256205164678092,0.0
2013-02-03 11:24,0.5452106175739464,0.0
2013-02-03 11:34,0.6032507714042876,0.0
2013-02-03 11:44,0.8354643687968853,0.0
2013-02-03 11:54,0.5813532087145913,0.0
2013-02-03 12:04,0.628151213006707,0.0
2013-02-03 12:14,0.46958754151839066,0.0
2013-02-03 12:24,0.41803269714377045,0.0
2013-02-03 12:34,0.48243686878227093,0.0
2013-02-03 12:44,0.6259637287728669,0.0
2013-02-03 12:54,0.5430219692358407,0.0
2013-02-03 18:14,0.6248451996369542,0.0
2013-02-03 18:24,0.5834077498221228,0.0
2013-02-03 18:34,0.622429379003892,0.0
2013-02-03 18:44,0.5626553882126996,0.0
2013-02-03 18:54,0.5114914432997189,0.0
2013-02-03 19:04,0.6397153645065845,0.0
2013-02-03 19:14,0.5952133196106817,0.0
2013-02-03 19:24,0.6811493306976809,0.0
2013-02-03 19:34,0.8801638725245912,0.0
2013-02-03 19:44,0.732198636212586,0.0
2013-02-03 19:54,0.7503594309091682,0.0
2013-02-03 20:04,0.8643621092971022,0.0
2013-02-03 20:14,0.9501586199191054,0.0
2013-02-03 20:24,0.7746082151406808,0.0
2013-02-03 20:34,0.7669350228004895,0.0
2013-02-03 20:44,0.7469955443872214,0.0
2013-02-03 20:54,0.92102084289353,0.0
2013-02-03 21:04,0.8569428421565032,0.0
2013-02-03 21:14,0.8762681064529642,0.0
2013-02-03 21:24,0.8125744002760259,0.0
2013-02-03 21:34,0.9070295383960087,0.0
2013-02-03 21:44,0.8725843962234733,0.0
2013-02-03 21:54,0.9382264967771835,0.0
2013-02-03 22:04,0.9023538364718402,0.0
2013-02-03 22:14,0.9430736906114979,0.0
2013-02-03 22:24,0.9162002519043617,0.0
2013-02-03 22:34,0.8783158149765247,0.0
2013-02-03 22:44,0.8623451403206174,0.0
2013-02-03 22:54,0.9073613546739577,0.0
2013-02-03 23:04,0.8100511283822768,0.0
2013-02-03 23:14,0.8216338255752801,0.0
2013-02-03 23:24,0.9171624294836709,0.0
2013-02-03 23:34,0.8307798749739934,0.0
2013-02-03 23:44,0.7092678428945198,0.0
2013-02-04 00:04,0.8225735919769195,0.0
2013-02-04 00:14,0.8134671989368126,0.0
2013-02-04 00:24,0.791001248648118,0.0
2013-02-04 00:34,0.8389313012539885,0.0
2013-02-04 00:44,0.7871935913903689,0.0
2013-02-04 00:54,0.6941817182961555,0.0
2013-02-04 01:04,0.6861418346584522,0.0
2013-02-04 01:14,0.5763922236295571,0.0
2013-02-04 01:24,0.5670891336403883,0.0
2013-02-04 01:34,0.565758730932826,0.0
2013-02-04 06:34,0.5352638261145839,0.0
2013-02-04 06:44,0.4919644574119571,0.0
2013-02-04 06:54,0.507920213824851,0.0
2013-02-04 07:04,0.4755079188845685,0.0
2013-02-04 07:14,0.5534453414683803,0.0
2013-02-04 07:24,0.5833709583293353,0.0
2013-02-04 07:34,0.679728107100653,0.0
2013-02-04 07:44,0.6884913615014805,0.0
2013-02-04 07:54,0.6766036696786918,0.0
2013-02-04 08:04,0.7286648353806917,0.0
2013-02-04 08:14,0.6852969361223564,0.0
2013-02-04 08:24,0.6868051994907319,0.0
2013-02-04 08:34,0.7064251632359726,0.0
2013-02-04 08:44,0.691514734819377,0.0
2013-02-04 08:54,0.7624242036994137,0.0
2013-02-04 09:04,0.687964159983357,0.0
2013-02-04 09:14,0.7921903756768247,0.0
2013-02-04 09:24,0.7678039149983833,0.0
2013-02-04 09:34,0.879230338961269,0.0
2013-02-04 09:44,0.8548990899575316,0.0
2013-02-04 09:54,0.8840015853007237,0.0
2013-02-04 10:04,0.8853194713315704,0.0
2013-02-04 10:14,0.7607026874552572,0.0
2013-02-04 10:24,0.7743101750916139,0.0
2013-02-04 10:34,0.7219403558416625,0.0
2013-02-04 10:44,0.6275314824935205,0.0
2013-02-04 10:54,0.7165817171824129,0.0
2013-02-04 11:04,0.6158852797364391,0.0
2013-02-04 11:14,0.5427144724014096,0.0
2013-02-04 11:24,0.556423868092009,0.0
2013-02-04 11:34,0.5258988481335354,0.0
2013-02-04 11:44,0.5991405732967466,0.0
2013-02-04 11:54,0.5431976438571907,0.0
2013-02-04 12:04,0.5374437600725741,0.0
2013-02-04 12:14,0.5458125462332503,0.0
2013-02-04 12:24,0.5294575934366663,0.0
2013-02-04 12:34,0.6031695449143241,0.0
2013-02-04 12:44,0.5258203837263914,0.0
2013-02-04 12:54,0.4943937262143371,0.0
2013-02-04 13:04,1.2499958731668244,0.0
2013-02-04 13:14,0.5478294024814543,0.0
2013-02-04 13:24,0.4839170502281604,0.0
2013-02-04 13:34,0.4405652278496016,0.0
2013-02-04 13:44,0.4261263979506785,0.0
2013-02-04 13:54,0.6201423566206993,0.0
2013-02-04 14:04,0.3072260321620182,0.0
2013-02-04 19:14,0.893149053740583,0.0
2013-02-04 19:24,0.45726697703952585,0.0
2013-02-04 19:34,2.2335228804238696,0.0
2013-02-04 19:44,0.5305979288131496,0.0
2013-02-04 19:54,0.4628614899575672,0.0
2013-02-04 20:04,0.6676729098546287,0.0
2013-02-04 20:14,0.8366019753363974,0.0
2013-02-04 20:24,0.5009543923830941,0.0
2013-02-04 20:34,0.5257843091001262,0.0
2013-02-04 20:44,0.639989912128938,0.0
2013-02-04 20:54,0.5984237706747161,0.0
2013-02-04 21:04,0.6673316248911542,0.0
2013-02-04 21:14,0.971008391308949,0.0
2013-02-04 21:24,0.7104361375695672,0.0
2013-02-04 21:34,1.047113571697348,0.0
2013-02-04 21:44,1.059430825969957,0.0
2013-02-04 21:54,0.7283830678723838,0.0
2013-02-04 22:04,1.061319065230589,0.0
2013-02-04 22:14,1.1122524929971829,0.0
2013-02-04 22:24,1.1327102129269204,0.0
2013-02-04 22:34,0.8503744620748762,0.0
2013-02-04 22:44,1.1284667529282306,0.0
2013-02-04 22:54,1.1486210452843413,0.0
2013-02-04 23:04,0.979469373793796,0.0
2013-02-04 23:14,1.1078306763378043,0.0
2013-02-04 23:24,1.123742588627757,0.0
2013-02-04 23:34,1.1452978291622675,0.0
2013-02-04 23:44,0.8532293067932091,0.0
2013-02-05 00:04,1.1452140865318292,0.0
2013-02-05 00:14,0.9284243825363128,0.0
2013-02-05 00:24,0.7697510724435342,0.0
2013-02-05 00:34,1.1511306506473211,0.0
2013-02-05 00:44,0.8514891621731653,0.0
2013-02-05 00:54,1.0729294402304739,0.0
2013-02-05 01:04,1.0565639275433547,0.0
2013-02-05 01:14,1.0270375935274174,0.0
2013-02-05 01:24,0.9046268284338072,0.0
2013-02-05 01:34,0.7841176146634837,0.0
2013-02-05 01:44,0.9052255422054688,0.0
2013-02-05 01:54,0.6326868660906549,0.0
2013-02-05 02:04,0.856779789817505,0.0
2013-02-05 02:14,0.7433836395448472,0.0
2013-02-05 02:24,0.8008197082908383,0.0
2013-02-05 02:34,0.6763530947750649,0.0
2013-02-05 02:44,0.8581604744111201,0.0
2013-02-05 02:54,1.9328425851298312,0.0
2013-02-05 07:44,1.8608482469763044,0.0
2013-02-05 07:54,0.5046236238949502,0.0
2013-02-05 08:04,0.7686723684461368,0.0
2013-02-05 08:14,0.7017435144646017,0.0
2013-02-05 08:24,2.0530292008774924,0.0
2013-02-05 08:34,0.742870818730086,0.0
2013-02-05 08:44,1.066747851570987,0.0
2013-02-05 08:54,0.6716762146392422,0.0
2013-02-05 09:04,0.8425476385435063,0.0
2013-02-05 09:14,0.8649995283255175,0.0
2013-02-05 09:24,0.9780698552739601,0.0
2013-02-05 09:34,0.9145852238145844,0.0
2013-02-05 09:44,1.0972204938952221,0.0
2013-02-05 09:54,0.9640439680043192,0.0
2013-02-05 10:04,1.1885235743131228,0.0
2013-02-05 10:14,1.0654995687543984,0.0
2013-02-05 10:24,1.0510338290237025,0.0
2013-02-05 10:34,0.9748886378107476,0.0
2013-02-05 10:44,0.9451958372928757,0.0
2013-02-05 10:54,1.0856267295028,0.0
2013-02-05 11:04,0.9611152017774321,0.0
2013-02-05 11:14,1.2592875539562032,0.0
2013-02-05 11:24,1.4116726517425855,0.0
2013-02-05 11:34,1.185812231374456,0.0
2013-02-05 11:44,1.119456537650438,0.0
2013-02-05 11:54,0.983229493648079,0.0
2013-02-05 12:04,1.179611401456978,0.0
2013-02-05 12:14,1.1086684395534536,0.0
2013-02-05 12:24,1.2711746546174176,0.0
2013-02-05 12:34,0.8731674207058274,0.0
2013-02-05 12:44,1.1202454485527966,0.0
2013-02-05 12:54,0.8590441281298016,0.0
2013-02-05 13:04,0.9375267644914953,0.0
2013-02-05 13:14,1.131234438896973,0.0
2013-02-05 13:24,0.7851127953024802,0.0
2013-02-05 13:34,0.976057447511895,0.0
2013-02-05 13:44,1.201151573243505,0.0
2013-02-05 13:54,1.027730989887785,0.0
2013-02-05 14:04,0.8304266322995718,0.0
2013-02-05 14:14,0.8285480201195926,0.0
2013-02-05 14:24,0.7565454589897714,0.0
2013-02-05 14:34,0.9066297480194553,0.0
2013-02-05 14:44,1.0086148657227896,0.0
2013-02-05 14:54,0.5522538885067242,0.0
2013-02-05 15:04,0.7034318336618075,0.0
2013-02-05 15:14,0.747327998152618,0.0
2013-02-05 15:24,0.8667017417113928,0.0
2013-02-05 15:34,1.8357661765806728,0.0
2013-02-05 15:44,0.7583778242557715,0.0
2013-02-05 20:14,0.6058320358705996,0.0
2013-02-05 20:24,1.831147633661101,0.0
2013-02-05 20:34,1.0856720874478347,0.0
2013-02-05 20:44,1.9366528302197827,0.0
2013-02-05 20:54,0.7744630010203215,0.0
2013-02-05 21:04,0.8135540015431987,0.0
2013-02-05 21:14,2.047938249717679,0.0
2013-02-05 21:24,0.7925140360716781,0.0
2013-02-05 21:34,0.7448392925488184,0.0
2013-02-05 21:44,0.7723659290064637,0.0
2013-02-05 21:54,0.7492109813984072,0.0
2013-02-05 22:04,1.0165997000195979,0.0
2013-02-05 22:14,1.0123387252588616,0.0
2013-02-05 22:24,0.9792101174249492,0.0
2013-02-05 22:34,1.104589797588849,0.0
2013-02-05 22:44,1.1352650694353439,0.0
2013-02-05 22:54,1.0107368801841035,0.0
2013-02-05 23:04,0.9856031352131751,0.0
2013-02-05 23:14,1.2167952383422558,0.0
2013-02-05 23:24,1.0929498224912995,0.0
2013-02-05 23:34,1.0127468626192466,0.0
2013-02-05 23:44,1.2313899038838454,0.0
2013-02-06 00:04,1.3584370773461694,0.0
2013-02-06 00:14,1.1422519920365544,0.0
2013-02-06 00:24,1.0280933476138834,0.0
2013-02-06 00:34,1.2821969496482473,0.0
2013-02-06 00:44,1.2485064969514348,0.0
2013-02-06 00:54,1.2487210216774456,0.0
2013-02-06 01:04,1.0684384776695617,0.0
2013-02-06 01:14,0.9865427342971728,0.0
2013-02-06 01:24,1.080683633862214,0.0
2013-02-06 01:34,0.9288292032660335,0.0
2013-02-06 01:44,1.1812148925040824,0.0
2013-02-06 01:54,1.0456650218589545,0.0
2013-02-06 02:04,1.2139709251584445,0.0
2013-02-06 02:14,0.7922154379728925,0.0
2013-02-06 02:24,0.9961977491846713,0.0
2013-02-06 02:34,1.0338765002665997,0.0
2013-02-06 02:44,0.7413635024146983,0.0
2013-02-06 02:54,0.8626329837624894,0.0
2013-02-06 03:04,0.779173926705262,0.0
2013-02-06 03:14,0.7140040852114237,0.0
2013-02-06 03:24,2.032249647667663,0.0
2013-02-06 03:34,0.659567826198252,0.0
2013-02-06 03:44,0.892608482475814,0.0
2013-02-06 03:54,0.712414921271624,0.0
2013-02-06 04:04,1.8647517795743331,0.0
2013-02-06 04:14,1.8158154332650538,0.0
2013-02-06 09:34,1.0793265465138948,0.0
2013-02-06 09:44,0.6594633291689609,0.0
2013-02-06 09:54,0.49181096224464643,0.0
2013-02-06 10:04,0.9313701853097273,0.0
2013-02-06 10:14,0.5834021172730619,0.0
2013-02-06 10:24,0.7186049790743514,0.0
2013-02-06 10:34,0.9213207459792957,0.0
2013-02-06 10:44,0.7964714729390382,0.0
2013-02-06 10:54,0.7801885655981675,0.0
2013-02-06 11:04,0.8068915199143976,0.0
2013-02-06 11:14,0.8266612640096155,0.0
2013-02-06 11:24,0.8475525048776786,0.0
2013-02-06 11:34,0.9454915968312958,0.0
2013-02-06 11:44,0.8219551614703765,0.0
2013-02-06 11:54,0.777260185676429,0.0
2013-02-06 12:04,1.1462418543695552,0.0
2013-02-06 12:14,0.8596736444886227,0.0
2013-02-06 12:24,1.122849918839875,0.0
2013-02-06 12:34,1.224497750889082,0.0
2013-02-06 12:44,1.1120686630095622,0.0
2013-02-06 12:54,1.1503601591889094,0.0
2013-02-06 13:04,1.0368213554884844,0.0
2013-02-06 13:14,0.9613602562582807,0.0
2013-02-06 13:24,0.981663313878092,0.0
2013-02-06 13:34,1.0055867732039296,0.0
2013-02-06 13:44,1.1059154562120932,0.0
2013-02-06 13:54,0.9038172295767234,0.0
2013-02-06 14:04,1.1033321274801946,0.0
2013-02-06 14:14,0.9564996402947669,0.0
2013-02-06 14:24,0.8553136345366046,0.0
2013-02-06 14:34,1.0937249240994498,0.0
2013-02-06 14:44,0.9201046461466568,0.0
2013-02-06 14:54,0.9955594575746093,0.0
2013-02-06 15:04,0.7376614783763384,0.0
2013-02-06 15:14,0.6931654040315526,0.0
2013-02-06 15:24,0.9004443312187799,0.0
2013-02-06 15:34,0.6192459584438936,0.0
2013-02-06 15:44,0.6433088419914512,0.0
2013-02-06 15:54,0.49699146708865705,0.0
2013-02-06 16:04,1.9560411025255464,0.0
2013-02-06 16:14,0.465259868734534,0.0
2013-02-06 16:24,1.0982461707605344,0.0
2013-02-06 16:34,0.5949432577175436,0.0
2013-02-06 22:14,0.7713845178016242,0.0
2013-02-06 22:24,1.0644052167629214,0.0
2013-02-06 22:34,1.142062483428936,0.0
2013-02-06 22:44,0.6250655360376953,0.0
2013-02-06 22:54,0.5175725845207154,0.0
2013-02-06 23:04,0.5950983300019036,0.0
2013-02-06 23:14,0.7293847957180046,0.0
2013-02-06 23:24,0.7889847370725495,0.0
2013-02-06 23:34,0.6387402283486422,0.0
2013-02-06 23:44,0.763244324908282,0.0
2013-02-07 00:04,0.925105190971759,0.0
2013-02-07 00:14,0.9552983171618443,0.0
2013-02-07 00:24,0.9717296507020466,0.0
2013-02-07 00:34,0.8924721386404616,0.0
2013-02-07 00:44,0.8543784029133665,0.0
2013-02-07 00:54,0.7420640781606851,0.0
2013-02-07 01:04,0.9826919060338679,0.0
2013-02-07 01:14,0.8280395237344561,0.0
2013-02-07 01:24,0.8279797833294534,0.0
2013-02-07 01:34,0.7559752834846917,0.0
2013-02-07 01:44,0.8559705694979316,0.0
2013-02-07 01:54,0.9634447859993117,0.0
2013-02-07 02:04,0.708151401361196,0.0
2013-02-07 02:14,0.8471163008829024,0.0
2013-02-07 02:24,0.8875391253196662,0.0
2013-02-07 02:34,0.8468676159686765,0.0
2013-02-07 02:44,0.8961237642393465,0.0
2013-02-07 02:54,0.8815434604251496,0.0
2013-02-07 03:04,0.8506271080479015,0.0
2013-02-07 03:14,0.8231959494532013,0.0
2013-02-07 03:24,0.6049263495818096,0.0
2013-02-07 03:34,0.6502647462476536,0.0
2013-02-07 03:44,0.5675582328778459,0.0
2013-02-07 03:54,0.6729869549377772,0.0
2013-02-07 04:04,0.6528084928307073,0.0
2013-02-07 04:14,0.8081454387091389,0.0
2013-02-07 04:24,0.7181926782370397,0.0
2013-02-07 04:34,0.5488945161264969,0.0
2013-02-07 04:44,0.7519391259937636,0.0
2013-02-07 04:54,0.4805130326640591,0.0
2013-02-07 05:04,0.4852445421100698,0.0
2013-02-07 05:14,0.41808257195764154,0.0
2013-02-07 05:24,0.4532062961964053,0.0
2013-02-07 10:54,0.35566956668078503,0.0
2013-02-07 11:04,0.4630943989530677,0.0
2013-02-07 11:14,0.5588221056099205,0.0
2013-02-07 11:24,0.506864206834903,0.0
2013-02-07 11:34,0.687186458989373,0.0
2013-02-07 11:44,0.543731168437529,0.0
2013-02-07 11:54,0.5495996014980805,0.0
2013-02-07 12:04,0.6671624026268997,0.0
2013-02-07 12:14,0.75674347244257,0.0
2013-02-07 12:24,0.7290214822163773,0.0
2013-02-07 12:34,0.6971511946394218,0.0
2013-02-07 12:44,0.5921550823872761,0.0
2013-02-07 12:54,0.6195149774068723,0.0
2013-02-07 13:04,0.6631522964084308,0.0
2013-02-07 13:14,0.6456123445923342,0.0
2013-02-07 13:24,0.7797260225343358,0.0
2013-02-07 13:34,0.8062367878873539,0.0
2013-02-07 13:44,0.8834364343335406,0.0
2013-02-07 13:54,0.7570382889584948,0.0
2013-02-07 14:04,0.659955003258319,0.0
2013-02-07 14:14,0.8575484322592201,0.0
2013-02-07 14:24,0.7337807260783784,0.0
2013-02-07 14:34,0.8537730742342962,0.0
2013-02-07 14:44,0.8169844321329836,0.0
2013-02-07 14:54,0.7356218343483931,0.0
2013-02-07 15:04,0.8189995709062582,0.0
2013-02-07 15:14,0.69880660352419,0.0
2013-02-07 15:24,0.6086182371150841,0.0
2013-02-07 15:34,0.6856974142175141,0.0
2013-02-07 15:44,0.5750099959674396,0.0
2013-02-07 15:54,0.7929553286019904,0.0
2013-02-07 16:04,0.7309026777958597,0.0
2013-02-07 16:14,0.6975316483108911,0.0
2013-02-07 16:24,0.7814418487101208,0.0
2013-02-07 16:34,0.6385528764125498,0.0
2013-02-07 16:44,0.618477674317619,0.0
2013-02-07 16:54,0.6477503778721805,0.0
2013-02-07 17:04,0.8022373421675726,0.0
2013-02-07 17:14,0.7911294070968334,0.0
2013-02-07 17:24,0.7427595291966981,0.0
2013-02-07 17:34,0.7751016642195026,0.0
2013-02-07 17:44,0.5717701333839558,0.0
2013-02-07 17:54,0.6992803176415406,0.0
2013-02-07 18:04,0.7290731463723941,0.0
2013-02-07 23:14,0.40133731366758113,0.0
2013-02-07 23:24,0.4806118091834695,0.0
2013-02-07 23:34,0.7460216572047074,0.0
2013-02-07 23:44,0.7051861448327156,0.0
2013-02-08 00:04,0.836812685624187,0.0
2013-02-08 00:14,0.8292234486732348,0.0
2013-02-08 00:24,0.9005498708183072,0.0
2013-02-08 00:34,1.0107014002817118,0.0
2013-02-08 00:44,1.002942659614395,0.0
2013-02-08 00:54,1.0881238713832206,0.0
2013-02-08 01:04,0.9573932366107513,0.0
2013-02-08 01:14,1.1856657520464955,0.0
2013-02-08 01:24,1.2162111537295146,0.0
2013-02-08 01:34,1.1804915134915461,0.0
2013-02-08 01:44,1.1118251681115265,0.0
2013-02-08 01:54,1.120556524354165,0.0
2013-02-08 02:04,1.1132490555294785,0.0
2013-02-08 02:14,1.2358185128694767,0.0
2013-02-08 02:24,1.1845465900066543,0.0
2013-02-08 02:34,1.217763105500962,0.0
2013-02-08 02:44,1.2167670357658793,0.0
2013-02-08 02:54,1.2993205632875975,0.0
2013-02-08 03:04,1.1812379326109381,0.0
2013-02-08 03:14,1.153247520058009,0.0
2013-02-08 03:24,1.219415774301363,0.0
2013-02-08 03:34,1.1837999541073858,0.0
2013-02-08 03:44,0.9999672881535018,0.0
2013-02-08 03:54,1.069705714627639,0.0
2013-02-08 04:04,1.1569407768975384,0.0
2013-02-08 04:14,1.0410019425463315,0.0
2013-02-08 04:24,1.0951836765509613,0.0
2013-02-08 04:34,0.9450635824494446,0.0
2013-02-08 04:44,0.9276453871156984,0.0
2013-02-08 04:54,0.9760896502445354,0.0
2013-02-08 05:04,1.0005103293135127,0.0
2013-02-08 05:14,0.8444530416424508,0.0
2013-02-08 05:24,0.9303671207635701,0.0
2013-02-08 05:34,0.7326480409784786,0.0
2013-02-08 05:44,0.6238029106914246,0.0
2013-02-08 05:54,0.6966050187384913,0.0
2013-02-08 06:04,0.6718844178501003,0.0
2013-02-08 06:14,0.6622596369146956,0.0
2013-02-08 06:24,0.46083896518567136,0.0
2013-02-08 12:04,0.4735427374355583,0.0
2013-02-08 12:14,1.1437529534849546,0.0
2013-02-08 12:24,0.5502070207322839,0.0
2013-02-08 12:34,0.6462438116065893,0.0
2013-02-08 12:44,0.6284419552311534,0.0
2013-02-08 12:54,0.6757519013577313,0.0
2013-02-08 13:04,0.7636930336224924,0.0
2013-02-08 13:14,0.810184965373051,0.0
2013-02-08 13:24,0.8411982247139067,0.0
2013-02-08 13:34,0.8692538368245156,0.0
2013-02-08 13:44,0.7912215199215572,0.0
2013-02-08 13:54,0.8056921360685586,0.0
2013-02-08 14:04,0.806056132231701,0.0
2013-02-08 14:14,0.9497773310444855,0.0
2013-02-08 14:24,1.0326599067971578,0.0
2013-02-08 14:34,0.9886317235491409,0.0
2013-02-08 14:44,0.8556294932395064,0.0
2013-02-08 14:54,0.8793502296660693,0.0
2013-02-08 15:04,0.8920185007500775,0.0
2013-02-08 15:14,0.9892112711021728,0.0
2013-02-08 15:24,0.9964338554060859,0.0
2013-02-08 15:34,0.916891596003694,0.0
2013-02-08 15:44,0.9549896550484925,0.0
2013-02-08 15:54,1.048342041748318,0.0
2013-02-08 16:04,0.9490809727941049,0.0
2013-02-08 16:14,1.002862022620848,0.0
2013-02-08 16:24,0.8943608761132668,0.0
2013-02-08 16:34,1.0277199546947275,0.0
2013-02-08 16:44,0.9548847089429474,0.0
2013-02-08 16:54,0.8498676499566834,0.0
2013-02-08 17:04,0.816552238388906,0.0
2013-02-08 17:14,0.8916270231107746,0.0
2013-02-08 17:24,1.0190723803469255,0.0
2013-02-08 17:34,0.8244097171752344,0.0
2013-02-08 17:44,0.854783823104511,0.0
2013-02-08 17:54,0.7709683207229939,0.0
2013-02-08 18:04,0.7235712976150342,0.0
2013-02-08 18:14,0.6305976280747565,0.0
2013-02-08 18:24,0.5868795896838254,0.0
2013-02-08 18:34,0.5729870724299059,0.0
2013-02-08 18:44,0.5000068813492852,0.0
2013-02-08 18:54,0.8621666251123777,0.0
2013-02-09 00:24,0.6015588190560944,0.0
2013-02-09 00:34,0.6694662509890357,0.0
2013-02-09 00:44,0.5050138405700495,0.0
2013-02-09 00:54,0.47811341057657414,0.0
2013-02-09 01:04,0.49494454651680986,0.0
2013-02-09 01:14,0.6109466915012512,0.0
2013-02-09 01:24,0.7031628517407917,0.0
2013-02-09 01:34,0.5948496427048882,0.0
2013-02-09 01:44,0.8016664926576507,0.0
2013-02-09 01:54,0.7420530051000614,0.0
2013-02-09 02:04,0.7108785688785842,0.0
2013-02-09 02:14,0.7922530257800293,0.0
2013-02-09 02:24,0.8464010357883739,0.0
2013-02-09 02:34,0.7656066520622847,0.0
2013-02-09 02:44,0.6924357582849425,0.0
2013-02-09 02:54,0.8576486971741772,0.0
2013-02-09 03:04,0.7187735004194021,0.0
2013-02-09 03:14,0.7026626806006264,0.0
2013-02-09 03:24,0.6966431077818803,0.0
2013-02-09 03:34,0.9803120640376646,0.0
2013-02-09 03:44,0.9389246963285598,0.0
2013-02-09 03:54,0.7757285338061072,0.0
2013-02-09 04:04,1.118354776007266,0.0
2013-02-09 04:14,0.9863503498404769,0.0
2013-02-09 04:24,0.7424042395597629,0.0
2013-02-09 04:34,0.6677478291054821,0.0
2013-02-09 04:44,0.7070336330814149,0.0
2013-02-09 04:54,0.6546972597655765,0.0
2013-02-09 05:04,0.6286385743063355,0.0
2013-02-09 05:14,0.8739559678212571,0.0
2013-02-09 05:24,0.891717472490948,0.0
2013-02-09 05:34,0.9303254922854145,0.0
2013-02-09 05:44,0.8719841224719819,0.0
2013-02-09 05:54,0.845323888863656,0.0
2013-02-09 06:04,0.8193312377562834,0.0
2013-02-09 06:14,0.6200278027865957,0.0
2013-02-09 06:24,0.8121085819256261,0.0
2013-02-09 06:34,0.7213528251919976,0.0
2013-02-09 06:44,0.501924720184522,0.0
2013-02-09 06:54,0.7796733796629937,0.0
2013-02-09 07:04,0.5000371827437421,0.0
2013-02-09 07:14,0.3853910649674734,0.0
2013-02-09 12:54,0.3372718458489576,0.0
2013-02-09 13:04,0.34337473264189633,0.0
2013-02-09 13:14,0.6939832605964266,0.0
2013-02-09 13:24,0.8285900271961272,0.0
2013-02-09 13:34,0.5179765241304517,0.0
2013-02-09 13:44,0.5230751177484477,0.0
2013-02-09 13:54,0.584435833600343,0.0
2013-02-09 14:04,0.5794576191121708,0.0
2013-02-09 14:14,0.563907990104125,0.0
2013-02-09 14:24,0.8152932258154206,0.0
2013-02-09 14:34,0.6547296523737927,0.0
2013-02-09 14:44,0.8384817806623178,0.0
2013-02-09 14:54,0.7045896914405314,0.0
2013-02-09 15:04,0.6512224499602843,0.0
2013-02-09 15:14,0.8560840859926487,0.0
2013-02-09 15:24,0.8274047542495235,0.0
2013-02-09 15:34,0.6901407147949671,0.0
2013-02-09 15:44,0.8590435226043311,0.0
2013-02-09 15:54,0.6669607654213744,0.0
2013-02-09 16:04,0.7205014276163976,0.0
2013-02-09 16:14,0.7271079199981052,0.0
2013-02-09 16:24,0.6805490611136179,0.0
2013-02-09 16:34,0.8876878741194816,0.0
2013-02-09 16:44,0.676279790032672,0.0
2013-02-09 16:54,0.6631973816576355,0.0
2013-02-09 17:04,0.8869117301853331,0.0
2013-02-09 17:14,0.6396035787605961,0.0
2013-02-09 17:24,0.886516147076668,0.0
2013-02-09 17:34,0.7192264344933431,0.0
2013-02-09 17:44,0.824022217953762,0.0
2013-02-09 17:54,0.8820756040146834,0.0
2013-02-09 18:04,0.7331212872668333,0.0
2013-02-09 18:14,0.6487272170862952,0.0
2013-02-09 18:24,0.6139312440020174,0.0
2013-02-09 18:34,0.6173553205475186,0.0
2013-02-09 18:44,0.5395584677740948,0.0
2013-02-09 18:54,0.5448721357698215,0.0
2013-02-09 19:04,0.5738261830816795,0.0
2013-02-09 19:14,0.8575179041562886,0.0
2013-02-09 19:24,0.5523343452172041,0.0
2013-02-09 19:34,0.4228112135787207,0.0
2013-02-09 19:44,0.37940384163533886,0.0
2013-02-10 01:14,0.4379709221251685,0.0
2013-02-10 01:24,0.6841802503293889,0.0
2013-02-10 01:34,0.7230599696874047,0.0
2013-02-10 01:44,0.7322833398361416,0.0
2013-02-10 01:54,0.7039031761429704,0.0
2013-02-10 02:04,0.5370952165964125,0.0
2013-02-10 02:14,0.7034760650967603,0.0
2013-02-10 02:24,0.5111394979294009,0.0
2013-02-10 02:34,0.6835861522412268,0.0
2013-02-10 02:44,0.8067610478522902,0.0
2013-02-10 02:54,0.579808870710945,0.0
2013-02-10 03:04,0.7925173471561403,0.0
2013-02-10 03:14,0.7759529035044479,0.0
2013-02-10 03:24,0.5756932333095467,0.0
2013-02-10 03:34,0.8171842445174249,0.0
2013-02-10 03:44,0.8935513836560499,0.0
2013-02-10 03:54,0.6962698266901752,0.0
2013-02-10 04:04,0.8285216782398169,0.0
2013-02-10 04:14,0.856406382515959,0.0
2013-02-10 04:24,0.8935608065101145,0.0
2013-02-10 04:34,0.918167076766947,0.0
2013-02-10 04:44,0.7991576686738182,0.0
2013-02-10 04:54,0.8889714715663141,0.0
2013-02-10 05:04,0.7894046159484591,0.0
2013-02-10 05:14,0.8512331103240784,0.0
2013-02-10 05:24,0.7751759091312644,0.0
2013-02-10 05:34,0.623263260866374,0.0
2013-02-10 05:44,0.598393217578608,0.0
2013-02-10 05:54,0.6729332074796394,0.0
2013-02-10 06:04,0.7626352330547711,0.0
2013-02-10 06:14,0.844824344946745,0.0
2013-02-10 06:24,0.5488065288104718,0.0
2013-02-10 06:34,0.762820778348271,0.0
2013-02-10 06:44,0.7135278062788524,0.0
2013-02-10 06:54,0.6482189921140444,0.0
2013-02-10 07:04,0.7025846906248668,0.0
2013-02-10 07:14,0.6692841097810334,0.0
2013-02-10 07:24,0.702272839520105,0.0
2013-02-10 07:34,0.8148752692785017,0.0
2013-02-10 07:44,0.7463238708679109,0.0
2013-02-10 07:54,0.4823359915111709,0.0
2013-02-10 08:04,0.68633512163676,0.0
2013-02-10 13:44,0.41839914863008904,0.0
2013-02-10 13:54,0.50690546331189,0.0
2013-02-10 14:04,0.7803334065941016,0.0
2013-02-10 14:14,0.8520135125877626,0.0
2013-02-10 14:24,0.7709280866122022,0.0
2013-02-10 14:34,0.7568980865363735,0.0
2013-02-10 14:44,0.6756252650703856,0.0
2013-02-10 14:54,0.869100008448298,0.0
2013-02-10 15:04,0.7307093615015628,0.0
2013-02-10 15:14,0.790540989650431,0.0
2013-02-10 15:24,0.8625516753702132,0.0
2013-02-10 15:34,0.9205595823963398,0.0
2013-02-10 15:44,1.0347238677435884,0.0
2013-02-10 15:54,1.0385230164224866,0.0
2013-02-10 16:04,0.8876600626121146,0.0
2013-02-10 16:14,0.9926390289739367,0.0
2013-02-10 16:24,1.151605354075774,0.0
2013-02-10 16:34,0.94646484502459,0.0
2013-02-10 16:44,0.9852839647382299,0.0
2013-02-10 16:54,1.1950739339831928,0.0
2013-02-10 17:04,1.1313275773966238,0.0
2013-02-10 17:14,1.0398156690811193,0.0
2013-02-10 17:24,1.1146415122741318,0.0
2013-02-10 17:34,1.1393271556149702,0.0
2013-02-10 17:44,1.091228833191405,0.0
2013-02-10 17:54,0.9584757865379663,0.0
2013-02-10 18:04,1.0635514088167652,0.0
2013-02-10 18:14,1.3657260316428115,0.0
2013-02-10 18:24,1.0208964174896684,0.0
2013-02-10 18:34,0.9707580773080475,0.0
2013-02-10 18:44,0.7749537126283733,0.0
2013-02-10 18:54,0.868311279248419,0.0
2013-02-10 19:04,0.7017489372911453,0.0
2013-02-10 19:14,1.0855263687688603,0.0
2013-02-10 19:24,0.822603052846928,0.0
2013-02-10 19:34,1.0109008237744517,0.0
2013-02-10 19:44,0.9470230598005906,0.0
2013-02-10 19:54,0.9448899165553912,0.0
2013-02-10 20:04,0.875224516566488,0.0
2013-02-10 20:14,0.7720053598111102,0.0
2013-02-10 20:24,0.6373686480690911,0.0
2013-02-10 20:34,2.007552148275804,0.0
2013-02-11 02:04,0.5199122806207557,0.0
2013-02-11 02:14,0.7771429293300903,0.0
2013-02-11 02:24,0.7019104388905306,0.0
2013-02-11 02:34,0.9170296545265367,0.0
2013-02-11 02:44,0.8469950460469284,0.0
2013-02-11 02:54,1.0383379323844193,0.0
2013-02-11 03:04,1.1240689233902952,0.0
2013-02-11 03:14,1.004135860374974,0.0
2013-02-11 03:24,1.1108137311008068,0.0
2013-02-11 03:34,1.083008828675034,0.0
2013-02-11 03:44,1.2407082352994965,0.0
2013-02-11 03:54,1.2891165968427851,0.0
2013-02-11 04:04,1.1051481984190548,0.0
2013-02-11 04:14,1.3083762895441768,0.0
2013-02-11 04:24,1.1962059935344547,0.0
2013-02-11 04:34,1.2348984537254526,0.0
2013-02-11 04:44,1.4227018411080596,0.0
2013-02-11 04:54,1.083248896817374,0.0
2013-02-11 05:04,1.136715571723617,0.0
2013-02-11 05:14,1.1891663619669546,0.0
2013-02-11 05:24,1.3753863859406874,0.0
2013-02-11 05:34,1.3051150438682284,0.0
2013-02-11 05:44,1.2469597977725748,0.0
2013-02-11 05:54,1.2728343178486665,0.0
2013-02-11 06:04,1.1099342035212572,0.0
2013-02-11 06:14,1.2529193385625408,0.0
2013-02-11 06:24,1.1497677199179053,0.0
2013-02-11 06:34,1.159089366943589,0.0
2013-02-11 06:44,1.004477352585315,0.0
2013-02-11 06:54,1.052027521299362,0.0
2013-02-11 07:04,1.083426791518961,0.0
2013-02-11 07:14,1.043836937531069,0.0
2013-02-11 07:24,0.9451850794166226,0.0
2013-02-11 07:34,0.9349367141171111,0.0
2013-02-11 07:44,0.8461105201594653,0.0
2013-02-11 07:54,0.9476270911312021,0.0
2013-02-11 08:04,0.9641190002961978,0.0
2013-02-11 08:14,0.9186643705825358,0.0
2013-02-11 08:24,0.8345415392756128,0.0
2013-02-11 08:34,0.575874455680561,0.0
2013-02-11 08:44,0.4250142103062716,0.0
2013-02-11 14:34,0.6808088131994067,0.0
2013-02-11 14:44,0.7862933627502288,0.0
2013-02-11 14:54,0.6140379061387379,0.0
2013-02-11 15:04,0.9309174725516458,0.0
2013-02-11 15:14,0.9053144381550409,0.0
2013-02-11 15:24,0.9160330661792184,0.0
2013-02-11 15:34,1.1765779502944844,0.0
2013-02-11 15:44,0.867542041524705,0.0
2013-02-11 15:54,1.0282374044285099,0.0
2013-02-11 16:04,1.0603601876145807,0.0
2013-02-11 16:14,1.273462719523258,0.0
2013-02-11 16:24,0.9222995206936191,0.0
2013-02-11 16:34,1.3827761666877936,0.0
2013-02-11 16:44,1.3667749097398023,0.0
2013-02-11 16:54,1.178162047383347,0.0
2013-02-11 17:04,1.4175298275731052,0.0
2013-02-11 17:14,1.3816629999715764,0.0
2013-02-11 17:24,1.1304561381943092,0.0
2013-02-11 17:34,1.1562531852164657,0.0
2013-02-11 17:44,1.236018250030576,0.0
2013-02-11 17:54,1.2995846086525833,0.0
2013-02-11 18:04,1.3752254475077816,0.0
2013-02-11 18:14,1.1086794458728209,0.0
2013-02-11 18:24,1.2881725315330972,0.0
2013-02-11 18:34,1.2567381919227445,0.0
2013-02-11 18:44,1.2572309803559043,0.0
2013-02-11 18:54,1.0573891621496387,0.0
2013-02-11 19:04,1.0553830028646396,0.0
2013-02-11 19:14,1.0060226803507748,0.0
2013-02-11 19:24,1.194432758166271,0.0
2013-02-11 19:34,1.1953854650091442,0.0
2013-02-11 19:44,1.0072823499661419,0.0
2013-02-11 19:54,0.9314173309492886,0.0
2013-02-11 20:04,1.0753475551795921,0.0
2013-02-11 20:14,0.9853760381944586,0.0
2013-02-11 20:24,1.0038455025904343,0.0
2013-02-11 20:34,0.9177106992215033,0.0
2013-02-11 20:44,0.8505264893142963,0.0
2013-02-11 20:54,0.7921990462052179,0.0
2013-02-11 21:04,0.6977064268313508,0.0
2013-02-12 02:44,0.5617012614210147,0.0
2013-02-12 02:54,0.5446052500233288,0.0
2013-02-12 03:04,0.7156396260124104,0.0
2013-02-12 03:14,0.6700017042672044,0.0
2013-02-12 03:24,0.7850789810264296,0.0
2013-02-12 03:34,0.9019314622994767,0.0
2013-02-12 03:44,0.9369223759767495,0.0
2013-02-12 03:54,0.8485125262191373,0.0
2013-02-12 04:04,0.9035154155238391,0.0
2013-02-12 04:14,1.0169828711517594,0.0
2013-02-12 04:24,0.9660402077522895,0.0
2013-02-12 04:34,1.0207697585545048,0.0
2013-02-12 04:44,1.1694205169157585,0.0
2013-02-12 04:54,0.9198546839148324,0.0
2013-02-12 05:04,1.12595368434941,0.0
2013-02-12 05:14,0.9607958195140102,0.0
2013-02-12 05:24,0.9585119349463399,0.0
2013-02-12 05:34,1.1451048848478236,0.0
2013-02-12 05:44,1.0688435213121357,0.0
2013-02-12 05:54,1.1208218455219312,0.0
2013-02-12 06:04,1.1469628335566346,0.0
2013-02-12 06:14,1.207427527420013,0.0
2013-02-12 06:24,1.1108921591130785,0.0
2013-02-12 06:34,0.9910441400977482,0.0
2013-02-12 06:44,1.1908920399198857,0.0
2013-02-12 06:54,1.1177750817380563,0.0
2013-02-12 07:04,1.2300467022763641,0.0
2013-02-12 07:14,1.0961525641837793,0.0
2013-02-12 07:24,1.106521766087087,0.0
2013-02-12 07:34,1.1408826054101344,0.0
2013-02-12 07:44,1.117203197118283,0.0
2013-02-12 07:54,1.00660500365758,0.0
2013-02-12 08:04,1.0599369731234531,0.0
2013-02-12 08:14,1.004547326233582,0.0
2013-02-12 08:24,1.1557289737392662,0.0
2013-02-12 08:34,1.025248470746319,0.0
2013-02-12 08:44,1.05118281679896,0.0
2013-02-12 08:54,0.9229364575698392,0.0
2013-02-12 09:04,0.8555536126110304,0.0
2013-02-12 09:14,0.8949891093218142,0.0
2013-02-12 09:24,0.6296433571309835,0.0
2013-02-12 15:14,0.7661512836587183,0.0
2013-02-12 15:24,0.8521061603121612,0.0
2013-02-12 15:34,0.8269062196107392,0.0
2013-02-12 15:44,0.7402586999834085,0.0
2013-02-12 15:54,0.5618864027142932,0.0
2013-02-12 16:04,0.7384890118970132,0.0
2013-02-12 16:14,0.836926444776057,0.0
2013-02-12 16:24,0.8977552074922491,0.0
2013-02-12 16:34,0.8955238713916331,0.0
2013-02-12 16:44,0.9252395833907021,0.0
2013-02-12 16:54,0.9296126604810557,0.0
2013-02-12 17:04,0.8720889053704054,0.0
2013-02-12 17:14,0.8331077088751734,0.0
2013-02-12 17:24,0.9805527867922698,0.0
2013-02-12 17:34,1.051141687707623,0.0
2013-02-12 17:44,0.9867090485011343,0.0
2013-02-12 17:54,0.9647337052974991,0.0
2013-02-12 18:04,1.0091345229764213,0.0
2013-02-12 18:14,0.8215961430088301,0.0
2013-02-12 18:24,0.8396505007477886,0.0
2013-02-12 18:34,0.9751231373575852,0.0
2013-02-12 18:44,1.1065025432367648,0.0
2013-02-12 18:54,0.8325709741743444,0.0
2013-02-12 19:04,0.903386269654378,0.0
2013-02-12 19:14,0.9495802846029581,0.0
2013-02-12 19:24,0.7868153681968147,0.0
2013-02-12 19:34,0.8237728314466933,0.0
2013-02-12 19:44,0.9512888917140205,0.0
2013-02-12 19:54,0.9074179366752237,0.0
2013-02-12 20:04,0.8361843375404919,0.0
2013-02-12 20:14,0.7690128298202389,0.0
2013-02-12 20:24,0.8758018583883767,0.0
2013-02-12 20:34,0.9370688843655002,0.0
2013-02-12 20:44,0.9884666182437938,0.0
2013-02-12 20:54,0.9589222953824553,0.0
2013-02-12 21:04,0.7195662103709917,0.0
2013-02-12 21:14,0.8472067367570519,0.0
2013-02-12 21:24,0.8444666720918963,0.0
2013-02-12 21:34,0.6570603525060483,0.0
2013-02-12 21:44,0.6907429965985705,0.0
2013-02-13 03:24,0.7060845774106251,0.0
2013-02-13 03:34,0.6826882726017361,0.0
2013-02-13 03:44,0.6010795602459261,0.0
2013-02-13 03:54,0.7008235885154644,0.0
2013-02-13 04:04,0.7622073022475345,0.0
2013-02-13 04:14,0.5458764666268962,0.0
2013-02-13 04:24,0.6391878592779555,0.0
2013-02-13 04:34,0.7635555164159555,0.0
2013-02-13 04:44,0.7482831533170713,0.0
2013-02-13 04:54,0.6582238573244679,0.0
2013-02-13 05:04,0.7828824904841386,0.0
2013-02-13 05:14,0.6996618801643679,0.0
2013-02-13 05:24,0.8679026374481168,0.0
2013-02-13 05:34,0.9499250851617475,0.0
2013-02-13 05:44,0.8774748658111219,0.0
2013-02-13 05:54,1.0035420490737916,0.0
2013-02-13 06:04,0.8601102458230306,0.0
2013-02-13 06:14,0.8866996508880746,0.0
2013-02-13 06:24,1.01616856975609,0.0
2013-02-13 06:34,1.0193318235923228,0.0
2013-02-13 06:44,0.9359626288378998,0.0
2013-02-13 06:54,0.9108357664439565,0.0
2013-02-13 07:04,0.9754390852525986,0.0
2013-02-13 07:14,0.9468150007891335,0.0
2013-02-13 07:24,1.0237539776647897,0.0
2013-02-13 07:34,0.9586766863678724,0.0
2013-02-13 07:44,0.7947848149679787,0.0
2013-02-13 07:54,0.7354340012448802,0.0
2013-02-13 08:04,0.8940766056146009,0.0
2013-02-13 08:14,0.8787388836152034,0.0
2013-02-13 08:24,0.8080533682016716,0.0
2013-02-13 08:34,0.9381743881833986,0.0
2013-02-13 08:44,0.9591042947298503,0.0
2013-02-13 08:54,0.8113758175973174,0.0
2013-02-13 09:04,0.8172135928815559,0.0
2013-02-13 09:14,0.6668820183987176,0.0
2013-02-13 09:24,0.8131969186297813,0.0
2013-02-13 09:34,0.6934051221929615,0.0
2013-02-13 09:44,0.5904550445994065,0.0
2013-02-13 09:54,0.708258686284257,0.0
2013-02-13 10:04,0.7001421706846365,0.0
2013-02-13 10:14,0.7605613445160869,0.0
2013-02-13 15:44,0.37277107485532146,0.0
2013-02-13 15:54,0.6126913223229952,0.0
2013-02-13 16:04,0.5203505711607308,0.0
2013-02-13 16:14,0.6504607699262014,0.0
2013-02-13 16:24,0.7435451196289035,0.0
2013-02-13 16:34,0.6320949865274392,0.0
2013-02-13 16:44,0.654593031401097,0.0
2013-02-13 16:54,0.6153650232570561,0.0
2013-02-13 17:04,0.6272641288897495,0.0
2013-02-13 17:14,0.6149374519783393,0.0
2013-02-13 17:24,0.6762873764365943,0.0
2013-02-13 17:34,0.6588161298693016,0.0
2013-02-13 17:44,0.7469210837814718,0.0
2013-02-13 17:54,0.7982256079117664,0.0
2013-02-13 18:04,0.7442842627039321,0.0
2013-02-13 18:14,0.7656619955281626,0.0
2013-02-13 18:24,0.813058034057755,0.0
2013-02-13 18:34,0.7783966594873619,0.0
2013-02-13 18:44,0.677968663872272,0.0
2013-02-13 18:54,0.7201162778333304,0.0
2013-02-13 19:04,0.719948833580239,0.0
2013-02-13 19:14,0.8109426638858046,0.0
2013-02-13 19:24,0.7558871600692609,0.0
2013-02-13 19:34,0.6887616759017015,0.0
2013-02-13 19:44,0.7196510646611843,0.0
2013-02-13 19:54,0.6537223395018749,0.0
2013-02-13 20:04,0.7525879357167088,0.0
2013-02-13 20:14,0.8026130123591397,0.0
2013-02-13 20:24,0.72673421731923,0.0
2013-02-13 20:34,0.7235531541865533,0.0
2013-02-13 20:44,0.7462347237813273,0.0
2013-02-13 20:54,0.6108302734045005,0.0
2013-02-13 21:04,0.6391959624055534,0.0
2013-02-13 21:14,0.6886880878873397,0.0
2013-02-13 21:24,0.6307110264834597,0.0
2013-02-13 21:34,0.7152819126205923,0.0
2013-02-13 21:44,0.7530868198066787,0.0
2013-02-13 21:54,0.7261961022997843,0.0
2013-02-13 22:04,0.6970515349647828,0.0
2013-02-13 22:14,0.7219206824997151,0.0
2013-02-13 22:24,0.5853793239672085,0.0
2013-02-14 03:54,0.6633013165726321,0.0
2013-02-14 04:04,0.3836287334367132,0.0
2013-02-14 04:14,0.44543321488650495,0.0
2013-02-14 04:24,0.5457493022229857,0.0
2013-02-14 04:34,0.584458019932414,0.0
2013-02-14 04:44,0.6327564892239828,0.0
2013-02-14 04:54,0.6336618940398395,0.0
2013-02-14 05:04,0.6436683700353611,0.0
2013-02-14 05:14,0.6437983093297878,0.0
2013-02-14 05:24,0.6216667215159414,0.0
2013-02-14 05:34,0.6650369504815775,0.0
2013-02-14 05:44,0.7522676793746701,0.0
2013-02-14 05:54,0.7969703757028893,0.0
2013-02-14 06:04,0.8081179852080518,0.0
2013-02-14 06:14,0.8524474058329897,0.0
2013-02-14 06:24,0.6478116497687179,0.0
2013-02-14 06:34,0.6859142124486992,0.0
2013-02-14 06:44,0.8664809037050901,0.0
2013-02-14 06:54,0.8392180724385078,0.0
2013-02-14 07:04,0.8259420908953351,0.0
2013-02-14 07:14,0.9711091154409325,0.0
2013-02-14 07:24,0.8907900719447696,0.0
2013-02-14 07:34,0.8861827667781242,0.0
2013-02-14 07:44,1.0195954363173836,0.0
2013-02-14 07:54,0.8703852729978889,0.0
2013-02-14 08:04,0.8623791023750278,0.0
2013-02-14 08:14,0.9005711961213634,0.0
2013-02-14 08:24,0.9202115916188871,0.0
2013-02-14 08:34,0.958215834386892,0.0
2013-02-14 08:44,0.8496192636476911,0.0
2013-02-14 08:54,0.8989099569680132,0.0
2013-02-14 09:04,0.7312912935205227,0.0
2013-02-14 09:14,0.694202257965279,0.0
2013-02-14 09:24,0.7640536461532583,0.0
2013-02-14 09:34,0.8844325369512744,0.0
2013-02-14 09:44,0.7484090667428244,0.0
2013-02-14 09:54,0.6534801463260789,0.0
2013-02-14 10:04,0.7315600529106415,0.0
2013-02-14 10:14,0.7266241062380517,0.0
2013-02-14 10:24,2.275551895571842,0.0
2013-02-14 10:34,0.5597367270699846,0.0
2013-02-14 10:44,0.6039626566770676,0.0
2013-02-14 16:14,0.34380910045083385,0.0
2013-02-14 16:24,0.6638049926354513,0.0
2013-02-14 16:34,0.5861990310593596,0.0
2013-02-14 16:44,0.7175722412508262,0.0
2013-02-14 16:54,0.7360349485605172,0.0
2013-02-14 17:04,0.7218678847744038,0.0
2013-02-14 17:14,0.852055430987267,0.0
2013-02-14 17:24,0.7659933527147,0.0
2013-02-14 17:34,0.6326673728413567,0.0
2013-02-14 17:44,0.6380714833213625,0.0
2013-02-14 17:54,0.7341476258649285,0.0
2013-02-14 18:04,0.9772173124988826,0.0
2013-02-14 18:14,1.0165017620050472,0.0
2013-02-14 18:24,1.0040664677744686,0.0
2013-02-14 18:34,0.7983355760706486,0.0
2013-02-14 18:44,0.9688501672612805,0.0
2013-02-14 18:54,0.9713824502944709,0.0
2013-02-14 19:04,0.9741261198832828,0.0
2013-02-14 19:14,1.0318494477035847,0.0
2013-02-14 19:24,0.9648866200739511,0.0
2013-02-14 19:34,0.9295538848332183,0.0
2013-02-14 19:44,0.8634283812949591,0.0
2013-02-14 19:54,0.915556801168066,0.0
2013-02-14 20:04,0.9480486068016516,0.0
2013-02-14 20:14,0.9455118769915098,0.0
2013-02-14 20:24,0.9079755955287497,0.0
2013-02-14 20:34,0.8701920142944815,0.0
2013-02-14 20:44,0.9774794504284053,0.0
2013-02-14 20:54,0.9085436510592186,0.0
2013-02-14 21:04,0.8485463423645396,0.0
2013-02-14 21:14,0.8135493849126156,0.0
2013-02-14 21:24,0.7761566682731608,0.0
2013-02-14 21:34,0.8035271833755436,0.0
2013-02-14 21:44,0.7953218479275677,0.0
2013-02-14 21:54,0.7544258858557096,0.0
2013-02-14 22:04,0.7712933884648987,0.0
2013-02-14 22:14,0.6986444824649539,0.0
2013-02-14 22:24,0.5763808882967533,0.0
2013-02-14 22:34,0.8365119047262755,0.0
2013-02-14 22:44,0.8129303465320762,0.0
2013-02-14 22:54,0.6631670459467397,0.0
2013-02-14 23:04,0.47790598570924003,0.0
2013-02-15 04:34,0.5958544464942751,0.0
2013-02-15 04:44,0.4360370813632267,0.0
2013-02-15 04:54,0.7128103489709672,0.0
2013-02-15 05:04,0.5428513710445012,0.0
2013-02-15 05:14,0.7323160703217234,0.0
2013-02-15 05:24,0.8011145156913413,0.0
2013-02-15 05:34,0.6289367430935233,0.0
2013-02-15 05:44,0.6821677586542048,0.0
2013-02-15 05:54,0.5717376029703762,0.0
2013-02-15 06:04,0.6174460002942014,0.0
2013-02-15 06:14,0.7508009811876507,0.0
2013-02-15 06:24,0.8529348239990621,0.0
2013-02-15 06:34,0.9326175029488573,0.0
2013-02-15 06:44,0.6090462859759846,0.0
2013-02-15 06:54,0.8375307842247416,0.0
2013-02-15 07:04,0.9234375942918988,0.0
2013-02-15 07:14,0.9585848316918378,0.0
2013-02-15 07:24,0.8182555445757023,0.0
2013-02-15 07:34,0.874601197128203,0.0
2013-02-15 07:44,0.6857132075069612,0.0
2013-02-15 07:54,0.9510682224966148,0.0
2013-02-15 08:04,0.7853480404550512,0.0
2013-02-15 08:14,0.8956383983266214,0.0
2013-02-15 08:24,0.8813549561921975,0.0
2013-02-15 08:34,0.8803501844370544,0.0
2013-02-15 08:44,0.9309240371607306,0.0
2013-02-15 08:54,0.7529310746832856,0.0
2013-02-15 09:04,0.7955582614816481,0.0
2013-02-15 09:14,0.8505553935812527,0.0
2013-02-15 09:24,0.7482671513063243,0.0
2013-02-15 09:34,0.7285556055989123,0.0
2013-02-15 09:44,0.812117529033179,0.0
2013-02-15 09:54,0.7359994842469164,0.0
2013-02-15 10:04,0.8538903983049944,0.0
2013-02-15 10:14,0.7192089293404169,0.0
2013-02-15 10:24,0.8064288043426363,0.0
2013-02-15 10:34,0.7531975256639475,0.0
2013-02-15 10:44,0.7589453352172487,0.0
2013-02-15 10:54,0.7386517274056837,0.0
2013-02-15 11:04,0.7470377204566294,0.0
2013-02-15 11:14,0.412491508753853,0.0
2013-02-15 11:24,0.3978177975899201,0.0
2013-02-15 16:44,0.4017381731060023,0.0
2013-02-15 16:54,0.47802079560307237,0.0
2013-02-15 17:04,0.698370790801081,0.0
2013-02-15 17:14,0.5428935073117739,0.0
2013-02-15 17:24,0.7597956893138974,0.0
2013-02-15 17:34,0.8237537130875043,0.0
2013-02-15 17:44,0.7655479824414748,0.0
2013-02-15 17:54,0.7787509220550635,0.0
2013-02-15 18:04,0.8154651669790357,0.0
2013-02-15 18:14,0.6952724665517609,0.0
2013-02-15 18:24,0.8869491206833571,0.0
2013-02-15 18:34,0.7989989851338746,0.0
2013-02-15 18:44,0.9243202039142342,0.0
2013-02-15 18:54,0.8646687772801743,0.0
2013-02-15 19:04,0.8954703305916216,0.0
2013-02-15 19:14,0.865957774079255,0.0
2013-02-15 19:24,0.9815406028444894,0.0
2013-02-15 19:34,0.7864507108629024,0.0
2013-02-15 19:44,0.9647343681092413,0.0
2013-02-15 19:54,0.8052267357296773,0.0
2013-02-15 20:04,0.8966640083795502,0.0
2013-02-15 20:14,0.8476166852425118,0.0
2013-02-15 20:24,0.9350720017433282,0.0
2013-02-15 20:34,0.8729639078135207,0.0
2013-02-15 20:44,0.6532935398165348,0.0
2013-02-15 20:54,0.8313853192016131,0.0
2013-02-15 21:04,0.8156630436272404,0.0
2013-02-15 21:14,0.8339801933621389,0.0
2013-02-15 21:24,0.9716538307130235,0.0
2013-02-15 21:34,0.8968593364617752,0.0
2013-02-15 21:44,0.9215740829582956,0.0
2013-02-15 21:54,0.8157064975019805,0.0
2013-02-15 22:04,0.8092888596630681,0.0
2013-02-15 22:14,0.9524695880389166,0.0
2013-02-15 22:24,0.694565767421344,0.0
2013-02-15 22:34,0.8112587733217909,0.0
2013-02-15 22:44,0.8142480850795136,0.0
2013-02-15 22:54,0.9500544105627073,0.0
2013-02-15 23:04,0.7367681679974565,0.0
2013-02-15 23:14,0.8756736254440023,0.0
2013-02-15 23:24,0.8124136549534945,0.0
2013-02-15 23:34,0.5511687461374061,0.0
2013-02-16 05:04,0.46264029684456154,0.0
2013-02-16 05:14,0.735395314170867,0.0
2013-02-16 05:24,0.715976626637258,0.0
2013-02-16 05:34,0.8012646345312772,0.0
2013-02-16 05:44,0.9122896363024884,0.0
2013-02-16 05:54,0.8932050901509307,0.0
2013-02-16 06:04,0.9418534360125036,0.0
2013-02-16 06:14,0.8683820202532061,0.0
2013-02-16 06:24,0.8527282835142984,0.0
2013-02-16 06:34,0.7965153122724252,0.0
2013-02-16 06:44,0.9410920017273257,0.0
2013-02-16 06:54,0.7945546777602996,0.0
2013-02-16 07:04,0.7184367600453433,0.0
2013-02-16 07:14,0.8144069479124343,0.0
2013-02-16 07:24,0.8125986169743011,0.0
2013-02-16 07:34,0.9904081956518703,0.0
2013-02-16 07:44,0.8555650805230147,0.0
2013-02-16 07:54,0.7738811803268227,0.0
2013-02-16 08:04,0.8901723836863538,0.0
2013-02-16 08:14,0.9368604461793,0.0
2013-02-16 08:24,0.8884887576375348,0.0
2013-02-16 08:34,1.0263874090963234,0.0
2013-02-16 08:44,0.8819657637690622,0.0
2013-02-16 08:54,0.9217869162959829,0.0
2013-02-16 09:04,0.8113401198138058,0.0
2013-02-16 09:14,0.962084522374043,0.0
2013-02-16 09:24,0.939765645314088,0.0
2013-02-16 09:34,0.8342105026875629,0.0
2013-02-16 09:44,0.8758438061031381,0.0
2013-02-16 09:54,0.9292233039395964,0.0
2013-02-16 10:04,0.943876227398361,0.0
2013-02-16 10:14,1.0574459289382077,0.0
2013-02-16 10:24,0.8997719645100466,0.0
2013-02-16 10:34,0.9311411267859546,0.0
2013-02-16 10:44,1.0412972725993057,0.0
2013-02-16 10:54,0.9831369988317705,0.0
2013-02-16 11:04,1.0273982130166084,0.0
2013-02-16 11:14,1.0417034377256122,0.0
2013-02-16 11:24,0.8170466481787213,0.0
2013-02-16 11:34,0.9545302765435181,0.0
2013-02-16 11:44,0.7569979952712096,0.0
2013-02-16 11:54,0.9201878465253271,0.0
2013-02-16 12:04,0.8079752053025182,0.0
2013-02-16 17:14,0.7512442845516267,0.0
2013-02-16 17:24,0.7420780193279761,0.0
2013-02-16 17:34,0.884336869618692,0.0
2013-02-16 17:44,0.9117965065601448,0.0
2013-02-16 17:54,0.9332729986434058,0.0
2013-02-16 18:04,0.7419968344712379,0.0
2013-02-16 18:14,0.9212683046954221,0.0
2013-02-16 18:24,0.9237367559641303,0.0
2013-02-16 18:34,0.9139274963229158,0.0
2013-02-16 18:44,0.8552569218769311,0.0
2013-02-16 18:54,0.7910286270020302,0.0
2013-02-16 19:04,0.8045142970266712,0.0
2013-02-16 19:14,0.8995781316556776,0.0
2013-02-16 19:24,0.8293736680558744,0.0
2013-02-16 19:34,0.8079163841450607,0.0
2013-02-16 19:44,0.7503186799399093,0.0
2013-02-16 19:54,0.9122415736488952,0.0
2013-02-16 20:04,0.9132829808753934,0.0
2013-02-16 20:14,0.9266833173895398,0.0
2013-02-16 20:24,0.8234461625586078,0.0
2013-02-16 20:34,0.8186387173881837,0.0
2013-02-16 20:44,0.8105990354775104,0.0
2013-02-16 20:54,0.831374990063816,0.0
2013-02-16 21:04,0.8255567309826741,0.0
2013-02-16 21:14,0.8532384917573983,0.0
2013-02-16 21:24,0.9348330294197241,0.0
2013-02-16 21:34,0.8835253945248318,0.0
2013-02-16 21:44,0.7411278782914013,0.0
2013-02-16 21:54,0.9119986909944198,0.0
2013-02-16 22:04,0.7341121510957296,0.0
2013-02-16 22:14,0.8895328947560995,0.0
2013-02-16 22:24,0.797907342905746,0.0
2013-02-16 22:34,0.8203598911000386,0.0
2013-02-16 22:44,0.906000882297313,0.0
2013-02-16 22:54,0.9033926270712749,0.0
2013-02-16 23:04,0.864028594615574,0.0
2013-02-16 23:14,1.016772010688337,0.0
2013-02-16 23:24,0.7893630664061653,0.0
2013-02-16 23:34,0.9828841459065192,0.0
2013-02-16 23:44,0.97512224891775,0.0
2013-02-17 00:04,0.975453389817555,0.0
2013-02-17 00:14,0.7360363809513613,0.0
2013-02-17 00:24,0.7498532981192474,0.0
2013-02-17 05:24,1.1558518274157257,0.0
2013-02-17 05:34,0.7850953328108128,0.0
2013-02-17 05:44,0.7758739863046361,0.0
2013-02-17 05:54,1.0064830877449347,0.0
2013-02-17 06:04,0.8781938731480271,0.0
2013-02-17 06:14,1.0233465243785582,0.0
2013-02-17 06:24,1.0431099858247597,0.0
2013-02-17 06:34,1.0701608523798474,0.0
2013-02-17 06:44,0.9561552432133292,0.0
2013-02-17 06:54,0.9723141065869653,0.0
2013-02-17 07:04,0.9734864990901259,0.0
2013-02-17 07:14,0.8918475197748597,0.0
2013-02-17 07:24,0.794617979369233,0.0
2013-02-17 07:34,0.8698337754133139,0.0
2013-02-17 07:44,0.7937138593775613,0.0
2013-02-17 07:54,0.7922092030540044,0.0
2013-02-17 08:04,0.836491374776114,0.0
2013-02-17 08:14,0.7587401300863077,0.0
2013-02-17 08:24,0.7468960934619571,0.0
2013-02-17 08:34,0.7952457413414232,0.0
2013-02-17 08:44,0.7167086556862112,0.0
2013-02-17 08:54,0.5836658336250928,0.0
2013-02-17 09:04,0.5521327457017898,0.0
2013-02-17 09:14,0.5107986353235127,0.0
2013-02-17 09:24,0.8704530096764761,0.0
2013-02-17 09:34,0.8505150039187275,0.0
2013-02-17 09:44,0.5440713864145619,0.0
2013-02-17 09:54,0.5743893028529031,0.0
2013-02-17 10:04,0.8516369128664129,0.0
2013-02-17 10:14,0.8477983688902762,0.0
2013-02-17 10:24,0.5209639718299712,0.0
2013-02-17 10:34,0.6321097169462542,0.0
2013-02-17 10:44,0.5798701756588497,0.0
2013-02-17 10:54,0.5849765226767777,0.0
2013-02-17 11:04,0.6509530727685116,0.0
2013-02-17 11:14,0.6522853699209264,0.0
2013-02-17 11:24,0.622202071323816,0.0
2013-02-17 11:34,0.5619259674124313,0.0
2013-02-17 11:44,0.7106825206096897,0.0
2013-02-17 11:54,0.828090853634277,0.0
2013-02-17 12:04,0.6959414199509809,0.0
2013-02-17 12:14,0.3561232988066043,0.0
2013-02-17 12:24,0.8490011029384609,0.0
2013-02-17 12:34,0.8720822845648805,0.0
2013-02-17 12:44,0.8791105909556853,0.0
2013-02-17 12:54,0.8670518471495882,0.0
2013-02-17 17:34,0.414250890565047,0.0
2013-02-17 17:44,0.32487547583964227,0.0
2013-02-17 17:54,0.8306281547327169,0.0
2013-02-17 18:04,0.7989729518137455,0.0
2013-02-17 18:14,0.6180172383622461,0.0
2013-02-17 18:24,0.6797071038990516,0.0
2013-02-17 18:34,0.8173828027377252,0.0
2013-02-17 18:44,0.6328998722552958,0.0
2013-02-17 18:54,0.7629108339639855,0.0
2013-02-17 19:04,0.6212659008763386,0.0
2013-02-17 19:14,0.6656613355483915,0.0
2013-02-17 19:24,0.6804479461620822,0.0
2013-02-17 19:34,0.6363182808192756,0.0
2013-02-17 19:44,0.6172117007114978,0.0
2013-02-17 19:54,0.4552132174698433,0.0
2013-02-17 20:04,0.5513478098038844,0.0
2013-02-17 20:14,0.6062142687349448,0.0
2013-02-17 20:24,0.6379236748005884,0.0
2013-02-17 20:34,0.6510713902554561,0.0
2013-02-17 20:44,0.6220147201031127,0.0
2013-02-17 20:54,0.6333317754978574,0.0
2013-02-17 21:04,0.5170311543398308,0.0
2013-02-17 21:14,0.5396701843247858,0.0
2013-02-17 21:24,0.6667473984681325,0.0
2013-02-17 21:34,0.5661137419037315,0.0
2013-02-17 21:44,0.6178748926246979,0.0
2013-02-17 21:54,0.3977176641858484,0.0
2013-02-17 22:04,0.6385368511466529,0.0
2013-02-17 22:14,0.5622490850142269,0.0
2013-02-17 22:24,0.5297278620089695,0.0
2013-02-17 22:34,0.5114815698919802,0.0
2013-02-17 22:44,0.5768931967656654,0.0
2013-02-17 22:54,0.6729948864323418,0.0
2013-02-17 23:04,0.595647640388301,0.0
2013-02-17 23:14,0.5708301413766822,0.0
2013-02-17 23:24,0.5678341258043879,0.0
2013-02-17 23:34,0.5273219655912862,0.0
2013-02-17 23:44,0.626116460264927,0.0
2013-02-18 00:04,0.6693284539659964,0.0
2013-02-18 00:14,0.6482707740151498,0.0
2013-02-18 00:24,0.4539848592458963,0.0
2013-02-18 00:34,0.6150710491154997,0.0
2013-02-18 00:44,0.46398105734879724,0.0
2013-02-18 00:54,0.6001490547573182,0.0
2013-02-18 01:04,0.6964447609855992,0.0
2013-02-18 01:14,0.6418777097457906,0.0
2013-02-18 01:24,0.6333946686311686,0.0
2013-02-18 06:04,0.5715530513042245,0.0
2013-02-18 06:14,0.6546709785580442,0.0
2013-02-18 06:24,0.37507494213872994,0.0
2013-02-18 06:34,0.6051178801516923,0.0
2013-02-18 06:44,0.6084358660792201,0.0
2013-02-18 06:54,0.48840495740188533,0.0
2013-02-18 07:04,0.6306875264497709,0.0
2013-02-18 07:14,0.6098128024905611,0.0
2013-02-18 07:24,0.5930998702902615,0.0
2013-02-18 07:34,0.7055924025950681,0.0
2013-02-18 07:44,0.6143596132318131,0.0
2013-02-18 07:54,0.6968778356919325,0.0
2013-02-18 08:04,0.6393329860235527,0.0
2013-02-18 08:14,0.6278872900752556,0.0
2013-02-18 08:24,0.7108610015989357,0.0
2013-02-18 08:34,0.7343643924062034,0.0
2013-02-18 08:44,0.7393725561786375,0.0
2013-02-18 08:54,0.7453896058812443,0.0
2013-02-18 09:04,0.7678128186006223,0.0
2013-02-18 09:14,0.702150022045954,0.0
2013-02-18 09:24,0.7474406695259797,0.0
2013-02-18 09:34,0.7277046175049305,0.0
2013-02-18 09:44,0.7383988285023786,0.0
2013-02-18 09:54,0.7777530612104993,0.0
2013-02-18 10:04,0.6342199925439798,0.0
2013-02-18 10:14,0.7582017241901886,0.0
2013-02-18 10:24,0.6368789825924468,0.0
2013-02-18 10:34,0.5934331281112845,0.0
2013-02-18 10:44,0.5676691277403857,0.0
2013-02-18 10:54,0.6977895907431515,0.0
2013-02-18 11:04,0.6288376184697682,0.0
2013-02-18 11:14,0.6212088718165423,0.0
2013-02-18 11:24,0.4499405963093865,0.0
2013-02-18 11:34,0.49376806898795195,0.0
2013-02-18 11:44,0.7298964729086771,0.0
2013-02-18 11:54,0.7390671512120375,0.0
2013-02-18 12:04,0.6807765116428175,0.0
2013-02-18 12:14,0.6936106072860214,0.0
2013-02-18 12:24,0.6614890972473336,0.0
2013-02-18 12:34,0.7060345766579869,0.0
2013-02-18 12:44,0.7064747066039939,0.0
2013-02-18 12:54,0.8278844243587948,0.0
2013-02-18 13:04,0.5748448680185864,0.0
2013-02-18 13:14,0.5098999006514252,0.0
2013-02-18 13:24,0.7857284972505985,0.0
2013-02-18 13:34,0.7729062070831036,0.0
2013-02-18 13:44,2.768877826160856,0.0
2013-02-18 13:54,0.3893301090754576,0.0
2013-02-18 18:14,0.6747928985631978,0.0
2013-02-18 18:24,0.5814959838739043,0.0
2013-02-18 18:34,0.48121427524097854,0.0
2013-02-18 18:44,0.715786130141422,0.0
2013-02-18 18:54,0.7514224509890542,0.0
2013-02-18 19:04,0.6994844123233144,0.0
2013-02-18 19:14,0.7122419532704726,0.0
2013-02-18 19:24,0.48180765462981545,0.0
2013-02-18 19:34,0.706808550878636,0.0
2013-02-18 19:44,0.6658519123555829,0.0
2013-02-18 19:54,0.7584024737061167,0.0
2013-02-18 20:04,0.7140476296613263,0.0
2013-02-18 20:14,0.857825303638396,0.0
2013-02-18 20:24,0.7161428397878439,0.0
2013-02-18 20:34,0.6820326618328268,0.0
2013-02-18 20:44,0.7990312718034047,0.0
2013-02-18 20:54,0.7642272231594461,0.0
2013-02-18 21:04,0.6581526421638183,0.0
2013-02-18 21:14,0.7774750721532155,0.0
2013-02-18 21:24,0.7711317475189416,0.0
2013-02-18 21:34,0.6103502364117825,0.0
2013-02-18 21:44,0.6482729255209074,0.0
2013-02-18 21:54,0.7856384141887549,0.0
2013-02-18 22:04,0.744280955269402,0.0
2013-02-18 22:14,0.6444753430643976,0.0
2013-02-18 22:24,0.6962089632425847,0.0
2013-02-18 22:34,0.6308901095117473,0.0
2013-02-18 22:44,0.7970976515530791,0.0
2013-02-18 22:54,0.705847168573464,0.0
2013-02-18 23:04,0.6516982891905102,0.0
2013-02-18 23:14,0.6404431077236568,0.0
2013-02-18 23:24,0.7129698070673011,0.0
2013-02-18 23:34,0.6339157053110583,0.0
2013-02-18 23:44,0.6427525276343001,0.0
2013-02-19 00:04,0.6851983688717046,0.0
2013-02-19 00:14,0.6748137186168915,0.0
2013-02-19 00:24,0.639190375072795,0.0
2013-02-19 00:34,0.6210113581195267,0.0
2013-02-19 00:44,0.7044992055076001,0.0
2013-02-19 00:54,0.7279958625320779,0.0
2013-02-19 01:04,0.7249860343982107,0.0
2013-02-19 01:14,0.6348279201337999,0.0
2013-02-19 01:24,0.5014712243692709,0.0
2013-02-19 01:34,0.655330387383598,0.0
2013-02-19 01:44,0.7761454385605648,0.0
2013-02-19 01:54,0.6400640254924035,0.0
2013-02-19 02:04,0.38098621531392934,0.0
2013-02-19 02:14,0.46922617494653845,0.0
2013-02-19 02:24,0.6321398334803949,0.0
2013-02-19 02:34,0.7434076110827658,0.0
2013-02-19 02:44,0.6980499572312635,0.0
2013-02-19 06:54,0.356043030596195,0.0
2013-02-19 07:04,0.709911297662747,0.0
2013-02-19 07:14,0.6324078511586356,0.0
2013-02-19 07:24,0.6954943956802794,0.0
2013-02-19 07:34,0.4434563665574448,0.0
2013-02-19 07:44,0.7060176651400053,0.0
2013-02-19 07:54,0.6831558492056532,0.0
2013-02-19 08:04,0.6652857708925263,0.0
2013-02-19 08:14,0.6087551386096381,0.0
2013-02-19 08:24,0.711699899690755,0.0
2013-02-19 08:34,0.7028277942730465,0.0
2013-02-19 08:44,0.6101133968358853,0.0
2013-02-19 08:54,0.6946665517866634,0.0
2013-02-19 09:04,0.5055098749764884,0.0
2013-02-19 09:14,0.7556745476616644,0.0
2013-02-19 09:24,0.6381459605507438,0.0
2013-02-19 09:34,0.5496556243958396,0.0
2013-02-19 09:44,0.6640960817936911,0.0
2013-02-19 09:54,0.5979859427820854,0.0
2013-02-19 10:04,0.6921065472074167,0.0
2013-02-19 10:14,0.6602377610989305,0.0
2013-02-19 10:24,0.6157393898212681,0.0
2013-02-19 10:34,0.6738961793617964,0.0
2013-02-19 10:44,0.6739480933485961,0.0
2013-02-19 10:54,0.7112120025079794,0.0
2013-02-19 11:04,0.6479357211092921,0.0
2013-02-19 11:14,0.722859403391955,0.0
2013-02-19 11:24,0.6081091109766409,0.0
2013-02-19 11:34,0.46957244025453115,0.0
2013-02-19 11:44,0.6867537125094725,0.0
2013-02-19 11:54,0.608964295456161,0.0
2013-02-19 12:04,0.5826528680824002,0.0
2013-02-19 12:14,0.6681758984783976,0.0
2013-02-19 12:24,0.7326478449812639,0.0
2013-02-19 12:34,0.7457423749547775,0.0
2013-02-19 12:44,0.6514792579638755,0.0
2013-02-19 12:54,0.6488763507793218,0.0
2013-02-19 13:04,0.6805568743729371,0.0
2013-02-19 13:14,0.7446685571504259,0.0
2013-02-19 13:24,0.6038330675336675,0.0
2013-02-19 13:34,0.9306475529332509,0.0
2013-02-19 13:44,0.7581346026287493,0.0
2013-02-19 13:54,0.7211498721629758,0.0
2013-02-19 14:04,0.7015011449080929,0.0
2013-02-19 14:14,0.5736352486091426,0.0
2013-02-19 14:24,0.6904332630120611,0.0
2013-02-19 14:34,0.940094675758384,0.0
2013-02-19 14:44,0.6634804578001754,0.0
2013-02-19 14:54,0.6691550816367104,0.0
2013-02-19 15:04,0.7280194489694444,0.0
2013-02-19 15:14,0.7366254332077318,0.0
2013-02-19 15:24,0.7020686007274664,0.0
2013-02-19 15:34,0.6773488016642898,0.0
2013-02-19 15:44,0.6660802507885919,0.0
2013-02-19 19:14,0.6363624270004808,0.0
2013-02-19 19:24,0.7249522909426335,0.0
2013-02-19 19:34,0.7078984189064611,0.0
2013-02-19 19:44,0.7277754920205174,0.0
2013-02-19 19:54,0.7510034143042059,0.0
2013-02-19 20:04,0.8045609779171177,0.0
2013-02-19 20:14,0.5679885863893107,0.0
2013-02-19 20:24,0.8234983837647645,0.0
2013-02-19 20:34,0.7529971268485627,0.0
2013-02-19 20:44,0.6947439864294284,0.0
2013-02-19 20:54,0.584036153761974,0.0
2013-02-19 21:04,0.6972882418636672,0.0
2013-02-19 21:14,0.6458693600514206,0.0
2013-02-19 21:24,0.6805030258044715,0.0
2013-02-19 21:34,0.722772689044906,0.0
2013-02-19 21:44,0.861941584814832,0.0
2013-02-19 21:54,0.7143447109872216,0.0
2013-02-19 22:04,0.7658510094331727,0.0
2013-02-19 22:14,0.6525165157545564,0.0
2013-02-19 22:24,0.802068586686001,0.0
2013-02-19 22:34,0.7112432892486679,0.0
2013-02-19 22:44,0.7994632653352781,0.0
2013-02-19 22:54,0.7956760762039485,0.0
2013-02-19 23:04,0.8469377917791122,0.0
2013-02-19 23:14,0.4793440776291825,0.0
2013-02-19 23:24,0.7995749319794987,0.0
2013-02-19 23:34,0.7480808517658863,0.0
2013-02-19 23:44,0.655562271404112,0.0
2013-02-20 00:04,0.7681695769405528,0.0
2013-02-20 00:14,0.8221933695763083,0.0
2013-02-20 00:24,0.7060985541034616,0.0
2013-02-20 00:34,0.7015663302873045,0.0
2013-02-20 00:44,0.7558850320996164,0.0
2013-02-20 00:54,0.7453635144007681,0.0
2013-02-20 01:04,0.8036153389960573,0.0
2013-02-20 01:14,0.6986810447106815,0.0
2013-02-20 01:24,0.5406659407633706,0.0
2013-02-20 01:34,0.7561459091044139,0.0
2013-02-20 01:44,0.6867593956473698,0.0
2013-02-20 01:54,0.6917803671479796,0.0
2013-02-20 02:04,0.8361414074902729,0.0
2013-02-20 02:14,0.5605143795116316,0.0
2013-02-20 02:24,0.805176056207291,0.0
2013-02-20 02:34,0.8109022773513517,0.0
2013-02-20 02:44,0.7289711019335595,0.0
2013-02-20 02:54,0.5859670049971436,0.0
2013-02-20 03:04,0.7799469509443757,0.0
2013-02-20 03:14,0.7355926783115224,0.0
2013-02-20 03:24,0.6959430058832596,0.0
2013-02-20 03:34,0.5328845560853525,0.0
2013-02-20 03:44,0.7953679070213165,0.0
2013-02-20 03:54,0.8808794369346501,0.0
2013-02-20 04:04,0.8307567083429472,0.0
2013-02-20 04:14,0.8025671397792487,0.0
2013-02-20 04:24,0.8182306520381751,0.0
2013-02-20 08:24,0.7343846122572881,0.0
2013-02-20 08:34,0.6420952407065174,0.0
2013-02-20 08:44,0.5507812528570936,0.0
2013-02-20 08:54,0.8315919264479993,0.0
2013-02-20 09:04,0.8089708621777891,0.0
2013-02-20 09:14,0.7745543357774117,0.0
2013-02-20 09:24,0.6652090952594892,0.0
2013-02-20 09:34,0.9170708731388911,0.0
2013-02-20 09:44,0.8681665779230513,0.0
2013-02-20 09:54,0.7351652752737067,0.0
2013-02-20 10:04,0.8066402075065848,0.0
2013-02-20 10:14,0.8664061814728546,0.0
2013-02-20 10:24,0.8590543593228026,0.0
2013-02-20 10:34,0.8474048712691953,0.0
2013-02-20 10:44,0.790756060231681,0.0
2013-02-20 10:54,0.8057272183470262,0.0
2013-02-20 11:04,0.7787218844122272,0.0
2013-02-20 11:14,0.7949885847539613,0.0
2013-02-20 11:24,0.7382276327884255,0.0
2013-02-20 11:34,0.8001748356140067,0.0
2013-02-20 11:44,0.5974325550173918,0.0
2013-02-20 11:54,0.7970510024092624,0.0
2013-02-20 12:04,0.7372665677848151,0.0
2013-02-20 12:14,0.7549226075721289,0.0
2013-02-20 12:24,0.7569937256810404,0.0
2013-02-20 12:34,0.6360644539919436,0.0
2013-02-20 12:44,0.6534847388338564,0.0
2013-02-20 12:54,0.5608283890237099,0.0
2013-02-20 13:04,0.7546472675474512,0.0
2013-02-20 13:14,0.6624044513066117,0.0
2013-02-20 13:24,0.7317091791906392,0.0
2013-02-20 13:34,0.7268563024107626,0.0
2013-02-20 13:44,0.7038589118461085,0.0
2013-02-20 13:54,0.7082792453685661,0.0
2013-02-20 14:04,0.8013385557096784,0.0
2013-02-20 14:14,0.6765091679062626,0.0
2013-02-20 14:24,0.792448939359018,0.0
2013-02-20 14:34,0.766764847820572,0.0
2013-02-20 14:44,0.7113212674346078,0.0
2013-02-20 14:54,0.7677361410230836,0.0
2013-02-20 15:04,0.7394140650856813,0.0
2013-02-20 15:14,0.5834336620189375,0.0
2013-02-20 15:24,0.7447643590817757,0.0
2013-02-20 15:34,0.5875026732232893,0.0
2013-02-20 15:44,0.6679144809670777,0.0
2013-02-20 15:54,0.6576908047850833,0.0
2013-02-20 16:04,0.5921846052692368,0.0
2013-02-20 16:14,0.6302145717762492,0.0
2013-02-20 16:24,0.5761960932962862,0.0
2013-02-20 16:34,0.5837043096047799,0.0
2013-02-20 16:44,0.5504276147064493,0.0
2013-02-20 16:54,0.5697094547818345,0.0
2013-02-20 17:04,0.5520536981527976,0.0
2013-02-20 21:04,0.5102268519559945,0.0
2013-02-20 21:14,0.44557716266731384,0.0
2013-02-20 21:24,0.45685291555440183,0.0
2013-02-20 21:34,0.4933754917906364,0.0
2013-02-20 21:44,0.39626460984431805,0.0
2013-02-20 21:54,0.4634364678086037,0.0
2013-02-20 22:04,0.42792135446287294,0.0
2013-02-20 22:14,0.7055994438028602,0.0
2013-02-20 22:24,0.5336661228076126,0.0
2013-02-20 22:34,0.6496260796331524,0.0
2013-02-20 22:44,0.75038263623278,0.0
2013-02-20 22:54,0.6117500326948263,0.0
2013-02-20 23:04,0.8826564862625372,0.0
2013-02-20 23:14,0.6967521246963461,0.0
2013-02-20 23:24,0.7656832472387316,0.0
2013-02-20 23:34,0.6875610787332442,0.0
2013-02-20 23:44,0.7927942807551566,0.0
2013-02-21 00:04,0.5596860991444745,0.0
2013-02-21 00:14,0.7564090285878787,0.0
2013-02-21 00:24,0.886453166186003,0.0
2013-02-21 00:34,0.8695725131993766,0.0
2013-02-21 00:44,0.9016929626249544,0.0
2013-02-21 00:54,0.9155686020028767,0.0
2013-02-21 01:04,0.9006588795132953,0.0
2013-02-21 01:14,0.9031858389136613,0.0
2013-02-21 01:24,0.8922994051105706,0.0
2013-02-21 01:34,0.8323767827135777,0.0
2013-02-21 01:44,0.9020805287024325,0.0
2013-02-21 01:54,0.7520537061341851,0.0
2013-02-21 02:04,0.8661998640178644,0.0
2013-02-21 02:14,0.8753820508043855,0.0
2013-02-21 02:24,0.6860925553713515,0.0
2013-02-21 02:34,0.6259988615359003,0.0
2013-02-21 02:44,0.7772942024065363,0.0
2013-02-21 02:54,0.8050760490698686,0.0
2013-02-21 03:04,0.6291981372433293,0.0
2013-02-21 03:14,0.6708922934658768,0.0
2013-02-21 03:24,0.6766045147118233,0.0
2013-02-21 03:34,0.824828920586653,0.0
2013-02-21 03:44,0.8213871144116971,0.0
2013-02-21 03:54,0.6572278201404185,0.0
2013-02-21 04:04,0.6520184295456246,0.0
2013-02-21 04:14,0.6975178711547574,0.0
2013-02-21 04:24,0.6808667314351601,0.0
2013-02-21 04:34,0.8165031712886655,0.0
2013-02-21 04:44,0.7505513252309767,0.0
2013-02-21 04:54,0.7917884260713722,0.0
2013-02-21 05:04,0.7406470240307499,0.0
2013-02-21 05:14,0.787779277376308,0.0
2013-02-21 05:24,1.3473035236277668,0.0
2013-02-21 10:04,1.080105072343453,0.0
2013-02-21 10:14,0.5677162263976043,0.0
2013-02-21 10:24,0.5832110971605962,0.0
2013-02-21 10:34,0.5781167445128386,0.0
2013-02-21 10:44,1.04260353194052,0.0
2013-02-21 10:54,1.1212891274099146,0.0
2013-02-21 11:04,0.6165572491307758,0.0
2013-02-21 11:14,0.5753101589252837,0.0
2013-02-21 11:24,1.136178640043075,0.0
2013-02-21 11:34,1.033829885755104,0.0
2013-02-21 11:44,1.0196373258487499,0.0
2013-02-21 11:54,1.0163197846499676,0.0
2013-02-21 12:04,1.0237255009782185,0.0
2013-02-21 12:14,1.049280663898285,0.0
2013-02-21 12:24,0.5075538699258703,0.0
2013-02-21 12:34,0.5192179827550765,0.0
2013-02-21 12:44,0.4082277478046377,0.0
2013-02-21 12:54,0.5398196988739422,0.0
2013-02-21 13:04,0.8627224382516239,0.0
2013-02-21 13:14,0.8581453301094928,0.0
2013-02-21 13:24,0.492134870054293,0.0
2013-02-21 13:34,0.9157021548758436,0.0
2013-02-21 13:44,0.9248521020239399,0.0
2013-02-21 13:54,0.5051856009151896,0.0
2013-02-21 14:04,0.6417699592464725,0.0
2013-02-21 14:14,0.6301717444215034,0.0
2013-02-21 14:24,0.5835701221468492,0.0
2013-02-21 14:34,0.697957712075195,0.0
2013-02-21 14:44,1.0661175064605908,0.0
2013-02-21 14:54,0.6491634229851324,0.0
2013-02-21 15:04,1.051617190208994,0.0
2013-02-21 15:14,1.0900227477753395,0.0
2013-02-21 15:24,1.045019541591702,0.0
2013-02-21 15:34,1.0655256574679477,0.0
2013-02-21 15:44,0.6268665946578568,0.0
2013-02-21 15:54,0.5823030123899398,0.0
2013-02-21 16:04,0.6071321794755495,0.0
2013-02-21 16:14,0.6034763513656703,0.0
2013-02-21 16:24,1.0464676123788186,0.0
2013-02-21 16:34,1.0943231036097485,0.0
2013-02-21 16:44,0.6588102578005252,0.0
2013-02-21 16:54,0.6429868070157333,0.0
2013-02-21 17:04,0.6437656804194745,0.0
2013-02-21 17:14,0.6778056091289656,0.0
2013-02-21 17:24,1.1300678528978927,0.0
2013-02-21 17:34,0.9263192395359823,0.0
2013-02-21 17:44,0.506950900469477,0.0
2013-02-21 17:54,1.0858554110930856,0.0
2013-02-21 22:34,0.7819417173046846,0.0
2013-02-21 22:44,0.8342378496948396,0.0
2013-02-21 22:54,1.4834887637296037,0.0
2013-02-21 23:04,0.8137877895574759,0.0
2013-02-21 23:14,0.7521532467702607,0.0
2013-02-21 23:24,0.8046019653682053,0.0
2013-02-21 23:34,0.7561837107732964,0.0
2013-02-21 23:44,0.7998316302309433,0.0
2013-02-22 00:04,0.8354616475133746,0.0
2013-02-22 00:14,0.8837307875586232,0.0
2013-02-22 00:24,0.8552317804485348,0.0
2013-02-22 00:34,0.6659254577461143,0.0
2013-02-22 00:44,0.8072838847748336,0.0
2013-02-22 00:54,0.808387940796639,0.0
2013-02-22 01:04,0.7508121636619886,0.0
2013-02-22 01:14,0.734799240971302,0.0
2013-02-22 01:24,0.7312345996271793,0.0
2013-02-22 01:34,1.13070465744227,0.0
2013-02-22 01:44,0.7218295342132222,0.0
2013-02-22 01:54,0.7516324034282543,0.0
2013-02-22 02:04,0.9815908040041552,0.0
2013-02-22 02:14,1.0963918240988737,0.0
2013-02-22 02:24,0.7570828280237936,0.0
2013-02-22 02:34,0.8013837852321077,0.0
2013-02-22 02:44,0.8252544481534881,0.0
2013-02-22 02:54,0.8395832048257148,0.0
2013-02-22 03:04,0.7748058302965952,0.0
2013-02-22 03:14,0.9343414387861906,0.0
2013-02-22 03:24,1.4443288897164395,0.0
2013-02-22 03:34,0.874467059375619,0.0
2013-02-22 03:44,0.9668579774890326,0.0
2013-02-22 03:54,1.4354024546459931,0.0
2013-02-22 04:04,0.9835485132226958,0.0
2013-02-22 04:14,0.7022166129923763,0.0
2013-02-22 04:24,1.0504263660049147,0.0
2013-02-22 04:34,1.7269947458659634,0.0
2013-02-22 04:44,1.115094419156539,0.0
2013-02-22 04:54,1.9929056008965913,0.0
2013-02-22 05:04,1.6597777393115418,0.0
2013-02-22 05:14,1.8213099767801753,0.0
2013-02-22 05:24,0.7713856465740517,0.0
2013-02-22 05:34,0.7302010032715834,0.0
2013-02-22 05:44,0.8086454483404727,0.0
2013-02-22 05:54,1.4933961359629466,0.0
2013-02-22 06:04,1.1210428948570192,0.0
2013-02-22 06:14,0.5703355653051476,0.0
2013-02-22 11:14,0.9144226496090861,0.0
2013-02-22 11:24,0.47672442577714497,0.0
2013-02-22 11:34,0.62248595857559,0.0
2013-02-22 11:44,0.657449397823368,0.0
2013-02-22 11:54,0.6446190383735717,0.0
2013-02-22 12:04,0.9598449449286841,0.0
2013-02-22 12:14,0.624918812786961,0.0
2013-02-22 12:24,0.976317920350937,0.0
2013-02-22 12:34,0.7257683508610175,0.0
2013-02-22 12:44,0.5073778881043097,0.0
2013-02-22 12:54,0.901578986963541,0.0
2013-02-22 13:04,0.5882603684345027,0.0
2013-02-22 13:14,0.7858878636670693,0.0
2013-02-22 13:24,0.7761567795805137,0.0
2013-02-22 13:34,0.5633565629276212,0.0
2013-02-22 13:44,0.7645501723380436,0.0
2013-02-22 13:54,0.77123583416905,0.0
2013-02-22 14:04,0.823582337389013,0.0
2013-02-22 14:14,0.6069868107329205,0.0
2013-02-22 14:24,0.6498625726671247,0.0
2013-02-22 14:34,0.8045453415254187,0.0
2013-02-22 14:44,0.7994028983971951,0.0
2013-02-22 14:54,0.5789592270136068,0.0
2013-02-22 15:04,0.6115920430475829,0.0
2013-02-22 15:14,0.5931670710087132,0.0
2013-02-22 15:24,1.112060818432619,0.0
2013-02-22 15:34,0.6459441686318868,0.0
2013-02-22 15:44,0.9635447879064718,0.0
2013-02-22 15:54,1.1402703108956833,0.0
2013-02-22 16:04,1.0847274186127986,0.0
2013-02-22 16:14,0.6889549855608011,0.0
2013-02-22 16:24,1.1549802163465883,0.0
2013-02-22 16:34,0.9484649893006076,0.0
2013-02-22 16:44,0.6613406576422479,0.0
2013-02-22 16:54,1.2301315517389115,0.0
2013-02-22 17:04,0.8224481215472985,0.0
2013-02-22 17:14,0.7788843436864872,0.0
2013-02-22 17:24,0.6181596966351833,0.0
2013-02-22 17:34,0.6272847790547459,0.0
2013-02-22 17:44,0.6534579432493094,0.0
2013-02-22 17:54,0.6359263853984629,0.0
2013-02-22 18:04,0.5338366138935895,0.0
2013-02-22 18:14,0.591227340204389,0.0
2013-02-22 18:24,0.34193846396861227,0.0
2013-02-22 18:34,0.4996706361895243,0.0
2013-02-22 23:34,0.5801884873413489,0.0
2013-02-22 23:44,0.5018795665625918,0.0
2013-02-23 00:04,0.39121047750879573,0.0
2013-02-23 00:14,0.6644169911314861,0.0
2013-02-23 00:24,0.5428859888004056,0.0
2013-02-23 00:34,0.5978878154013002,0.0
2013-02-23 00:44,0.863326520804118,0.0
2013-02-23 00:54,0.856059382145393,0.0
2013-02-23 01:04,1.0451386029160816,0.0
2013-02-23 01:14,1.22008565269981,0.0
2013-02-23 01:24,0.7124520061534791,0.0
2013-02-23 01:34,0.5653417204869292,0.0
2013-02-23 01:44,1.080509573564054,0.0
2013-02-23 01:54,0.7325733586956479,0.0
2013-02-23 02:04,1.0096036085191988,0.0
2013-02-23 02:14,0.7975573976265247,0.0
2013-02-23 02:24,1.075163736202359,0.0
2013-02-23 02:34,1.0884921102117673,0.0
2013-02-23 02:44,1.0974128997978734,0.0
2013-02-23 02:54,1.0896771466979336,0.0
2013-02-23 03:04,0.727398159131664,0.0
2013-02-23 03:14,0.9257619406999449,0.0
2013-02-23 03:24,0.6160130949925615,0.0
2013-02-23 03:34,0.6362087989890529,0.0
2013-02-23 03:44,0.49685069102495166,0.0
2013-02-23 03:54,0.6966409077667258,0.0
2013-02-23 04:04,0.5955189064596651,0.0
2013-02-23 04:14,0.5933005980703114,0.0
2013-02-23 04:24,0.45088780859467575,0.0
2013-02-23 04:34,0.4297782879597888,0.0
2013-02-23 04:44,0.7105585040564422,0.0
2013-02-23 04:54,0.6625534321639921,0.0
2013-02-23 05:04,0.405399091475185,0.0
2013-02-23 05:14,0.5710659481296796,0.0
2013-02-23 05:24,0.3974558053991868,0.0
2013-02-23 05:34,0.5582910025341875,0.0
2013-02-23 05:44,0.5609599026451865,0.0
2013-02-23 05:54,0.607165531351433,0.0
2013-02-23 06:04,0.5315913248067904,0.0
2013-02-23 06:14,0.32661856131367994,0.0
2013-02-23 06:24,0.6160298510079759,0.0
2013-02-23 06:34,0.5637126198333949,0.0
2013-02-23 06:44,0.6490884295405223,0.0
2013-02-23 12:14,0.2401777021391693,0.0
2013-02-23 12:24,0.33415045492001544,0.0
2013-02-23 12:34,0.3153738549453435,0.0
2013-02-23 12:44,0.579563925882642,0.0
2013-02-23 12:54,0.5652697184503058,0.0
2013-02-23 13:04,0.4411218052219709,0.0
2013-02-23 13:14,0.57063911447406,0.0
2013-02-23 13:24,0.5802391750836179,0.0
2013-02-23 13:34,0.5828091475982918,0.0
2013-02-23 13:44,0.5807188540663539,0.0
2013-02-23 13:54,0.4181806322931561,0.0
2013-02-23 14:04,0.5966521535164641,0.0
2013-02-23 14:14,0.6578010892658195,0.0
2013-02-23 14:24,0.4440510622025661,0.0
2013-02-23 14:34,0.5678236423223737,0.0
2013-02-23 14:44,0.6363647556561055,0.0
2013-02-23 14:54,0.654282107143767,0.0
2013-02-23 15:04,0.6488050498748661,0.0
2013-02-23 15:14,0.6043353793869407,0.0
2013-02-23 15:24,0.6657260597367477,0.0
2013-02-23 15:34,0.3534705964142511,0.0
2013-02-23 15:44,0.4320560707773046,0.0
2013-02-23 15:54,0.6304004295575144,0.0
2013-02-23 16:04,0.6134018069550432,0.0
2013-02-23 16:14,0.6424955652543624,0.0
2013-02-23 16:24,0.6775283837124907,0.0
2013-02-23 16:34,0.5897450477915738,0.0
2013-02-23 16:44,0.6855357200938982,0.0
2013-02-23 16:54,0.6518500574164132,0.0
2013-02-23 17:04,0.6401205605688197,0.0
2013-02-23 17:14,0.6218671367245727,0.0
2013-02-23 17:24,0.6479451949082656,0.0
2013-02-23 17:34,0.6187373882991131,0.0
2013-02-23 17:44,0.6558692672166381,0.0
2013-02-23 17:54,0.4492674776486642,0.0
2013-02-23 18:04,0.5137517142441091,0.0
2013-02-23 18:14,0.6802356213932323,0.0
2013-02-23 18:24,0.5842660011529817,0.0
2013-02-23 18:34,0.72538476704309,0.0
2013-02-23 18:44,0.3505319813489297,0.0
2013-02-23 18:54,0.7081015188733568,0.0
2013-02-23 19:04,2.5635249356518917,0.0
2013-02-24 00:24,0.3442822090765636,0.0
2013-02-24 00:34,0.5977985804897201,0.0
2013-02-24 00:44,0.6673915342339425,0.0
2013-02-24 00:54,0.7436567751358802,0.0
2013-02-24 01:04,0.4951967824145333,0.0
2013-02-24 01:14,0.6053345032313184,0.0
2013-02-24 01:24,0.6186129945945918,0.0
2013-02-24 01:34,0.752877520468256,0.0
2013-02-24 01:44,0.7307186852300545,0.0
2013-02-24 01:54,0.8852588263766893,0.0
2013-02-24 02:04,0.4714641166668936,0.0
2013-02-24 02:14,0.5445864402187766,0.0
2013-02-24 02:24,0.7943145118187765,0.0
2013-02-24 02:34,0.768872269198506,0.0
2013-02-24 02:44,0.7424268934718447,0.0
2013-02-24 02:54,0.7320619336279626,0.0
2013-02-24 03:04,0.7438836931238629,0.0
2013-02-24 03:14,0.7337010290675923,0.0
2013-02-24 03:24,0.7956709733153225,0.0
2013-02-24 03:34,0.7835393420159601,0.0
2013-02-24 03:44,0.8645738330570253,0.0
2013-02-24 03:54,0.7758759896911351,0.0
2013-02-24 04:04,0.7378834605859806,0.0
2013-02-24 04:14,0.8233941672146564,0.0
2013-02-24 04:24,0.819682993561553,0.0
2013-02-24 04:34,0.7682423385001317,0.0
2013-02-24 04:44,0.6310133177113606,0.0
2013-02-24 04:54,0.6199213306117358,0.0
2013-02-24 05:04,0.7790656636126485,0.0
2013-02-24 05:14,0.7964437554101387,0.0
2013-02-24 05:24,0.7353810001641837,0.0
2013-02-24 05:34,0.5952969389246845,0.0
2013-02-24 05:44,0.7444024956929862,0.0
2013-02-24 05:54,0.5088529654585282,0.0
2013-02-24 06:04,0.7118600164470951,0.0
2013-02-24 06:14,0.540328657451021,0.0
2013-02-24 06:24,0.46222140504223824,0.0
2013-02-24 06:34,0.6506814777226967,0.0
2013-02-24 06:44,0.6282923345997081,0.0
2013-02-24 06:54,0.6004951827958004,0.0
2013-02-24 07:04,0.6435598591578906,0.0
2013-02-24 07:14,0.6635939305459553,0.0
2013-02-24 07:24,0.6150074531825646,0.0
2013-02-24 12:54,0.4113590849516208,0.0
2013-02-24 13:04,0.5301689051384527,0.0
2013-02-24 13:14,0.6541092133048114,0.0
2013-02-24 13:24,0.5462282007127234,0.0
2013-02-24 13:34,0.8584211631152509,0.0
2013-02-24 13:44,0.8130564456846188,0.0
2013-02-24 13:54,0.48012985533930347,0.0
2013-02-24 14:04,1.1985345903146667,0.0
2013-02-24 14:14,1.1957461405011736,0.0
2013-02-24 14:24,1.025661740765082,0.0
2013-02-24 14:34,1.1436865911412282,0.0
2013-02-24 14:44,1.0189127754041793,0.0
2013-02-24 14:54,0.5995092505290128,0.0
2013-02-24 15:04,1.0671516361012108,0.0
2013-02-24 15:14,1.0425520053566066,0.0
2013-02-24 15:24,0.9921526415145424,0.0
2013-02-24 15:34,1.219997026063456,0.0
2013-02-24 15:44,1.2841298141018394,0.0
2013-02-24 15:54,1.0975383972881458,0.0
2013-02-24 16:04,1.0428923139516275,0.0
2013-02-24 16:14,0.9152843669712866,0.0
2013-02-24 16:24,1.2300259219570335,0.0
2013-02-24 16:34,1.1005742893786539,0.0
2013-02-24 16:44,0.814279362745586,0.0
2013-02-24 16:54,1.1745073669013584,0.0
2013-02-24 17:04,0.5528450081335361,0.0
2013-02-24 17:14,0.9323966985483663,0.0
2013-02-24 17:24,1.016006784035633,0.0
2013-02-24 17:34,0.4320693124683133,0.0
2013-02-24 17:44,0.648635904602364,0.0
2013-02-24 17:54,0.5382751732597428,0.0
2013-02-24 18:04,0.5451612049343941,0.0
2013-02-24 18:14,0.32387115103340114,0.0
2013-02-24 18:24,0.32193641253147626,0.0
2013-02-24 18:34,0.45747472199262323,0.0
2013-02-24 18:44,0.5389246720415948,0.0
2013-02-24 18:54,0.5131267462623567,0.0
2013-02-24 19:04,0.5371962583958529,0.0
2013-02-24 19:14,0.3677168125502327,0.0
2013-02-24 19:24,0.5179577587499126,0.0
2013-02-24 19:34,0.3836172446534641,0.0
2013-02-25 01:04,0.4506445965825889,0.0
2013-02-25 01:14,0.586765810268444,0.0
2013-02-25 01:24,0.3110332316528493,0.0
2013-02-25 01:34,0.43767449109897855,0.0
2013-02-25 01:44,0.4116662689708507,0.0
2013-02-25 01:54,0.6413126659340112,0.0
2013-02-25 02:04,0.8928357791180909,0.0
2013-02-25 02:14,0.6108262544782186,0.0
2013-02-25 02:24,1.3047011507390454,0.0
2013-02-25 02:34,0.7250992426397621,0.0
2013-02-25 02:44,0.6588037715144699,0.0
2013-02-25 02:54,0.7483160434590295,0.0
2013-02-25 03:04,1.2852881322417722,0.0
2013-02-25 03:14,0.7039044528808495,0.0
2013-02-25 03:24,1.43765034362666,0.0
2013-02-25 03:34,1.4074389586632037,0.0
2013-02-25 03:44,0.8365313317029858,0.0
2013-02-25 03:54,0.7469626195085094,0.0
2013-02-25 04:04,1.473248980513234,0.0
2013-02-25 04:14,1.4304263568048174,0.0
2013-02-25 04:24,1.289884168128409,0.0
2013-02-25 04:34,1.3887434817766842,0.0
2013-02-25 04:44,0.8843126246479445,0.0
2013-02-25 04:54,0.8045265159667931,0.0
2013-02-25 05:04,1.3043360518394314,0.0
2013-02-25 05:14,1.0578974889735133,0.0
2013-02-25 05:24,1.2847089840113595,0.0
2013-02-25 05:34,1.3967533459406678,0.0
2013-02-25 05:44,1.394335848444761,0.0
2013-02-25 05:54,1.3668287046141387,0.0
2013-02-25 06:04,0.7308194855425453,0.0
2013-02-25 06:14,0.828414267573849,0.0
2013-02-25 06:24,1.251367065293155,0.0
2013-02-25 06:34,0.7608490203722846,0.0
2013-02-25 06:44,0.6315815731673464,0.0
2013-02-25 06:54,0.5761778241409785,0.0
2013-02-25 07:04,0.5431122325591801,0.0
2013-02-25 07:14,0.517212081337445,0.0
2013-02-25 07:24,0.4909546064796046,0.0
2013-02-25 07:34,0.5120273022679179,0.0
2013-02-25 07:44,0.4829439240142755,0.0
2013-02-25 07:54,0.5007954054680099,0.0
2013-02-25 13:34,0.40301443302355205,0.0
2013-02-25 13:44,0.9037012376045964,0.0
2013-02-25 13:54,0.8443517861296382,0.0
2013-02-25 14:04,1.1604838392357653,0.0
2013-02-25 14:14,1.6826594347169928,0.0
2013-02-25 14:24,0.9426453841272233,0.0
2013-02-25 14:34,1.7078936116869392,0.0
2013-02-25 14:44,1.732394363215571,0.0
2013-02-25 14:54,0.9201241654820234,0.0
2013-02-25 15:04,1.394256763021335,0.0
2013-02-25 15:14,1.490390221995666,0.0
2013-02-25 15:24,1.5130208600190518,0.0
2013-02-25 15:34,1.5475350796800291,0.0
2013-02-25 15:44,1.6618429924648752,0.0
2013-02-25 15:54,1.6270661716383068,0.0
2013-02-25 16:04,0.9298874025790522,0.0
2013-02-25 16:14,1.2962466812957694,0.0
2013-02-25 16:24,1.2983101536582227,0.0
2013-02-25 16:34,1.306129429276306,0.0
2013-02-25 16:44,1.3895925854354407,0.0
2013-02-25 16:54,0.8176460567523275,0.0
2013-02-25 17:04,1.512247285764564,0.0
2013-02-25 17:14,1.5322382860960813,0.0
2013-02-25 17:24,1.2567235001124064,0.0
2013-02-25 17:34,1.5014705120888654,0.0
2013-02-25 17:44,1.0779767110050538,0.0
2013-02-25 17:54,1.1142235331457777,0.0
2013-02-25 18:04,0.6590077924487787,0.0
2013-02-25 18:14,1.42051767453264,0.0
2013-02-25 18:24,0.9982866094591856,0.0
2013-02-25 18:34,0.6581402602744676,0.0
2013-02-25 18:44,0.6227721149339008,0.0
2013-02-25 18:54,0.39030498627265847,0.0
2013-02-25 19:04,0.4803208233603276,0.0
2013-02-25 19:14,0.38927331540091986,0.0
2013-02-25 19:24,0.5462542739041654,0.0
2013-02-25 19:34,0.5281373968697339,0.0
2013-02-25 19:44,0.3359207393867436,0.0
2013-02-25 19:54,0.3458032857653952,0.0
2013-02-25 20:04,0.2732872801412545,0.0
2013-02-25 20:14,0.5001375928128658,0.0
2013-02-26 01:44,0.4776811764502629,0.0
2013-02-26 01:54,0.43968948906257466,0.0
2013-02-26 02:04,0.5131417113029239,0.0
2013-02-26 02:14,0.572970693413438,0.0
2013-02-26 02:24,0.4635624534362812,0.0
2013-02-26 02:34,0.4928017380578562,0.0
2013-02-26 02:44,0.8223528602924192,0.0
2013-02-26 02:54,0.7137100328729772,0.0
2013-02-26 03:04,1.0300941092429432,0.0
2013-02-26 03:14,2.146087103835857,0.0
2013-02-26 03:24,2.4342996641243237,0.0
2013-02-26 03:34,2.197491972325518,0.0
2013-02-26 03:44,2.327004601609687,0.0
2013-02-26 03:54,1.2921665425916735,0.0
2013-02-26 04:04,2.0650650197331872,0.0
2013-02-26 04:14,1.1266574635179993,0.0
2013-02-26 04:24,1.8406549504973562,0.0
2013-02-26 04:34,1.1028725766160898,0.0
2013-02-26 04:44,1.269424287019091,0.0
2013-02-26 04:54,1.8537045019250324,0.0
2013-02-26 05:04,1.8491354460510991,0.0
2013-02-26 05:14,1.9833955235462226,0.0
2013-02-26 05:24,1.9669937875795533,0.0
2013-02-26 05:34,1.757786973202494,0.0
2013-02-26 05:44,1.4616166171973806,0.0
2013-02-26 05:54,1.7644598482490423,0.0
2013-02-26 06:04,1.4779074175728757,0.0
2013-02-26 06:14,0.7154984130378654,0.0
2013-02-26 06:24,0.8065003750159372,0.0
2013-02-26 06:34,0.5082556343701335,0.0
2013-02-26 06:44,0.6737087099192498,0.0
2013-02-26 06:54,0.3232938463172375,0.0
2013-02-26 07:04,0.37619757389512515,0.0
2013-02-26 07:14,0.5657585292450377,0.0
2013-02-26 07:24,0.48922114794470817,0.0
2013-02-26 07:34,0.3057624816802097,0.0
2013-02-26 07:44,0.4822827329052511,0.0
2013-02-26 07:54,0.36425230442284084,0.0
2013-02-26 08:04,0.3522383604236697,0.0
2013-02-26 08:14,0.24629125537947882,0.0
2013-02-26 08:24,0.4380285260575075,0.0
2013-02-26 14:14,0.5933758642187744,0.0
2013-02-26 14:24,0.3008253778590088,0.0
2013-02-26 14:34,0.5095500435783652,0.0
2013-02-26 14:44,0.7644083711267935,0.0
2013-02-26 14:54,0.7769828232071185,0.0
2013-02-26 15:04,1.0825206405577577,0.0
2013-02-26 15:14,0.7617917272046589,0.0
2013-02-26 15:24,0.7520937031830455,0.0
2013-02-26 15:34,1.155422733989383,0.0
2013-02-26 15:44,1.1286293864330035,0.0
2013-02-26 15:54,1.145981080830162,0.0
2013-02-26 16:04,0.8060814730912731,0.0
2013-02-26 16:14,0.8189096295790241,0.0
2013-02-26 16:24,1.101075434349037,0.0
2013-02-26 16:34,1.1663523448598336,0.0
2013-02-26 16:44,1.2952968188287717,0.0
2013-02-26 16:54,1.0630952649651628,0.0
2013-02-26 17:04,1.050795930296827,0.0
2013-02-26 17:14,1.0524245023299668,0.0
2013-02-26 17:24,0.8508401694491236,0.0
2013-02-26 17:34,0.7499161491317391,0.0
2013-02-26 17:44,0.8503637125486612,0.0
2013-02-26 17:54,0.6997322161106376,0.0
2013-02-26 18:04,0.6894963110210952,0.0
2013-02-26 18:14,0.7175502097135662,0.0
2013-02-26 18:24,0.582819567048925,0.0
2013-02-26 18:34,0.6228235354480407,0.0
2013-02-26 18:44,0.7141066080731938,0.0
2013-02-26 18:54,0.5440314542749627,0.0
2013-02-26 19:04,0.6202593010940156,0.0
2013-02-26 19:14,0.5645290561628327,0.0
2013-02-26 19:24,0.6116902235798451,0.0
2013-02-26 19:34,0.6014704827726374,0.0
2013-02-26 19:44,0.5255810791797969,0.0
2013-02-26 19:54,0.6214780302280248,0.0
2013-02-26 20:04,0.6515456263819897,0.0
2013-02-26 20:14,0.6069200987291246,0.0
2013-02-26 20:24,0.6702975041694865,0.0
2013-02-26 20:34,0.3323056337010671,0.0
2013-02-26 20:44,0.6228546979146344,0.0
2013-02-27 02:14,0.5491615336760708,0.0
2013-02-27 02:24,0.4934409860838948,0.0
2013-02-27 02:34,0.5326449199324347,0.0
2013-02-27 02:44,0.7601278986067627,0.0
2013-02-27 02:54,0.8445506425853135,0.0
2013-02-27 03:04,1.1099034780334998,0.0
2013-02-27 03:14,1.078036966548047,0.0
2013-02-27 03:24,1.092794453015692,0.0
2013-02-27 03:34,1.2031366191658754,0.0
2013-02-27 03:44,1.0697242613799882,0.0
2013-02-27 03:54,1.141689619270177,0.0
2013-02-27 04:04,1.0874587528863773,0.0
2013-02-27 04:14,1.0417327088146804,0.0
2013-02-27 04:24,1.1023354235400178,0.0
2013-02-27 04:34,1.2996466465450116,0.0
2013-02-27 04:44,1.252398562005,0.0
2013-02-27 04:54,1.0292276921709889,0.0
2013-02-27 05:04,1.2077554406841662,0.0
2013-02-27 05:14,1.2346849204087649,0.0
2013-02-27 05:24,1.2389592534542249,0.0
2013-02-27 05:34,1.2329217167960658,0.0
2013-02-27 05:44,1.3653247774508257,0.0
2013-02-27 05:54,1.1958178248915707,0.0
2013-02-27 06:04,1.2723962927894574,0.0
2013-02-27 06:14,1.3616725551379167,0.0
2013-02-27 06:24,1.1462118945411652,0.0
2013-02-27 06:34,1.5747010137301172,0.0
2013-02-27 06:44,1.4148605048956695,0.0
2013-02-27 06:54,1.2688403949920213,0.0
2013-02-27 07:04,1.047220479673473,0.0
2013-02-27 07:14,0.83739351011948,0.0
2013-02-27 07:24,0.971074338689014,0.0
2013-02-27 07:34,0.6404504184767873,0.0
2013-02-27 07:44,0.5842810742451272,0.0
2013-02-27 07:54,0.6882097020383796,0.0
2013-02-27 08:04,0.6619818129433701,0.0
2013-02-27 08:14,0.5843433894359646,0.0
2013-02-27 08:24,0.39470428561600884,0.0
2013-02-27 08:34,0.665516552563397,0.0
2013-02-27 08:44,0.5908550387417274,0.0
2013-02-27 08:54,0.6021788612727363,0.0
2013-02-27 09:04,0.35444322151558155,0.0
2013-02-27 14:44,0.7240017713367072,0.0
2013-02-27 14:54,0.3251585974169478,0.0
2013-02-27 15:04,0.7971382230085606,0.0
2013-02-27 15:14,0.826623681687728,0.0
2013-02-27 15:24,1.0886721825016266,0.0
2013-02-27 15:34,1.025373975134866,0.0
2013-02-27 15:44,1.1740031095657528,0.0
2013-02-27 15:54,1.2739762096529874,0.0
2013-02-27 16:04,1.0690716225694479,0.0
2013-02-27 16:14,1.2001322228401938,0.0
2013-02-27 16:24,1.0499996911209695,0.0
2013-02-27 16:34,1.234198094396322,0.0
2013-02-27 16:44,1.2801607736704284,0.0
2013-02-27 16:54,1.209685459060248,0.0
2013-02-27 17:04,1.2448891546421061,0.0
2013-02-27 17:14,1.3064957580625733,0.0
2013-02-27 17:24,1.2643688370100743,0.0
2013-02-27 17:34,1.290550862021165,0.0
2013-02-27 17:44,1.1446828032052312,0.0
2013-02-27 17:54,1.3398765308912217,0.0
2013-02-27 18:04,1.2992798935084935,0.0
2013-02-27 18:14,1.2882901073736113,0.0
2013-02-27 18:24,1.3439381979617822,0.0
2013-02-27 18:34,1.4040214851103638,0.0
2013-02-27 18:44,1.2722166249621125,0.0
2013-02-27 18:54,1.297630038939811,0.0
2013-02-27 19:04,1.2284042776736626,0.0
2013-02-27 19:14,1.0755686658539099,0.0
2013-02-27 19:24,1.0447140490179805,0.0
2013-02-27 19:34,1.1429051389833609,0.0
2013-02-27 19:44,1.091229092082084,0.0
2013-02-27 19:54,1.2490630686941373,0.0
2013-02-27 20:04,1.137662943701918,0.0
2013-02-27 20:14,1.4799321769687326,0.0
2013-02-27 20:24,1.067548159076019,0.0
2013-02-27 20:34,0.6931465606725702,0.0
2013-02-27 20:44,1.0530639123603103,0.0
2013-02-27 20:54,1.040429546968879,0.0
2013-02-27 21:04,0.5586030184155957,0.0
2013-02-27 21:14,0.41221661954000194,0.0
2013-02-27 21:24,0.9112822969606901,0.0
2013-02-28 02:54,0.4730151365354697,0.0
2013-02-28 03:04,0.3234001101084791,0.0
2013-02-28 03:14,0.6018763611532182,0.0
2013-02-28 03:24,0.866749074902898,0.0
2013-02-28 03:34,0.9585926305656948,0.0
2013-02-28 03:44,0.9935650309556419,0.0
2013-02-28 03:54,0.9183703880133021,0.0
2013-02-28 04:04,0.910350937229397,0.0
2013-02-28 04:14,0.8558860116421391,0.0
2013-02-28 04:24,0.875967637634442,0.0
2013-02-28 04:34,0.9362603577409705,0.0
2013-02-28 04:44,0.7833556723404328,0.0
2013-02-28 04:54,0.992245094210255,0.0
2013-02-28 05:04,0.9768764085954115,0.0
2013-02-28 05:14,0.888407052783161,0.0
2013-02-28 05:24,1.0247656192593058,0.0
2013-02-28 05:34,0.9483940719477648,0.0
2013-02-28 05:44,0.973222249650681,0.0
2013-02-28 05:54,1.047466103417343,0.0
2013-02-28 06:04,1.1237064776722845,0.0
2013-02-28 06:14,1.0547349213798205,0.0
2013-02-28 06:24,1.0627845482233949,0.0
2013-02-28 06:34,1.036630399927138,0.0
2013-02-28 06:44,0.9483223286310943,0.0
2013-02-28 06:54,1.051861157646768,0.0
2013-02-28 07:04,0.9790965299013598,0.0
2013-02-28 07:14,0.9012346857227516,0.0
2013-02-28 07:24,0.9100512164376815,0.0
2013-02-28 07:34,0.5539635541386102,0.0
2013-02-28 07:44,1.0003999291371335,0.0
2013-02-28 07:54,1.0267055795640028,0.0
2013-02-28 08:04,0.9546713304688722,0.0
2013-02-28 08:14,0.8104391389811327,0.0
2013-02-28 08:24,1.2527619390961182,0.0
2013-02-28 08:34,0.6283958196274891,0.0
2013-02-28 08:44,1.2573350426077103,0.0
2013-02-28 08:54,1.3985994773255974,0.0
2013-02-28 09:04,1.0659368954448942,0.0
2013-02-28 09:14,1.0638092647916517,0.0
2013-02-28 09:24,1.0338690179791454,0.0
2013-02-28 09:34,0.7370231778015722,0.0
2013-02-28 15:14,0.8016813297835385,0.0
2013-02-28 15:24,0.42717104870589273,0.0
2013-02-28 15:34,0.7681628546646779,0.0
2013-02-28 15:44,0.8358889908089974,0.0
2013-02-28 15:54,0.7924902536414693,0.0
2013-02-28 16:04,0.687396956246536,0.0
2013-02-28 16:14,0.7201743488294595,0.0
2013-02-28 16:24,0.6690073994580608,0.0
2013-02-28 16:34,0.9964356638973519,0.0
2013-02-28 16:44,0.7795095962225973,0.0
2013-02-28 16:54,0.9624358283556612,0.0
2013-02-28 17:04,1.4757778278713618,0.0
2013-02-28 17:14,0.9317117258375516,0.0
2013-02-28 17:24,1.2038771979511718,0.0
2013-02-28 17:34,1.3392859303507016,0.0
2013-02-28 17:44,1.0951234930075067,0.0
2013-02-28 17:54,1.0561559103398486,0.0
2013-02-28 18:04,0.758990683855736,0.0
2013-02-28 18:14,1.3537770532885973,0.0
2013-02-28 18:24,1.2496458681713496,0.0
2013-02-28 18:34,1.0620174760106593,0.0
2013-02-28 18:44,0.7801310811695468,0.0
2013-02-28 18:54,0.8116069749487156,0.0
2013-02-28 19:04,1.2229830186274768,0.0
2013-02-28 19:14,0.810090632566045,0.0
2013-02-28 19:24,1.1356623525582261,0.0
2013-02-28 19:34,1.0258907043463998,0.0
2013-02-28 19:44,0.7881816232601643,0.0
2013-02-28 19:54,0.5993663972812264,0.0
2013-02-28 20:04,0.836462802229525,0.0
2013-02-28 20:14,1.6018512005224324,0.0
2013-02-28 20:24,2.2362347582995565,0.0
2013-02-28 20:34,1.6287932603966824,0.0
2013-02-28 20:44,0.6797465999048274,0.0
2013-02-28 20:54,0.9564493064629973,0.0
2013-02-28 21:04,0.5898138395751963,0.0
2013-02-28 21:14,0.7938885093361424,0.0
2013-02-28 21:24,0.6356037166740415,0.0
2013-02-28 21:34,0.6756259993783835,0.0
2013-02-28 21:44,0.7527568712387197,0.0
2013-02-28 21:54,0.30142414450231764,0.0
2013-03-01 03:34,0.8858145083036321,0.0
2013-03-01 03:44,0.793706273390263,0.0
2013-03-01 03:54,0.743453514909367,0.0
2013-03-01 04:04,1.0384322982164615,0.0
2013-03-01 04:14,1.0761212967973697,0.0
2013-03-01 04:24,1.050256525037544,0.0
2013-03-01 04:34,0.9124479855281009,0.0
2013-03-01 04:44,0.756246957631523,0.0
2013-03-01 04:54,0.763617041847964,0.0
2013-03-01 05:04,0.5013049071377806,0.0
2013-03-01 05:14,0.7721093941986106,0.0
2013-03-01 05:24,0.797032607465617,0.0
2013-03-01 05:34,0.7023923672088226,0.0
2013-03-01 05:44,0.7176490260061003,0.0
2013-03-01 05:54,0.727783496888166,0.0
2013-03-01 06:04,0.5668620383523345,0.0
2013-03-01 06:14,0.7857617206166391,0.0
2013-03-01 06:24,1.5898697027213238,0.0
2013-03-01 06:34,1.1670625987920626,0.0
2013-03-01 06:44,1.2282618153538838,0.0
2013-03-01 06:54,1.0147551988417687,0.0
2013-03-01 07:04,1.3652192259273186,0.0
2013-03-01 07:14,1.0991105142726052,0.0
2013-03-01 07:24,1.1167334373754645,0.0
2013-03-01 07:34,1.013224986981122,0.0
2013-03-01 07:44,0.7869560233874474,0.0
2013-03-01 07:54,1.3196824428115268,0.0
2013-03-01 08:04,1.2326357594396495,0.0
2013-03-01 08:14,1.1393846421711558,0.0
2013-03-01 08:24,1.240320577429694,0.0
2013-03-01 08:34,1.4742520956245795,0.0
2013-03-01 08:44,1.2857916532102749,0.0
2013-03-01 08:54,0.9031704000598858,0.0
2013-03-01 09:04,1.6239827616677094,0.0
2013-03-01 09:14,1.6368563435431842,0.0
2013-03-01 09:24,1.653508490246652,0.0
2013-03-01 09:34,1.1559244736421643,0.0
2013-03-01 09:44,1.5852120635336682,0.0
2013-03-01 09:54,2.162444470386813,0.0
2013-03-01 10:04,1.3454448208080598,0.0
2013-03-01 10:14,1.471909026778159,0.0
2013-03-01 15:54,0.4191686294777485,0.0
2013-03-01 16:04,0.950357921420371,0.0
2013-03-01 16:14,0.629742450656066,0.0
2013-03-01 16:24,0.5537056294240944,0.0
2013-03-01 16:34,0.8038659326650875,0.0
2013-03-01 16:44,1.22193700961125,0.0
2013-03-01 16:54,0.8643321289387719,0.0
2013-03-01 17:04,1.1444204233882111,0.0
2013-03-01 17:14,1.288393687220982,0.0
2013-03-01 17:24,1.3881242107275629,0.0
2013-03-01 17:34,1.353734433512554,0.0
2013-03-01 17:44,1.1971828471364498,0.0
2013-03-01 17:54,1.1904270295164219,0.0
2013-03-01 18:04,0.9988758149610732,0.0
2013-03-01 18:14,0.607047669966602,0.0
2013-03-01 18:24,1.1712401682150444,0.0
2013-03-01 18:34,1.0706546318859478,0.0
2013-03-01 18:44,0.8097526360401982,0.0
2013-03-01 18:54,1.0689499470006514,0.0
2013-03-01 19:04,1.2242271848653818,0.0
2013-03-01 19:14,0.9373587083245583,0.0
2013-03-01 19:24,1.3998934310849156,0.0
2013-03-01 19:34,1.1705722326159118,0.0
2013-03-01 19:44,1.1261961618979694,0.0
2013-03-01 19:54,0.8067540106566473,0.0
2013-03-01 20:04,1.1453548317525022,0.0
2013-03-01 20:14,1.089653293003622,0.0
2013-03-01 20:24,1.0827140662711066,0.0
2013-03-01 20:34,0.8364250015795992,0.0
2013-03-01 20:44,1.1657533133905091,0.0
2013-03-01 20:54,1.3783171550083668,0.0
2013-03-01 21:04,0.8563412473609178,0.0
2013-03-01 21:14,1.905408845015614,0.0
2013-03-01 21:24,1.0527355530033071,0.0
2013-03-01 21:34,0.9139417036029825,0.0
2013-03-01 21:44,1.1554251727877494,0.0
2013-03-01 21:54,1.1843454420037345,0.0
2013-03-01 22:04,0.8814318960617294,0.0
2013-03-01 22:14,0.5926986217971298,0.0
2013-03-01 22:24,0.5160357741997128,0.0
2013-03-01 22:34,0.24568929312983753,0.0
2013-03-02 04:14,0.7549089846290571,0.0
2013-03-02 04:24,0.510543140557316,0.0
2013-03-02 04:34,0.571240537333696,0.0
2013-03-02 04:44,0.7579805497233563,0.0
2013-03-02 04:54,0.8113060703230924,0.0
2013-03-02 05:04,0.6991071212363384,0.0
2013-03-02 05:14,0.675189944255807,0.0
2013-03-02 05:24,0.867853206374922,0.0
2013-03-02 05:34,0.6694953860302778,0.0
2013-03-02 05:44,0.7522718473427769,0.0
2013-03-02 05:54,0.87032258683482,0.0
2013-03-02 06:04,0.774949662305041,0.0
2013-03-02 06:14,0.745433558648037,0.0
2013-03-02 06:24,0.7488488343499702,0.0
2013-03-02 06:34,0.7532261719932503,0.0
2013-03-02 06:44,0.8138575370439568,0.0
2013-03-02 06:54,0.8496558511385183,0.0
2013-03-02 07:04,0.8914207354826474,0.0
2013-03-02 07:14,0.8446379217840364,0.0
2013-03-02 07:24,0.7859435043969197,0.0
2013-03-02 07:34,0.5358277985651859,0.0
2013-03-02 07:44,0.9140131089070667,0.0
2013-03-02 07:54,0.789917106611427,0.0
2013-03-02 08:04,0.8123943198240902,0.0
2013-03-02 08:14,0.9088083597524104,0.0
2013-03-02 08:24,0.9012276123505675,0.0
2013-03-02 08:34,1.0357913810572479,0.0
2013-03-02 08:44,1.0538814816955355,0.0
2013-03-02 08:54,1.0500129260560873,0.0
2013-03-02 09:04,1.0195999731482468,0.0
2013-03-02 09:14,1.215426048437481,0.0
2013-03-02 09:24,1.0324179634195219,0.0
2013-03-02 09:34,1.1730156442375572,0.0
2013-03-02 09:44,1.4109268410934719,0.0
2013-03-02 09:54,1.4149743110443833,0.0
2013-03-02 10:04,1.0185380524826542,0.0
2013-03-02 10:14,0.8369184137215925,0.0
2013-03-02 10:24,0.9808342124047791,0.0
2013-03-02 10:34,0.6996288258578278,0.0
2013-03-02 10:44,0.43671479063412055,0.0
2013-03-02 10:54,0.7433290170046302,0.0
2013-03-02 16:34,0.6199863813052948,0.0
2013-03-02 16:44,0.7752000051282572,0.0
2013-03-02 16:54,0.6662165837730097,0.0
2013-03-02 17:04,0.7830232662341007,0.0
2013-03-02 17:14,0.7704793909157738,0.0
2013-03-02 17:24,0.7830573892251353,0.0
2013-03-02 17:34,0.6907294808851893,0.0
2013-03-02 17:44,0.7638139652597513,0.0
2013-03-02 17:54,0.7010922574316149,0.0
2013-03-02 18:04,0.739303604295159,0.0
2013-03-02 18:14,0.7115439800841129,0.0
2013-03-02 18:24,0.5060986076369781,0.0
2013-03-02 18:34,0.9411962512842849,0.0
2013-03-02 18:44,0.8413573617438325,0.0
2013-03-02 18:54,1.1811139760235951,0.0
2013-03-02 19:04,0.9233909702392719,0.0
2013-03-02 19:14,1.2608891615961415,0.0
2013-03-02 19:24,1.0211035105816189,0.0
2013-03-02 19:34,0.9982114738523331,0.0
2013-03-02 19:44,1.0603713811409392,0.0
2013-03-02 19:54,1.0564056119098817,0.0
2013-03-02 20:04,1.1001489044174477,0.0
2013-03-02 20:14,1.0397151230235555,0.0
2013-03-02 20:24,1.2434314712461931,0.0
2013-03-02 20:34,1.2513300845648925,0.0
2013-03-02 20:44,1.42460772680161,0.0
2013-03-02 20:54,0.8269658233102211,0.0
2013-03-02 21:04,1.712728119696863,0.0
2013-03-02 21:14,1.4561860402395141,0.0
2013-03-02 21:24,1.9998921895137325,0.0
2013-03-02 21:34,0.9030716566435056,0.0
2013-03-02 21:44,1.5341538611630456,0.0
2013-03-02 21:54,1.8944040702719849,0.0
2013-03-02 22:04,1.6049872221948591,0.0
2013-03-02 22:14,1.6017487618980704,0.0
2013-03-02 22:24,1.4935106919292216,0.0
2013-03-02 22:34,1.5064944562677498,0.0
2013-03-02 22:44,0.6260533782571744,0.0
2013-03-02 22:54,1.1735995960184564,0.0
2013-03-02 23:04,1.0949768306247611,0.0
2013-03-02 23:14,0.5185998846936691,0.0
2013-03-03 04:44,0.42042205215350087,0.0
2013-03-03 04:54,0.7465908070371212,0.0
2013-03-03 05:04,0.5827608923260943,0.0
2013-03-03 05:14,0.4021264375826641,0.0
2013-03-03 05:24,0.6357589792579517,0.0
2013-03-03 05:34,0.77847535296224,0.0
2013-03-03 05:44,0.9840439137268379,0.0
2013-03-03 05:54,0.5122757632076843,0.0
2013-03-03 06:04,0.8724037737292727,0.0
2013-03-03 06:14,0.30515127563431294,0.0
2013-03-03 06:24,0.8578524693337364,0.0
2013-03-03 06:34,0.8645959531270179,0.0
2013-03-03 06:44,0.873028988621329,0.0
2013-03-03 06:54,0.8736341061893174,0.0
2013-03-03 07:04,0.7236709179886378,0.0
2013-03-03 07:14,0.8362107626240486,0.0
2013-03-03 07:24,0.8549989698583689,0.0
2013-03-03 07:34,0.8446139265037909,0.0
2013-03-03 07:44,0.7295315957574229,0.0
2013-03-03 07:54,0.6733962589982269,0.0
2013-03-03 08:04,0.8927319802425786,0.0
2013-03-03 08:14,0.461781430581903,0.0
2013-03-03 08:24,0.8758231779025782,0.0
2013-03-03 08:34,0.43511410086394864,0.0
2013-03-03 08:44,0.6929690185044076,0.0
2013-03-03 08:54,0.4127798683329149,0.0
2013-03-03 09:04,0.4675288605622049,0.0
2013-03-03 09:14,0.756168642714396,0.0
2013-03-03 09:24,0.5702570904345499,0.0
2013-03-03 09:34,1.1555184850476845,0.0
2013-03-03 09:44,1.0451055791017538,0.0
2013-03-03 09:54,0.6196577524855488,0.0
2013-03-03 10:04,0.8504697280057358,0.0
2013-03-03 10:14,1.279020078746321,0.0
2013-03-03 10:24,1.1629815405529134,0.0
2013-03-03 10:34,1.2505440183911622,0.0
2013-03-03 10:44,1.006482284142045,0.0
2013-03-03 10:54,0.995947896791332,0.0
2013-03-03 11:04,1.046115052239696,0.0
2013-03-03 11:14,0.5436887375013646,0.0
2013-03-03 11:24,1.1525517947808976,0.0
2013-03-03 11:34,1.155427073504401,0.0
2013-03-03 11:44,1.3669189916062563,0.0
2013-03-03 17:04,1.0411324556958017,0.0
2013-03-03 17:14,0.4818689824990696,0.0
2013-03-03 17:24,1.392944113131758,0.0
2013-03-03 17:34,1.2916794896575035,0.0
2013-03-03 17:44,1.1605713531952517,0.0
2013-03-03 17:54,1.2088493277199939,0.0
2013-03-03 18:04,0.6583655765272095,0.0
2013-03-03 18:14,0.4606061559449776,0.0
2013-03-03 18:24,0.42488425747617087,0.0
2013-03-03 18:34,0.4310359286299902,0.0
2013-03-03 18:44,0.6467995318490161,0.0
2013-03-03 18:54,0.4273703133074348,0.0
2013-03-03 19:04,0.9508091406900632,0.0
2013-03-03 19:14,1.0616708610116607,0.0
2013-03-03 19:24,1.0614277903156522,0.0
2013-03-03 19:34,0.5015451484187231,0.0
2013-03-03 19:44,0.6254964627250318,0.0
2013-03-03 19:54,0.6198711547139167,0.0
2013-03-03 20:04,1.0670404741944093,0.0
2013-03-03 20:14,0.79169405671133,0.0
2013-03-03 20:24,0.6358458304046407,0.0
2013-03-03 20:34,0.943218695612922,0.0
2013-03-03 20:44,0.934295101531758,0.0
2013-03-03 20:54,0.9098360483273368,0.0
2013-03-03 21:04,0.594019715894045,0.0
2013-03-03 21:14,0.638389697459606,0.0
2013-03-03 21:24,0.9002050603847939,0.0
2013-03-03 21:34,0.9980050534447991,0.0
2013-03-03 21:44,0.6551188471989281,0.0
2013-03-03 21:54,0.6348206974655557,0.0
2013-03-03 22:04,1.0035207035518083,0.0
2013-03-03 22:14,0.596707103311352,0.0
2013-03-03 22:24,0.7466434075324583,0.0
2013-03-03 22:34,0.7123749140653314,0.0
2013-03-03 22:44,1.1029440269895494,0.0
2013-03-03 22:54,1.260178868045043,0.0
2013-03-03 23:04,1.4617750241766758,0.0
2013-03-03 23:14,0.8309785149103354,0.0
2013-03-03 23:24,1.540357437029406,0.0
2013-03-03 23:34,1.5384800164390153,0.0
2013-03-03 23:44,0.7686632239723602,0.0
2013-03-04 00:04,0.7919370924453382,0.0
2013-03-04 05:34,0.9903335204949841,0.0
2013-03-04 05:44,0.8967659568102387,0.0
2013-03-04 05:54,0.566123852584165,0.0
2013-03-04 06:04,0.7381079073780595,0.0
2013-03-04 06:14,0.7289851879301397,0.0
2013-03-04 06:24,1.0026302659888024,0.0
2013-03-04 06:34,0.7553760482238974,0.0
2013-03-04 06:44,0.8440331149280113,0.0
2013-03-04 06:54,0.7685594418858637,0.0
2013-03-04 07:04,0.5695351960254073,0.0
2013-03-04 07:14,0.8724358716296869,0.0
2013-03-04 07:24,0.6829886676043072,0.0
2013-03-04 07:34,0.36084521292722527,0.0
2013-03-04 07:44,0.5583270761398899,0.0
2013-03-04 07:54,0.7794981246197297,0.0
2013-03-04 08:04,0.8112222454992875,0.0
2013-03-04 08:14,0.5814239171219744,0.0
2013-03-04 08:24,0.6501195279431539,0.0
2013-03-04 08:34,0.7951055706556253,0.0
2013-03-04 08:44,0.6927395754950447,0.0
2013-03-04 08:54,0.8101110340096381,0.0
2013-03-04 09:04,0.9079460627547901,0.0
2013-03-04 09:14,0.5845816822017098,0.0
2013-03-04 09:24,0.4532025833394247,0.0
2013-03-04 09:34,0.4731464664231438,0.0
2013-03-04 09:44,0.8442819451688207,0.0
2013-03-04 09:54,0.5811655723108652,0.0
2013-03-04 10:04,0.5510270877970921,0.0
2013-03-04 10:14,0.563960770356792,0.0
2013-03-04 10:24,0.5262382868614832,0.0
2013-03-04 10:34,0.5575644767220826,0.0
2013-03-04 10:44,0.8665489972612559,0.0
2013-03-04 10:54,0.6494918343801984,0.0
2013-03-04 11:04,0.7103616220578678,0.0
2013-03-04 11:14,0.9179746776115207,0.0
2013-03-04 11:24,0.726683657079711,0.0
2013-03-04 11:34,0.6701221436648684,0.0
2013-03-04 11:44,1.2400669192168303,0.0
2013-03-04 11:54,1.2515730395995182,0.0
2013-03-04 12:04,0.759296715899849,0.0
2013-03-04 12:14,0.7254698058550701,0.0
2013-03-04 12:24,0.7842736859999874,0.0
2013-03-04 12:34,0.8864024034592322,0.0
2013-03-04 12:44,0.7206662585714826,0.0
2013-03-04 17:44,0.547114739030873,0.0
2013-03-04 17:54,0.6960478162443544,0.0
2013-03-04 18:04,1.205893943561529,0.0
2013-03-04 18:14,0.9515761784108436,0.0
2013-03-04 18:24,0.4219301110513329,0.0
2013-03-04 18:34,0.42146329116746245,0.0
2013-03-04 18:44,0.9559833795486947,0.0
2013-03-04 18:54,0.555863812397564,0.0
2013-03-04 19:04,0.4791841853145679,0.0
2013-03-04 19:14,0.7651590211971306,0.0
2013-03-04 19:24,0.4274415111984474,0.0
2013-03-04 19:34,0.4450127469217884,0.0
2013-03-04 19:44,0.43929336588816803,0.0
2013-03-04 19:54,0.5505295317116397,0.0
2013-03-04 20:04,0.594985967829712,0.0
2013-03-04 20:14,0.6398696996385995,0.0
2013-03-04 20:24,0.9272877015536795,0.0
2013-03-04 20:34,0.6694838918751546,0.0
2013-03-04 20:44,0.8557410788600158,0.0
2013-03-04 20:54,0.44521010368537756,0.0
2013-03-04 21:04,0.3835185150979052,0.0
2013-03-04 21:14,0.5723705520848058,0.0
2013-03-04 21:24,0.519602814792697,0.0
2013-03-04 21:34,1.0409176419985176,0.0
2013-03-04 21:44,0.6074234235905143,0.0
2013-03-04 21:54,0.9232423551036463,0.0
2013-03-04 22:04,0.6605837694907366,0.0
2013-03-04 22:14,0.5404209925255588,0.0
2013-03-04 22:24,0.5686524357154135,0.0
2013-03-04 22:34,0.8157498363601595,0.0
2013-03-04 22:44,0.5973679440359406,0.0
2013-03-04 22:54,0.44693293748758567,0.0
2013-03-04 23:04,0.6352193521567215,0.0
2013-03-04 23:14,0.8538863614041852,0.0
2013-03-04 23:24,0.9664228659380372,0.0
2013-03-04 23:34,0.6655672574817724,0.0
2013-03-04 23:44,0.9830799109261654,0.0
2013-03-05 00:04,1.2017616793906867,0.0
2013-03-05 00:14,0.6505262547713603,0.0
2013-03-05 00:24,1.4053656327471586,0.0
2013-03-05 00:34,0.6426523612514501,0.0
2013-03-05 00:44,0.7097555700732273,0.0
2013-03-05 00:54,0.6499173490940835,0.0
2013-03-05 01:04,0.7140182167939351,0.0
2013-03-05 06:14,0.8221961949443769,0.0
2013-03-05 06:24,0.5339384699399885,0.0
2013-03-05 06:34,0.5960037073815759,0.0
2013-03-05 06:44,1.4330643495012785,0.0
2013-03-05 06:54,0.7828012391539249,0.0
2013-03-05 07:04,0.7860486426859186,0.0
2013-03-05 07:14,0.8965459867306522,0.0
2013-03-05 07:24,1.3199092207433647,0.0
2013-03-05 07:34,0.5639244464438424,0.0
2013-03-05 07:44,0.9582546333358318,0.0
2013-03-05 07:54,0.49754540598498054,0.0
2013-03-05 08:04,0.7225988971103596,0.0
2013-03-05 08:14,0.7209625596636308,0.0
2013-03-05 08:24,1.2719483676055643,0.0
2013-03-05 08:34,0.6746977149162692,0.0
2013-03-05 08:44,1.365185248703328,0.0
2013-03-05 08:54,1.3778591950808572,0.0
2013-03-05 09:04,1.2515440716192268,0.0
2013-03-05 09:14,0.6371027112329793,0.0
2013-03-05 09:24,1.4208068619524301,0.0
2013-03-05 09:34,0.7599392827882016,0.0
2013-03-05 09:44,0.7398661980518958,0.0
2013-03-05 09:54,0.6340346778591988,0.0
2013-03-05 10:04,0.7056276575992996,0.0
2013-03-05 10:14,0.9735122821271924,0.0
2013-03-05 10:24,0.6512097965659707,0.0
2013-03-05 10:34,0.5655512098386262,0.0
2013-03-05 10:44,1.2756415096788747,0.0
2013-03-05 10:54,1.1448923161884503,0.0
2013-03-05 11:04,1.4313398459676496,0.0
2013-03-05 11:14,1.393766040554924,0.0
2013-03-05 11:24,0.64957088000319,0.0
2013-03-05 11:34,0.7713407959915681,0.0
2013-03-05 11:44,1.366917984733431,0.0
2013-03-05 11:54,1.228464576096204,0.0
2013-03-05 12:04,1.102624633401076,0.0
2013-03-05 12:14,1.103994329446685,0.0
2013-03-05 12:24,1.3245362971515746,0.0
2013-03-05 12:34,1.5084032334773774,0.0
2013-03-05 12:44,1.75103185444779,0.0
2013-03-05 12:54,1.7895484929472494,0.0
2013-03-05 13:04,0.6904354151152633,0.0
2013-03-05 13:14,1.9176059344421394,0.0
2013-03-05 13:24,3.726672303545404,0.0
2013-03-05 13:34,0.7048478321856857,0.0
2013-03-05 13:44,2.348136776041585,0.0
2013-03-05 13:54,2.388114692989332,0.0
2013-03-05 18:44,1.4520818908835769,0.0
2013-03-05 18:54,1.453193061374607,0.0
2013-03-05 19:04,0.983139471483712,0.0
2013-03-05 19:14,1.4542577292257843,0.0
2013-03-05 19:24,0.38194702581808254,0.0
2013-03-05 19:34,0.9919125884825208,0.0
2013-03-05 19:44,1.462433862590461,0.0
2013-03-05 19:54,1.4654236315788627,0.0
2013-03-05 20:04,1.0217941319868575,0.0
2013-03-05 20:14,0.7803424632023153,0.0
2013-03-05 20:24,0.8891798850857029,0.0
2013-03-05 20:34,0.2962691837508362,0.0
2013-03-05 20:44,0.60402322758996,0.0
2013-03-05 20:54,1.132110112060429,0.0
2013-03-05 21:04,0.6622951349893872,0.0
2013-03-05 21:14,1.404457293845961,0.0
2013-03-05 21:24,0.7453601005122534,0.0
2013-03-05 21:34,0.6068082992482143,0.0
2013-03-05 21:44,1.1428480286125364,0.0
2013-03-05 21:54,1.405810444765003,0.0
2013-03-05 22:04,0.8528030770793382,0.0
2013-03-05 22:14,1.4066736860897449,0.0
2013-03-05 22:24,0.9704760531148954,0.0
2013-03-05 22:34,1.0551720358612275,0.0
2013-03-05 22:44,0.4531288747356461,0.0
2013-03-05 22:54,0.5581557068490982,0.0
2013-03-05 23:04,0.7161243843069921,0.0
2013-03-05 23:14,0.8880248354641269,0.0
2013-03-05 23:24,0.7886972427627679,0.0
2013-03-05 23:34,0.8928184752924273,0.0
2013-03-05 23:44,1.4983786510503532,0.0
2013-03-06 00:04,1.27303491539283,0.0
2013-03-06 00:14,0.6923688504909037,0.0
2013-03-06 00:24,0.7472229564971947,0.0
2013-03-06 00:34,1.067621430732798,0.0
2013-03-06 00:44,1.248962217265602,0.0
2013-03-06 00:54,0.694169386083706,0.0
2013-03-06 01:04,0.6178534123233824,0.0
2013-03-06 01:14,0.7227511726175555,0.0
2013-03-06 01:24,0.6442792175346349,0.0
2013-03-06 01:34,0.637645973321974,0.0
2013-03-06 01:44,0.7075943777305888,0.0
2013-03-06 01:54,1.1246119282617206,0.0
2013-03-06 02:04,0.8515146199727922,0.0
2013-03-06 02:14,0.7111447178686635,0.0
2013-03-06 02:24,0.8522562042328492,0.0
2013-03-06 07:34,0.860067575160746,0.0
2013-03-06 07:44,0.8368625889870642,0.0
2013-03-06 07:54,0.707021866523646,0.0
2013-03-06 08:04,0.8490044633201179,0.0
2013-03-06 08:14,0.71855706823858,0.0
2013-03-06 08:24,0.8504509361467312,0.0
2013-03-06 08:34,0.6228309807563499,0.0
2013-03-06 08:44,0.7121703273556971,0.0
2013-03-06 08:54,0.7215941227815964,0.0
2013-03-06 09:04,0.6237427236286407,0.0
2013-03-06 09:14,0.42709775486367835,0.0
2013-03-06 09:24,0.4616071524339674,0.0
2013-03-06 09:34,0.7147584264493999,0.0
2013-03-06 09:44,0.7252266887284208,0.0
2013-03-06 09:54,0.7250382086233453,0.0
2013-03-06 10:04,0.8610421100408647,0.0
2013-03-06 10:14,0.8466513974906242,0.0
2013-03-06 10:24,0.8568390168856166,0.0
2013-03-06 10:34,0.8552841853470071,0.0
2013-03-06 10:44,0.6277691519131378,0.0
2013-03-06 10:54,0.8763266902599111,0.0
2013-03-06 11:04,0.8588178491284124,0.0
2013-03-06 11:14,0.7212327374275772,0.0
2013-03-06 11:24,0.8630912801297961,0.0
2013-03-06 11:34,0.8502810196697455,0.0
2013-03-06 11:44,0.7313972634083216,0.0
2013-03-06 11:54,0.8512854425357623,0.0
2013-03-06 12:04,0.8312360973135978,0.0
2013-03-06 12:14,0.7200399635153325,0.0
2013-03-06 12:24,0.8520342883554344,0.0
2013-03-06 12:34,0.8975650599183519,0.0
2013-03-06 12:44,0.9398720186635101,0.0
2013-03-06 12:54,0.9193016992573116,0.0
2013-03-06 13:04,0.9357469779910379,0.0
2013-03-06 13:14,0.9274408375989034,0.0
2013-03-06 13:24,0.9307164423793458,0.0
2013-03-06 13:34,0.9027891100011286,0.0
2013-03-06 13:44,0.9224781645776229,0.0
2013-03-06 13:54,0.5227900101924006,0.0
2013-03-06 14:04,0.7710640779142318,0.0
2013-03-06 14:14,0.9251313472313832,0.0
2013-03-06 14:24,0.8992161358770806,0.0
2013-03-06 14:34,0.7437206542046872,0.0
2013-03-06 14:44,0.9111748883015381,0.0
2013-03-06 14:54,0.9135467982063779,0.0
2013-03-06 15:04,0.930160643045182,0.0
2013-03-06 15:14,0.7508787955037731,0.0
2013-03-06 15:24,0.3321572081986448,0.0
2013-03-06 20:04,0.8314608869983747,0.0
2013-03-06 20:14,0.7265566792043652,0.0
2013-03-06 20:24,0.7729657916383221,0.0
2013-03-06 20:34,0.8952790510113028,0.0
2013-03-06 20:44,0.7868732162364356,0.0
2013-03-06 20:54,0.5405174059784585,0.0
2013-03-06 21:04,0.763142424056003,0.0
2013-03-06 21:14,0.8069351402470439,0.0
2013-03-06 21:24,0.7612180566323781,0.0
2013-03-06 21:34,0.7703553956567034,0.0
2013-03-06 21:44,0.7407176660315243,0.0
2013-03-06 21:54,0.7388310513423132,0.0
2013-03-06 22:04,0.723184858027865,0.0
2013-03-06 22:14,0.8729591782109397,0.0
2013-03-06 22:24,0.7653109460768796,0.0
2013-03-06 22:34,0.7556851583496598,0.0
2013-03-06 22:44,0.7960846725983639,0.0
2013-03-06 22:54,0.7784412444501896,0.0
2013-03-06 23:04,0.6892869781564143,0.0
2013-03-06 23:14,0.7786147948758233,0.0
2013-03-06 23:24,0.7795501583789604,0.0
2013-03-06 23:34,0.7635469235745274,0.0
2013-03-06 23:44,0.7397998455698104,0.0
2013-03-07 00:04,0.7824752844757695,0.0
2013-03-07 00:14,0.9190744590155826,0.0
2013-03-07 00:24,0.7862764793819791,0.0
2013-03-07 00:34,0.5403231248161682,0.0
2013-03-07 00:44,0.7206314800746136,0.0
2013-03-07 00:54,0.7951037224719468,0.0
2013-03-07 01:04,0.779201245528356,0.0
2013-03-07 01:14,0.8028461978432823,0.0
2013-03-07 01:24,0.9246210349841156,0.0
2013-03-07 01:34,0.6863802579411029,0.0
2013-03-07 01:44,0.894978893291217,0.0
2013-03-07 01:54,0.897335157075342,0.0
2013-03-07 02:04,0.7724916935281682,0.0
2013-03-07 02:14,0.7921350356291724,0.0
2013-03-07 02:24,0.7485149358169464,0.0
2013-03-07 02:34,0.6554683649324977,0.0
2013-03-07 02:44,0.45322239522601887,0.0
2013-03-07 02:54,0.7926706459738921,0.0
2013-03-07 03:04,0.7019697910690262,0.0
2013-03-07 03:14,0.9532186697049914,0.0
2013-03-07 03:24,0.7969726334345787,0.0
2013-03-07 03:34,0.5225901066582261,0.0
2013-03-07 03:44,0.787611339833296,0.0
2013-03-07 03:54,0.5575083592901134,0.0
2013-03-07 04:04,0.9070567582036991,0.0
2013-03-07 09:14,0.8642957735193815,0.0
2013-03-07 09:24,0.5234086281096343,0.0
2013-03-07 09:34,0.890227980585409,0.0
2013-03-07 09:44,0.8950596690412244,0.0
2013-03-07 09:54,0.9053635389047691,0.0
2013-03-07 10:04,0.9061743302779273,0.0
2013-03-07 10:14,0.9271201328189971,0.0
2013-03-07 10:24,0.8558079752248607,0.0
2013-03-07 10:34,0.8032088560367001,0.0
2013-03-07 10:44,0.8016910091535617,0.0
2013-03-07 10:54,0.9096931120148241,0.0
2013-03-07 11:04,0.8978191560137633,0.0
2013-03-07 11:14,0.9218390496609897,0.0
2013-03-07 11:24,0.9043445041283454,0.0
2013-03-07 11:34,0.8043405868526516,0.0
2013-03-07 11:44,0.9106038314532642,0.0
2013-03-07 11:54,0.9091123759273195,0.0
2013-03-07 12:04,0.9000385399553799,0.0
2013-03-07 12:14,0.9442608006736243,0.0
2013-03-07 12:24,0.8208699764259476,0.0
2013-03-07 12:34,0.9191839119623816,0.0
2013-03-07 12:44,0.90842200388508,0.0
2013-03-07 12:54,0.9622639734967182,0.0
2013-03-07 13:04,0.9300403263041801,0.0
2013-03-07 13:14,0.9512134526861524,0.0
2013-03-07 13:24,0.9451671102445919,0.0
2013-03-07 13:34,0.9593743257521677,0.0
2013-03-07 13:44,0.8361513679331231,0.0
2013-03-07 13:54,0.9237099621732088,0.0
2013-03-07 14:04,0.9483371321046395,0.0
2013-03-07 14:14,0.9381730864463558,0.0
2013-03-07 14:24,0.9299748177876904,0.0
2013-03-07 14:34,0.9056436481389407,0.0
2013-03-07 14:44,0.9129838353574928,0.0
2013-03-07 14:54,0.9336727842402759,0.0
2013-03-07 15:04,0.7673924875905126,0.0
2013-03-07 15:14,0.7851270627758121,0.0
2013-03-07 15:24,0.8037902402456676,0.0
2013-03-07 15:34,0.8591777824479783,0.0
2013-03-07 15:44,0.8791737007476371,0.0
2013-03-07 15:54,0.8528275017235956,0.0
2013-03-07 16:04,0.9081394500048917,0.0
2013-03-07 16:14,0.8365647656501584,0.0
2013-03-07 16:24,0.8181169274566366,0.0
2013-03-07 16:34,0.8146396042636507,0.0
2013-03-07 16:44,0.6550663620963298,0.0
2013-03-07 21:44,0.8019210575249271,0.0
2013-03-07 21:54,0.8838739180979259,0.0
2013-03-07 22:04,0.865554674933653,0.0
2013-03-07 22:14,0.8686068352091555,0.0
2013-03-07 22:24,0.9226182505919657,0.0
2013-03-07 22:34,0.7886500090327171,0.0
2013-03-07 22:44,0.7903238622492863,0.0
2013-03-07 22:54,0.8484191093888419,0.0
2013-03-07 23:04,0.8279139364066681,0.0
2013-03-07 23:14,0.8200805547238762,0.0
2013-03-07 23:24,0.9033043569503095,0.0
2013-03-07 23:34,0.6927389019252496,0.0
2013-03-07 23:44,0.8102351631849818,0.0
2013-03-08 00:04,0.8253814153875711,0.0
2013-03-08 00:14,0.7801984130265415,0.0
2013-03-08 00:24,0.9162771073544114,0.0
2013-03-08 00:34,0.9102905105876339,0.0
2013-03-08 00:44,0.9554811918001617,0.0
2013-03-08 00:54,0.9171844856826078,0.0
2013-03-08 01:04,0.9351359676115244,0.0
2013-03-08 01:14,0.9209413563702945,0.0
2013-03-08 01:24,0.9175463116885102,0.0
2013-03-08 01:34,0.9604687286959833,0.0
2013-03-08 01:44,0.8156996614959424,0.0
2013-03-08 01:54,0.9318916096556898,0.0
2013-03-08 02:04,0.9525010871117671,0.0
2013-03-08 02:14,0.9382177740597534,0.0
2013-03-08 02:24,0.8305946273122573,0.0
2013-03-08 02:34,0.9292894160543489,0.0
2013-03-08 02:44,0.833864820118252,0.0
2013-03-08 02:54,0.9431341969845647,0.0
2013-03-08 03:04,0.8246421926292373,0.0
2013-03-08 03:14,0.8002499437678057,0.0
2013-03-08 03:24,1.0960491467888613,0.0
2013-03-08 03:34,0.922609788867632,0.0
2013-03-08 03:44,1.0487044946732327,0.0
2013-03-08 03:54,0.8807835724770751,0.0
2013-03-08 04:04,0.7972318712837337,0.0
2013-03-08 04:14,0.7521405219236562,0.0
2013-03-08 04:24,0.8488449832600452,0.0
2013-03-08 04:34,0.8486187510938316,0.0
2013-03-08 04:44,0.7996888304928575,0.0
2013-03-08 04:54,0.7363043903176435,0.0
2013-03-08 05:04,0.7072478495582761,0.0
2013-03-08 05:14,0.6860864873148522,0.0
2013-03-08 10:44,0.6779933190691089,0.0
2013-03-08 10:54,0.30148045743345514,0.0
2013-03-08 11:04,0.709696755268497,0.0
2013-03-08 11:14,0.7399178340046775,0.0
2013-03-08 11:24,0.6737550031670099,0.0
2013-03-08 11:34,0.7399139864552305,0.0
2013-03-08 11:44,0.8164618071039725,0.0
2013-03-08 11:54,0.8657138474408664,0.0
2013-03-08 12:04,0.8033804475098265,0.0
2013-03-08 12:14,0.7975138070518232,0.0
2013-03-08 12:24,0.7665858181613311,0.0
2013-03-08 12:34,0.6086990776926972,0.0
2013-03-08 12:44,0.7951981354739667,0.0
2013-03-08 12:54,0.746539827671743,0.0
2013-03-08 13:04,0.7248920716205874,0.0
2013-03-08 13:14,0.8536735685372371,0.0
2013-03-08 13:24,0.7289574630375248,0.0
2013-03-08 13:34,0.7250785090374754,0.0
2013-03-08 13:44,0.8979699739275739,0.0
2013-03-08 13:54,0.8923793832051369,0.0
2013-03-08 14:04,0.8469817067706089,0.0
2013-03-08 14:14,0.8938300878755495,0.0
2013-03-08 14:24,0.8892617008722344,0.0
2013-03-08 14:34,0.8592013336254702,0.0
2013-03-08 14:44,0.8978552374422498,0.0
2013-03-08 14:54,0.8986382146111447,0.0
2013-03-08 15:04,0.8793594818061602,0.0
2013-03-08 15:14,0.7979808760098035,0.0
2013-03-08 15:24,0.7279274245525434,0.0
2013-03-08 15:34,0.7899350845270204,0.0
2013-03-08 15:44,0.747946468774737,0.0
2013-03-08 15:54,0.7521131533956043,0.0
2013-03-08 16:04,0.8440140952640781,0.0
2013-03-08 16:14,0.9756091426697906,0.0
2013-03-08 16:24,0.6833358607659177,0.0
2013-03-08 16:34,0.8479806609218785,0.0
2013-03-08 16:44,0.7084172741322111,0.0
2013-03-08 16:54,0.5712831211208877,0.0
2013-03-08 17:04,0.6441791772859097,0.0
2013-03-08 17:14,0.6186383833812769,0.0
2013-03-08 17:24,0.5790444436139675,0.0
2013-03-08 17:34,0.5963609198785917,0.0
2013-03-08 17:44,0.6542527658700897,0.0
2013-03-08 17:54,0.5498972466074101,0.0
2013-03-08 23:04,0.5618286122837007,0.0
2013-03-08 23:14,0.7909972500660288,0.0
2013-03-08 23:24,0.5875002270753426,0.0
2013-03-08 23:34,0.6126964557696022,0.0
2013-03-08 23:44,0.6554665661106912,0.0
2013-03-09 00:04,0.7361530963583863,0.0
2013-03-09 00:14,0.7237941344401779,0.0
2013-03-09 00:24,0.6583118809732256,0.0
2013-03-09 00:34,0.4710402796842833,0.0
2013-03-09 00:44,0.6629223011354141,0.0
2013-03-09 00:54,0.7449273947229869,0.0
2013-03-09 01:04,0.5889500171524095,0.0
2013-03-09 01:14,0.7069068192419224,0.0
2013-03-09 01:24,0.811493951921896,0.0
2013-03-09 01:34,0.7556953457781144,0.0
2013-03-09 01:44,0.8182092037027797,0.0
2013-03-09 01:54,0.7480262586949691,0.0
2013-03-09 02:04,0.9031982928736396,0.0
2013-03-09 02:14,0.810609584583124,0.0
2013-03-09 02:24,0.7390006963649441,0.0
2013-03-09 02:34,0.8473519077966954,0.0
2013-03-09 02:44,0.831748624950507,0.0
2013-03-09 02:54,0.8146579017295223,0.0
2013-03-09 03:04,0.8442050606165613,0.0
2013-03-09 03:14,0.7390951851239591,0.0
2013-03-09 03:24,0.9783637718378138,0.0
2013-03-09 03:34,0.8673397719231923,0.0
2013-03-09 03:44,0.7909162680959261,0.0
2013-03-09 03:54,0.8605047216767271,0.0
2013-03-09 04:04,0.8823811828572999,0.0
2013-03-09 04:14,0.6920956833945668,0.0
2013-03-09 04:24,0.8311737457604774,0.0
2013-03-09 04:34,0.8468307353538256,0.0
2013-03-09 04:44,0.832352814685839,0.0
2013-03-09 04:54,0.8568304336173406,0.0
2013-03-09 05:04,0.6713241766510277,0.0
2013-03-09 05:14,0.8106487672855335,0.0
2013-03-09 05:24,0.774021051204991,0.0
2013-03-09 05:34,0.9203977298152456,0.0
2013-03-09 05:44,0.6901484739468041,0.0
2013-03-09 05:54,0.46686256123160036,0.0
2013-03-09 06:04,0.7161941179343985,0.0
2013-03-09 06:14,0.7206738760544047,0.0
2013-03-09 11:44,0.4942515023388185,0.0
2013-03-09 11:54,0.6966005156557701,0.0
2013-03-09 12:04,1.010467987235887,0.0
2013-03-09 12:14,0.5476682389863822,0.0
2013-03-09 12:24,0.8219713853486097,0.0
2013-03-09 12:34,0.7162281151955331,0.0
2013-03-09 12:44,0.9599602357010832,0.0
2013-03-09 12:54,1.0844242356416611,0.0
2013-03-09 13:04,0.55200110962761,0.0
2013-03-09 13:14,0.7686432431538723,0.0
2013-03-09 13:24,0.8725293547188808,0.0
2013-03-09 13:34,1.0789444087464757,0.0
2013-03-09 13:44,0.8818799043606045,0.0
2013-03-09 13:54,0.7658001901689759,0.0
2013-03-09 14:04,0.8371399744304847,0.0
2013-03-09 14:14,0.9686790760029892,0.0
2013-03-09 14:24,0.8966754156503165,0.0
2013-03-09 14:34,0.8418589712600256,0.0
2013-03-09 14:44,0.9820769364152491,0.0
2013-03-09 14:54,0.7604801643790088,0.0
2013-03-09 15:04,0.8699532034177434,0.0
2013-03-09 15:14,0.8243583478717155,0.0
2013-03-09 15:24,0.6293411272582579,0.0
2013-03-09 15:34,0.8397818958844928,0.0
2013-03-09 15:44,0.7250660707544982,0.0
2013-03-09 15:54,0.8059797387816775,0.0
2013-03-09 16:04,0.800956052268404,0.0
2013-03-09 16:14,0.8544801720581031,0.0
2013-03-09 16:24,0.9750827667600542,0.0
2013-03-09 16:34,0.938384748315056,0.0
2013-03-09 16:44,0.8708474245997289,0.0
2013-03-09 16:54,1.0715596926311113,0.0
2013-03-09 17:04,0.8407275207081122,0.0
2013-03-09 17:14,0.7912342700998807,0.0
2013-03-09 17:24,0.7155901810388121,0.0
2013-03-09 17:34,0.7849623897638494,0.0
2013-03-09 17:44,0.7594626746121579,0.0
2013-03-09 17:54,0.975391689340105,0.0
2013-03-09 18:04,0.8532567241479516,0.0
2013-03-09 18:14,0.8040511426607327,0.0
2013-03-09 18:24,0.8145794927695827,0.0
2013-03-09 18:34,0.5115618405356752,0.0
2013-03-09 18:44,0.5864439833394353,0.0
2013-03-10 00:04,0.759604227283798,0.0
2013-03-10 00:14,0.5647560661260234,0.0
2013-03-10 00:24,0.6697091514367922,0.0
2013-03-10 00:34,0.7621232487964911,0.0
2013-03-10 00:44,0.713507870521535,0.0
2013-03-10 00:54,0.6276151038411738,0.0
2013-03-10 01:04,0.8007374782627722,0.0
2013-03-10 01:14,0.8503823255510028,0.0
2013-03-10 01:24,0.7817624345423034,0.0
2013-03-10 01:34,0.9076598540975621,0.0
2013-03-10 01:44,0.6378559411248986,0.0
2013-03-10 01:54,0.8669688165650136,0.0
2013-03-10 02:04,0.8240166393209243,0.0
2013-03-10 02:14,0.7527957266211401,0.0
2013-03-10 02:24,0.8380945439733991,0.0
2013-03-10 02:34,0.9460276260097241,0.0
2013-03-10 02:44,0.9629812651955726,0.0
2013-03-10 02:54,0.8467099193900037,0.0
2013-03-10 03:04,1.0008541317056077,0.0
2013-03-10 03:14,0.9742735828258927,0.0
2013-03-10 03:24,0.9604806245349532,0.0
2013-03-10 03:34,1.0065906808170364,0.0
2013-03-10 03:44,0.8969928800963939,0.0
2013-03-10 03:54,0.9390533415014051,0.0
2013-03-10 04:04,0.7625588203857548,0.0
2013-03-10 04:14,0.8903200988335369,0.0
2013-03-10 04:24,0.861538244203807,0.0
2013-03-10 04:34,0.6838447960428027,0.0
2013-03-10 04:44,0.7048511727137063,0.0
2013-03-10 04:54,0.739453496233358,0.0
2013-03-10 05:04,0.7606841464530647,0.0
2013-03-10 05:14,0.6646289013598188,0.0
2013-03-10 05:24,0.8040783019460426,0.0
2013-03-10 05:34,0.8334427826582934,0.0
2013-03-10 05:44,0.7038343494277861,0.0
2013-03-10 05:54,0.7443766767272801,0.0
2013-03-10 06:04,0.8050087382035316,0.0
2013-03-10 06:14,0.7122032343992224,0.0
2013-03-10 06:24,0.4526396836578186,0.0
2013-03-10 06:34,0.7234350183114667,0.0
2013-03-10 06:44,0.6145816191018879,0.0
2013-03-10 06:54,0.5173153629226968,0.0
2013-03-10 07:04,0.6827663955310718,0.0
2013-03-10 12:44,0.5057213374901758,0.0
2013-03-10 12:54,0.3296845960767899,0.0
2013-03-10 13:04,0.5822232576182126,0.0
2013-03-10 13:14,0.5497846574088022,0.0
2013-03-10 13:24,0.48583639588672056,0.0
2013-03-10 13:34,0.702304933041136,0.0
2013-03-10 13:44,0.650170414880457,0.0
2013-03-10 13:54,0.6399398439707762,0.0
2013-03-10 14:04,0.9898312714116035,0.0
2013-03-10 14:14,0.7452240498577261,0.0
2013-03-10 14:24,0.8976677645243774,0.0
2013-03-10 14:34,0.9122575046826682,0.0
2013-03-10 14:44,0.7370661020653375,0.0
2013-03-10 14:54,0.9114120125501576,0.0
2013-03-10 15:04,0.9831633990514019,0.0
2013-03-10 15:14,0.8801992815320812,0.0
2013-03-10 15:24,1.0037520719556605,0.0
2013-03-10 15:34,1.276300079480633,0.0
2013-03-10 15:44,1.1657729562593229,0.0
2013-03-10 15:54,1.3062815404734986,0.0
2013-03-10 16:04,1.5870050376642952,0.0
2013-03-10 16:14,1.5554888287108959,0.0
2013-03-10 16:24,1.4100325884776796,0.0
2013-03-10 16:34,1.1644617441986413,0.0
2013-03-10 16:44,1.1459977011898956,0.0
2013-03-10 16:54,1.2690501517959216,0.0
2013-03-10 17:04,1.3975357130146844,0.0
2013-03-10 17:14,1.3042315740889387,0.0
2013-03-10 17:24,1.4067738673589285,0.0
2013-03-10 17:34,1.8222082489016476,0.0
2013-03-10 17:44,1.350313534348285,0.0
2013-03-10 17:54,1.2848305063762397,0.0
2013-03-10 18:04,1.8214494751602461,0.0
2013-03-10 18:14,1.2129794275047177,0.0
2013-03-10 18:24,1.1957807072899447,0.0
2013-03-10 18:34,1.3758096084203966,0.0
2013-03-10 18:44,1.1628619873467683,0.0
2013-03-10 18:54,1.227597622590174,0.0
2013-03-10 19:04,1.4058050732044434,0.0
2013-03-10 19:14,1.2582955231820347,0.0
2013-03-10 19:24,2.3857493923403488,0.0
2013-03-11 01:04,0.8408492145489556,0.0
2013-03-11 01:14,0.889623852849218,0.0
2013-03-11 01:24,0.8118489396078286,0.0
2013-03-11 01:34,0.7580915993228423,0.0
2013-03-11 01:44,0.8578761186789065,0.0
2013-03-11 01:54,1.000317440858681,0.0
2013-03-11 02:04,1.0010879129196537,0.0
2013-03-11 02:14,0.949928251449506,0.0
2013-03-11 02:24,0.9306269902964189,0.0
2013-03-11 02:34,0.8727706635327589,0.0
2013-03-11 02:44,0.7044495250266763,0.0
2013-03-11 02:54,0.9153954664452864,0.0
2013-03-11 03:04,0.7860115312116488,0.0
2013-03-11 03:14,0.8936586088048136,0.0
2013-03-11 03:24,1.0482786818506074,0.0
2013-03-11 03:34,1.0486260829536111,0.0
2013-03-11 03:44,1.0763738852080313,0.0
2013-03-11 03:54,1.0087510425011927,0.0
2013-03-11 04:04,0.9427090250369052,0.0
2013-03-11 04:14,0.9989079540044146,0.0
2013-03-11 04:24,0.9908426392654134,0.0
2013-03-11 04:34,1.1005285750631166,0.0
2013-03-11 04:44,1.1040563354402941,0.0
2013-03-11 04:54,0.9868062898452905,0.0
2013-03-11 05:04,1.1493940500442592,0.0
2013-03-11 05:14,1.187494500869571,0.0
2013-03-11 05:24,0.9371388853810091,0.0
2013-03-11 05:34,1.2907595413422355,0.0
2013-03-11 05:44,1.3094362191066735,0.0
2013-03-11 05:54,1.1891080341361955,0.0
2013-03-11 06:04,1.2627896872352946,0.0
2013-03-11 06:14,1.305352907479664,0.0
2013-03-11 06:24,1.43125935888892,0.0
2013-03-11 06:34,1.1418834153740176,0.0
2013-03-11 06:44,1.3432769087476355,0.0
2013-03-11 06:54,1.1233210906763083,0.0
2013-03-11 07:04,1.1272155217493731,0.0
2013-03-11 07:14,1.083797993346655,0.0
2013-03-11 07:24,1.0698859689599791,0.0
2013-03-11 07:34,4.098830873977501,0.0
2013-03-11 07:44,4.037393005058261,0.0
2013-03-11 13:24,1.0091485629346684,0.0
2013-03-11 13:34,0.8205547781608454,0.0
2013-03-11 13:44,1.1130244146228165,0.0
2013-03-11 13:54,1.1510644643953096,0.0
2013-03-11 14:04,1.1112812827998106,0.0
2013-03-11 14:14,1.2653558759271106,0.0
2013-03-11 14:24,1.3376307222820039,0.0
2013-03-11 14:34,1.1971869175247944,0.0
2013-03-11 14:44,1.3264768672464389,0.0
2013-03-11 14:54,1.2545430061402714,0.0
2013-03-11 15:04,1.2798583988617458,0.0
2013-03-11 15:14,1.38251483164698,0.0
2013-03-11 15:24,1.3628949151092868,0.0
2013-03-11 15:34,1.2398034037841428,0.0
2013-03-11 15:44,1.154038233899845,0.0
2013-03-11 15:54,1.3561071586868314,0.0
2013-03-11 16:04,1.1191997837929406,0.0
2013-03-11 16:14,1.218291969929276,0.0
2013-03-11 16:24,1.3531806789952177,0.0
2013-03-11 16:34,1.2335922643264903,0.0
2013-03-11 16:44,1.2356314859769901,0.0
2013-03-11 16:54,1.3343210342689422,0.0
2013-03-11 17:04,1.2382778835866173,0.0
2013-03-11 17:14,1.2715156193192567,0.0
2013-03-11 17:24,1.34067176705889,0.0
2013-03-11 17:34,1.3689010252100262,0.0
2013-03-11 17:44,1.3318476465141291,0.0
2013-03-11 17:54,1.3514391406615303,0.0
2013-03-11 18:04,1.4424941447566377,0.0
2013-03-11 18:14,1.3485355855036052,0.0
2013-03-11 18:24,1.6667191950723814,0.0
2013-03-11 18:34,1.5521406369207924,0.0
2013-03-11 18:44,1.2231135683190886,0.0
2013-03-11 18:54,1.519523528976933,0.0
2013-03-11 19:04,1.3658124101442528,0.0
2013-03-11 19:14,1.5828539060195315,0.0
2013-03-11 19:24,1.7407373957249281,0.0
2013-03-11 19:34,1.532551708208008,0.0
2013-03-11 19:44,1.1201206667789905,0.0
2013-03-11 19:54,4.056438244436711,0.0
2013-03-11 20:04,3.8545014342709516,0.0
2013-03-12 01:44,1.4849392725723942,0.0
2013-03-12 01:54,1.4077346447434431,0.0
2013-03-12 02:04,1.3736686416413442,0.0
2013-03-12 02:14,1.147846106077801,0.0
2013-03-12 02:24,1.1737728343646516,0.0
2013-03-12 02:34,1.1453576196387922,0.0
2013-03-12 02:44,1.3070380115253553,0.0
2013-03-12 02:54,1.3048810235940882,0.0
2013-03-12 03:04,1.275182788999926,0.0
2013-03-12 03:14,1.2045912167281716,0.0
2013-03-12 03:24,1.2315430754220276,0.0
2013-03-12 03:34,1.3738791668451629,0.0
2013-03-12 03:44,1.3496482164597845,0.0
2013-03-12 03:54,1.1209642291161759,0.0
2013-03-12 04:04,1.0259706640945452,0.0
2013-03-12 04:14,1.101208689392591,0.0
2013-03-12 04:24,1.07586458722384,0.0
2013-03-12 04:34,1.170239577554694,0.0
2013-03-12 04:44,1.3515117240900891,0.0
2013-03-12 04:54,1.3342805274274732,0.0
2013-03-12 05:04,1.1747223234143278,0.0
2013-03-12 05:14,1.160607942362696,0.0
2013-03-12 05:24,1.017215426297388,0.0
2013-03-12 05:34,1.0156449926866558,0.0
2013-03-12 05:44,1.2623534396653586,0.0
2013-03-12 05:54,1.1052479788604446,0.0
2013-03-12 06:04,1.552676535854915,0.0
2013-03-12 06:14,1.11982427704242,0.0
2013-03-12 06:24,1.2812660594177436,0.0
2013-03-12 06:34,1.2758614647754776,0.0
2013-03-12 06:44,1.083623648958821,0.0
2013-03-12 06:54,1.2606251016389143,0.0
2013-03-12 07:04,1.221754783877705,0.0
2013-03-12 07:14,1.1019931571017743,0.0
2013-03-12 07:24,1.5448337201015088,0.0
2013-03-12 07:34,1.7492262543840373,0.0
2013-03-12 07:44,1.523850727185694,0.0
2013-03-12 07:54,1.521594014909673,0.0
2013-03-12 08:04,1.2081296206179262,0.0
2013-03-12 08:14,4.109951256394609,0.0
2013-03-12 08:24,1.0541727327020907,0.0
