date,Hs_err_s1,Tp_err_s1,Hs_err_s2,Tp_err_s2,Hs_err_s3,Tp_err_s3
2012-12-13 13:14:00,0.1419,3.3743,0.2043,8.1452,0.0268,2.9889
2012-12-13 13:24:00,0.1127,6.6499,0.0235,5.0059,0.1543,0.7272
2012-12-13 13:34:00,0.0817,7.5396,0.0181,1.7019,0.134,0.2743
2012-12-13 13:44:00,0.148,12.0299,0.1522,6.3786,0.38,0.2514
2012-12-13 13:54:00,0.4696,12.7538,0.4399,6.9471,0.6239,0.2246
2012-12-13 14:04:00,0.4267,9.6702,0.4901,4.9705,0.4595,0.2013
2012-12-13 14:14:00,0.514,10.3155,0.6581,7.9772,0.447,0.1792
2012-12-13 14:24:00,0.6177,11.1027,0.4943,8.6776,0.3703,2.2845
2012-12-13 14:34:00,0.7128,11.7498,0.8802,9.1807,0.7578,0.2149
2012-12-13 14:44:00,0.6168,12.2389,0.787,9.561,0.5194,0.2141
2012-12-13 14:54:00,0.8932,12.7336,0.8034,9.9455,0.5578,2.2869
2012-12-13 15:04:00,0.7068,13.2549,0.8864,10.3509,0.3482,0.2126
2012-12-13 15:14:00,1.1426,13.6587,1.1586,8.165,0.6038,3.9629
2012-12-13 15:24:00,1.0348,13.9834,1.1246,8.4175,0.825,0.2127
2012-12-13 15:34:00,1.006,11.84,1.1581,11.1947,0.7781,2.2882
2012-12-13 15:44:00,0.8911,14.5586,1.1119,11.3644,0.9746,0.2103
2012-12-13 15:54:00,1.2411,14.7519,1.3609,11.5142,0.737,0.208
2012-12-13 16:04:00,0.8932,14.8668,1.3145,11.6021,1.0097,0.1998
2012-12-13 16:14:00,0.8613,12.4357,0.9395,9.155,0.8247,2.3031
2012-12-13 16:24:00,1.0048,12.468,1.1267,9.1795,0.6339,0.194
2012-12-13 16:34:00,1.0432,14.9763,1.1776,11.6853,0.8754,0.1911
2012-12-13 16:44:00,1.0885,8.2674,1.1698,11.6516,0.7977,0.1875
2012-12-13 16:54:00,1.0299,14.8483,1.3307,11.5839,0.7796,0.183
2012-12-13 17:04:00,1.031,14.6898,1.2261,11.4599,0.957,0.1797
2012-12-13 17:14:00,1.0559,14.4872,1.4534,11.3019,1.0844,0.1779
2012-12-13 17:24:00,0.8327,74.2649,1.4668,11.1286,1.1525,0.1761
2012-12-13 17:34:00,0.8808,14.0767,0.9654,10.9817,0.8852,2.3259
2012-12-13 17:44:00,0.7337,13.7877,0.9394,6.4708,0.8179,4.1136
2012-12-13 17:54:00,0.7564,13.5139,0.8767,10.543,0.6614,0.1699
2012-12-13 18:04:00,0.7754,13.1,0.9725,10.2207,0.8595,0.1682
2012-12-13 18:14:00,0.6582,12.7008,0.7168,9.91,0.6959,2.3314
2012-12-13 18:24:00,0.486,5.5683,0.6623,9.5472,0.6967,0.1668
2012-12-13 18:34:00,0.665,11.8013,0.8838,4.9236,0.4702,0.1615
2012-12-13 18:44:00,0.4823,3.1078,0.7667,4.5248,0.4379,0.1579
2012-12-13 18:54:00,0.2332,10.7347,0.4171,8.378,0.1984,0.1545
2012-12-13 19:04:00,0.4864,10.271,0.6412,8.0161,0.1701,2.3508
2012-12-13 19:14:00,0.5344,9.6769,0.7417,7.5522,0.368,0.1412
2012-12-13 19:24:00,0.3339,8.9921,0.5153,7.0177,0.2764,0.1337
2012-12-13 19:34:00,0.2937,8.2993,0.399,6.4175,0.3275,0.1396
2012-12-13 19:44:00,0.1375,7.7,0.1126,5.9514,0.0506,0.1393
2012-12-13 19:54:00,0.2045,1.7491,0.2364,5.4076,0.2852,0.1391
2012-12-13 20:04:00,0.0192,6.4958,0.104,5.0726,0.116,0.1219
2012-12-14 01:34:00,0.2005,7.3678,0.1695,3.6621,0.1869,1.9606
2012-12-14 01:44:00,0.0558,8.0328,0.2111,4.1927,0.3108,0.4784
2012-12-14 01:54:00,0.1207,6.1611,0.0531,4.6896,0.1895,2.2261
2012-12-14 02:04:00,0.0757,9.3285,0.0744,5.202,0.0577,0.4703
2012-12-14 02:14:00,0.0777,7.4098,0.0193,8.1426,0.2201,1.9785
2012-12-14 02:24:00,0.1007,6.1839,0.0623,6.0676,0.0905,0.568
2012-12-14 02:34:00,0.1681,11.1586,0.4083,9.134,0.0027,0.4297
2012-12-14 02:44:00,0.2706,9.2594,0.2032,9.6019,0.0821,0.4263
2012-12-14 02:54:00,0.3564,9.7743,0.5595,9.9496,0.1376,0.6639
2012-12-14 03:04:00,0.4572,12.8707,0.4471,7.9699,0.0537,2.1937
2012-12-14 03:14:00,0.5739,13.3844,0.5635,8.3698,0.0452,0.4056
2012-12-14 03:24:00,0.684,13.8245,0.6349,8.7103,0.0814,0.4139
2012-12-14 03:34:00,0.6386,11.719,0.6093,11.4582,0.1277,1.8217
2012-12-14 03:44:00,0.626,12.1166,0.7631,11.77,0.2539,0.6666
2012-12-14 03:54:00,0.711,14.9383,0.7983,12.0224,0.2557,0.6565
2012-12-14 04:04:00,0.6862,12.5,0.8345,9.572,0.0929,1.8508
2012-12-14 04:14:00,0.7483,15.0,0.7537,7.7877,0.2939,2.4284
2012-12-14 04:24:00,0.624,12.5,0.8362,9.5747,0.1598,1.8631
2012-12-14 04:34:00,0.6302,6.25,0.6364,12.0753,0.2077,1.8658
2012-12-14 04:44:00,0.7906,15.0,0.954,12.0753,0.2326,0.6345
2012-12-14 04:54:00,0.7267,6.8182,0.8016,12.0743,0.1958,1.861
2012-12-14 05:04:00,0.6762,15.0,0.7975,7.7925,0.2805,1.8787
2012-12-14 05:14:00,0.7493,15.0,0.8624,6.4645,0.1855,1.9297
2012-12-14 05:24:00,0.5444,15.0,0.7349,9.6311,0.1299,0.3819
2012-12-14 05:34:00,0.6068,15.0,0.6608,12.1386,0.1754,2.1519
2012-12-14 05:44:00,0.6626,12.5,0.91,7.8578,0.351,2.1744
2012-12-14 05:54:00,0.6149,14.912,0.6345,12.0777,0.0943,0.314
2012-12-14 06:04:00,0.6675,14.6458,0.6048,9.3654,0.115,0.3375
2012-12-14 06:14:00,0.5563,14.3343,0.5477,9.1155,0.0938,2.128
2012-12-14 06:24:00,0.5117,9.7507,0.4597,8.8826,0.1681,2.1218
2012-12-14 06:34:00,0.4542,13.6342,0.5009,11.0696,0.2295,0.3799
2012-12-14 06:44:00,0.449,13.1939,0.4161,10.7234,0.02,3.5223
2012-12-14 06:54:00,0.4119,12.8061,0.468,10.422,0.0224,2.1002
2012-12-14 07:04:00,0.3995,12.397,0.2803,10.1037,0.1217,2.0989
2012-12-14 07:14:00,0.2923,11.934,0.324,4.1162,0.15,2.1983
2012-12-14 07:24:00,0.2073,11.3631,0.2191,6.7937,0.0914,2.071
2012-12-14 07:34:00,0.1804,10.9052,0.2225,6.4935,0.2255,2.3218
2012-12-14 07:44:00,0.1642,2.8841,0.2482,8.5857,0.2557,2.3097
2012-12-14 07:54:00,0.0288,5.5542,0.0628,8.1657,0.2668,2.3238
2012-12-14 08:04:00,0.0206,1.1455,0.1002,5.2782,0.2994,2.3739
2012-12-14 08:14:00,0.1575,6.2587,0.1213,4.8492,0.3195,2.4333
2012-12-14 08:24:00,0.1593,8.1685,0.193,6.9012,0.4853,2.483
2012-12-14 14:04:00,0.2533,2.6758,0.3334,2.9314,0.3213,2.1862
2012-12-14 14:14:00,0.141,1.3216,0.2234,3.3272,0.295,5.3522
2012-12-14 14:24:00,0.0919,6.8141,0.1638,2.3285,0.2595,2.418
2012-12-14 14:34:00,0.0505,7.3811,0.1196,8.3888,0.2429,0.6818
2012-12-14 14:44:00,0.0146,7.908,0.0112,3.1679,0.2504,6.4865
2012-12-14 14:54:00,0.104,6.6961,0.0483,1.7331,0.0798,1.1566
2012-12-14 15:04:00,0.1681,1.8861,0.1125,5.3679,0.1403,0.6066
2012-12-14 15:14:00,0.3031,9.5142,0.2685,7.529,0.0281,6.5448
2012-12-14 15:24:00,0.3996,10.0261,0.3093,7.9267,0.0168,2.5286
2012-12-14 15:34:00,0.4726,10.5074,0.4879,5.1769,0.0365,0.6005
2012-12-14 15:44:00,0.5476,2.2315,0.5,8.6719,0.0491,0.6064
2012-12-14 15:54:00,0.5666,2.8083,0.7119,0.2181,0.0608,0.6115
2012-12-14 16:04:00,0.7054,11.702,0.6777,9.2117,0.08,0.5134
2012-12-14 16:14:00,0.6499,12.0334,0.6326,9.4695,0.1257,1.2726
2012-12-14 16:24:00,0.699,12.2687,0.7712,9.6524,0.0797,6.9872
2012-12-14 16:34:00,0.7416,4.108,0.7843,1.2339,0.1584,3.6542
2012-12-14 16:44:00,0.7667,12.5,0.7914,6.7071,0.312,1.2736
2012-12-14 16:54:00,0.7557,12.5,0.922,9.8321,0.2017,1.274
2012-12-14 17:04:00,0.7512,10.7143,0.9673,9.8321,0.1373,0.5116
2012-12-14 17:14:00,0.7773,12.5,0.8219,1.2794,0.21,0.5115
2012-12-14 17:24:00,0.9009,18.75,1.0127,9.8321,0.2938,2.6134
2012-12-14 17:34:00,0.8649,18.75,0.9331,8.0464,0.3335,6.2192
2012-12-14 17:44:00,0.7625,9.375,0.9275,6.7071,0.4134,2.6133
2012-12-14 17:54:00,0.8181,10.7143,0.9673,8.0464,0.3261,0.5117
2012-12-14 18:04:00,0.8239,12.3583,0.9079,7.9363,0.2728,6.631
2012-12-14 18:14:00,0.8375,4.4054,0.8411,1.5246,0.2256,6.6308
2012-12-14 18:24:00,0.7165,10.2275,0.8593,15.7036,0.3217,0.5122
2012-12-14 18:34:00,0.708,4.2454,0.7419,9.2454,0.3498,0.5122
2012-12-14 18:44:00,0.6851,11.4627,0.8706,15.2755,0.2982,6.7622
2012-12-14 18:54:00,0.5934,6.1802,0.6787,7.0201,0.1814,5.7379
2012-12-14 19:04:00,0.6193,4.1104,0.7247,1.4468,0.3173,0.7278
2012-12-14 19:14:00,0.6104,16.7473,0.6292,8.3255,0.3119,2.3823
2012-12-14 19:24:00,0.5997,6.949,0.5806,7.9456,0.3097,5.7382
2012-12-14 19:34:00,0.5286,2.9058,0.5295,7.6055,0.4583,3.0138
2012-12-14 19:44:00,0.3762,3.5151,0.4035,13.5128,0.1299,6.7591
2012-12-14 19:54:00,0.2995,5.6709,0.2705,5.2211,0.1163,0.7604
2012-12-14 20:04:00,0.2264,2.0489,0.1745,12.8697,0.2187,1.0276
2012-12-14 20:14:00,0.0786,4.6862,0.0622,6.2397,0.2101,7.0058
2012-12-14 20:24:00,0.0929,1.6511,0.0423,0.383,0.1997,1.0327
2012-12-14 20:34:00,0.0428,5.1323,0.0395,5.5862,0.1675,7.1934
2012-12-14 20:44:00,0.0049,8.8814,0.0832,11.415,0.0957,7.1759
2012-12-14 20:54:00,0.0377,12.1685,0.1112,4.8018,0.1087,7.1623
2012-12-15 02:24:00,0.0294,7.8587,0.0295,3.5978,0.0352,2.7312
2012-12-15 02:34:00,0.0366,5.8051,0.1626,0.5083,0.2513,1.8699
2012-12-15 02:44:00,0.1518,6.3977,0.1152,7.4459,0.0915,0.1146
2012-12-15 02:54:00,0.2174,9.3686,0.3034,7.7541,0.0589,2.1249
2012-12-15 03:04:00,0.352,9.9915,0.2854,8.2365,0.2456,2.1158
2012-12-15 03:14:00,0.4487,10.5927,0.4989,8.7026,0.2645,2.1086
2012-12-15 03:24:00,0.5916,11.1937,0.7387,9.1681,0.2709,2.0998
2012-12-15 03:34:00,0.6036,11.7703,0.6901,9.6143,0.3101,2.089
2012-12-15 03:44:00,1.0257,12.337,0.8269,10.0522,0.4609,2.2096
2012-12-15 03:54:00,0.9639,12.8332,0.9321,7.9348,0.4083,3.5642
2012-12-15 04:04:00,0.8406,13.3223,0.9491,10.7746,0.5267,1.8783
2012-12-15 04:14:00,1.3351,13.7779,1.348,11.1267,0.6281,1.8677
2012-12-15 04:24:00,1.0165,14.1616,1.1547,8.923,0.5168,0.6422
2012-12-15 04:34:00,1.2508,14.496,1.3349,11.6811,0.2901,1.8484
2012-12-15 04:44:00,1.205,14.8266,1.4245,11.9364,0.5257,1.8397
2012-12-15 04:54:00,1.2384,12.5,1.2988,9.5694,0.7434,1.8315
2012-12-15 05:04:00,1.2144,15.0,1.3998,12.0682,0.8906,1.826
2012-12-15 05:14:00,1.245,12.5,1.617,9.5677,0.6155,1.8235
2012-12-15 05:24:00,1.117,8.3333,1.2432,12.0672,0.5791,1.8211
2012-12-15 05:34:00,1.14,15.0,1.3828,12.0666,0.6324,1.8187
2012-12-15 05:44:00,1.216,6.8182,1.4044,12.0661,0.6707,1.8164
2012-12-15 05:54:00,1.1284,15.0,1.2758,2.8349,0.5832,1.8141
2012-12-15 06:04:00,1.448,12.5,1.4338,7.78,0.8602,0.6855
2012-12-15 06:14:00,1.3717,15.0,1.371,9.5668,0.5374,1.8193
2012-12-15 06:24:00,1.2028,12.5,1.2239,7.7822,0.754,2.4613
2012-12-15 06:34:00,1.2405,10.6647,1.4402,12.0306,0.7678,2.4558
2012-12-15 06:44:00,1.1283,14.6982,1.1921,11.8357,0.8634,1.8359
2012-12-15 06:54:00,1.2052,14.3997,1.3543,11.6048,0.6372,1.8423
2012-12-15 07:04:00,1.1303,14.1186,1.39,11.3888,0.9206,1.8544
2012-12-15 07:14:00,1.0018,13.7809,1.0806,11.131,0.6714,1.8766
2012-12-15 07:24:00,0.9655,13.4227,1.1085,10.8924,0.549,6.6936
2012-12-15 07:34:00,0.8226,10.4973,0.8959,10.5656,0.4948,3.5498
2012-12-15 07:44:00,0.8142,12.5804,0.7642,4.6189,0.4139,2.087
2012-12-15 07:54:00,0.8033,9.5971,0.7777,9.869,0.521,2.0913
2012-12-15 08:04:00,0.8252,11.6064,0.8556,9.4867,0.4073,2.089
2012-12-15 08:14:00,0.4773,11.1047,0.4974,9.0956,0.1994,2.0847
2012-12-15 08:24:00,0.5426,10.5445,0.5489,8.6598,0.2495,2.0842
2012-12-15 08:34:00,0.345,10.03,0.3737,5.76,0.2058,0.414
2012-12-15 08:44:00,0.332,9.5467,0.3603,7.9443,0.2131,0.1433
2012-12-15 08:54:00,0.2838,0.7883,0.2576,7.498,0.2117,2.3665
2012-12-15 09:04:00,0.1669,0.3404,0.214,7.0638,0.0988,2.374
2012-12-15 09:14:00,0.0016,2.535,0.0916,6.1932,0.2417,1.7662
2012-12-15 15:04:00,0.0069,7.3516,0.2142,3.4842,0.0193,1.22
2012-12-15 15:14:00,0.0889,7.995,0.0683,3.9819,0.0174,1.2072
2012-12-15 15:24:00,0.245,8.642,0.1422,6.9826,0.1163,1.3048
2012-12-15 15:34:00,0.3769,9.3181,0.4009,7.5061,0.3003,7.5658
2012-12-15 15:44:00,0.4668,9.9191,0.3823,7.9714,0.3041,6.3259
2012-12-15 15:54:00,0.4393,4.894,0.5929,8.436,0.2378,1.165
2012-12-15 16:04:00,0.7588,3.6042,0.8056,8.8902,0.7857,1.16
2012-12-15 16:14:00,0.8178,9.1746,0.7906,1.8334,0.274,1.1579
2012-12-15 16:24:00,0.7513,12.2429,0.7367,9.7752,0.391,1.1568
2012-12-15 16:34:00,0.982,12.7326,1.1025,10.156,0.5649,1.1557
2012-12-15 16:44:00,1.2069,13.1468,1.1571,10.478,0.6772,1.1547
2012-12-15 16:54:00,1.196,13.4922,1.2087,5.0559,0.64,8.3766
2012-12-15 17:04:00,1.1242,5.1045,1.164,8.4627,0.4196,0.8539
2012-12-15 17:14:00,1.5152,14.1347,1.3984,11.1807,0.6762,0.8538
2012-12-15 17:24:00,1.2801,14.3707,1.3203,11.3643,0.5315,7.3281
2012-12-15 17:34:00,1.3151,14.5234,1.3814,8.9831,0.7318,1.6464
2012-12-15 17:44:00,1.2699,12.1371,1.4272,4.9049,0.8127,0.8535
2012-12-15 17:54:00,1.2626,14.7068,1.4868,9.1258,0.877,6.6466
2012-12-15 18:04:00,1.2495,6.567,1.4168,4.9909,0.7221,0.8496
2012-12-15 18:14:00,1.2517,14.7123,1.4819,11.6271,0.904,1.6599
2012-12-15 18:24:00,1.3976,14.6431,1.342,9.0711,1.0361,3.4554
2012-12-15 18:34:00,1.3232,12.0487,1.47,8.9954,1.0902,3.4656
2012-12-15 18:44:00,1.3563,14.4035,1.644,11.38,0.8403,0.8095
2012-12-15 18:54:00,1.307,14.2053,1.377,11.155,0.7949,0.4897
2012-12-15 19:04:00,1.3368,9.7051,1.3704,14.7367,0.9034,3.8022
2012-12-15 19:14:00,1.1495,11.2488,1.3014,10.7986,0.9978,0.4842
2012-12-15 19:24:00,1.1789,9.2082,1.675,8.1003,1.1448,2.015
2012-12-15 19:34:00,1.2775,13.2101,1.526,10.3797,0.945,4.2359
2012-12-15 19:44:00,1.1519,12.812,1.1092,7.5701,0.7031,4.2369
2012-12-15 19:54:00,1.024,4.1926,1.0385,0.9799,0.8517,0.4881
2012-12-15 20:04:00,0.9949,15.7171,1.2148,6.9114,0.9338,0.481
2012-12-15 20:14:00,0.885,2.2885,0.8986,4.7723,0.7649,2.0388
2012-12-15 20:24:00,0.6928,14.755,0.7267,8.6502,0.515,2.0734
2012-12-15 20:34:00,0.7322,0.0857,0.8796,8.2511,0.6622,8.3599
2012-12-15 20:44:00,0.5335,13.6204,0.702,7.6975,0.5341,0.1122
2012-12-15 20:54:00,0.5196,1.3144,0.5031,2.412,0.4683,3.8518
2012-12-15 21:04:00,0.482,12.4101,0.5525,10.5038,0.5468,3.8539
2012-12-15 21:14:00,0.4024,11.7791,0.5655,10.0158,0.6021,3.8678
2012-12-15 21:24:00,0.2501,11.2772,0.3463,9.6862,0.3482,4.143
2012-12-15 21:34:00,0.0849,2.7209,0.3307,9.2202,0.3224,4.1648
2012-12-16 03:14:00,0.0104,6.4743,0.0924,8.7467,0.1199,0.1469
2012-12-16 03:24:00,0.1561,7.1722,0.0549,5.5398,0.2322,0.147
2012-12-16 03:34:00,0.23,7.829,0.4211,2.1308,0.383,0.1472
2012-12-16 03:44:00,0.4206,1.4658,0.4584,6.5998,0.1982,0.1473
2012-12-16 03:54:00,0.475,1.0927,0.6741,7.1758,0.5042,0.1475
2012-12-16 04:04:00,0.6887,9.9907,0.6338,0.4487,0.66,0.1478
2012-12-16 04:14:00,0.9463,10.6282,1.0163,8.2293,0.4923,0.148
2012-12-16 04:24:00,0.9386,11.2932,0.9156,8.7467,0.5561,0.1483
2012-12-16 04:34:00,1.0674,1.114,1.2753,6.7557,0.8314,2.6487
2012-12-16 04:44:00,1.452,12.5008,1.2775,7.1864,0.9461,0.1491
2012-12-16 04:54:00,1.2684,8.7641,1.3052,5.8278,0.7181,0.1496
2012-12-16 05:04:00,1.4102,13.5235,1.2821,10.4821,0.9938,0.1502
2012-12-16 05:14:00,1.5035,13.9646,1.7524,10.8253,1.0321,0.1506
2012-12-16 05:24:00,1.5224,18.1106,1.7675,8.6335,1.0359,0.151
2012-12-16 05:34:00,1.5762,14.6553,1.8014,11.3628,0.7845,0.1513
2012-12-16 05:44:00,1.5031,6.7232,1.8443,9.0571,1.1169,0.1515
2012-12-16 05:54:00,1.5952,9.375,2.0109,9.131,1.2623,5.7766
2012-12-16 06:04:00,1.7058,15.0,1.8669,15.381,1.0623,2.6516
2012-12-16 06:14:00,1.564,8.3333,1.583,9.131,1.1586,3.5985
2012-12-16 06:24:00,1.6799,6.8182,1.7573,15.381,1.3663,0.1514
2012-12-16 06:34:00,1.7189,4.6875,1.8037,4.131,1.2818,2.6512
2012-12-16 06:44:00,1.5944,15.0,1.9908,11.6311,1.1433,0.1511
2012-12-16 06:54:00,1.5231,15.0,1.7671,9.1311,1.2159,0.1509
2012-12-16 07:04:00,1.7078,18.6916,1.9728,11.5856,1.7324,0.1508
2012-12-16 07:14:00,1.4184,14.7873,1.543,11.4656,1.164,0.1507
2012-12-16 07:24:00,1.5149,14.5681,1.625,11.2951,1.0899,0.1506
2012-12-16 07:34:00,1.3584,7.6544,1.6471,11.1028,1.493,2.6504
2012-12-16 07:44:00,1.4084,13.9484,1.7669,10.8128,1.3602,0.1502
2012-12-16 07:54:00,1.2474,17.3934,1.2438,2.3937,0.7827,0.1501
2012-12-16 08:04:00,1.2406,13.2214,1.5088,10.2471,1.3692,2.6499
2012-12-16 08:14:00,1.1775,6.12,1.1337,3.242,1.1142,3.6001
2012-12-16 08:24:00,1.0734,12.3034,1.1476,9.5327,0.9042,0.1498
2012-12-16 08:34:00,0.8455,9.3673,0.9805,0.4496,0.5176,3.6002
2012-12-16 08:44:00,0.8511,15.0242,1.0727,8.7317,0.7168,2.6497
2012-12-16 08:54:00,0.8103,3.2088,0.9044,8.2917,0.7687,0.1496
2012-12-16 09:04:00,0.5839,7.6793,1.0059,0.3797,0.9917,0.1495
2012-12-16 09:14:00,0.6954,9.5312,0.826,1.8554,0.8732,0.1493
2012-12-16 09:24:00,0.6055,12.6579,0.7243,10.6404,0.8372,3.6012
2012-12-16 09:34:00,0.4857,2.6902,0.4569,10.1794,0.4688,0.148
2012-12-16 09:44:00,0.4458,7.6767,0.6206,2.2492,0.0506,0.1473
2012-12-16 09:54:00,0.2488,10.6285,0.4065,9.0615,0.3584,3.6032
2012-12-16 10:04:00,0.0021,6.342,0.214,3.2522,0.2806,7.4859
2012-12-16 15:44:00,0.0789,0.3954,0.1579,4.8387,0.1485,0.147
2012-12-16 15:54:00,0.1298,6.9968,0.0128,5.4033,0.1729,0.1472
2012-12-16 16:04:00,0.2275,0.1641,0.1865,3.4226,0.358,9.7903
2012-12-16 16:14:00,0.4061,0.8315,0.4749,6.4419,0.2544,0.1477
2012-12-16 16:24:00,0.4578,0.9959,0.3231,6.9653,0.2565,0.1479
2012-12-16 16:34:00,0.5929,9.689,0.5465,7.4983,0.499,0.1482
2012-12-16 16:44:00,0.6687,10.304,0.8297,3.6912,0.463,4.4343
2012-12-16 16:54:00,0.7812,10.8939,0.8118,8.4358,0.5826,4.4346
2012-12-16 17:04:00,1.0102,8.9889,1.1276,8.8989,0.768,0.1492
2012-12-16 17:14:00,1.1604,9.5352,1.1716,9.324,0.4875,4.4351
2012-12-16 17:24:00,1.199,4.3225,1.246,7.189,0.7301,0.1495
2012-12-16 17:34:00,1.3857,12.9384,1.1589,5.7411,0.7096,2.6497
2012-12-16 17:44:00,1.4914,13.3474,1.5143,10.3451,1.0213,0.1499
2012-12-16 17:54:00,1.2098,13.6622,1.4621,10.5901,1.0782,0.15
2012-12-16 18:04:00,1.6029,13.9115,1.7869,10.7841,0.9521,0.1501
2012-12-16 18:14:00,1.4911,11.6511,1.6142,8.4706,1.0387,0.1501
2012-12-16 18:24:00,1.5124,4.3347,1.4855,3.6135,0.755,0.1501
2012-12-16 18:34:00,1.457,5.6569,1.507,11.1696,0.95,8.9
2012-12-16 18:44:00,1.5183,14.446,1.6141,11.2001,1.3284,0.15
2012-12-16 18:54:00,1.4789,8.8489,1.7061,11.2218,1.2301,0.15
2012-12-16 19:04:00,1.4882,14.49,1.5783,8.7344,1.0177,5.7749
2012-12-16 19:14:00,1.5532,5.1725,1.5505,11.1668,1.3521,0.1498
2012-12-16 19:24:00,1.4322,9.9713,1.6525,5.428,0.9973,2.6497
2012-12-16 19:34:00,1.4853,14.1244,1.6557,10.9499,1.6317,0.1496
2012-12-16 19:44:00,1.4941,13.9379,1.7523,2.6229,1.1952,0.1495
2012-12-16 19:54:00,1.425,13.6908,1.6613,8.1124,1.397,2.6494
2012-12-16 20:04:00,1.2568,13.4364,1.5607,14.1645,1.2086,0.1492
2012-12-16 20:14:00,1.303,8.8636,1.5781,7.6911,1.417,0.149
2012-12-16 20:24:00,1.1864,12.8191,1.3559,13.6841,1.3553,2.6488
2012-12-16 20:34:00,1.1859,16.2084,1.363,9.6535,1.1567,3.6014
2012-12-16 20:44:00,1.194,12.0565,1.3331,9.3407,1.3068,0.1485
2012-12-16 20:54:00,0.8753,2.3777,1.1713,8.9921,1.0448,0.1483
2012-12-16 21:04:00,1.0462,11.1727,1.1796,8.6529,0.8938,3.6019
2012-12-16 21:14:00,0.9353,10.6766,1.1463,8.2669,0.9213,3.6022
2012-12-16 21:24:00,0.7858,4.5481,0.787,1.2084,0.7039,3.6024
2012-12-16 21:34:00,0.7349,13.4025,0.8164,0.03,0.5987,2.6475
2012-12-16 21:44:00,0.6704,12.8152,0.7061,1.388,0.478,0.1474
2012-12-16 21:54:00,0.5437,8.4808,0.6891,6.5582,0.5145,0.1472
2012-12-16 22:04:00,0.316,0.1692,0.4665,1.9189,0.3277,2.3366
2012-12-16 22:14:00,0.2481,4.2576,0.5034,1.6446,0.322,3.935
2012-12-16 22:24:00,0.0383,29.581,0.1579,5.6085,0.0835,4.2279
2012-12-16 22:34:00,0.1121,10.2372,0.0838,8.8967,0.1414,4.2286
2012-12-17 04:04:00,0.0468,1.2724,0.2113,5.4028,0.1236,0.1936
2012-12-17 04:14:00,0.1956,7.5517,0.2157,5.911,0.0442,5.4354
2012-12-17 04:24:00,0.3573,0.0076,0.4491,6.4064,0.2554,0.1863
2012-12-17 04:34:00,0.5117,8.8569,0.4741,0.2584,0.1811,4.1023
2012-12-17 04:44:00,0.6922,5.212,0.8796,0.7587,0.265,5.444
2012-12-17 04:54:00,0.8675,1.9513,0.8075,7.917,0.3211,7.321
2012-12-17 05:04:00,1.0428,10.7478,1.1167,8.395,0.5158,2.3224
2012-12-17 05:14:00,1.1689,11.3081,1.1753,6.3307,0.6721,0.1766
2012-12-17 05:24:00,1.3711,6.2314,1.5396,6.7571,0.7576,0.1757
2012-12-17 05:34:00,1.2452,9.8262,1.4651,7.1224,0.6986,8.5751
2012-12-17 05:44:00,1.442,6.2,1.692,10.0417,0.8678,0.1684
2012-12-17 05:54:00,1.3644,10.8004,1.6474,3.6405,0.9857,4.4424
2012-12-17 06:04:00,1.5607,13.7013,1.6464,8.1195,1.0049,2.6568
2012-12-17 06:14:00,1.758,14.0134,1.8529,10.8636,1.0916,7.6483
2012-12-17 06:24:00,1.6943,11.8406,1.7139,8.6183,1.1279,9.7913
2012-12-17 06:34:00,1.5606,14.5037,1.8687,11.2452,1.3186,0.1485
2012-12-17 06:44:00,1.8391,14.6782,1.9817,11.381,1.6373,2.6485
2012-12-17 06:54:00,1.7196,14.792,1.7565,4.8028,1.4309,6.8153
2012-12-17 07:04:00,1.7102,14.8289,1.9405,4.8316,1.3253,4.4344
2012-12-17 07:14:00,1.8279,7.3758,2.113,4.0347,1.2223,0.1487
2012-12-17 07:24:00,1.9583,14.8242,2.0844,11.4946,1.4104,0.1488
2012-12-17 07:34:00,1.7123,7.2672,1.8832,11.4502,1.2564,8.8988
2012-12-17 07:44:00,1.8964,18.383,1.9303,7.06,1.3794,0.1489
2012-12-17 07:54:00,1.644,11.9705,1.9672,11.2193,1.2684,2.6489
2012-12-17 08:04:00,1.6543,14.3096,1.8876,11.094,1.1532,0.1489
2012-12-17 08:14:00,1.5587,14.0623,1.9768,6.6159,1.5585,0.1489
2012-12-17 08:24:00,1.3848,13.7877,1.4771,8.1879,1.2818,0.1488
2012-12-17 08:34:00,1.4539,13.5016,1.7486,14.2153,1.1523,0.1487
2012-12-17 08:44:00,1.478,6.489,1.7217,10.196,1.1422,0.1486
2012-12-17 08:54:00,1.2176,12.7815,1.251,2.4049,1.2195,2.6485
2012-12-17 09:04:00,1.2091,12.3502,1.4005,9.5693,1.0301,2.6484
2012-12-17 09:14:00,1.1501,11.9064,1.387,2.5573,1.0018,0.1482
2012-12-17 09:24:00,1.1321,7.1327,1.1991,1.3441,1.1556,2.6481
2012-12-17 09:34:00,1.0133,8.3999,1.2313,5.9406,0.8209,2.6479
2012-12-17 09:44:00,0.6523,10.4058,0.907,2.4312,0.5392,7.6478
2012-12-17 09:54:00,0.7043,13.647,0.8265,3.3746,0.6249,0.1476
2012-12-17 10:04:00,0.5952,9.2924,0.7304,7.1898,0.6456,0.1475
2012-12-17 10:14:00,0.4726,4.4386,0.5626,6.7477,0.2965,0.1474
2012-12-17 10:24:00,0.5024,12.0404,0.6297,6.4759,0.3436,9.0823
2012-12-17 10:34:00,0.2852,2.0665,0.5677,1.4887,0.4682,3.9047
2012-12-17 10:44:00,0.1345,7.1038,0.2936,5.555,0.2916,0.159
2012-12-17 10:54:00,0.1064,0.8452,0.1144,2.5628,0.0601,9.0679
2012-12-17 16:34:00,0.0956,7.2273,0.0829,5.9397,0.0503,1.0436
2012-12-17 16:44:00,0.0847,7.7867,0.061,6.375,0.1778,1.4565
2012-12-17 16:54:00,0.1867,1.9759,0.1444,6.8028,0.1135,1.4566
2012-12-17 17:04:00,0.3498,0.763,0.3566,4.7255,0.1441,2.829
2012-12-17 17:14:00,0.4267,3.7849,0.53,3.3521,0.5237,1.0432
2012-12-17 17:24:00,0.6058,5.6708,0.5339,1.1676,0.4387,1.0432
2012-12-17 17:34:00,0.6342,7.9663,0.6396,8.4597,0.533,2.8289
2012-12-17 17:44:00,0.7796,10.9452,0.9498,6.3323,0.4858,6.0432
2012-12-17 17:54:00,1.0955,7.123,0.9485,4.9072,0.5848,1.4566
2012-12-17 18:04:00,1.0438,11.7964,0.9391,6.9945,0.6584,2.8292
2012-12-17 18:14:00,1.194,9.6909,1.1283,2.3014,0.5434,2.8292
2012-12-17 18:24:00,1.1915,5.0484,1.1738,7.5796,0.7981,1.4565
2012-12-17 18:34:00,1.2582,10.3511,1.2013,7.815,0.8633,4.1686
2012-12-17 18:44:00,1.449,13.0901,1.2618,8.001,0.8182,1.4564
2012-12-17 18:54:00,1.5123,10.781,1.4099,10.6495,0.6249,1.4564
2012-12-17 19:04:00,1.1984,13.4477,1.3474,8.2792,0.6911,2.8293
2012-12-17 19:14:00,1.5328,13.6073,1.4158,4.2367,0.6828,1.0435
2012-12-17 19:24:00,1.3258,11.1648,1.4653,8.448,0.9487,1.0435
2012-12-17 19:34:00,1.4491,11.1838,1.6404,8.4629,1.0426,4.1684
2012-12-17 19:44:00,1.1949,6.1818,1.408,5.3364,0.8144,1.4567
2012-12-17 19:54:00,1.4604,9.3418,1.6292,2.1691,0.8228,1.0433
2012-12-17 20:04:00,1.5286,13.6004,1.5421,6.6545,0.7532,3.9817
2012-12-17 20:14:00,1.4078,13.5134,1.7633,8.3731,1.2372,0.8542
2012-12-17 20:24:00,1.5164,13.3778,1.5052,10.7681,0.9833,1.6483
2012-12-17 20:34:00,1.198,8.9322,1.5163,6.3586,0.9685,1.6509
2012-12-17 20:44:00,1.3469,6.3368,1.394,10.478,0.8538,7.5774
2012-12-17 20:54:00,1.1409,8.5123,1.3402,6.033,0.613,0.8442
2012-12-17 21:04:00,1.0706,12.5543,1.1752,5.8453,0.5452,1.6644
2012-12-17 21:14:00,1.149,9.7521,1.2951,1.7178,0.8191,1.681
2012-12-17 21:24:00,1.0781,11.9715,1.204,1.5028,0.5153,1.696
2012-12-17 21:34:00,0.9621,3.4495,1.0658,5.1371,0.5302,2.5766
2012-12-17 21:44:00,0.8556,0.4336,1.0449,3.5169,0.6905,0.7794
2012-12-17 21:54:00,0.8164,10.9166,0.9067,0.6897,0.6306,0.7696
2012-12-17 22:04:00,0.7249,1.3078,0.8096,8.5792,0.2246,7.4922
2012-12-17 22:14:00,0.5289,4.4755,0.5595,2.6149,0.3914,7.0046
2012-12-17 22:24:00,0.5427,5.5121,0.6568,3.784,0.2375,6.1442
2012-12-17 22:34:00,0.4063,0.1499,0.4423,7.7469,0.1211,0.4548
2012-12-17 22:44:00,0.2394,6.4249,0.257,2.2491,0.1729,2.2338
2012-12-17 22:54:00,0.2073,30.989,0.3343,1.6936,0.1514,2.2261
2012-12-17 23:04:00,0.0215,0.1316,0.1494,1.0913,0.1017,3.5594
2012-12-17 23:14:00,0.1118,1.1585,0.1344,6.3606,0.2021,0.4293
2012-12-18 04:44:00,0.1843,0.4208,0.0612,1.9849,0.0951,6.4921
2012-12-18 04:54:00,0.0247,5.911,0.0011,1.5197,0.0474,2.8947
2012-12-18 05:04:00,0.1649,6.4174,0.2317,5.0372,0.0805,0.2235
2012-12-18 05:14:00,0.3841,19.3635,0.4447,5.3832,0.1663,0.2174
2012-12-18 05:24:00,0.4314,7.4533,0.3183,0.3448,0.2372,5.7483
2012-12-18 05:34:00,0.5372,6.1512,0.5524,6.2815,0.3804,6.9947
2012-12-18 05:44:00,0.6519,2.6137,0.7376,3.3726,0.4399,0.222
2012-12-18 05:54:00,0.6376,1.9984,0.8105,6.836,0.4776,0.2268
2012-12-18 06:04:00,0.7478,2.8977,0.9081,7.1635,0.6069,0.2349
2012-12-18 06:14:00,0.9199,9.5558,1.0253,7.484,0.6647,0.2481
2012-12-18 06:24:00,1.1985,9.912,1.3489,0.622,0.7545,6.8781
2012-12-18 06:34:00,0.864,6.1234,0.9648,3.8969,0.8157,3.8818
2012-12-18 06:44:00,1.0649,13.1036,1.1529,8.3125,0.7023,0.3076
2012-12-18 06:54:00,1.2797,5.8484,1.1513,6.7223,0.6753,2.7949
2012-12-18 07:04:00,1.1691,2.1679,1.3686,8.7037,0.4839,0.3423
2012-12-18 07:14:00,1.2509,9.5067,1.4527,8.8553,0.7984,0.3384
2012-12-18 07:24:00,1.3181,11.4101,1.4109,2.2135,0.8218,0.3269
2012-12-18 07:34:00,1.1415,9.742,1.4413,1.8897,0.6746,1.4736
2012-12-18 07:44:00,1.3279,11.5886,1.3877,9.0766,0.6229,1.4887
2012-12-18 07:54:00,1.1489,11.6011,1.1239,2.8332,0.5476,0.2831
2012-12-18 08:04:00,1.2722,11.6292,1.5636,9.1029,0.8597,0.2737
2012-12-18 08:14:00,1.2433,9.8424,1.2342,1.9582,0.5396,0.2691
2012-12-18 08:24:00,1.1401,11.5668,1.3081,1.5524,0.6815,2.8602
2012-12-18 08:34:00,1.1178,7.2959,1.259,8.9704,0.6169,0.2608
2012-12-18 08:44:00,1.2569,5.6789,1.4293,8.8904,0.8337,0.257
2012-12-18 08:54:00,0.9899,8.1068,1.1111,2.5393,0.6815,2.7536
2012-12-18 09:04:00,1.0213,2.9573,1.2843,8.7003,1.0251,5.1772
2012-12-18 09:14:00,1.0958,4.6499,1.3117,8.5867,0.7542,0.5034
2012-12-18 09:24:00,1.0003,10.6604,1.2234,8.4006,0.6879,0.5036
2012-12-18 09:34:00,0.9746,10.4312,1.0847,8.2224,0.7019,3.0038
2012-12-18 09:44:00,0.8779,4.4968,1.0136,10.5264,0.4897,3.6598
2012-12-18 09:54:00,0.7387,3.6361,0.822,3.6326,0.4807,0.5105
2012-12-18 10:04:00,0.7729,2.4184,0.8365,7.5467,0.6096,0.5104
2012-12-18 10:14:00,0.8063,0.9036,0.8535,7.2944,0.6331,2.6147
2012-12-18 10:24:00,0.6542,5.7633,0.5928,7.0233,0.5548,0.5102
2012-12-18 10:34:00,0.4963,5.3803,0.4913,6.7254,0.2645,0.5101
2012-12-18 10:44:00,0.532,4.9994,0.4917,4.6435,0.5472,0.51
2012-12-18 10:54:00,0.4589,7.7415,0.5385,6.1314,0.289,0.51
2012-12-18 11:04:00,0.3942,7.3369,0.167,5.8168,0.349,1.2758
2012-12-18 11:14:00,0.3394,6.9097,0.2022,5.4846,0.1832,0.5098
2012-12-18 11:24:00,0.2558,0.239,0.3005,3.3739,0.1989,1.276
2012-12-18 11:34:00,0.1284,6.0518,0.1111,4.8174,0.0283,0.5097
2012-12-18 11:44:00,0.0177,30.5973,0.1536,4.4639,0.122,0.5096
2012-12-18 17:14:00,0.2468,6.0543,0.1915,0.8445,0.2311,0.4147
2012-12-18 17:24:00,0.1459,4.659,0.1999,1.1482,0.1049,5.3602
2012-12-18 17:34:00,0.0597,3.7252,0.077,5.63,0.003,5.7718
2012-12-18 17:44:00,0.0559,7.3772,0.1107,6.0996,0.0701,0.1347
2012-12-18 17:54:00,0.1439,4.6309,0.0961,0.7505,0.0483,0.1425
2012-12-18 18:04:00,0.2806,6.3334,0.3683,3.5494,0.2409,0.1446
2012-12-18 18:14:00,0.4079,8.4961,0.1889,6.9698,0.1317,0.1347
2012-12-18 18:24:00,0.2995,7.0566,0.2701,5.4561,0.1591,2.5033
2012-12-18 18:34:00,0.379,9.1954,0.5427,7.5195,0.1162,1.4479
2012-12-18 18:44:00,0.4646,7.7297,0.5199,5.9857,0.2166,0.0951
2012-12-18 18:54:00,0.3665,8.0162,0.4167,4.8718,0.1488,0.0834
2012-12-18 19:04:00,0.3498,5.9355,0.4402,8.2311,0.0831,0.0799
2012-12-18 19:14:00,0.4717,8.5329,0.4659,8.3982,0.1739,0.0852
2012-12-18 19:24:00,0.3882,5.5124,0.535,8.5476,0.2345,0.0907
2012-12-18 19:34:00,0.5454,10.6774,0.6074,8.6747,0.2158,1.6899
2012-12-18 19:44:00,0.6185,6.5999,0.6345,5.5614,0.1951,0.3646
2012-12-18 19:54:00,0.5978,9.1687,0.581,5.8257,0.2495,0.1662
2012-12-18 20:04:00,0.6209,9.2537,0.6429,7.2308,0.4182,0.1664
2012-12-18 20:14:00,0.6054,11.0659,0.6216,9.0371,0.467,1.1728
2012-12-18 20:24:00,0.5343,6.9143,0.5798,7.2637,0.2254,0.18
2012-12-18 20:34:00,0.5672,7.9675,0.5296,9.06,0.1466,0.1875
2012-12-18 20:44:00,0.4607,9.2573,0.5286,7.2376,0.123,1.9811
2012-12-18 20:54:00,0.444,10.9805,0.3879,8.9766,0.1975,0.2034
2012-12-18 21:04:00,0.4475,9.1209,0.4479,5.7956,0.1215,1.9961
2012-12-18 21:14:00,0.4602,9.0379,0.507,8.857,0.1225,0.2147
2012-12-18 21:24:00,0.3492,8.9267,0.4134,5.6465,0.2293,0.2191
2012-12-18 21:34:00,0.4315,8.7718,0.4131,6.8664,0.144,0.2236
2012-12-18 21:44:00,0.3414,8.6616,0.4204,6.8264,0.2336,0.4293
2012-12-18 21:54:00,0.3441,8.4912,0.2958,6.6946,0.0028,2.2178
2012-12-18 22:04:00,0.2668,8.3085,0.2741,8.3393,0.0542,1.9436
2012-12-18 22:14:00,0.2305,5.7269,0.1625,6.3995,0.0066,0.4463
2012-12-18 22:24:00,0.2505,9.6721,0.1612,6.2296,0.0869,0.4554
2012-12-18 22:34:00,0.1846,7.6498,0.1477,7.8333,0.0897,0.8753
2012-12-18 22:44:00,0.245,6.1189,0.1215,7.7316,0.1013,2.4701
2012-12-18 22:54:00,0.1148,8.9906,0.0188,7.5378,0.116,2.4848
2012-12-18 23:04:00,0.2094,8.7379,0.0246,4.22,0.1413,2.5017
2012-12-18 23:14:00,0.1415,8.4742,0.0052,7.1447,0.0676,2.5233
2012-12-18 23:24:00,0.0628,8.1851,0.0623,3.8002,0.2169,2.548
2012-12-18 23:34:00,0.0708,6.1353,0.0308,4.9393,0.2031,0.7866
2012-12-18 23:44:00,0.0457,5.8455,0.1181,9.0039,0.2777,2.5917
2012-12-19 00:04:00,0.1779,3.8977,0.2334,4.2534,0.3817,0.4953
2012-12-19 00:14:00,0.1959,6.7506,0.2516,1.6642,0.394,0.8594
2012-12-19 05:24:00,0.2141,3.7298,0.2409,4.1184,0.3479,0.8255
2012-12-19 05:34:00,0.1717,4.0395,0.2318,1.9764,0.3354,0.8172
2012-12-19 05:44:00,0.1382,5.7142,0.1451,4.6164,0.3207,0.8098
2012-12-19 05:54:00,0.1192,6.0587,0.1173,2.5019,0.2866,2.589
2012-12-19 06:04:00,0.0461,4.0131,0.1057,5.1425,0.2078,0.7988
2012-12-19 06:14:00,0.0445,6.7165,0.0733,5.3926,0.2409,0.7964
2012-12-19 06:24:00,0.007,7.0592,0.0248,4.3191,0.1695,0.5456
2012-12-19 06:34:00,0.0378,4.9857,0.0581,3.5158,0.1991,0.7911
2012-12-19 06:44:00,0.0382,7.671,0.0207,10.4185,0.2322,0.5508
2012-12-19 06:54:00,0.0732,7.9737,0.0257,3.9866,0.2356,2.5718
2012-12-19 07:04:00,0.084,6.8925,0.0663,5.2285,0.1448,0.5552
2012-12-19 07:14:00,0.0769,6.1095,0.034,4.3875,0.2221,0.5567
2012-12-19 07:24:00,0.1521,7.4119,0.1424,6.9707,0.1692,0.781
2012-12-19 07:34:00,0.1552,13.2783,0.1034,7.2138,0.2,2.8668
2012-12-19 07:44:00,0.1699,9.1762,0.1346,7.3581,0.1358,1.3446
2012-12-19 07:54:00,0.231,6.9503,0.173,5.0991,0.016,1.0374
2012-12-19 08:04:00,0.242,5.0376,0.2091,3.2054,0.1115,1.303
2012-12-19 08:14:00,0.2704,13.8781,0.2565,5.3602,0.0859,5.5937
2012-12-19 08:24:00,0.282,7.2564,0.2432,9.5629,0.0724,1.313
2012-12-19 08:34:00,0.2753,8.348,0.2378,7.8188,0.03,1.3183
2012-12-19 08:44:00,0.2845,9.7135,0.2775,6.5013,0.0359,1.0564
2012-12-19 08:54:00,0.2766,9.705,0.2559,7.8354,0.0154,1.3307
2012-12-19 09:04:00,0.3311,8.3712,0.2527,6.5589,0.0593,1.5949
2012-12-19 09:14:00,0.3343,9.6702,0.2896,0.5615,0.047,1.5944
2012-12-19 09:24:00,0.3217,8.271,0.2824,9.6059,0.0217,1.5944
2012-12-19 09:34:00,0.2723,8.1663,0.2563,6.34,0.0525,0.0145
2012-12-19 09:44:00,0.2648,9.4075,0.2533,7.5994,0.041,1.3104
2012-12-19 09:54:00,0.2518,9.2833,0.2985,1.1997,0.0323,3.6384
2012-12-19 10:04:00,0.237,6.7679,0.2541,0.6298,0.05,1.3018
2012-12-19 10:14:00,0.2224,2.2139,0.2412,5.9283,0.062,0.036
2012-12-19 10:24:00,0.2004,8.864,0.2151,7.2374,0.1037,0.238
2012-12-19 10:34:00,0.1954,7.3263,0.202,5.746,0.1249,1.5862
2012-12-19 10:44:00,0.1376,1.175,0.1338,6.9438,0.1101,1.5972
2012-12-19 10:54:00,0.1004,3.8114,0.1075,1.0734,0.0994,1.6093
2012-12-19 11:04:00,0.1457,4.1466,0.1036,4.2281,0.1425,2.8445
2012-12-19 11:14:00,0.1176,2.455,0.0592,8.2175,0.1793,2.8365
2012-12-19 11:24:00,0.0831,5.1957,0.0126,4.9129,0.2176,1.6377
2012-12-19 11:34:00,0.0381,7.0764,0.0138,7.5108,0.1995,2.8789
2012-12-19 11:44:00,0.0109,6.9507,0.1277,2.4953,0.3415,3.9696
2012-12-19 11:54:00,0.1092,8.5893,0.189,0.7094,0.5582,1.6609
2012-12-19 12:04:00,0.1813,6.5281,0.2789,5.4413,0.5511,4.0483
2012-12-19 12:14:00,0.2256,1.3219,0.3172,5.2403,0.6114,1.6751
2012-12-19 12:24:00,0.2749,3.6117,0.3916,5.0295,0.632,4.3404
2012-12-19 12:34:00,0.3165,7.6458,0.4283,4.9896,0.6495,1.9694
2012-12-19 12:44:00,0.3429,5.6204,0.4591,4.8069,0.7037,1.9094
2012-12-19 18:04:00,0.2541,3.9619,0.3179,3.0027,0.5141,0.3198
2012-12-19 18:14:00,0.246,3.2151,0.2986,1.3553,0.4626,1.3694
2012-12-19 18:24:00,0.1687,4.4414,0.1879,3.3247,0.3489,0.5548
2012-12-19 18:34:00,0.1532,6.0692,0.1933,2.5066,0.316,1.6
2012-12-19 18:44:00,0.0982,6.3535,0.1789,1.2107,0.3316,3.123
2012-12-19 18:54:00,0.0187,6.6487,0.0957,3.9933,0.2722,0.5823
2012-12-19 19:04:00,0.0401,4.5442,0.0565,4.2043,0.2336,0.6005
2012-12-19 19:14:00,0.0268,7.1886,0.0286,3.3649,0.1916,1.6532
2012-12-19 19:24:00,0.0452,7.4414,0.0155,5.94,0.2065,2.4978
2012-12-19 19:34:00,0.0602,6.3284,0.0006,4.7742,0.2516,1.6753
2012-12-19 19:44:00,0.1384,6.5455,0.061,8.0657,0.1903,2.4815
2012-12-19 19:54:00,0.0821,6.7508,0.0731,5.0985,0.1572,1.6932
2012-12-19 20:04:00,0.122,6.9471,0.0654,5.2508,0.1635,1.6944
2012-12-19 20:14:00,0.1356,6.0583,0.0976,1.3531,0.1918,0.6466
2012-12-19 20:24:00,0.168,7.2266,0.1527,8.5958,0.1373,0.6993
2012-12-19 20:34:00,0.1514,8.6612,0.1654,6.8858,0.1398,0.6332
2012-12-19 20:44:00,0.1744,6.363,0.1509,5.6123,0.1674,0.6264
2012-12-19 20:54:00,0.1962,8.808,0.1661,7.0028,0.1642,0.6197
2012-12-19 21:04:00,0.1845,7.5066,0.1874,4.6527,0.1817,0.6139
2012-12-19 21:14:00,0.2084,7.5395,0.191,5.7211,0.1756,5.0162
2012-12-19 21:24:00,0.2228,10.6509,0.1813,5.7117,0.1275,2.5213
2012-12-19 21:34:00,0.2206,7.5058,0.2056,1.0096,0.0734,0.7406
2012-12-19 21:44:00,0.1791,7.4662,0.193,7.0067,0.1881,0.7455
2012-12-19 21:54:00,0.1667,7.4083,0.1629,5.6236,0.1737,0.589
2012-12-19 22:04:00,0.1715,8.6823,0.1475,5.5743,0.1873,0.5824
2012-12-19 22:14:00,0.1815,7.2599,0.1493,5.5118,0.2185,0.5737
2012-12-19 22:24:00,0.1373,8.5003,0.1166,6.7752,0.2133,4.9445
2012-12-19 22:34:00,0.1549,4.4839,0.0837,8.4681,0.185,0.7727
2012-12-19 22:44:00,0.1512,8.2195,0.0935,5.2187,0.2076,0.5651
2012-12-19 22:54:00,0.0627,8.1191,0.0365,5.1866,0.3125,0.3518
2012-12-19 23:04:00,0.0371,6.6277,0.0131,5.0731,0.3297,2.7895
2012-12-19 23:14:00,0.0502,7.7768,0.0098,10.5516,0.3814,3.9349
2012-12-19 23:24:00,0.035,6.2485,0.0171,4.7809,0.3938,0.3237
2012-12-19 23:34:00,0.0034,7.4094,0.0442,4.645,0.4486,1.3521
2012-12-19 23:44:00,0.0218,7.2149,0.0958,2.6214,0.4495,0.2982
2012-12-20 00:04:00,0.1041,6.8617,0.2333,5.6704,0.6727,1.5398
2012-12-20 00:14:00,0.1639,5.3185,0.2918,3.1321,0.6686,0.8353
2012-12-20 00:24:00,0.1778,6.4464,0.3263,9.6369,0.6705,1.5579
2012-12-20 00:34:00,0.2232,8.0179,0.3552,3.8494,0.7235,0.2379
2012-12-20 00:44:00,0.2825,4.6661,0.4137,2.6369,0.7688,1.6037
2012-12-20 00:54:00,0.3377,5.7994,0.4715,3.525,0.8,1.6359
2012-12-20 01:04:00,0.3942,9.8883,0.5329,4.7174,0.8942,0.3274
2012-12-20 06:04:00,0.2791,9.1942,0.3727,8.2694,0.5191,5.0612
2012-12-20 06:14:00,0.2135,8.9585,0.2886,7.8804,0.3994,0.1565
2012-12-20 06:24:00,0.13,8.7935,0.2241,1.9278,0.2321,3.2259
2012-12-20 06:34:00,0.1338,9.0136,0.2245,0.1833,0.2883,3.0425
2012-12-20 06:44:00,0.1566,9.0315,0.1801,7.5517,0.3446,3.2347
2012-12-20 06:54:00,0.1422,4.9949,0.2541,7.6924,0.4801,3.4724
2012-12-20 07:04:00,0.0998,2.976,0.1816,2.3499,0.5005,2.1569
2012-12-20 07:14:00,0.0231,9.9863,0.1346,0.0631,0.3694,3.4551
2012-12-20 07:24:00,0.0112,4.6996,0.1046,8.5096,0.34,2.1775
2012-12-20 07:34:00,0.0751,6.3686,0.0657,8.7657,0.3047,2.1762
2012-12-20 07:44:00,0.0918,5.2589,0.0387,8.9062,0.3089,2.28
2012-12-20 07:54:00,0.1523,5.5695,0.1425,2.7322,0.2922,3.6415
2012-12-20 08:04:00,0.1656,11.4493,0.1469,9.3368,0.2437,3.6603
2012-12-20 08:14:00,0.2142,11.6915,0.225,2.2171,0.2063,1.9508
2012-12-20 08:24:00,0.3413,5.2569,0.2916,1.5519,0.1141,1.9308
2012-12-20 08:34:00,0.4115,3.9435,0.4582,9.8502,0.0548,1.9092
2012-12-20 08:44:00,0.4565,12.2819,0.4325,9.9674,0.1863,1.8888
2012-12-20 08:54:00,0.5354,1.8478,0.5504,4.4583,0.0731,0.6282
2012-12-20 09:04:00,0.5245,12.553,0.6404,0.8828,0.0174,1.8522
2012-12-20 09:14:00,0.5849,10.1054,0.5413,4.5818,0.0851,2.4507
2012-12-20 09:24:00,0.5834,10.1304,0.6241,4.596,0.111,3.8133
2012-12-20 09:34:00,0.4956,10.1657,0.5919,10.2432,0.0934,7.8549
2012-12-20 09:44:00,0.5581,1.6212,0.6189,10.2431,0.2905,1.7595
2012-12-20 09:54:00,0.5918,7.0206,0.5954,0.3737,0.0189,2.5553
2012-12-20 10:04:00,0.469,12.5687,0.5373,0.6852,0.2143,1.7008
2012-12-20 10:14:00,0.5094,1.6662,0.6272,10.0888,0.2192,0.8244
2012-12-20 10:24:00,0.5835,12.3144,0.6329,7.3522,0.3266,1.2412
2012-12-20 10:34:00,0.4843,12.1979,0.5653,9.7634,0.1914,1.2669
2012-12-20 10:44:00,0.5786,9.5545,0.444,1.9374,0.0724,3.0115
2012-12-20 10:54:00,0.4943,2.6425,0.4448,7.0138,0.0767,1.28
2012-12-20 11:04:00,0.384,11.7058,0.4661,9.3844,0.1504,1.216
2012-12-20 11:14:00,0.4181,11.4866,0.4384,9.2134,0.1573,1.2817
2012-12-20 11:24:00,0.4262,4.5736,0.4455,9.0196,0.1517,1.2283
2012-12-20 11:34:00,0.4891,10.9953,0.5172,8.8259,0.1414,1.2574
2012-12-20 11:44:00,0.3083,10.7203,0.4443,8.6086,0.0948,1.2423
2012-12-20 11:54:00,0.3408,10.4408,0.4434,5.888,0.1023,1.228
2012-12-20 12:04:00,0.2711,0.6907,0.4557,8.1528,0.2069,1.2131
2012-12-20 12:14:00,0.2117,1.0592,0.2087,5.3901,0.1023,1.3018
2012-12-20 12:24:00,0.2238,0.514,0.1666,5.1361,0.061,1.1868
2012-12-20 12:34:00,0.1162,0.5887,0.0905,5.2021,0.0683,3.8801
2012-12-20 12:44:00,0.084,9.1149,0.0744,7.4814,0.1549,1.7871
2012-12-20 12:54:00,0.0315,0.1735,0.1533,7.3994,0.521,2.085
2012-12-20 13:04:00,0.0483,8.5983,0.2349,7.1475,0.5921,2.0898
2012-12-20 13:14:00,0.1084,8.2739,0.2812,4.3967,0.631,7.5459
2012-12-20 13:24:00,0.1074,0.3632,0.3147,6.5272,0.4161,6.8763
2012-12-20 13:34:00,0.1925,1.5939,0.3556,6.4043,0.5289,2.1125
2012-12-20 18:54:00,0.1024,2.386,0.3335,6.382,0.4039,4.5742
2012-12-20 19:04:00,0.0164,0.4173,0.15,6.6146,0.3686,2.0773
2012-12-20 19:14:00,0.0009,8.2559,0.1312,4.3761,0.3776,0.4312
2012-12-20 19:24:00,0.088,6.068,0.1455,4.6177,0.3235,2.0635
2012-12-20 19:34:00,0.0613,8.872,0.0244,1.7285,0.2449,6.6898
2012-12-20 19:44:00,0.1341,4.8629,0.0533,7.5682,0.2167,3.5668
2012-12-20 19:54:00,0.1211,6.8728,0.0535,1.0627,0.0591,1.81
2012-12-20 20:04:00,0.238,7.1372,0.1358,5.3918,0.0683,1.8046
2012-12-20 20:14:00,0.3079,0.2401,0.3016,8.0816,0.1035,1.799
2012-12-20 20:24:00,0.3236,1.4214,0.328,8.3043,0.1368,1.7915
2012-12-20 20:34:00,0.4116,10.4154,0.4572,5.9912,0.1527,0.7203
2012-12-20 20:44:00,0.4302,1.8779,0.5631,8.6527,0.2291,6.4189
2012-12-20 20:54:00,0.415,10.7816,0.5517,8.7675,0.2759,1.7429
2012-12-20 21:04:00,0.4802,11.0026,0.6591,8.9351,0.4439,1.7238
2012-12-20 21:14:00,0.5335,11.0917,0.4218,6.4473,0.2431,1.465
2012-12-20 21:24:00,0.4825,4.5434,0.545,6.5394,0.3282,2.8206
2012-12-20 21:34:00,0.5555,11.307,0.717,9.1148,0.4064,1.4651
2012-12-20 21:44:00,0.5651,11.4033,0.6825,9.1897,0.4048,2.8206
2012-12-20 21:54:00,0.4848,7.1849,0.4975,9.242,0.4098,1.4652
2012-12-20 22:04:00,0.5124,11.4875,0.5482,9.2552,0.4372,7.2848
2012-12-20 22:14:00,0.502,8.9875,0.6568,9.2552,0.5343,1.4652
2012-12-20 22:24:00,0.5028,9.0108,0.721,6.7734,0.2983,1.0348
2012-12-20 22:34:00,0.6918,9.0032,0.6813,6.7674,0.3511,1.4652
2012-12-20 22:44:00,0.6315,2.1456,0.6367,9.1687,0.3742,7.7656
2012-12-20 22:54:00,0.5495,7.1102,0.6305,6.7343,0.3868,0.8089
2012-12-20 23:04:00,0.5116,11.3139,0.5293,9.1705,0.2711,1.6913
2012-12-20 23:14:00,0.5493,11.2447,0.6505,6.6163,0.3153,3.9355
2012-12-20 23:24:00,0.4597,11.0928,0.5655,8.9977,0.4279,2.598
2012-12-20 23:34:00,0.4643,8.4115,0.4456,3.2313,0.471,0.8141
2012-12-20 23:44:00,0.4549,1.5756,0.4643,8.7742,0.2952,1.6841
2012-12-21 00:04:00,0.3786,7.9495,0.412,8.4964,0.194,1.6832
2012-12-21 00:14:00,0.2716,10.2613,0.3687,8.3513,0.3172,2.5968
2012-12-21 00:24:00,0.3581,2.5436,0.2774,8.1834,0.3012,1.6951
2012-12-21 00:34:00,0.2664,5.5208,0.3745,8.0004,0.3528,2.5839
2012-12-21 00:44:00,0.2259,5.2477,0.2717,3.504,0.1308,2.5768
2012-12-21 00:54:00,0.2894,6.8151,0.3419,3.3359,0.1984,2.569
2012-12-21 01:04:00,0.2198,0.2834,0.1555,1.7795,0.1967,1.7256
2012-12-21 01:14:00,0.2047,6.2835,0.2568,4.7124,0.1773,1.7355
2012-12-21 01:24:00,0.1327,0.6065,0.0351,7.1486,0.0994,2.003
2012-12-21 01:34:00,0.1746,5.8347,0.084,4.4265,0.1314,2.017
2012-12-21 01:44:00,0.0886,3.8028,0.0163,6.7383,0.1094,2.0325
2012-12-21 01:54:00,0.057,5.3227,0.0199,4.0351,0.1116,0.4519
2012-12-21 02:04:00,0.0223,2.1119,0.0137,6.3117,0.0646,2.0634
2012-12-21 07:14:00,0.1178,3.9778,0.1675,4.6307,0.0624,0.6795
2012-12-21 07:24:00,0.0861,6.062,0.1197,4.8611,0.1845,1.1141
2012-12-21 07:34:00,0.0178,6.1446,0.1706,4.8527,0.0655,0.3444
2012-12-21 07:44:00,0.1108,0.1831,0.0041,5.0779,0.0181,1.4377
2012-12-21 07:54:00,0.1579,6.7368,0.027,3.5286,0.0128,5.9005
2012-12-21 08:04:00,0.1198,6.9495,0.0989,3.6938,0.0269,2.7765
2012-12-21 08:14:00,0.1888,0.5377,0.1315,5.727,0.0352,0.346
2012-12-21 08:24:00,0.1586,5.7816,0.0406,0.2915,0.211,0.3421
2012-12-21 08:34:00,0.1776,5.9565,0.1309,6.0934,0.0736,1.4485
2012-12-21 08:44:00,0.2786,1.7091,0.2746,6.2608,0.1394,0.3318
2012-12-21 08:54:00,0.2361,2.5324,0.3069,1.8754,0.0487,2.799
2012-12-21 09:04:00,0.2893,8.3863,0.3374,3.4656,0.1398,2.8043
2012-12-21 09:14:00,0.3238,6.8537,0.2555,5.0443,0.1496,5.7377
2012-12-21 09:24:00,0.2585,7.0653,0.3087,0.7446,0.0512,1.2733
2012-12-21 09:34:00,0.3374,9.0098,0.3388,7.1181,0.1991,1.2732
2012-12-21 09:44:00,0.3522,9.1106,0.4044,7.1964,0.1342,3.6541
2012-12-21 09:54:00,0.4037,11.7082,0.3715,7.2724,0.1322,0.5126
2012-12-21 10:04:00,0.3872,9.3101,0.5328,7.3516,0.1393,0.5126
2012-12-21 10:14:00,0.3337,9.3421,0.3209,7.3764,0.1643,5.7361
2012-12-21 10:24:00,0.3957,6.2615,0.4449,7.4108,0.2447,4.4861
2012-12-21 10:34:00,0.4664,7.7002,0.5053,7.4881,0.2654,1.2717
2012-12-21 10:44:00,0.4688,9.5337,0.4791,4.4003,0.1539,0.514
2012-12-21 10:54:00,0.4952,9.4578,0.4366,9.9663,0.2479,1.2717
2012-12-21 11:04:00,0.3397,5.2438,0.3813,7.4294,0.1987,0.5139
2012-12-21 11:14:00,0.3437,9.3938,0.4952,7.4165,0.157,1.2718
2012-12-21 11:24:00,0.4126,9.358,0.4439,7.3887,0.2825,1.2718
2012-12-21 11:34:00,0.42,9.246,0.4274,7.3016,0.213,1.2718
2012-12-21 11:44:00,0.3556,7.3813,0.5029,5.4545,0.2865,1.2718
2012-12-21 11:54:00,0.4014,2.3616,0.394,5.3964,0.1566,0.5139
2012-12-21 12:04:00,0.406,5.809,0.4151,7.0589,0.1226,2.6112
2012-12-21 12:14:00,0.2679,8.7516,0.2722,6.9171,0.2029,0.5137
2012-12-21 12:24:00,0.3298,5.5115,0.3541,6.8276,0.1619,0.5136
2012-12-21 12:34:00,0.2663,6.6776,0.2737,6.6929,0.0913,0.5135
2012-12-21 12:44:00,0.2791,8.2615,0.3079,6.5359,0.1549,1.2723
2012-12-21 12:54:00,0.2451,8.0254,0.2192,4.5666,0.1816,6.2175
2012-12-21 13:04:00,0.2428,1.5991,0.1577,6.2153,0.1522,5.1687
2012-12-21 13:14:00,0.2315,7.6321,0.1669,6.0465,0.2282,0.513
2012-12-21 13:24:00,0.2192,7.3769,0.0653,5.848,0.0395,0.5128
2012-12-21 13:34:00,0.1896,7.1236,0.0771,5.651,0.0148,2.6124
2012-12-21 13:44:00,0.1093,5.1696,0.0428,1.3534,0.0327,0.5125
2012-12-21 13:54:00,0.0643,6.7252,0.0013,5.3412,0.0435,1.2733
2012-12-21 14:04:00,0.0454,4.6584,0.058,7.6226,0.1154,5.7378
2012-12-21 14:14:00,0.0414,6.179,0.0277,4.9168,0.0171,1.273
2012-12-21 14:24:00,0.0167,2.8037,0.0454,2.9501,0.0502,3.6542
2012-12-21 14:34:00,0.0241,5.6474,0.1128,4.5034,0.0925,0.5121
2012-12-21 19:44:00,0.1421,5.5679,0.1753,2.6558,0.0916,3.6545
2012-12-21 19:54:00,0.0364,0.1418,0.0082,1.6098,0.0885,1.2726
2012-12-21 20:04:00,0.0618,8.542,0.0395,3.0243,0.0048,2.6116
2012-12-21 20:14:00,0.0331,4.4936,0.088,3.2088,0.0251,2.6113
2012-12-21 20:24:00,0.0768,6.5598,0.0239,5.2127,0.0667,0.514
2012-12-21 20:34:00,0.117,6.7794,0.0521,5.3834,0.078,0.5143
2012-12-21 20:44:00,0.202,0.8018,0.1048,3.8091,0.1015,1.2719
2012-12-21 20:54:00,0.2322,5.5635,0.0582,5.8628,0.027,0.6782
2012-12-21 21:04:00,0.2498,7.5593,0.1229,2.8985,0.1018,0.6661
2012-12-21 21:14:00,0.2383,7.7598,0.1278,6.1768,0.0666,1.1313
2012-12-21 21:24:00,0.1993,2.2879,0.1626,4.5514,0.0732,0.6413
2012-12-21 21:34:00,0.2145,6.4384,0.2011,4.7458,0.1169,1.1597
2012-12-21 21:44:00,0.2427,6.5728,0.1837,3.507,0.0937,2.5168
2012-12-21 21:54:00,0.3204,8.5206,0.2957,6.754,0.0993,2.5348
2012-12-21 22:04:00,0.302,5.6115,0.2151,6.9211,0.0837,0.5864
2012-12-21 22:14:00,0.2568,8.8756,0.2417,7.0314,0.0558,3.5705
2012-12-21 22:24:00,0.1643,7.1967,0.2057,7.1174,0.2437,0.6088
2012-12-21 22:34:00,0.2553,5.9787,0.341,5.4287,0.0748,1.1643
2012-12-21 22:44:00,0.2678,7.4008,0.3285,7.2815,0.1578,1.1528
2012-12-21 22:54:00,0.2654,5.0713,0.2675,4.1989,0.1494,0.6436
2012-12-21 23:04:00,0.3437,9.3343,0.4251,7.4006,0.0154,5.03
2012-12-21 23:14:00,0.284,9.3193,0.278,7.3901,0.098,3.1572
2012-12-21 23:24:00,0.2845,9.321,0.1759,4.2676,0.1412,0.6625
2012-12-21 23:34:00,0.2465,7.5364,0.2808,4.2697,0.0954,1.1181
2012-12-21 23:44:00,0.3085,6.1736,0.1525,4.2525,0.1047,0.6727
2012-12-22 00:04:00,0.2307,9.2339,0.2277,5.5429,0.0459,0.6792
2012-12-22 00:14:00,0.3013,9.1908,0.3766,7.2943,0.0303,0.6755
2012-12-22 00:24:00,0.2484,9.1088,0.2392,7.2297,0.1551,0.6718
2012-12-22 00:34:00,0.177,8.9447,0.2291,7.1011,0.0666,0.6674
2012-12-22 00:44:00,0.1565,7.0849,0.2,5.2566,0.0427,0.6622
2012-12-22 00:54:00,0.2384,8.7959,0.3332,3.8582,0.0628,1.1283
2012-12-22 01:04:00,0.2084,5.4648,0.2297,6.8231,0.1577,0.658
2012-12-22 01:14:00,0.1946,8.5193,0.1025,4.9913,0.0186,0.6967
2012-12-22 01:24:00,0.1889,8.3048,0.1671,9.1209,0.068,1.0415
2012-12-22 01:34:00,0.1452,8.1437,0.1436,6.5031,0.0588,1.0081
2012-12-22 01:44:00,0.1392,6.1698,0.0282,6.3611,0.0089,0.9884
2012-12-22 01:54:00,0.1458,7.7073,0.0533,6.1695,0.0105,0.8029
2012-12-22 02:04:00,0.1065,7.6117,0.0093,3.0246,0.1697,1.0504
2012-12-22 02:14:00,0.0454,1.3017,0.0616,6.1035,0.189,2.0727
2012-12-22 02:24:00,0.0489,0.1527,0.0114,4.1177,0.2054,1.0485
2012-12-22 02:34:00,0.0144,7.0473,0.1857,3.9266,0.4438,1.0589
2012-12-22 02:44:00,0.0546,6.9838,0.1566,8.2051,0.2988,1.2489
2012-12-22 02:54:00,0.0218,6.8512,0.1549,2.4823,0.404,0.5125
2012-12-22 03:04:00,0.0868,0.2949,0.1171,2.2502,0.3029,1.8247
2012-12-22 03:14:00,0.1272,6.4677,0.2783,2.2409,0.5501,1.5363
2012-12-22 03:24:00,0.1879,0.6226,0.2893,5.2473,0.3195,0.213
2012-12-22 03:34:00,0.1466,6.1672,0.2237,3.3632,0.3912,1.6101
2012-12-22 07:54:00,0.2458,2.1933,0.3241,3.6044,0.5789,2.1303
2012-12-22 08:04:00,0.2762,4.8047,0.3641,3.7817,0.4851,1.1
2012-12-22 08:14:00,0.1737,0.4143,0.2273,5.6701,0.4982,0.2173
2012-12-22 08:24:00,0.2124,5.1374,0.2146,4.0311,0.4842,1.9818
2012-12-22 08:34:00,0.1311,7.1208,0.1812,4.1805,0.4315,2.205
2012-12-22 08:44:00,0.0318,5.5746,0.0786,4.3628,0.4404,1.9427
2012-12-22 08:54:00,0.0241,7.5913,0.0247,4.5386,0.3421,0.1394
2012-12-22 09:04:00,0.0025,7.7539,0.1135,6.4486,0.2551,1.915
2012-12-22 09:14:00,0.1475,6.1795,0.0593,3.4879,0.1872,1.2107
2012-12-22 09:24:00,0.1736,6.3349,0.0871,4.8914,0.1087,1.4728
2012-12-22 09:34:00,0.1743,6.5132,0.029,5.0305,0.1372,1.6539
2012-12-22 09:44:00,0.2238,6.6617,0.1978,5.1464,0.0681,1.6555
2012-12-22 09:54:00,0.2238,6.8653,0.1269,5.3051,0.1895,0.1287
2012-12-22 10:04:00,0.2631,7.0783,0.2573,7.2568,0.025,0.1274
2012-12-22 10:14:00,0.1983,5.9049,0.1838,4.2611,0.0176,1.6593
2012-12-22 10:24:00,0.2974,2.0184,0.2885,7.4885,0.047,5.8396
2012-12-22 10:34:00,0.2924,6.1872,0.3122,5.8205,0.0143,0.1244
2012-12-22 10:44:00,0.3434,7.6455,0.352,7.699,0.031,0.1234
2012-12-22 10:54:00,0.3639,7.6886,0.3854,7.7327,0.0931,0.1224
2012-12-22 11:04:00,0.3856,5.3912,0.3319,7.7979,0.0138,1.6642
2012-12-22 11:14:00,0.4011,5.5221,0.3875,4.7748,0.0036,0.1209
2012-12-22 11:24:00,0.3656,7.8754,0.352,7.8785,0.109,1.6655
2012-12-22 11:34:00,0.3727,9.7323,0.464,7.934,0.0365,0.1196
2012-12-22 11:44:00,0.3359,8.0122,0.3474,4.8602,0.0085,1.4582
2012-12-22 11:54:00,0.3912,5.5935,0.4719,4.831,0.0191,0.1182
2012-12-22 12:04:00,0.3646,7.9406,0.4974,6.143,0.1443,1.4618
2012-12-22 12:14:00,0.4,9.6303,0.3931,7.7926,0.0399,0.3972
2012-12-22 12:24:00,0.3846,2.4807,0.3709,7.7843,0.1613,0.411
2012-12-22 12:34:00,0.362,7.7203,0.3517,5.9041,0.0426,1.7646
2012-12-22 12:44:00,0.3038,5.244,0.3412,3.4456,0.0595,1.3453
2012-12-22 12:54:00,0.3637,9.354,0.3174,7.5647,0.1249,4.3523
2012-12-22 13:04:00,0.3397,5.105,0.2923,7.4983,0.1569,1.8066
2012-12-22 13:14:00,0.2867,9.14,0.2131,4.27,0.1584,5.8282
2012-12-22 13:24:00,0.3198,5.8617,0.2014,5.4892,0.1007,0.4749
2012-12-22 13:34:00,0.2578,8.842,0.3287,7.1615,0.1206,0.4788
2012-12-22 13:44:00,0.2294,6.8443,0.1716,3.8707,0.1781,1.8221
2012-12-22 13:54:00,0.1441,2.7843,0.1619,6.8674,0.1519,2.8678
2012-12-22 14:04:00,0.2195,5.1965,0.1853,6.7539,0.1516,1.2947
2012-12-22 14:14:00,0.1207,5.0616,0.0638,6.6481,0.2502,0.4953
2012-12-22 14:24:00,0.1436,6.1721,0.046,4.6837,0.1862,0.4986
2012-12-22 14:34:00,0.1747,5.96,0.0167,3.179,0.1576,0.5004
2012-12-22 14:44:00,0.2141,1.4091,0.0081,2.0699,0.2474,1.84
2012-12-22 14:54:00,0.0959,5.6625,0.0093,4.2871,0.2064,0.4991
2012-12-22 15:04:00,0.0845,7.0619,0.0595,3.9855,0.2029,0.5044
2012-12-22 15:14:00,0.0413,6.9096,0.1134,3.8641,0.2354,0.5178
2012-12-22 15:24:00,0.0125,6.8905,0.139,1.5205,0.2949,0.2817
2012-12-22 15:34:00,0.1694,31.431,0.2144,3.4379,0.289,0.7693
2012-12-22 15:44:00,0.1434,0.0383,0.2362,3.2689,0.295,0.762
2012-12-22 15:54:00,0.1884,1.5067,0.3047,1.8444,0.437,0.7546
2012-12-22 16:04:00,0.1968,2.6859,0.3454,4.7462,0.395,3.1276
2012-12-22 20:34:00,0.3382,2.6005,0.4531,1.4991,0.6991,6.3547
2012-12-22 20:44:00,0.2492,2.7956,0.3151,3.016,0.5273,0.9993
2012-12-22 20:54:00,0.2243,4.3771,0.3423,3.1778,0.5726,1.0008
2012-12-22 21:04:00,0.1923,0.3652,0.3795,3.3352,0.4689,2.3416
2012-12-22 21:14:00,0.0977,6.5847,0.2684,3.5053,0.5585,4.2181
2012-12-22 21:24:00,0.0281,6.8308,0.1657,2.0175,0.279,2.3434
2012-12-22 21:34:00,0.0759,5.2771,0.1102,3.8766,0.1822,2.3462
2012-12-22 21:44:00,0.0843,5.5107,0.1734,4.0577,0.2988,1.0097
2012-12-22 21:54:00,0.2911,5.6553,0.0109,2.7714,0.0365,6.2248
2012-12-22 22:04:00,0.2198,5.8489,0.0219,4.2614,0.114,0.5063
2012-12-22 22:14:00,0.355,6.058,0.0749,0.5207,0.0251,1.2777
2012-12-22 22:24:00,0.2484,6.2693,0.2275,6.3744,0.0402,2.6168
2012-12-22 22:34:00,0.2146,3.2787,0.1427,6.5485,0.1311,1.2773
2012-12-22 22:44:00,0.3645,6.7366,0.1354,6.7964,0.1572,1.0116
2012-12-22 22:54:00,0.3262,5.3712,0.2994,4.868,0.115,0.2246
2012-12-22 23:04:00,0.3082,5.5676,0.2379,5.0208,0.0032,1.561
2012-12-22 23:14:00,0.3708,7.0672,0.3996,6.9315,0.0121,0.2263
2012-12-22 23:24:00,0.3596,7.1881,0.3822,3.901,0.0538,0.228
2012-12-22 23:34:00,0.4944,9.1154,0.4451,7.1365,0.0493,1.556
2012-12-22 23:44:00,0.4085,6.1405,0.415,7.2536,0.0234,2.8934
2012-12-23 00:04:00,0.4367,7.5102,0.5742,4.1528,0.0013,1.5523
2012-12-23 00:14:00,0.4843,9.3674,0.4623,7.3326,0.0643,2.8946
2012-12-23 00:24:00,0.4681,0.8519,0.5432,0.63,0.1572,1.5584
2012-12-23 00:34:00,0.5828,9.4164,0.5958,7.3693,0.0163,1.5616
2012-12-23 00:44:00,0.5408,6.2627,0.4457,7.3463,0.0296,2.9041
2012-12-23 00:54:00,0.6195,9.4123,0.5449,9.8647,0.0456,1.5682
2012-12-23 01:04:00,0.4496,7.5465,0.3693,5.5161,0.0408,0.2152
2012-12-23 01:14:00,0.489,4.2945,0.4697,7.2724,0.1627,2.9107
2012-12-23 01:24:00,0.4543,9.1903,0.5048,5.4053,0.0018,0.2135
2012-12-23 01:34:00,0.4928,9.0664,0.5244,7.0945,0.1227,0.2127
2012-12-23 01:44:00,0.5088,7.1316,0.5098,6.9784,0.078,1.5738
2012-12-23 01:54:00,0.4318,2.6006,0.1975,2.0022,0.011,2.9137
2012-12-23 02:04:00,0.3729,8.7476,0.3826,6.8458,0.1524,1.5765
2012-12-23 02:14:00,0.3409,8.5804,0.3135,4.9292,0.0303,1.5804
2012-12-23 02:24:00,0.2536,8.4257,0.2908,0.3437,0.0036,0.2018
2012-12-23 02:34:00,0.2693,4.9104,0.1881,6.2235,0.039,0.0977
2012-12-23 02:44:00,0.2743,0.5844,0.3378,5.9287,0.0332,2.2046
2012-12-23 02:54:00,0.1565,0.9668,0.2789,5.8015,0.0272,0.4242
2012-12-23 03:04:00,0.1898,4.1158,0.1605,8.0323,0.1698,6.6777
2012-12-23 03:14:00,0.1255,5.2269,0.0587,3.569,0.0708,2.2138
2012-12-23 03:24:00,0.1395,1.4787,0.0375,5.2317,0.1778,6.6785
2012-12-23 03:34:00,0.1087,0.1031,0.0201,3.2694,0.0186,2.2147
2012-12-23 03:44:00,0.1046,6.3482,0.0204,4.8376,0.1671,0.4296
2012-12-23 03:54:00,0.0298,0.438,0.1361,4.6598,0.2185,2.0697
2012-12-23 04:04:00,0.0015,1.7129,0.1096,2.6871,0.1034,3.5558
2012-12-23 04:14:00,0.0693,3.8629,0.1954,4.2841,0.1639,0.4312
2012-12-23 04:24:00,0.0736,0.8589,0.195,2.307,0.1706,2.0683
2012-12-23 04:34:00,0.1592,7.6446,0.3228,6.4008,0.2977,0.4321
2012-12-23 04:44:00,0.1634,3.7342,0.3271,0.8731,0.3555,3.2909
2012-12-23 09:24:00,0.2065,5.2023,0.4577,3.953,0.4977,3.5224
2012-12-23 09:34:00,0.1119,5.4634,0.1532,4.1574,0.3503,3.5164
2012-12-23 09:44:00,0.0757,3.1988,0.2442,2.581,0.441,3.5064
2012-12-23 09:54:00,0.0268,1.0944,0.2505,2.8322,0.3199,0.3667
2012-12-23 10:04:00,0.0129,0.9174,0.2662,2.9744,0.3974,2.1313
2012-12-23 10:14:00,0.1258,6.4472,0.1208,4.9393,0.365,3.4403
2012-12-23 10:24:00,0.0759,5.042,0.0522,5.2407,0.3865,2.0764
2012-12-23 10:34:00,0.1512,1.2276,0.0082,5.457,0.435,3.4154
2012-12-23 10:44:00,0.1444,5.4407,0.0785,1.1855,0.4641,2.1019
2012-12-23 10:54:00,0.2142,1.7377,0.1544,5.6878,0.3505,2.1363
2012-12-23 11:04:00,0.2716,2.1762,0.1661,4.2368,0.313,0.3796
2012-12-23 11:14:00,0.2873,7.9292,0.2165,6.0736,0.3269,0.3995
2012-12-23 11:24:00,0.32,6.3736,0.2647,6.2494,0.2698,7.5568
2012-12-23 11:34:00,0.2887,6.5542,0.1957,6.3876,0.1597,0.4242
2012-12-23 11:44:00,0.2646,1.7328,0.2416,6.4821,0.2487,0.4317
2012-12-23 11:54:00,0.289,1.8591,0.2265,6.5792,0.1475,0.437
2012-12-23 12:04:00,0.3645,8.8586,0.3387,6.7876,0.2348,6.6904
2012-12-23 12:14:00,0.5399,9.0073,0.357,6.9028,0.2567,6.6923
2012-12-23 12:24:00,0.4617,5.9123,0.3155,5.1402,0.0538,0.4436
2012-12-23 12:34:00,0.497,7.3842,0.4655,7.0295,0.1045,2.0585
2012-12-23 12:44:00,0.456,9.2105,0.4749,7.0616,0.005,7.17
2012-12-23 12:54:00,0.505,2.9129,0.4991,7.0251,0.0841,0.4369
2012-12-23 13:04:00,0.4992,9.2583,0.5097,7.0997,0.0184,0.4354
2012-12-23 13:14:00,0.4809,9.2735,0.3962,7.1115,0.0001,3.5602
2012-12-23 13:24:00,0.503,9.2465,0.6044,7.0906,0.0436,0.435
2012-12-23 13:34:00,0.5082,9.1872,0.439,7.0445,0.0215,4.6015
2012-12-23 13:44:00,0.4638,2.8361,0.4741,6.9062,0.0269,0.7017
2012-12-23 13:54:00,0.4343,0.0068,0.4413,4.9918,0.0218,2.4913
2012-12-23 14:04:00,0.4819,8.877,0.4493,6.7419,0.0637,3.834
2012-12-23 14:14:00,0.4429,8.7007,0.4599,6.6038,0.0438,0.7122
2012-12-23 14:24:00,0.4199,8.614,0.3683,6.5353,0.1062,0.7169
2012-12-23 14:34:00,0.4323,10.9059,0.4071,6.3724,0.1167,6.4034
2012-12-23 14:44:00,0.2878,10.6644,0.3373,8.6832,0.0083,0.7273
2012-12-23 14:54:00,0.3538,10.5563,0.3411,0.1522,0.0255,2.5193
2012-12-23 15:04:00,0.3255,7.8634,0.2054,5.9468,0.0357,1.7621
2012-12-23 15:14:00,0.2838,5.8521,0.128,8.3371,0.0263,2.0577
2012-12-23 15:24:00,0.2659,7.4391,0.2384,5.6828,0.0634,3.5664
2012-12-23 15:34:00,0.2877,0.4872,0.2466,3.7269,0.082,3.5621
2012-12-23 15:44:00,0.2527,7.0576,0.1988,5.389,0.1341,0.4322
2012-12-23 15:54:00,0.1316,0.707,0.1252,2.3157,0.1311,6.1091
2012-12-23 16:04:00,0.2686,6.5068,0.2182,1.8378,0.1532,3.5473
2012-12-23 16:14:00,0.1758,8.7405,0.0907,4.7568,0.1474,0.4174
2012-12-23 16:24:00,0.0558,5.8882,0.0033,0.5161,0.0667,0.4126
2012-12-23 16:34:00,0.0947,2.6686,0.038,2.6929,0.1357,1.8925
2012-12-23 16:44:00,0.0577,5.7254,0.0966,2.3039,0.0161,2.3988
2012-12-23 16:54:00,0.0263,5.4466,0.0262,4.2113,0.0386,0.0957
2012-12-23 21:54:00,0.1917,68.2146,0.2777,2.8229,0.2881,0.7517
2012-12-23 22:04:00,0.1266,4.2509,0.0837,1.7332,0.0986,0.748
2012-12-23 22:14:00,0.0455,3.1709,0.1278,5.059,0.0496,2.3805
2012-12-23 22:24:00,0.0421,6.4738,0.1246,5.1965,0.0735,0.7408
2012-12-23 22:34:00,0.0257,1.7815,0.0749,5.4268,0.0798,0.7368
2012-12-23 22:44:00,0.0917,7.0798,0.0199,3.8802,0.1032,0.7326
2012-12-23 22:54:00,0.1205,7.2699,0.0158,5.8127,0.0384,1.0578
2012-12-23 23:04:00,0.1741,7.5077,0.1682,4.2109,0.0147,1.0621
2012-12-23 23:14:00,0.2134,4.678,0.1085,6.2254,0.0693,2.4053
2012-12-23 23:24:00,0.1428,6.279,0.1295,3.303,0.0914,1.0701
2012-12-23 23:34:00,0.2135,8.2437,0.1062,6.5662,0.0111,3.4552
2012-12-23 23:44:00,0.2871,6.6561,0.2964,6.7193,0.014,1.0786
2012-12-24 00:04:00,0.2369,2.1152,0.2342,5.2456,0.0024,2.4277
2012-12-24 00:14:00,0.28,7.2715,0.2075,7.194,0.0109,0.69
2012-12-24 00:24:00,0.2699,9.1931,0.3269,5.5122,0.0313,1.1035
2012-12-24 00:34:00,0.3812,9.3372,0.3196,7.4081,0.0655,2.4512
2012-12-24 00:44:00,0.4448,9.5027,0.3967,7.5348,0.0652,5.5852
2012-12-24 00:54:00,0.3926,2.8045,0.4578,5.7723,0.1188,1.1306
2012-12-24 01:04:00,0.3763,9.6066,0.3844,5.8261,0.0932,1.1378
2012-12-24 01:14:00,0.5063,9.661,0.4131,7.6536,0.1419,1.1401
2012-12-24 01:24:00,0.4074,9.6758,0.4303,7.6647,0.087,1.1419
2012-12-24 01:34:00,0.3871,9.7485,0.4928,7.721,0.0049,2.4823
2012-12-24 01:44:00,0.4469,9.7327,0.506,7.7086,0.0575,0.6422
2012-12-24 01:54:00,0.4036,9.6651,0.5423,7.6561,0.088,0.6424
2012-12-24 02:04:00,0.3813,9.6805,0.42,7.6684,0.1329,0.6441
2012-12-24 02:14:00,0.3873,6.4772,0.3639,7.6081,0.0899,1.1388
2012-12-24 02:24:00,0.3296,6.3937,0.3918,7.5438,0.0329,6.0811
2012-12-24 02:34:00,0.455,9.409,0.4057,7.4591,0.0993,0.6525
2012-12-24 02:44:00,0.4188,9.3195,0.4251,7.3901,0.0248,4.3447
2012-12-24 02:54:00,0.3414,6.0569,0.2557,7.2837,0.0146,1.1277
2012-12-24 03:04:00,0.2761,9.0411,0.3035,4.0497,0.0451,6.4828
2012-12-24 03:14:00,0.2468,5.7582,0.1925,9.5522,0.0313,0.6619
2012-12-24 03:24:00,0.1868,8.6978,0.1815,6.9086,0.0827,1.1211
2012-12-24 03:34:00,0.2324,4.3495,0.2704,4.9825,0.0239,3.4982
2012-12-24 03:44:00,0.1968,5.2286,0.1703,6.6432,0.0427,1.1108
2012-12-24 03:54:00,0.165,4.9809,0.0941,3.3279,0.0551,2.4396
2012-12-24 04:04:00,0.1185,6.1053,0.08,6.2906,0.0324,3.46
2012-12-24 04:14:00,0.111,5.9519,0.1216,4.3928,0.083,2.386
2012-12-24 04:24:00,0.0732,7.5629,0.0328,6.0808,0.1767,4.0881
2012-12-24 04:34:00,0.0659,7.2841,0.0492,5.8731,0.2025,3.2137
2012-12-24 04:44:00,0.0091,5.3201,0.1318,3.9566,0.296,0.9884
2012-12-24 04:54:00,0.0523,5.1213,0.1627,3.8086,0.3773,0.7676
2012-12-24 05:04:00,0.0753,6.5982,0.2699,5.3594,0.4033,2.0833
2012-12-24 05:14:00,0.1502,0.1216,0.2547,5.1872,0.3574,2.0652
2012-12-24 05:24:00,0.1985,6.1514,0.2939,3.2336,0.4339,1.0751
2012-12-24 05:34:00,0.2171,8.4556,0.3387,1.7449,0.5585,1.0878
2012-12-24 10:24:00,0.2551,6.0676,0.318,4.9517,0.3901,0.7215
2012-12-24 10:34:00,0.1383,3.1404,0.2824,3.3113,0.3322,3.1412
2012-12-24 10:44:00,0.0753,6.5267,0.1856,3.5004,0.2976,2.1631
2012-12-24 10:54:00,0.0408,6.7567,0.1576,3.6557,0.2235,3.3111
2012-12-24 11:04:00,0.0556,6.8914,0.0465,2.3884,0.1147,0.7075
2012-12-24 11:14:00,0.0858,7.2163,0.0341,0.4909,0.0418,1.1096
2012-12-24 11:24:00,0.1212,4.3993,0.0105,4.222,0.0574,1.0686
2012-12-24 11:34:00,0.1675,4.6246,0.0485,4.4004,0.0745,2.3937
2012-12-24 11:44:00,0.1448,6.2143,0.1566,3.2566,0.0539,2.3899
2012-12-24 11:54:00,0.2175,8.1802,0.1244,8.9732,0.1025,2.6095
2012-12-24 12:04:00,0.2538,5.2927,0.2337,6.6577,0.1017,0.5166
2012-12-24 12:14:00,0.3084,0.8589,0.2075,6.855,0.1991,0.5169
2012-12-24 12:24:00,0.2993,5.7342,0.244,3.876,0.1312,2.608
2012-12-24 12:34:00,0.3408,5.9056,0.2971,4.0093,0.0956,5.7328
2012-12-24 12:44:00,0.3214,9.2966,0.3325,0.7088,0.1175,6.4546
2012-12-24 12:54:00,0.3123,9.4167,0.3353,5.6832,0.0589,5.0114
2012-12-24 13:04:00,0.3643,5.3755,0.3561,4.438,0.1334,6.4876
2012-12-24 13:14:00,0.3674,9.6837,0.3667,7.671,0.1027,5.604
2012-12-24 13:24:00,0.4716,5.6136,0.3348,7.7438,0.0556,0.6359
2012-12-24 13:34:00,0.4355,9.788,0.4645,0.3409,0.2111,0.6246
2012-12-24 13:44:00,0.4163,4.1295,0.3652,4.6377,0.0896,2.513
2012-12-24 13:54:00,0.4512,9.8964,0.3988,7.8256,0.1769,5.0842
2012-12-24 14:04:00,0.3321,9.8287,0.405,7.7697,0.0932,0.5829
2012-12-24 14:14:00,0.4063,9.792,0.417,7.7379,0.0486,4.4315
2012-12-24 14:24:00,0.4645,3.5563,0.4341,4.6213,0.0962,2.5685
2012-12-24 14:34:00,0.3959,5.5434,0.3812,4.5467,0.0682,1.2282
2012-12-24 14:44:00,0.4221,6.4989,0.3907,4.4827,0.1157,3.5959
2012-12-24 14:54:00,0.3827,9.5764,0.4142,4.4491,0.0751,2.5393
2012-12-24 15:04:00,0.3354,9.4182,0.3851,7.4541,0.1421,6.9007
2012-12-24 15:14:00,0.3124,9.3048,0.3271,5.5833,0.0471,1.1726
2012-12-24 15:24:00,0.2792,4.9815,0.2155,4.1252,0.0222,0.6264
2012-12-24 15:34:00,0.2684,1.4629,0.2716,7.1088,0.0443,1.1471
2012-12-24 15:44:00,0.2035,2.5588,0.1549,5.2058,0.1215,0.65
2012-12-24 15:54:00,0.235,5.4993,0.2229,2.6838,0.0286,3.5059
2012-12-24 16:04:00,0.218,1.2889,0.1713,3.5784,0.0526,6.0582
2012-12-24 16:14:00,0.1793,8.2055,0.1164,6.5311,0.0027,0.6886
2012-12-24 16:24:00,0.1754,10.4728,0.038,6.3541,0.0484,0.7067
2012-12-24 16:34:00,0.1588,7.7638,0.0452,6.1961,0.0128,2.3987
2012-12-24 16:44:00,0.0743,7.5416,0.0335,4.2413,0.0614,1.0433
2012-12-24 16:54:00,0.0555,7.3072,0.021,5.8478,0.062,2.3686
2012-12-24 17:04:00,0.0108,7.0498,0.1078,2.5253,0.0827,0.7682
2012-12-24 17:14:00,0.0448,0.7312,0.085,5.433,0.1554,0.7723
2012-12-24 17:24:00,0.0825,3.3818,0.1207,3.4432,0.1358,4.2297
2012-12-24 17:34:00,0.1306,6.2836,0.2454,5.0573,0.2299,2.3421
2012-12-24 17:44:00,0.1698,6.1401,0.2913,3.2169,0.3905,2.0876
2012-12-24 17:54:00,0.1844,2.7527,0.2594,4.8014,0.308,2.0749
2012-12-24 22:44:00,0.2612,4.611,0.3262,3.6275,0.5107,1.1298
2012-12-24 22:54:00,0.2151,0.0867,0.3064,2.4777,0.4117,2.1844
2012-12-24 23:04:00,0.0866,3.7849,0.1768,4.0307,0.2409,1.1133
2012-12-24 23:14:00,0.1039,7.266,0.144,4.3613,0.2596,1.9138
2012-12-24 23:24:00,0.0234,5.7506,0.1207,4.5685,0.2116,2.2392
2012-12-24 23:34:00,0.0145,1.0895,0.0706,6.574,0.1789,4.7346
2012-12-24 23:44:00,0.0448,3.9823,0.0741,6.8791,0.1443,0.6692
2012-12-25 00:04:00,0.1354,11.3335,0.0691,10.0729,0.0935,0.9873
2012-12-25 00:14:00,0.1454,5.9426,0.1106,3.5866,0.0147,5.6724
2012-12-25 00:24:00,0.1776,7.4658,0.1391,4.7697,0.0476,0.0406
2012-12-25 00:34:00,0.2443,7.6694,0.1699,6.2657,0.0747,2.5227
2012-12-25 00:44:00,0.281,2.9068,0.1821,6.406,0.0915,5.6527
2012-12-25 00:54:00,0.2513,6.5935,0.2299,5.0649,0.0929,2.148
2012-12-25 01:04:00,0.326,5.7362,0.267,8.3293,0.1417,0.2905
2012-12-25 01:14:00,0.2981,5.8651,0.288,5.293,0.047,4.3595
2012-12-25 01:24:00,0.3683,10.0757,0.3747,8.3884,0.1248,0.7124
2012-12-25 01:34:00,0.3792,8.4213,0.3838,6.6921,0.1171,0.6837
2012-12-25 01:44:00,0.4005,10.3081,0.3833,8.5439,0.1591,2.3846
2012-12-25 01:54:00,0.399,6.1995,0.3663,6.7915,0.0507,4.8387
2012-12-25 02:04:00,0.4738,10.3993,0.4466,5.4717,0.0218,0.8167
2012-12-25 02:14:00,0.4352,5.4818,0.4837,8.6556,0.1581,0.8405
2012-12-25 02:24:00,0.419,7.3423,0.4576,0.5202,0.0565,4.6224
2012-12-25 02:34:00,0.3778,7.3436,0.3783,5.4841,0.0144,1.004
2012-12-25 02:44:00,0.4107,8.6633,0.4206,4.4281,0.0777,4.125
2012-12-25 02:54:00,0.4013,6.2461,0.4339,5.4434,0.0359,2.867
2012-12-25 03:04:00,0.3591,8.5823,0.4037,5.4117,0.0732,4.6478
2012-12-25 03:14:00,0.4079,7.1985,0.4222,1.0065,0.0724,1.9982
2012-12-25 03:24:00,0.4091,6.0814,0.3824,4.2848,0.011,4.6852
2012-12-25 03:34:00,0.3796,7.0106,0.332,3.3668,0.0283,0.4123
2012-12-25 03:44:00,0.3757,6.9193,0.4505,8.2978,0.048,0.4219
2012-12-25 03:54:00,0.3701,5.7243,0.4521,10.6801,0.0234,4.7148
2012-12-25 04:04:00,0.3381,6.5844,0.3305,4.9142,0.0034,4.7187
2012-12-25 04:14:00,0.285,12.071,0.2866,10.4371,0.0906,4.7434
2012-12-25 04:24:00,0.2028,5.3166,0.1595,3.7714,0.4536,1.6073
2012-12-25 04:34:00,0.1744,5.1456,0.1971,6.0205,0.3743,5.0652
2012-12-25 04:44:00,0.1893,11.5287,0.1342,10.0369,0.4156,4.8481
2012-12-25 04:54:00,0.1253,5.6623,0.0671,4.2253,0.3803,4.8546
2012-12-25 05:04:00,0.1609,2.336,0.0555,5.4094,0.288,0.7637
2012-12-25 05:14:00,0.1734,10.8715,0.0732,9.5284,0.2376,1.8043
2012-12-25 05:24:00,0.1216,6.3458,0.004,0.1094,0.3366,5.4571
2012-12-25 05:34:00,0.046,3.7337,0.0616,6.6585,0.3721,0.7773
2012-12-25 05:44:00,0.0484,4.4859,0.0683,3.3042,0.4334,1.8377
2012-12-25 05:54:00,0.0905,9.8866,0.1931,6.2503,0.5136,1.8572
2012-12-25 06:04:00,0.0853,7.1133,0.1836,2.9089,0.5676,0.8327
2012-12-25 06:14:00,0.1009,2.8251,0.2245,4.2087,0.5017,2.4582
2012-12-25 06:24:00,0.1979,0.6355,0.2977,2.156,0.4212,1.4407
2012-12-25 11:24:00,0.1131,68.1608,0.1056,4.5494,0.0659,3.1779
2012-12-25 11:34:00,0.0483,0.2826,0.0361,2.9955,0.0298,1.1272
2012-12-25 11:44:00,0.2195,6.1929,0.2729,2.2183,0.0734,5.7481
2012-12-25 11:54:00,0.1761,6.5014,0.099,5.1645,0.1899,1.2837
2012-12-25 12:04:00,0.3436,3.6844,0.1406,7.9042,0.2186,0.502
2012-12-25 12:14:00,0.4232,5.3282,0.1564,3.8554,0.1804,6.2288
2012-12-25 12:24:00,0.3334,0.6884,0.1962,0.3714,0.1834,6.998
2012-12-25 12:34:00,0.4749,5.9242,0.4045,6.1049,0.2952,3.6646
2012-12-25 12:44:00,0.5778,6.2281,0.4863,0.3894,0.2871,0.5022
2012-12-25 12:54:00,0.5792,1.5456,0.5795,6.5457,0.3108,1.2834
2012-12-25 13:04:00,0.7057,11.0468,0.6844,6.7562,0.4179,0.5025
2012-12-25 13:14:00,0.8205,7.0162,0.7518,6.9547,0.4377,3.0026
2012-12-25 13:24:00,0.8516,7.226,0.7651,2.9512,0.5239,0.5027
2012-12-25 13:34:00,0.9403,9.2333,0.7442,7.2903,0.3553,0.5028
2012-12-25 13:44:00,0.8733,7.618,0.8643,7.423,0.4252,6.6399
2012-12-25 13:54:00,0.9525,9.5335,0.8733,7.524,0.5762,4.497
2012-12-25 14:04:00,1.1042,4.6518,1.0802,5.8303,0.6984,1.2827
2012-12-25 14:14:00,1.1741,9.7177,1.1769,7.6673,0.539,1.2826
2012-12-25 14:24:00,1.2286,9.8226,0.9115,7.7489,0.5828,1.2826
2012-12-25 14:34:00,1.2008,8.0965,0.8777,6.0096,0.7245,0.5032
2012-12-25 14:44:00,1.0121,9.9234,1.1033,7.8274,0.5813,0.5032
2012-12-25 14:54:00,0.877,3.6847,0.9433,0.3355,0.412,1.2846
2012-12-25 15:04:00,0.9172,8.1191,0.7666,6.0267,0.3012,2.6234
2012-12-25 15:14:00,0.9074,8.0763,1.1217,7.7791,0.5323,1.284
2012-12-25 15:24:00,1.1282,9.7925,1.1632,7.7253,0.8417,0.5037
2012-12-25 15:34:00,1.0141,6.5849,0.9291,7.6615,0.6715,6.2232
2012-12-25 15:44:00,0.8569,9.5392,0.9401,7.4656,0.5349,2.9018
2012-12-25 15:54:00,0.8007,2.6961,0.9821,7.3778,0.576,0.2216
2012-12-25 16:04:00,0.8812,4.2629,0.8707,7.2504,0.5331,0.2223
2012-12-25 16:14:00,0.8445,7.3292,0.8544,7.1364,0.416,0.2271
2012-12-25 16:24:00,0.723,8.9992,0.9249,0.3777,0.6019,6.6354
2012-12-25 16:34:00,0.8411,8.7747,1.0448,6.9338,0.5409,0.5074
2012-12-25 16:44:00,0.7959,11.0446,0.7408,6.7548,0.4129,3.0074
2012-12-25 16:54:00,0.64,6.5316,0.7685,4.7923,0.5539,3.0074
2012-12-25 17:04:00,0.629,6.2697,0.5823,6.3742,0.3154,0.5074
2012-12-25 17:14:00,0.4651,7.8067,0.441,4.395,0.3536,3.0075
2012-12-25 17:24:00,0.5488,3.3923,0.4979,5.988,0.3968,0.5075
2012-12-25 17:34:00,0.3345,5.4919,0.3816,2.6441,0.2175,1.2782
2012-12-25 17:44:00,0.3423,1.3033,0.3464,3.7558,0.1773,5.1743
2012-12-25 17:54:00,0.1868,1.6855,0.2364,5.3084,0.1304,3.0075
2012-12-25 18:04:00,0.1468,4.6221,0.1403,2.4076,0.1534,6.6354
2012-12-25 18:14:00,0.1454,6.1012,0.0999,4.8538,0.1376,2.6175
2012-12-25 18:24:00,0.016,5.7962,0.0263,4.6165,0.0229,0.5075
2012-12-25 18:34:00,0.0934,5.4694,0.095,0.1957,0.1293,3.6615
2012-12-26 00:04:00,0.097,0.9342,0.0364,1.3605,0.1166,1.0272
2012-12-26 00:14:00,0.2471,3.8572,0.0993,3.8705,0.2147,0.7539
2012-12-26 00:24:00,0.2752,5.5185,0.1614,0.9078,0.2326,3.9638
2012-12-26 00:34:00,0.4145,5.8205,0.2838,4.358,0.246,1.0402
2012-12-26 00:44:00,0.5209,6.1297,0.3727,1.1149,0.135,3.123
2012-12-26 00:54:00,0.4856,6.4367,0.3987,4.8389,0.359,4.6352
2012-12-26 01:04:00,0.5638,6.7546,0.4143,6.8731,0.3311,6.7612
2012-12-26 01:14:00,0.6299,8.8651,0.5181,5.3416,0.2853,0.7279
2012-12-26 01:24:00,0.6561,1.3502,0.5453,5.5746,0.199,0.7215
2012-12-26 01:34:00,0.7007,6.2571,0.7944,7.5323,0.2862,1.0694
2012-12-26 01:44:00,0.8934,3.9555,0.6173,4.6066,0.3575,3.0954
2012-12-26 01:54:00,0.9154,9.97,0.796,8.1151,0.4438,1.6431
2012-12-26 02:04:00,0.8878,7.0069,0.8945,6.4555,0.4232,0.1424
2012-12-26 02:14:00,1.0257,3.1608,1.0953,8.3742,0.4426,0.1449
2012-12-26 02:24:00,1.0066,7.2701,0.9346,8.4448,0.6099,1.6382
2012-12-26 02:34:00,0.9368,3.7499,1.0288,8.5107,0.5718,4.0466
2012-12-26 02:44:00,1.0853,8.8188,1.0442,8.6064,0.5214,0.1538
2012-12-26 02:54:00,1.0443,7.5332,1.0624,5.5224,0.4933,1.6283
2012-12-26 03:04:00,1.0786,7.5393,1.0993,1.1514,0.5434,5.5177
2012-12-26 03:14:00,0.9783,8.8824,0.9397,5.5289,0.5726,1.5021
2012-12-26 03:24:00,1.045,7.5848,1.0463,5.5608,0.5553,0.1653
2012-12-26 03:34:00,1.0143,8.8701,1.1043,6.8576,0.7289,0.1677
2012-12-26 03:44:00,0.9835,7.4326,1.0316,5.4414,0.4897,4.6345
2012-12-26 03:54:00,1.0267,10.4764,0.9615,4.3359,0.6183,1.5122
2012-12-26 04:04:00,0.9533,10.4127,0.9653,8.4516,0.4276,5.1247
2012-12-26 04:14:00,0.9401,10.1694,0.8962,8.1491,0.6167,5.6428
2012-12-26 04:24:00,0.766,3.2654,0.8356,0.8689,0.5611,3.0904
2012-12-26 04:34:00,0.8009,5.6685,0.8382,7.8837,0.5011,5.1863
2012-12-26 04:44:00,0.8634,7.8845,0.9181,7.7524,0.5691,1.0505
2012-12-26 04:54:00,0.7175,5.2918,0.7507,3.4179,0.5633,3.9634
2012-12-26 05:04:00,0.6114,6.0737,0.7028,3.215,0.5058,2.0921
2012-12-26 05:14:00,0.6588,4.7907,0.6367,4.0715,0.1412,2.0804
2012-12-26 05:24:00,0.602,1.9579,0.6103,1.9899,0.2906,4.626
2012-12-26 05:34:00,0.491,4.264,0.382,5.0059,0.3204,0.7193
2012-12-26 05:44:00,0.4841,6.348,0.3821,3.4378,0.1102,3.0903
2012-12-26 05:54:00,0.5373,6.2899,0.4834,4.8556,0.18,2.5232
2012-12-26 06:04:00,0.5223,1.1104,0.2841,4.6753,0.2499,1.4714
2012-12-26 06:14:00,0.3496,0.2741,0.4846,4.4402,0.1422,1.4692
2012-12-26 06:24:00,0.3224,0.3293,0.197,1.2026,0.0309,3.3419
2012-12-26 06:34:00,0.1709,5.1205,0.0606,3.9493,0.0634,0.1254
2012-12-26 06:44:00,0.0671,0.0992,0.1266,5.5217,0.0473,1.6624
2012-12-26 06:54:00,0.0467,3.1814,0.0215,2.1433,0.0898,4.5869
2012-12-26 12:14:00,0.0485,4.9248,0.1415,3.9048,0.0467,0.3658
2012-12-26 12:24:00,0.0855,31.9889,0.0556,1.7428,0.0473,2.0045
2012-12-26 12:34:00,0.173,5.5507,0.1292,3.0556,0.0068,2.0008
2012-12-26 12:44:00,0.2864,5.876,0.2406,4.6471,0.0215,0.376
2012-12-26 12:54:00,0.3432,7.923,0.2917,0.3838,0.0776,0.9743
2012-12-26 13:04:00,0.3969,1.4611,0.1973,5.0565,0.0533,2.1469
2012-12-26 13:14:00,0.4719,6.7525,0.4195,5.3288,0.2565,5.6525
2012-12-26 13:24:00,0.555,2.5942,0.4662,0.6246,0.2632,0.3872
2012-12-26 13:34:00,0.6093,7.3172,0.5362,5.7738,0.4124,0.4001
2012-12-26 13:44:00,0.5616,7.5851,0.7335,0.6278,0.4377,0.4128
2012-12-26 13:54:00,0.6159,6.4865,0.6932,7.9607,0.3608,0.4254
2012-12-26 14:04:00,0.684,8.086,0.6867,6.3811,0.2417,0.4423
2012-12-26 14:14:00,0.6029,6.9492,0.69,5.2045,0.2845,0.8738
2012-12-26 14:24:00,0.6924,3.1041,0.6652,1.3255,0.2357,0.853
2012-12-26 14:34:00,0.8858,7.2958,0.8311,6.8216,0.6037,0.5026
2012-12-26 14:44:00,0.9249,8.7655,0.9368,5.5859,0.4786,0.5128
2012-12-26 14:54:00,0.8035,8.9268,0.7313,7.0796,0.2776,0.6973
2012-12-26 15:04:00,0.7162,7.6648,0.7054,4.7569,0.4225,0.7062
2012-12-26 15:14:00,0.8962,9.0794,1.0002,7.1928,0.3153,0.6159
2012-12-26 15:24:00,0.8104,6.719,0.9128,7.2045,0.3523,0.5961
2012-12-26 15:34:00,0.7936,6.744,0.9755,7.2198,0.4081,0.5767
2012-12-26 15:44:00,1.0612,7.7974,1.0038,5.8859,0.4484,0.5593
2012-12-26 15:54:00,0.936,7.7622,1.0578,7.1945,0.459,0.5442
2012-12-26 16:04:00,0.9192,7.6537,0.8879,7.1073,0.3939,0.808
2012-12-26 16:14:00,0.8563,8.938,0.8237,7.0622,0.3686,0.8191
2012-12-26 16:24:00,0.9162,8.8573,1.0415,4.6165,0.5585,1.8699
2012-12-26 16:34:00,0.7769,3.3865,0.8576,6.9073,0.3733,0.5035
2012-12-26 16:44:00,0.9472,3.6736,0.9602,6.8088,0.4967,0.8421
2012-12-26 16:54:00,0.81,8.4317,0.9709,6.6621,0.3416,0.492
2012-12-26 17:04:00,0.7758,8.2543,0.7821,5.1841,0.5374,0.8509
2012-12-26 17:14:00,0.7037,8.0722,0.6091,6.3813,0.2137,4.4586
2012-12-26 17:24:00,0.73,2.4267,0.6201,4.7661,0.4218,0.2554
2012-12-26 17:34:00,0.5311,6.2117,0.593,4.5834,0.4199,0.2482
2012-12-26 17:44:00,0.6255,7.3074,0.6943,5.7317,0.1825,0.2414
2012-12-26 17:54:00,0.5267,1.6496,0.4968,5.4964,0.589,1.1043
2012-12-26 18:04:00,0.5691,1.3877,0.4786,3.9522,0.3014,0.2298
2012-12-26 18:14:00,0.5805,6.4986,0.508,3.7598,0.1563,2.0118
2012-12-26 18:24:00,0.3939,6.3177,0.1835,1.1172,0.2865,0.4726
2012-12-26 18:34:00,0.3574,5.9933,0.3971,0.1851,0.031,2.2539
2012-12-26 18:44:00,0.379,0.7652,0.2161,4.5375,0.0152,0.4591
2012-12-26 18:54:00,0.2117,5.4039,0.008,4.2969,0.0119,0.4491
2012-12-26 19:04:00,0.052,6.896,0.0432,4.0662,0.0306,1.9422
2012-12-26 19:14:00,0.0488,4.8196,0.0747,1.107,0.2548,0.9082
2012-12-27 00:24:00,0.0875,4.7005,0.1712,3.7056,0.1875,0.2513
2012-12-27 00:34:00,0.0105,0.0912,0.0257,3.9673,0.0483,0.2536
2012-12-27 00:44:00,0.1167,5.2537,0.0784,2.7428,0.0007,0.0107
2012-12-27 00:54:00,0.2483,5.5999,0.0918,4.3504,0.1568,0.0056
2012-12-27 01:04:00,0.3636,4.6148,0.2299,4.6269,0.0127,2.3706
2012-12-27 01:14:00,0.572,6.3949,0.5926,5.029,0.1859,2.9394
2012-12-27 01:24:00,0.4333,1.3767,0.5184,5.2962,0.1917,0.291
2012-12-27 01:34:00,0.4933,5.7583,0.5185,5.5815,0.2532,0.3012
2012-12-27 01:44:00,0.5597,5.026,0.4429,2.6095,0.1152,1.0316
2012-12-27 01:54:00,0.5074,5.2891,0.4935,6.029,0.2789,0.3099
2012-12-27 02:04:00,0.6122,7.9898,0.6018,6.2769,0.3913,5.0515
2012-12-27 02:14:00,0.721,8.2519,0.8774,5.1395,0.369,1.0427
2012-12-27 02:24:00,0.7612,7.0874,0.8176,5.2735,0.3436,0.2873
2012-12-27 02:34:00,0.6923,8.6856,0.7842,6.8121,0.3429,0.2778
2012-12-27 02:44:00,0.8755,8.9104,0.967,5.6457,0.4866,5.0886
2012-12-27 02:54:00,0.8684,9.0243,0.9801,7.0717,0.4904,0.2597
2012-12-27 03:04:00,0.9761,10.9555,1.0638,7.1835,0.771,0.2535
2012-12-27 03:14:00,0.9709,9.2875,0.9795,7.2745,0.5499,0.2508
2012-12-27 03:24:00,1.0842,9.3792,0.9956,1.9881,0.6355,0.2481
2012-12-27 03:34:00,0.9637,9.4441,1.0894,7.3951,0.6905,0.2456
2012-12-27 03:44:00,1.086,9.4517,1.0456,5.0196,0.612,2.1379
2012-12-27 03:54:00,1.0982,9.4356,0.966,6.0482,0.5195,2.0264
2012-12-27 04:04:00,1.2464,9.4438,1.2926,7.3939,0.9247,0.2409
2012-12-27 04:14:00,1.3811,9.3878,1.3118,7.3513,0.7549,0.2449
2012-12-27 04:24:00,1.2295,9.3238,1.3307,7.3024,0.8527,1.0902
2012-12-27 04:34:00,1.2711,4.3272,1.0516,5.9239,0.6057,0.2534
2012-12-27 04:44:00,1.0537,10.9163,1.0392,8.9397,0.539,3.6382
2012-12-27 04:54:00,1.0651,10.7875,1.0891,8.8405,0.667,2.0483
2012-12-27 05:04:00,1.1097,7.5486,1.1374,6.9706,0.5349,0.2824
2012-12-27 05:14:00,0.947,3.7694,1.0102,6.8439,0.5684,2.106
2012-12-27 05:24:00,0.894,3.1774,1.102,6.7064,0.4482,3.5642
2012-12-27 05:34:00,0.8875,10.1364,0.7401,8.3445,0.7595,2.0977
2012-12-27 05:44:00,0.9599,8.1608,0.9409,6.4046,0.5543,0.2827
2012-12-27 05:54:00,0.8322,7.9244,0.8221,6.2148,0.3288,0.2557
2012-12-27 06:04:00,0.7252,7.6128,0.8393,5.9675,0.7998,0.2335
2012-12-27 06:14:00,0.7581,7.3869,0.6182,5.838,0.4436,0.4401
2012-12-27 06:24:00,0.5769,6.9561,0.6413,5.3888,0.4769,0.0827
2012-12-27 06:34:00,0.4829,8.3532,0.5966,6.8785,0.3708,1.7321
2012-12-27 06:44:00,0.5013,5.1032,0.4348,5.0763,0.1932,2.1026
2012-12-27 06:54:00,0.366,3.7377,0.2352,4.8128,0.3148,0.2622
2012-12-27 07:04:00,0.3201,0.8215,0.2566,2.2275,0.4513,0.265
2012-12-27 07:14:00,0.2761,5.4904,0.3221,6.1181,0.1769,2.0884
2012-12-27 07:24:00,0.0896,0.7596,0.1201,0.8136,0.0212,2.1191
2012-12-27 07:34:00,0.0118,31.6836,0.1585,5.6686,0.0202,2.1435
2012-12-27 07:44:00,0.1444,8.6359,0.0171,3.3622,0.1951,0.0775
2012-12-27 12:54:00,0.1505,30.3374,0.2995,2.0585,0.5733,2.9248
2012-12-27 13:04:00,0.0074,5.6931,0.4926,4.4676,0.5822,1.5882
2012-12-27 13:14:00,0.1881,6.0573,0.5687,4.7502,0.5021,0.194
2012-12-27 13:24:00,0.2751,31.3013,0.8495,4.8724,0.8077,0.1105
2012-12-27 13:34:00,0.4244,6.7138,1.0253,5.1914,1.0514,6.3694
2012-12-27 13:44:00,0.6279,5.3564,1.1944,1.6207,0.8649,0.1307
2012-12-27 13:54:00,0.7846,7.549,1.2009,8.3353,1.016,0.1436
2012-12-27 14:04:00,0.9751,2.8563,1.4013,6.0077,1.5153,0.4468
2012-12-27 14:14:00,1.0579,8.1866,1.3699,6.2617,1.4209,0.4603
2012-12-27 14:24:00,1.1531,11.0235,1.7383,0.2694,1.4958,3.6051
2012-12-27 14:34:00,1.3896,7.1167,1.822,1.5256,1.9567,0.5072
2012-12-27 14:44:00,1.3459,9.1389,1.9909,1.303,1.3722,6.2197
2012-12-27 14:54:00,1.501,3.1789,2.0467,4.078,1.6481,0.5717
2012-12-27 15:04:00,1.7068,9.7262,1.7848,7.4299,1.8018,3.7163
2012-12-27 15:14:00,1.528,8.1982,1.7516,1.3832,1.4829,0.5787
2012-12-27 15:24:00,1.7476,4.4819,1.7797,7.779,1.0492,3.6772
2012-12-27 15:34:00,1.7304,35.1995,1.8572,7.8127,1.6978,0.5257
2012-12-27 15:44:00,1.6023,3.154,2.2418,2.2113,1.8196,0.5046
2012-12-27 15:54:00,1.55,7.2541,2.2181,7.9605,1.7071,6.7391
2012-12-27 16:04:00,1.899,12.8374,2.4149,10.4303,1.6792,2.0211
2012-12-27 16:14:00,1.4578,4.1597,2.1527,6.2022,1.5529,2.2584
2012-12-27 16:24:00,1.6332,2.6816,2.0903,8.0547,1.5641,0.4678
2012-12-27 16:34:00,1.6626,12.9163,2.1145,10.495,1.4761,3.5887
2012-12-27 16:44:00,1.6366,10.2647,1.9035,7.8779,1.4545,2.0395
2012-12-27 16:54:00,1.612,8.1699,2.2565,5.7214,1.8871,5.2127
2012-12-27 17:04:00,1.4554,12.4481,1.7954,10.0655,1.9978,6.4395
2012-12-27 17:14:00,1.6722,9.8031,2.3525,7.4518,1.4,0.7614
2012-12-27 17:24:00,1.4065,0.3539,2.1466,7.2874,1.8524,1.7339
2012-12-27 17:34:00,1.361,1.8914,1.4848,1.4474,1.3557,0.772
2012-12-27 17:44:00,1.3341,9.1868,1.8482,0.7183,1.2325,0.7794
2012-12-27 17:54:00,1.1525,0.5908,1.4172,0.5118,1.2636,0.789
2012-12-27 18:04:00,1.2735,6.7424,1.7193,8.9514,1.388,0.7994
2012-12-27 18:14:00,1.0869,8.1826,1.4284,0.4986,1.3643,6.4909
2012-12-27 18:24:00,0.7815,2.2084,1.1686,4.1648,0.8881,0.8202
2012-12-27 18:34:00,0.8332,7.5649,1.03,5.6946,0.5909,0.8329
2012-12-27 18:44:00,0.6125,1.3539,0.7288,7.9067,0.9435,5.8469
2012-12-27 18:54:00,0.5674,1.7671,0.7828,7.582,0.7782,0.8615
2012-12-27 19:04:00,0.392,8.9179,0.4432,4.7933,0.3441,1.6262
2012-12-27 19:14:00,0.2585,8.4578,0.4386,6.8971,0.5688,1.0449
2012-12-27 19:24:00,0.1119,5.5032,0.1791,4.0434,0.2642,5.2117
2012-12-27 19:34:00,0.0354,30.0813,0.2487,6.2151,0.3168,1.4548
2012-12-28 01:04:00,0.141,1.0346,0.0933,2.1718,0.1375,2.2089
2012-12-28 01:14:00,0.008,8.1625,0.0089,6.8044,0.115,7.9272
2012-12-28 01:24:00,0.1942,1.107,0.2454,4.6491,0.2888,2.2177
2012-12-28 01:34:00,0.3883,9.0409,0.2992,4.9852,0.3377,0.4384
2012-12-28 01:44:00,0.4094,6.997,0.3215,5.3385,0.2813,7.5877
2012-12-28 01:54:00,0.4205,5.6326,0.4064,2.5395,0.6119,0.4527
2012-12-28 02:04:00,0.5513,0.6343,0.5709,0.2146,0.5031,6.3466
2012-12-28 02:14:00,0.6094,10.7247,0.6778,8.746,0.3177,0.6585
2012-12-28 02:24:00,0.6581,11.1845,0.7246,0.1266,0.534,0.6561
2012-12-28 02:34:00,0.7664,7.3057,0.7122,2.7532,0.4277,0.6601
2012-12-28 02:44:00,0.8943,9.4305,0.9271,7.1819,0.3831,2.4539
2012-12-28 02:54:00,1.1403,12.2607,1.3437,7.4371,0.7295,0.6754
2012-12-28 03:04:00,0.8638,7.0019,1.2656,7.7208,0.5699,6.3621
2012-12-28 03:14:00,1.2238,10.3772,1.0745,3.7479,0.8135,0.6846
2012-12-28 03:24:00,1.1145,4.9497,1.2516,8.1113,0.9267,0.6897
2012-12-28 03:34:00,1.1714,10.8892,1.3425,8.3619,0.648,0.4643
2012-12-28 03:44:00,1.115,11.049,1.098,8.4883,0.7901,6.1367
2012-12-28 03:54:00,1.3857,9.4005,1.4306,11.097,0.9211,2.0535
2012-12-28 04:04:00,1.299,6.2975,1.3503,8.6847,0.6054,2.2269
2012-12-28 04:14:00,1.0747,11.3481,1.3533,6.9387,1.0462,2.2252
2012-12-28 04:24:00,1.0498,5.6886,1.1067,11.2421,0.4205,0.4379
2012-12-28 04:34:00,1.1851,9.5689,1.4126,8.7302,1.0313,0.4365
2012-12-28 04:44:00,1.3344,11.3396,1.2674,8.7188,0.8212,2.0647
2012-12-28 04:54:00,1.0383,11.2679,1.1821,2.9814,0.4572,4.6008
2012-12-28 05:04:00,1.0003,11.185,1.0048,8.599,0.5842,6.6832
2012-12-28 05:14:00,1.0138,13.5506,1.2785,8.4947,0.7161,2.0678
2012-12-28 05:24:00,0.9116,4.1248,1.1234,10.8431,0.5791,0.4314
2012-12-28 05:34:00,1.0274,8.9167,0.926,6.4384,0.597,2.2163
2012-12-28 05:44:00,0.894,10.4884,1.018,8.0578,0.7756,0.4299
2012-12-28 05:54:00,0.8871,4.5495,1.0595,7.858,0.7055,0.4292
2012-12-28 06:04:00,0.8598,12.4416,0.9754,10.133,0.6013,2.0726
2012-12-28 06:14:00,0.808,4.0097,0.8898,5.6536,0.5594,2.0761
2012-12-28 06:24:00,0.7179,11.9111,0.7739,9.722,0.5317,0.4201
2012-12-28 06:34:00,0.7601,9.1463,0.7891,9.5825,0.3697,2.3774
2012-12-28 06:44:00,0.573,6.9944,0.5923,5.0135,0.1542,5.7962
2012-12-28 06:54:00,0.5184,2.1921,0.4169,9.0373,0.2662,2.3899
2012-12-28 07:04:00,0.5539,8.0662,0.4066,8.7455,0.3021,1.8932
2012-12-28 07:14:00,0.3688,5.8615,0.2413,4.1337,0.0368,5.1079
2012-12-28 07:24:00,0.2295,5.4835,0.2285,8.1253,0.0878,2.3915
2012-12-28 07:34:00,0.3482,1.1912,0.1989,7.8169,0.0604,5.7912
2012-12-28 07:44:00,0.1578,3.3269,0.0404,1.7411,0.0513,0.1073
2012-12-28 07:54:00,0.0501,18.5231,0.0268,1.5935,0.1526,1.8915
2012-12-28 08:04:00,0.0222,1.0879,0.025,4.3617,0.0163,1.8873
2012-12-28 13:34:00,0.1288,1.4623,0.2084,3.0649,0.0447,3.4527
2012-12-28 13:44:00,0.0274,8.9766,0.0281,5.1934,0.1743,4.2799
2012-12-28 13:54:00,0.145,9.4224,0.0334,5.5414,0.0434,3.2254
2012-12-28 14:04:00,0.2581,5.5528,0.0269,4.0804,0.1212,2.3953
2012-12-28 14:14:00,0.3518,1.4719,0.2339,4.3795,0.0946,1.0526
2012-12-28 14:24:00,0.4516,1.0269,0.2619,3.3893,0.0752,0.7363
2012-12-28 14:34:00,0.4164,6.7864,0.2877,6.828,0.0664,2.3859
2012-12-28 14:44:00,0.4454,11.4442,0.5039,9.6181,0.2598,2.3832
2012-12-28 14:54:00,0.4646,7.4887,0.5489,7.3231,0.3409,3.0089
2012-12-28 15:04:00,0.5193,4.6254,0.6156,10.0961,0.4473,4.491
2012-12-28 15:14:00,0.5626,12.4528,0.7463,7.8509,0.4762,3.0092
2012-12-28 15:24:00,0.5971,10.2503,0.7642,8.0824,0.4006,2.6153
2012-12-28 15:34:00,0.9127,8.7498,0.9965,6.5186,0.6331,1.2743
2012-12-28 15:44:00,0.8633,10.7735,1.0762,8.4895,0.5336,0.5116
2012-12-28 15:54:00,0.8794,9.1886,0.8992,6.86,0.6659,3.6549
2012-12-28 16:04:00,0.9266,9.3493,1.0207,5.6454,0.7092,3.0102
2012-12-28 16:14:00,0.866,7.0821,0.9773,11.3588,0.5602,0.5102
2012-12-28 16:24:00,1.0077,11.3383,1.0697,8.9287,0.7568,0.5119
2012-12-28 16:34:00,1.0544,8.2506,1.205,8.9577,0.5893,0.5119
2012-12-28 16:44:00,0.9779,11.4266,0.9437,8.9974,0.6519,0.5119
2012-12-28 16:54:00,0.8395,11.4087,1.0567,8.9835,0.6826,3.6548
2012-12-28 17:04:00,0.7783,9.59,0.8452,8.9578,0.809,0.5118
2012-12-28 17:14:00,0.8236,8.1901,1.1392,8.9107,0.775,3.0118
2012-12-28 17:24:00,0.9217,9.4293,1.1162,7.0472,0.5676,3.0118
2012-12-28 17:34:00,0.8151,13.5912,0.8815,8.7366,0.6505,2.6132
2012-12-28 17:44:00,0.9191,9.1662,1.0439,8.6283,0.5009,1.274
2012-12-28 17:54:00,0.8622,10.7713,0.8712,8.4879,0.6355,1.274
2012-12-28 18:04:00,0.7082,10.5578,0.9392,8.3218,0.5749,1.2741
2012-12-28 18:14:00,0.7711,10.3448,0.8904,10.656,0.39,3.0115
2012-12-28 18:24:00,0.6765,5.1101,0.8593,7.9734,0.4249,1.276
2012-12-28 18:34:00,0.6285,5.6743,0.6945,5.9781,0.3507,5.1726
2012-12-28 18:44:00,0.6339,12.0339,0.7239,7.525,0.5723,0.509
2012-12-28 18:54:00,0.5292,3.0582,0.6499,7.4033,0.188,2.3744
2012-12-28 19:04:00,0.3872,7.1822,0.4429,9.6382,0.1233,1.0365
2012-12-28 19:14:00,0.4282,6.8373,0.2993,5.0835,0.2105,0.746
2012-12-28 19:24:00,0.3254,8.2938,0.2883,9.1122,0.0649,0.7423
2012-12-28 19:34:00,0.2947,6.1269,0.1935,4.5289,0.0045,0.7377
2012-12-28 19:44:00,0.1665,5.7444,0.0929,4.2299,0.0609,3.2319
2012-12-28 19:54:00,0.2354,0.9225,0.0505,3.95,0.0225,3.2239
2012-12-28 20:04:00,0.1964,9.2921,0.0643,2.3122,0.0689,2.4127
2012-12-28 20:14:00,0.0596,0.1513,0.0938,5.1294,0.2072,2.4296
2012-12-28 20:24:00,0.0624,8.4818,0.2224,3.0124,0.1717,0.6729
2012-12-29 01:44:00,0.0068,8.375,0.0403,4.6186,0.0875,1.5448
2012-12-29 01:54:00,0.1187,0.3745,0.1989,4.9919,0.0248,0.2362
2012-12-29 02:04:00,0.4067,9.3086,0.2764,5.3426,0.1958,0.2313
2012-12-29 02:14:00,0.5041,7.2385,0.4313,0.5737,0.2665,0.2286
2012-12-29 02:24:00,0.3959,0.9516,0.2915,6.0207,0.095,1.5611
2012-12-29 02:34:00,0.455,6.2684,0.489,6.244,0.0927,0.0719
2012-12-29 02:44:00,0.2844,6.701,0.454,6.5781,0.2312,2.4174
2012-12-29 02:54:00,0.5416,2.6559,0.5439,6.9015,0.2071,1.8799
2012-12-29 03:04:00,0.6413,7.5668,0.8143,7.2463,0.4228,0.1057
2012-12-29 03:14:00,0.8617,9.7538,1.1158,7.5561,0.4875,0.1163
2012-12-29 03:24:00,0.8378,10.1361,1.0308,1.1205,0.3184,2.3739
2012-12-29 03:34:00,0.9593,10.4725,1.2682,8.111,0.8189,0.135
2012-12-29 03:44:00,1.0952,10.7893,1.0918,8.2986,0.4966,0.399
2012-12-29 03:54:00,0.9938,11.0595,1.0245,8.5069,0.5263,0.4073
2012-12-29 04:04:00,1.0384,11.317,1.1308,8.7058,0.6976,2.0861
2012-12-29 04:14:00,1.2205,5.2745,1.1702,8.8662,0.5616,0.4184
2012-12-29 04:24:00,1.3116,14.2223,1.1858,11.5192,0.6925,3.5476
2012-12-29 04:34:00,1.0576,10.061,1.4835,9.115,0.8804,0.4266
2012-12-29 04:44:00,1.3122,11.9036,1.5555,9.1584,0.638,2.0697
2012-12-29 04:54:00,1.2792,14.4742,1.3775,9.2125,0.6067,0.4339
2012-12-29 05:04:00,1.382,14.4467,1.4327,9.1906,0.9208,2.0637
2012-12-29 05:14:00,1.1401,11.9212,1.5884,7.3849,0.8967,2.2224
2012-12-29 05:24:00,1.2273,11.8742,1.3658,9.1342,0.6573,0.4359
2012-12-29 05:34:00,1.1018,11.7571,1.2679,9.0043,0.8242,1.89
2012-12-29 05:44:00,1.1435,11.6418,1.1611,8.9176,0.7965,3.7214
2012-12-29 05:54:00,1.3186,13.9979,1.0628,7.0236,0.57,0.5805
2012-12-29 06:04:00,1.0924,13.778,1.118,5.5198,0.9575,1.9497
2012-12-29 06:14:00,1.2237,13.625,1.5249,8.5402,0.7394,0.4849
2012-12-29 06:24:00,1.019,10.8493,1.0522,8.3489,0.5229,0.3801
2012-12-29 06:34:00,0.9003,5.6425,1.0497,2.5611,0.7473,2.3678
2012-12-29 06:44:00,0.8277,10.3577,1.1867,10.5435,0.6353,2.4683
2012-12-29 06:54:00,1.056,12.5195,1.1744,7.7582,0.6299,0.1323
2012-12-29 07:04:00,0.63,9.668,0.9393,9.9504,0.625,2.2114
2012-12-29 07:14:00,0.8561,9.2745,1.2977,0.6887,0.7492,6.064
2012-12-29 07:24:00,0.7481,8.8253,0.86,6.7682,0.5358,2.0895
2012-12-29 07:34:00,0.7429,2.8054,0.7203,9.0038,0.27,2.083
2012-12-29 07:44:00,0.6196,8.0509,0.7557,8.6646,0.3032,2.0834
2012-12-29 07:54:00,0.5102,10.0806,0.5841,8.2993,0.1264,2.0857
2012-12-29 08:04:00,0.4983,0.9074,0.4221,7.9878,0.2317,2.2031
2012-12-29 08:14:00,0.3183,12.8533,0.3214,11.2145,0.0591,5.5025
2012-12-29 08:24:00,0.2119,6.091,0.2582,4.5642,0.0924,5.7563
2012-12-29 08:34:00,0.1494,5.6272,0.0935,6.7026,0.0124,6.4414
2012-12-29 08:44:00,0.0064,11.4453,0.0959,6.3652,0.1726,5.4844
2012-12-29 14:04:00,0.1117,7.1996,0.091,5.8008,0.0782,1.5707
2012-12-29 14:14:00,0.007,1.0817,0.1145,6.2304,0.0371,7.8084
2012-12-29 14:24:00,0.1788,3.7516,0.1212,6.6211,0.2403,0.9487
2012-12-29 14:34:00,0.2442,6.238,0.1365,4.5027,0.2356,1.5481
2012-12-29 14:44:00,0.355,2.4167,0.3448,5.0126,0.2471,1.1986
2012-12-29 14:54:00,0.4006,7.4046,0.3398,0.2162,0.2735,9.113
2012-12-29 15:04:00,0.505,10.3467,0.4638,0.1279,0.1484,4.4252
2012-12-29 15:14:00,0.6885,10.7949,0.5169,6.1584,0.1444,1.2002
2012-12-29 15:24:00,0.7591,11.2883,0.7295,6.5423,0.3503,1.2002
2012-12-29 15:34:00,0.8994,0.9245,0.6965,5.1217,0.4944,1.3002
2012-12-29 15:44:00,0.852,12.0911,0.8063,9.6665,0.5116,1.1991
2012-12-29 15:54:00,0.9193,10.0762,0.9716,7.6562,0.5971,1.7076
2012-12-29 16:04:00,1.0779,12.8948,1.0448,10.4072,0.5701,1.7214
2012-12-29 16:14:00,1.0544,10.6692,1.0569,8.1238,0.4896,0.7639
2012-12-29 16:24:00,1.1475,10.9402,1.0872,10.8381,0.399,6.9984
2012-12-29 16:34:00,1.0352,6.929,1.0318,10.9619,0.5574,1.7651
2012-12-29 16:44:00,1.113,13.7702,0.9219,5.4756,0.6513,1.7765
2012-12-29 16:54:00,1.219,11.3721,1.2766,8.6822,0.5608,1.787
2012-12-29 17:04:00,1.178,9.6485,1.2457,6.9455,0.35,1.79
2012-12-29 17:14:00,1.0841,6.443,1.2244,2.0073,0.7701,1.7903
2012-12-29 17:24:00,1.1419,11.4158,1.232,1.9862,0.5147,2.4951
2012-12-29 17:34:00,1.3472,13.884,1.1887,11.1923,0.4864,2.4948
2012-12-29 17:44:00,1.2131,11.3164,1.2554,8.6398,0.5888,1.7912
2012-12-29 17:54:00,1.1515,4.0918,1.1652,4.4096,0.6601,1.7915
2012-12-29 18:04:00,1.159,5.4446,1.0817,0.9917,0.6685,1.7898
2012-12-29 18:14:00,1.1397,3.0947,1.1855,2.0696,0.729,0.7175
2012-12-29 18:24:00,0.9825,7.6208,1.0048,6.4064,0.6038,1.7737
2012-12-29 18:34:00,0.878,6.4,1.1433,8.0496,0.5838,5.7385
2012-12-29 18:44:00,0.9456,10.2829,1.0642,10.3258,0.4561,1.7473
2012-12-29 18:54:00,0.9222,12.4803,0.8354,10.0872,0.3862,1.7323
2012-12-29 19:04:00,0.7507,12.1861,0.8365,9.8541,0.3315,0.7868
2012-12-29 19:14:00,0.6659,11.9095,0.79,2.9705,0.1375,1.7056
2012-12-29 19:24:00,0.6625,11.5374,0.7037,6.8468,0.3691,6.4803
2012-12-29 19:34:00,0.5887,0.579,0.6119,9.0578,0.2047,1.6968
2012-12-29 19:44:00,0.5575,10.773,0.5981,8.75,0.1604,1.6915
2012-12-29 19:54:00,0.561,2.7877,0.5344,1.6289,0.0162,7.0646
2012-12-29 20:04:00,0.4594,0.4082,0.5326,8.071,0.0816,1.6771
2012-12-29 20:14:00,0.3418,9.4809,0.2336,7.7392,0.0731,1.6659
2012-12-29 20:24:00,0.2644,6.5228,0.1977,4.8805,0.0103,3.9695
2012-12-29 20:34:00,0.1439,1.1058,0.1246,7.0015,0.0142,7.0997
2012-12-29 20:44:00,0.1162,0.6573,0.1301,0.7498,0.0029,6.3324
2012-12-29 20:54:00,0.0344,7.7385,0.0385,6.434,0.0625,1.8892
2012-12-30 02:14:00,0.1517,3.428,0.0857,1.7298,0.0812,0.4425
2012-12-30 02:24:00,0.0456,2.395,0.0611,4.325,0.1325,0.4427
2012-12-30 02:34:00,0.1619,3.0622,0.131,7.2092,0.0784,7.943
2012-12-30 02:44:00,0.2815,3.5314,0.1907,0.0742,0.3078,6.6933
2012-12-30 02:54:00,0.3643,4.0231,0.3707,1.29,0.4297,3.5687
2012-12-30 03:04:00,0.5543,0.155,0.5224,5.8529,0.4913,2.0559
2012-12-30 03:14:00,0.5743,0.4388,0.5482,4.422,0.2718,6.1302
2012-12-30 03:24:00,0.7924,5.422,0.6567,0.2937,0.3211,0.4528
2012-12-30 03:34:00,0.8857,7.243,0.8317,6.9175,0.3174,6.7072
2012-12-30 03:44:00,1.004,2.7051,0.7705,5.4475,0.4849,2.0385
2012-12-30 03:54:00,1.0152,3.5927,0.942,7.549,0.6183,7.6082
2012-12-30 04:04:00,1.0019,2.6886,1.0696,2.8154,0.5157,4.6439
2012-12-30 04:14:00,1.0679,10.5013,1.0486,8.0532,0.5149,3.6266
2012-12-30 04:24:00,1.301,4.5699,1.2413,5.171,0.7813,3.6497
2012-12-30 04:34:00,1.2689,3.5615,1.1425,5.3542,0.5498,7.6889
2012-12-30 04:44:00,1.3571,2.5229,1.346,5.5144,0.8152,3.6901
2012-12-30 04:54:00,1.297,5.171,1.146,6.9158,0.6621,2.5892
2012-12-30 05:04:00,1.46,11.5478,1.3519,8.798,0.6194,0.8132
2012-12-30 05:14:00,1.3054,11.5954,1.5477,7.0472,0.7129,0.8227
2012-12-30 05:24:00,1.2433,14.1272,1.4039,8.8079,0.8799,7.2925
2012-12-30 05:34:00,1.4272,4.9291,1.4985,7.0476,0.6958,7.2925
2012-12-30 05:44:00,1.5006,4.8649,1.5909,8.7834,0.7206,1.0426
2012-12-30 05:54:00,1.2907,13.9685,1.5284,5.5594,1.0629,6.0427
2012-12-30 06:04:00,1.2778,13.8705,1.4491,6.8224,0.735,2.8285
2012-12-30 06:14:00,1.2928,9.4651,1.3543,6.7293,0.7396,4.1678
2012-12-30 06:24:00,1.2059,13.547,1.2883,10.8565,0.6977,1.4571
2012-12-30 06:34:00,1.1668,5.8287,1.359,10.6867,0.4952,2.8287
2012-12-30 06:44:00,1.0883,10.6535,1.1843,8.0504,0.6011,1.457
2012-12-30 06:54:00,1.1619,6.2346,1.3394,0.0416,0.693,1.0431
2012-12-30 07:04:00,0.9718,8.3518,1.3298,7.6489,0.4883,1.4567
2012-12-30 07:14:00,1.0128,8.0161,1.0445,4.2627,0.5147,4.1686
2012-12-30 07:24:00,0.8085,11.9233,1.1763,9.5932,0.5964,1.0441
2012-12-30 07:34:00,0.8962,11.5935,1.0088,1.8365,0.5304,1.4556
2012-12-30 07:44:00,0.7352,11.2605,0.7884,4.7917,0.4012,2.8304
2012-12-30 07:54:00,0.8792,6.5351,0.8643,6.2354,0.5373,1.4554
2012-12-30 08:04:00,0.7528,10.3938,0.8116,8.4033,0.3098,1.4558
2012-12-30 08:14:00,0.6097,7.4711,0.6081,5.5744,0.202,1.4563
2012-12-30 08:24:00,0.625,9.5234,0.8175,7.7262,0.3459,4.1684
2012-12-30 08:34:00,0.3369,0.298,0.4477,0.8254,0.269,2.829
2012-12-30 08:44:00,0.2762,6.0681,0.337,0.517,0.013,6.0432
2012-12-30 08:54:00,0.0927,8.1239,0.1644,6.6374,0.1766,1.4567
2012-12-30 09:04:00,0.0401,11.4194,0.1562,6.2838,0.0285,1.4567
2012-12-30 14:44:00,0.154,0.6484,0.0207,6.008,0.0235,1.0436
2012-12-30 14:54:00,0.0336,7.7501,0.0741,2.0608,0.0696,2.8292
2012-12-30 15:04:00,0.1761,8.3559,0.2455,4.3178,0.2401,1.0434
2012-12-30 15:14:00,0.3213,6.3351,0.3101,4.6907,0.419,1.0433
2012-12-30 15:24:00,0.3856,6.7554,0.5533,5.0176,0.4149,1.0434
2012-12-30 15:34:00,0.643,4.1653,0.5612,7.9338,0.4904,5.2101
2012-12-30 15:44:00,0.7791,10.3158,1.0121,8.3426,0.5064,1.4564
2012-12-30 15:54:00,0.776,0.7375,0.8497,0.4888,0.804,6.044
2012-12-30 16:04:00,0.7356,8.7064,0.833,9.0354,0.6117,1.4556
2012-12-30 16:14:00,0.9269,9.0867,1.0613,6.8312,0.851,1.0449
2012-12-30 16:24:00,1.1517,3.7724,1.1233,7.1171,0.5474,1.0454
2012-12-30 16:34:00,1.143,9.8064,1.4256,5.6053,0.6167,2.8313
2012-12-30 16:44:00,1.1358,12.6083,1.2765,10.1259,0.6941,6.7271
2012-12-30 16:54:00,1.0774,10.3932,1.2571,10.3477,0.7328,1.4552
2012-12-30 17:04:00,1.1153,13.1145,1.1596,10.5198,0.6547,1.4557
2012-12-30 17:14:00,1.1399,13.2888,1.3486,10.6555,0.9711,1.4561
2012-12-30 17:24:00,1.2895,13.3976,1.7264,10.7402,1.1881,1.4564
2012-12-30 17:34:00,1.2528,10.9593,1.4899,10.7882,0.8167,1.4567
2012-12-30 17:44:00,1.4894,6.881,1.9034,10.857,1.1465,1.457
2012-12-30 17:54:00,1.3926,13.5288,1.5278,2.6606,0.8455,1.4573
2012-12-30 18:04:00,1.2433,11.0438,1.6977,2.6722,1.1382,1.4575
2012-12-30 18:14:00,1.3327,13.5027,1.7394,10.8221,1.102,1.4576
2012-12-30 18:24:00,1.3461,5.2612,1.8029,8.2757,1.1245,1.0423
2012-12-30 18:34:00,1.2498,10.8223,1.4517,8.1818,1.0884,1.4578
2012-12-30 18:44:00,1.257,10.6463,1.5266,10.5448,1.0353,1.0421
2012-12-30 18:54:00,1.1668,12.969,1.6906,10.4069,1.3531,1.4579
2012-12-30 19:04:00,1.364,10.2894,1.752,7.7672,1.0092,6.042
2012-12-30 19:14:00,1.0729,12.5393,1.3906,10.0726,0.723,7.292
2012-12-30 19:24:00,1.0869,3.5511,1.3398,7.3873,0.7962,1.4579
2012-12-30 19:34:00,0.8369,7.7369,1.2757,9.6706,0.6252,1.4579
2012-12-30 19:44:00,0.936,9.1557,1.0744,9.3852,0.6528,1.4578
2012-12-30 19:54:00,0.8776,7.0238,1.0641,6.6158,0.71,6.7241
2012-12-30 20:04:00,0.6003,10.8976,0.8305,8.7331,0.3813,1.175
2012-12-30 20:14:00,0.9234,6.3059,0.8358,0.6735,0.476,1.0425
2012-12-30 20:24:00,0.6464,10.1972,0.6832,8.2504,0.2063,1.4574
2012-12-30 20:34:00,0.6652,5.4955,0.52,5.4267,0.2999,6.0428
2012-12-30 20:44:00,0.592,1.8236,0.7507,7.5707,0.4043,1.0429
2012-12-30 20:54:00,0.4826,8.8975,0.6356,7.2392,0.3137,1.4569
2012-12-30 21:04:00,0.2334,8.4483,0.2243,6.8897,0.1791,1.4568
2012-12-30 21:14:00,0.1284,1.6472,0.1862,6.5376,0.0234,1.0434
2012-12-30 21:24:00,0.0126,3.2138,0.281,6.1516,0.0921,6.0436
2012-12-31 02:54:00,0.1097,2.3303,0.1097,6.5808,0.0632,1.7925
2012-12-31 03:04:00,0.2486,4.1744,0.3401,4.474,0.2009,0.7056
2012-12-31 03:14:00,0.3624,6.4756,0.3677,7.3754,0.3338,2.4893
2012-12-31 03:24:00,0.4045,0.7358,0.3101,1.4582,0.4459,5.5481
2012-12-31 03:34:00,0.4458,7.468,0.6321,1.0829,0.4048,1.7987
2012-12-31 03:44:00,0.5801,10.4641,0.7219,8.5333,0.4078,3.8285
2012-12-31 03:54:00,0.5869,5.3508,0.7489,1.4297,0.6275,1.7888
2012-12-31 04:04:00,0.8013,0.6003,0.8981,6.7825,0.7278,1.7737
2012-12-31 04:14:00,0.8844,11.8714,1.0055,9.6185,0.7259,1.7531
2012-12-31 04:24:00,1.03,9.8006,1.3476,7.4461,0.7077,1.7241
2012-12-31 04:34:00,1.1493,10.1756,1.2937,10.2319,0.9148,7.0525
2012-12-31 04:44:00,1.2618,4.9076,1.5282,10.5535,1.0287,1.696
2012-12-31 04:54:00,1.1737,13.4123,1.2474,8.3087,0.6696,1.7146
2012-12-31 05:04:00,1.2835,13.723,1.395,8.5541,1.1085,1.7312
2012-12-31 05:14:00,1.3701,8.3297,1.6476,8.7367,1.2589,2.5438
2012-12-31 05:24:00,1.55,7.4647,1.5177,7.0903,1.1161,1.7506
2012-12-31 05:34:00,1.3955,14.2897,1.6881,9.0007,0.9704,1.7573
2012-12-31 05:44:00,1.2837,14.368,1.7549,11.5627,1.3134,1.7625
2012-12-31 05:54:00,1.4932,14.4535,1.6445,6.005,1.2052,0.7337
2012-12-31 06:04:00,1.299,11.9856,1.7883,7.37,1.1657,0.7305
2012-12-31 06:14:00,1.4195,3.8706,1.626,6.0106,1.1323,1.7729
2012-12-31 06:24:00,1.2606,11.9215,1.5738,11.6073,0.8517,1.7762
2012-12-31 06:34:00,1.4558,14.3559,1.6471,11.5569,0.8724,6.4027
2012-12-31 06:44:00,1.5472,5.0425,1.7339,8.9933,0.8938,3.8431
2012-12-31 06:54:00,1.1697,14.1367,1.5909,8.8875,0.9288,1.7844
2012-12-31 07:04:00,1.2742,11.4385,1.6545,8.7344,0.7638,0.7109
2012-12-31 07:14:00,1.2197,13.7617,1.4845,11.0988,0.9267,1.7982
2012-12-31 07:24:00,1.018,9.2671,1.2488,8.4388,0.7531,0.6911
2012-12-31 07:34:00,1.1859,13.2885,1.5247,2.5542,0.5415,0.6782
2012-12-31 07:44:00,1.0551,13.0239,1.3069,10.5335,0.6238,1.8373
2012-12-31 07:54:00,0.9229,5.2006,1.1886,7.7862,0.4811,2.4295
2012-12-31 08:04:00,0.8274,12.3706,1.0628,5.7499,0.4358,3.7412
2012-12-31 08:14:00,0.7385,12.0329,0.6483,5.4969,0.1343,2.3578
2012-12-31 08:24:00,0.6841,11.6283,0.7116,9.4795,0.1947,1.9809
2012-12-31 08:34:00,0.7225,15.0285,0.9399,9.2476,0.4139,2.1618
2012-12-31 08:44:00,0.6146,10.8718,0.4948,8.9349,0.2616,0.3218
2012-12-31 08:54:00,0.5242,10.4577,0.4454,8.6101,0.0811,2.1657
2012-12-31 09:04:00,0.4925,10.027,0.5537,8.27,0.1322,2.1428
2012-12-31 09:14:00,0.4337,9.5677,0.3241,5.4086,0.0382,0.3761
2012-12-31 09:24:00,0.4337,19.121,0.4694,1.1915,0.1474,6.0701
2012-12-31 09:34:00,0.3063,8.797,0.2132,7.3546,0.0551,0.1724
2012-12-31 09:44:00,0.1348,8.3343,0.2081,6.9963,0.0676,6.8962
2012-12-31 09:54:00,0.0209,0.3127,0.0487,4.1368,0.0212,0.155
2012-12-31 15:14:00,0.047,0.6938,0.0909,1.927,0.0773,1.2791
2012-12-31 15:24:00,0.1544,3.3602,0.2067,2.9358,0.1979,5.7434
2012-12-31 15:34:00,0.2332,9.3832,0.1316,7.9134,0.0568,2.7857
2012-12-31 15:44:00,0.3823,0.1651,0.4568,3.9794,0.3849,0.2872
2012-12-31 15:54:00,0.379,2.7693,0.3039,6.1017,0.2686,2.8438
2012-12-31 16:04:00,0.5082,8.2068,0.4948,4.6533,0.3203,3.899
2012-12-31 16:14:00,0.5696,1.9144,0.7909,4.9904,0.6765,0.2501
2012-12-31 16:24:00,0.7819,9.0503,0.791,0.8369,0.503,1.5535
2012-12-31 16:34:00,0.6788,3.7635,0.824,5.6058,0.4456,6.5108
2012-12-31 16:44:00,0.8396,9.8542,0.9568,10.2073,0.5537,2.7099
2012-12-31 16:54:00,0.8004,10.1526,1.0287,7.9377,0.8416,0.2019
2012-12-31 17:04:00,1.192,8.6952,1.2661,6.4063,0.6583,2.6976
2012-12-31 17:14:00,0.9314,4.0038,1.1209,8.3258,0.6919,6.3412
2012-12-31 17:24:00,1.0159,9.2407,1.2972,8.5523,0.6984,3.2187
2012-12-31 17:34:00,0.9826,4.4884,1.1858,8.7018,0.6502,1.8816
2012-12-31 17:44:00,1.1438,11.3879,1.3558,8.8327,0.5475,0.0978
2012-12-31 17:54:00,1.2574,5.34,1.4292,8.9895,0.8915,0.0996
2012-12-31 18:04:00,1.0806,11.668,1.3717,9.0498,1.034,0.1009
2012-12-31 18:14:00,1.1671,11.6512,1.3762,9.0366,0.7007,0.1016
2012-12-31 18:24:00,1.1351,9.9153,1.5036,9.0752,0.6506,0.1024
2012-12-31 18:34:00,1.2655,9.9381,1.4358,7.3736,0.8145,1.5895
2012-12-31 18:44:00,1.1674,9.9011,1.4794,9.1308,0.7545,0.1973
2012-12-31 18:54:00,1.1302,11.6208,1.3089,9.0798,0.7758,0.2017
2012-12-31 19:04:00,1.0478,14.0244,1.1931,11.5044,0.6837,2.6999
2012-12-31 19:14:00,1.0586,11.3486,1.2027,8.8008,0.8867,1.8844
2012-12-31 19:24:00,0.9925,9.4287,0.9943,11.1965,0.5626,1.884
2012-12-31 19:34:00,0.9687,11.0257,1.1067,8.5499,0.7831,2.4022
2012-12-31 19:44:00,0.9245,10.8312,1.2192,8.3987,0.7268,0.0973
2012-12-31 19:54:00,0.8066,3.871,0.945,10.7204,0.6514,0.0968
2012-12-31 20:04:00,0.8628,7.1881,0.9723,7.9964,0.4725,3.2194
2012-12-31 20:14:00,0.7973,3.7377,1.0913,7.7445,0.9291,0.0894
2012-12-31 20:24:00,0.8176,4.0681,0.887,1.376,0.5126,0.2073
2012-12-31 20:34:00,0.6125,3.2808,0.6525,7.5227,0.4016,0.5071
2012-12-31 20:44:00,0.6063,9.1658,0.6026,7.2388,0.4147,0.5072
2012-12-31 20:54:00,0.4554,8.8096,0.4945,6.9615,0.2065,0.5072
2012-12-31 21:04:00,0.4964,8.4517,0.4473,4.8974,0.1332,1.2784
2012-12-31 21:14:00,0.4533,6.1916,0.4149,4.4636,0.0887,1.5684
2012-12-31 21:24:00,0.3278,5.7822,0.2343,5.9313,0.113,2.7193
2012-12-31 21:34:00,0.3299,5.3626,0.2762,5.6053,0.0978,0.2216
2012-12-31 21:44:00,0.1402,6.724,0.1807,5.2758,0.0467,0.224
2012-12-31 21:54:00,0.1126,6.3216,0.0537,4.9634,0.0936,0.2267
2012-12-31 22:04:00,0.0067,3.0691,0.0008,4.7919,0.2305,3.0065
2013-01-01 03:24:00,0.0605,0.3735,0.0645,4.6791,0.1259,0.5072
2013-01-01 03:34:00,0.0181,6.2817,0.0581,4.9943,0.0149,0.5072
2013-01-01 03:44:00,0.1901,6.8075,0.1089,5.4034,0.0417,1.2786
2013-01-01 03:54:00,0.3547,7.2482,0.1955,3.9605,0.0825,6.9929
2013-01-01 04:04:00,0.383,7.6324,0.2547,6.0451,0.0094,2.6178
2013-01-01 04:14:00,0.4527,8.0865,0.3877,0.7445,0.1872,6.2236
2013-01-01 04:24:00,0.4275,1.0504,0.3736,6.7592,0.233,0.5072
2013-01-01 04:34:00,0.5433,8.9445,0.5329,5.2801,0.352,0.5072
2013-01-01 04:44:00,0.5901,6.2353,0.6956,0.6586,0.2322,0.5072
2013-01-01 04:54:00,0.8121,9.7436,0.7659,7.6876,0.6333,0.5073
2013-01-01 05:04:00,0.94,10.0957,0.9002,7.9616,0.361,0.5073
2013-01-01 05:14:00,0.9872,10.4276,1.1205,8.2198,0.509,6.6355
2013-01-01 05:24:00,1.0989,10.7531,1.0365,8.473,0.6052,0.5073
2013-01-01 05:34:00,1.037,11.0484,1.0768,6.9169,0.6614,0.5046
2013-01-01 05:44:00,1.1664,11.2615,1.1285,8.8683,0.3815,1.2812
2013-01-01 05:54:00,1.0701,11.407,1.1011,7.1954,0.519,0.5031
2013-01-01 06:04:00,1.1117,11.5783,1.3078,9.1144,0.487,5.747
2013-01-01 06:14:00,1.1284,11.6642,1.2526,9.1813,0.5089,5.1789
2013-01-01 06:24:00,1.1909,11.7389,1.3965,9.2394,0.5126,1.2828
2013-01-01 06:34:00,1.0672,11.7869,1.2993,9.2772,0.7751,5.7437
2013-01-01 06:44:00,1.1351,9.9899,1.1764,3.0184,0.6266,1.2794
2013-01-01 06:54:00,1.0949,5.5076,1.2136,3.0044,0.7193,0.5064
2013-01-01 07:04:00,1.0597,11.6965,1.1557,9.2069,0.86,0.5064
2013-01-01 07:14:00,1.0914,11.6142,1.3345,9.1429,0.6724,5.7435
2013-01-01 07:24:00,1.1559,9.7087,1.2156,9.0498,0.6716,5.7435
2013-01-01 07:34:00,1.0096,5.0937,1.2199,0.3799,0.5755,0.5066
2013-01-01 07:44:00,1.018,11.1943,1.3629,8.8164,0.6029,5.7434
2013-01-01 07:54:00,0.9535,11.0046,0.9977,8.6691,0.6231,0.5108
2013-01-01 08:04:00,1.013,5.7622,1.0788,8.4807,0.5602,1.2749
2013-01-01 08:14:00,0.858,8.7077,0.8016,8.2712,0.3955,5.7432
2013-01-01 08:24:00,0.8179,3.958,0.8616,8.0493,0.5765,5.1749
2013-01-01 08:34:00,0.7449,3.6763,0.7505,7.8302,0.4618,0.507
2013-01-01 08:44:00,0.626,2.4422,0.6735,0.4219,0.333,0.5071
2013-01-01 08:54:00,0.5729,9.2263,0.6379,7.2858,0.3717,0.5072
2013-01-01 09:04:00,0.4884,11.3807,0.5294,7.017,0.3288,0.5073
2013-01-01 09:14:00,0.5227,6.6974,0.5016,6.7075,0.1449,0.506
2013-01-01 09:24:00,0.4439,1.3845,0.3726,1.0785,0.0097,0.5061
2013-01-01 09:34:00,0.3721,7.6637,0.2591,8.57,0.0177,6.2255
2013-01-01 09:44:00,0.192,1.575,0.162,0.0717,0.0942,0.5056
2013-01-01 09:54:00,0.1456,6.8393,0.105,5.4282,0.136,6.6361
2013-01-01 10:04:00,0.0585,8.9175,0.0182,5.0999,0.1595,2.6175
2013-01-01 10:14:00,0.0455,2.754,0.0531,4.772,0.1375,0.5075
2013-01-01 15:54:00,0.1907,3.7438,0.2599,3.0913,0.1257,2.0891
2013-01-01 16:04:00,0.0439,3.3013,0.109,3.5242,0.0453,6.4629
2013-01-01 16:14:00,0.1006,6.8286,0.0461,5.5379,0.0331,3.1334
2013-01-01 16:24:00,0.198,2.2852,0.0722,0.8376,0.0409,3.1365
2013-01-01 16:34:00,0.3262,7.543,0.1542,4.2482,0.0273,5.9626
2013-01-01 16:44:00,0.3235,7.9749,0.2529,6.3692,0.1193,5.4852
2013-01-01 16:54:00,0.504,1.2633,0.3822,3.5791,0.137,0.7619
2013-01-01 17:04:00,0.4581,0.6696,0.4132,5.1921,0.2496,1.0232
2013-01-01 17:14:00,0.4675,4.1344,0.4609,3.1037,0.2086,1.0249
2013-01-01 17:24:00,0.7235,7.6561,0.6101,5.7236,0.3848,0.7594
2013-01-01 17:34:00,0.8474,1.177,0.8575,7.7329,0.2982,4.2418
2013-01-01 17:44:00,0.8539,2.2004,0.8794,7.9531,0.2533,5.4929
2013-01-01 17:54:00,0.8481,8.4455,0.8214,4.9977,0.3195,6.3867
2013-01-01 18:04:00,0.9443,8.668,0.7849,0.0376,0.3743,3.2561
2013-01-01 18:14:00,0.8372,10.6397,0.9251,5.3158,0.22,2.3677
2013-01-01 18:24:00,0.9355,8.9966,0.9243,5.427,0.3526,4.9234
2013-01-01 18:34:00,0.8621,10.852,0.907,8.6064,0.4038,0.7596
2013-01-01 18:44:00,1.004,4.6832,0.9168,5.5449,0.2826,1.025
2013-01-01 18:54:00,0.8813,10.9095,1.0076,6.8088,0.2979,0.5047
2013-01-01 19:04:00,0.9481,10.8748,0.9901,4.4008,0.4621,6.2261
2013-01-01 19:14:00,0.8032,10.8486,0.8533,8.5471,0.2015,5.7453
2013-01-01 19:24:00,0.8515,5.7955,0.8335,6.72,0.2978,0.5047
2013-01-01 19:34:00,0.9368,7.6203,0.9511,8.4667,0.3411,5.7453
2013-01-01 19:44:00,0.8277,7.5073,0.8125,8.3788,0.2757,3.6619
2013-01-01 19:54:00,0.8176,3.3235,0.7603,1.5191,0.1265,5.7446
2013-01-01 20:04:00,0.7238,4.6789,0.7948,0.6677,0.2554,1.2803
2013-01-01 20:14:00,0.7554,4.4736,0.902,8.008,0.439,5.7445
2013-01-01 20:24:00,0.7462,8.1338,0.7301,3.6577,0.4872,0.5041
2013-01-01 20:34:00,0.6648,7.9329,0.5643,5.8825,0.2643,1.2815
2013-01-01 20:44:00,0.5982,6.3551,0.6591,4.3581,0.4174,2.618
2013-01-01 20:54:00,0.5515,2.021,0.5777,7.2372,0.3604,1.2786
2013-01-01 21:04:00,0.4368,7.1062,0.513,7.0257,0.1813,5.1746
2013-01-01 21:14:00,0.525,1.4228,0.4724,3.647,0.2208,1.2784
2013-01-01 21:24:00,0.3572,5.1033,0.4063,6.5096,0.1911,0.5075
2013-01-01 21:34:00,0.3644,6.0803,0.3395,4.4422,0.1113,1.2781
2013-01-01 21:44:00,0.3429,4.3587,0.2011,4.1449,0.0865,2.6173
2013-01-01 21:54:00,0.1824,5.3704,0.0844,2.5508,0.0259,3.6589
2013-01-01 22:04:00,0.205,0.046,0.1019,7.8808,0.0238,5.7421
2013-01-01 22:14:00,0.0295,6.3655,0.035,5.0609,0.1116,5.1738
2013-01-01 22:24:00,0.0586,0.7317,0.0194,1.6509,0.1143,0.5082
2013-01-01 22:34:00,0.0985,3.8778,0.0438,4.4833,0.0043,0.5096
2013-01-02 04:04:00,0.095,5.8876,0.067,4.6897,0.0989,0.5098
2013-01-02 04:14:00,0.0373,6.3288,0.0078,5.0328,0.0242,0.5098
2013-01-02 04:24:00,0.1757,6.755,0.0726,5.3643,0.0418,5.7401
2013-01-02 04:34:00,0.2284,5.4009,0.1137,1.8,0.111,6.2209
2013-01-02 04:44:00,0.2132,7.6273,0.2239,3.0482,0.0606,2.6151
2013-01-02 04:54:00,0.4081,8.0584,0.3181,6.3779,0.1622,0.5099
2013-01-02 05:04:00,0.4071,8.4817,0.405,6.7071,0.2139,0.5098
2013-01-02 05:14:00,0.4142,7.1299,0.5493,5.2588,0.3173,0.5097
2013-01-02 05:24:00,0.5569,5.1184,0.5392,9.8318,0.374,1.2761
2013-01-02 05:34:00,0.6103,9.6056,0.7402,4.4561,0.4562,2.6155
2013-01-02 05:44:00,0.5186,6.8304,0.5409,6.0243,0.2079,2.8156
2013-01-02 05:54:00,0.6714,8.4521,0.87,6.2443,0.4462,1.4686
2013-01-02 06:04:00,0.6318,8.757,0.709,6.4821,0.2838,6.4107
2013-01-02 06:14:00,0.7529,3.6218,0.7472,1.7111,0.3292,3.8404
2013-01-02 06:24:00,0.6842,3.4782,0.8559,8.6093,0.3569,2.8321
2013-01-02 06:34:00,0.8463,9.3489,0.9822,8.7321,0.2885,2.7877
2013-01-02 06:44:00,0.8656,3.7554,0.9432,8.8269,0.4267,0.3414
2013-01-02 06:54:00,0.8988,11.3941,1.0374,8.9354,0.5774,0.3441
2013-01-02 07:04:00,0.7883,13.8886,1.0321,8.9306,0.4247,2.8414
2013-01-02 07:14:00,0.8776,11.4281,0.9092,8.9591,0.3979,0.3317
2013-01-02 07:24:00,0.8468,13.8777,0.9311,8.9175,0.4914,2.8207
2013-01-02 07:34:00,0.8457,11.3602,0.8202,8.9011,0.3586,0.3088
2013-01-02 07:44:00,0.7855,5.6052,0.9163,8.8414,0.3032,0.2963
2013-01-02 07:54:00,0.7213,13.6957,0.7881,6.9818,0.2666,2.7835
2013-01-02 08:04:00,0.7876,13.5751,0.7588,8.6718,0.2773,1.5109
2013-01-02 08:14:00,0.7331,9.101,0.7984,8.5247,0.2929,0.2724
2013-01-02 08:24:00,0.5845,1.9497,0.8723,6.593,0.412,0.2699
2013-01-02 08:34:00,0.6623,8.716,0.6916,10.7241,0.3365,0.2673
2013-01-02 08:44:00,0.6051,7.1167,0.6267,4.8963,0.1971,2.7648
2013-01-02 08:54:00,0.622,8.2144,0.6657,7.8328,0.1603,2.7622
2013-01-02 09:04:00,0.5279,12.2808,0.5603,5.9314,0.2378,2.6169
2013-01-02 09:14:00,0.4638,9.4733,0.6007,7.4779,0.1353,0.5082
2013-01-02 09:24:00,0.4137,7.4051,0.3769,7.2582,0.2158,3.6584
2013-01-02 09:34:00,0.4068,7.0406,0.3012,9.4748,0.1068,1.2773
2013-01-02 09:44:00,0.2946,10.9433,0.2462,9.1767,0.0303,1.2772
2013-01-02 09:54:00,0.3355,6.3313,0.1634,6.4229,0.0209,2.6164
2013-01-02 10:04:00,0.3113,5.9644,0.2316,0.5932,0.0622,0.5087
2013-01-02 10:14:00,0.133,7.3406,0.0028,0.8191,0.0614,0.5088
2013-01-02 10:24:00,0.1041,6.9472,0.0226,5.5133,0.0368,2.6161
2013-01-02 10:34:00,0.113,0.9063,0.0628,5.2344,0.0575,0.5099
2013-01-02 10:44:00,0.0171,0.5261,0.0676,7.4362,0.0374,2.6151
2013-01-02 10:54:00,0.0595,0.139,0.1695,4.6377,0.1959,0.51
2013-01-02 16:34:00,0.1255,8.3963,0.1031,4.6965,0.0544,1.2739
2013-01-02 16:44:00,0.0325,6.2991,0.0902,5.0091,0.0363,0.5114
2013-01-02 16:54:00,0.0003,0.7711,0.0183,3.5576,0.0898,0.5117
2013-01-02 17:04:00,0.082,7.1513,0.1061,1.5049,0.0837,6.2183
2013-01-02 17:14:00,0.2581,4.4315,0.2473,0.7441,0.1837,0.5126
2013-01-02 17:24:00,0.2066,0.5864,0.2249,4.5197,0.1223,0.5126
2013-01-02 17:34:00,0.3526,2.1159,0.2726,6.6162,0.1588,0.5127
2013-01-02 17:44:00,0.3024,6.9202,0.3112,5.0949,0.1216,2.6124
2013-01-02 17:54:00,0.3961,7.2691,0.322,4.0269,0.2142,1.2732
2013-01-02 18:04:00,0.4332,6.2237,0.5069,9.8805,0.0779,0.5124
2013-01-02 18:14:00,0.4903,7.8781,0.5384,5.8398,0.2434,1.2733
2013-01-02 18:24:00,0.466,8.1243,0.4718,6.0313,0.16,1.2732
2013-01-02 18:34:00,0.4195,10.1719,0.6267,8.0207,0.4278,1.273
2013-01-02 18:44:00,0.546,10.389,0.6406,6.4039,0.275,1.2727
2013-01-02 18:54:00,0.5601,10.5328,0.5007,6.5157,0.3372,1.2725
2013-01-02 19:04:00,0.6008,10.6905,0.7112,8.4241,0.4643,0.5134
2013-01-02 19:14:00,0.602,10.758,0.66,8.4767,0.179,4.4865
2013-01-02 19:24:00,0.642,10.8048,0.6275,8.5131,0.2701,1.2721
2013-01-02 19:34:00,0.6051,7.7193,0.682,8.5435,0.2938,0.5117
2013-01-02 19:44:00,0.6873,10.8509,0.8082,8.5486,0.4784,0.5117
2013-01-02 19:54:00,0.5699,10.8065,0.5695,5.3892,0.1668,2.6133
2013-01-02 20:04:00,0.6038,10.7957,0.5627,8.5058,0.2531,0.5117
2013-01-02 20:14:00,0.6075,10.6845,0.6655,8.4194,0.3501,0.5116
2013-01-02 20:24:00,0.5673,3.0568,0.6207,6.5344,0.151,1.2741
2013-01-02 20:34:00,0.6105,4.2055,0.6252,8.2413,0.2579,1.2741
2013-01-02 20:44:00,0.5554,8.5151,0.532,8.121,0.2645,0.5116
2013-01-02 20:54:00,0.4885,8.2915,0.572,6.1614,0.2952,0.5115
2013-01-02 21:04:00,0.4236,5.7226,0.4895,6.0152,0.2552,6.6314
2013-01-02 21:14:00,0.5024,7.9072,0.4985,7.6483,0.193,6.9885
2013-01-02 21:24:00,0.4015,7.6388,0.419,7.4396,0.2586,1.2743
2013-01-02 21:34:00,0.4809,7.3681,0.4044,5.4436,0.2609,1.2726
2013-01-02 21:44:00,0.364,7.0904,0.3102,2.8467,0.209,2.6119
2013-01-02 21:54:00,0.3037,6.7969,0.2451,4.9994,0.0666,4.4869
2013-01-02 22:04:00,0.2239,5.096,0.1926,6.5038,0.1868,0.513
2013-01-02 22:14:00,0.2803,6.1498,0.2385,6.2819,0.1717,0.513
2013-01-02 22:24:00,0.2497,1.3552,0.1159,8.5249,0.06,1.2727
2013-01-02 22:34:00,0.1547,1.5465,0.1001,8.2318,0.085,0.5125
2013-01-02 22:44:00,0.0679,1.6701,0.0123,5.4631,0.0034,1.2718
2013-01-02 22:54:00,0.038,0.2584,0.007,5.1721,0.0146,3.653
2013-01-02 23:04:00,0.023,4.3559,0.1106,4.8868,0.0344,5.7366
2013-01-02 23:14:00,0.0704,8.2829,0.1252,1.4829,0.0813,5.7368
2013-01-03 04:34:00,0.2291,5.9721,0.2707,0.6894,0.257,0.9747
2013-01-03 04:44:00,0.1512,0.4843,0.1761,5.0167,0.1193,0.7295
2013-01-03 04:54:00,0.1087,1.6353,0.1146,1.8253,0.0625,1.0633
2013-01-03 05:04:00,0.0015,3.9249,0.0571,2.5134,0.0309,2.4094
2013-01-03 05:14:00,0.1573,7.4369,0.0611,5.9378,0.0584,2.4162
2013-01-03 05:24:00,0.1854,7.8199,0.0574,4.4486,0.0334,0.7026
2013-01-03 05:34:00,0.2495,0.796,0.1112,3.3097,0.051,2.6123
2013-01-03 05:44:00,0.2755,6.7254,0.212,2.5624,0.1811,1.2729
2013-01-03 05:54:00,0.2685,8.8947,0.2444,13.2774,0.0332,3.6537
2013-01-03 06:04:00,0.3287,7.4642,0.2557,4.1787,0.1158,0.513
2013-01-03 06:14:00,0.3198,9.593,0.3007,4.4455,0.0384,1.2726
2013-01-03 06:24:00,0.3654,8.1076,0.3202,1.5541,0.1688,3.6535
2013-01-03 06:34:00,0.4399,7.0317,0.3849,4.8839,0.1709,0.5132
2013-01-03 06:44:00,0.4551,8.6426,0.4948,8.2202,0.1771,1.2724
2013-01-03 06:54:00,0.4622,10.637,0.5237,8.3825,0.1863,0.5133
2013-01-03 07:04:00,0.5524,3.3134,0.5545,6.734,0.167,1.2724
2013-01-03 07:14:00,0.6002,7.8431,0.5144,8.64,0.1393,0.5133
2013-01-03 07:24:00,0.5222,7.9226,0.5545,8.7018,0.1203,6.6296
2013-01-03 07:34:00,0.5748,3.9966,0.6355,8.7733,0.086,1.2724
2013-01-03 07:44:00,0.5681,8.0749,0.5587,5.6953,0.0567,1.2725
2013-01-03 07:54:00,0.5495,7.0016,0.4731,8.7956,0.1685,2.6118
2013-01-03 08:04:00,0.6211,11.1662,0.5682,5.6691,0.1703,2.6118
2013-01-03 08:14:00,0.5352,3.6499,0.5583,6.9957,0.1729,5.7367
2013-01-03 08:24:00,0.6018,11.083,0.5441,8.7294,0.0766,0.5134
2013-01-03 08:34:00,0.5835,3.8093,0.6126,6.7977,0.1568,1.4715
2013-01-03 08:44:00,0.554,5.8393,0.5753,5.3633,0.1679,6.4495
2013-01-03 08:54:00,0.494,8.8658,0.5266,6.4893,0.0227,4.1879
2013-01-03 09:04:00,0.4557,8.6705,0.4209,3.9418,0.1599,0.0871
2013-01-03 09:14:00,0.4504,6.0707,0.3862,6.1386,0.0632,1.934
2013-01-03 09:24:00,0.4021,4.3115,0.438,5.9373,0.107,0.2002
2013-01-03 09:34:00,0.3532,9.6872,0.2992,7.4185,0.0962,6.749
2013-01-03 09:44:00,0.2595,5.2646,0.2489,4.0872,0.0915,4.6982
2013-01-03 09:54:00,0.2867,7.2834,0.1597,3.7578,0.0389,6.9968
2013-01-03 10:04:00,0.3143,4.5768,0.237,6.6279,0.0028,6.4364
2013-01-03 10:14:00,0.2844,5.2775,0.1301,6.3605,0.1032,4.9315
2013-01-03 10:24:00,0.1974,6.2346,0.1306,6.0594,0.1412,6.4644
2013-01-03 10:34:00,0.1476,0.9179,0.0413,3.9783,0.1652,4.9786
2013-01-03 10:44:00,0.118,5.4938,0.0031,0.7806,0.1204,0.8461
2013-01-03 10:54:00,0.0148,0.6106,0.1088,5.1455,0.2281,0.8377
2013-01-03 11:04:00,0.0737,6.4721,0.1588,1.7309,0.227,0.781
2013-01-03 11:14:00,0.1147,6.096,0.1646,1.107,0.2513,3.8548
2013-01-03 11:24:00,0.0915,2.6041,0.1821,4.297,0.3197,6.3776
2013-01-03 11:34:00,0.1976,2.1912,0.2818,3.9749,0.3144,2.4601
2013-01-03 17:04:00,0.3301,4.8589,0.4097,0.4185,0.3554,5.2028
2013-01-03 17:14:00,0.2669,67.7933,0.3111,3.8813,0.315,5.2029
2013-01-03 17:24:00,0.0794,5.7032,0.1658,4.2001,0.206,1.0363
2013-01-03 17:34:00,0.1051,31.1285,0.1703,4.5309,0.2737,2.8221
2013-01-03 17:44:00,0.004,6.5882,0.084,4.8885,0.0666,2.8221
2013-01-03 17:54:00,0.0641,7.017,0.0073,1.9209,0.0541,4.1614
2013-01-03 18:04:00,0.1981,5.6298,0.1399,3.7463,0.1032,1.0363
2013-01-03 18:14:00,0.2153,6.0518,0.1054,4.0746,0.018,2.8218
2013-01-03 18:24:00,0.2878,8.2114,0.1199,3.0261,0.0635,2.8217
2013-01-03 18:34:00,0.2589,6.7706,0.2348,3.2945,0.0051,1.0359
2013-01-03 18:44:00,0.2976,11.4085,0.3765,6.6935,0.2391,1.0358
2013-01-03 18:54:00,0.3684,7.4095,0.5782,6.9165,0.1868,1.0357
2013-01-03 19:04:00,0.3651,7.6784,0.4134,4.0007,0.1183,1.0356
2013-01-03 19:14:00,0.4074,9.6951,0.4619,9.8053,0.2606,1.0356
2013-01-03 19:24:00,0.3738,12.4111,0.4502,7.473,0.0208,1.0379
2013-01-03 19:34:00,0.553,5.9201,0.6648,4.4848,0.2239,4.1614
2013-01-03 19:44:00,0.5133,8.4155,0.5644,5.9131,0.1832,4.1613
2013-01-03 19:54:00,0.5365,8.4997,0.7034,5.9786,0.2979,1.0363
2013-01-03 20:04:00,0.6028,7.2371,0.6082,2.1421,0.1976,1.0363
2013-01-03 20:14:00,0.5957,8.58,0.7137,7.8268,0.2339,1.0362
2013-01-03 20:24:00,0.5056,6.2348,0.7948,3.7519,0.2768,1.7527
2013-01-03 20:34:00,0.6249,10.375,0.8509,7.8995,0.3169,2.5264
2013-01-03 20:44:00,0.6217,8.531,0.7824,6.0698,0.3972,3.8597
2013-01-03 20:54:00,0.6797,10.2287,0.7142,7.7883,0.312,1.771
2013-01-03 21:04:00,0.5977,10.1145,0.658,7.7006,0.2163,0.7238
2013-01-03 21:14:00,0.4865,12.4883,0.6369,4.4786,0.234,0.7189
2013-01-03 21:24:00,0.5798,9.854,0.5729,7.5003,0.3503,0.7139
2013-01-03 21:34:00,0.5026,7.9169,0.5964,7.3834,0.1831,0.7101
2013-01-03 21:44:00,0.456,9.4931,0.5929,7.2219,0.2531,1.7958
2013-01-03 21:54:00,0.4545,9.2568,0.6083,7.0389,0.3606,0.7011
2013-01-03 22:04:00,0.4532,9.034,0.4002,6.8663,0.2305,1.8018
2013-01-03 22:14:00,0.4686,6.9866,0.4981,4.8776,0.3024,2.4813
2013-01-03 22:24:00,0.4184,6.6779,0.3541,8.9239,0.2387,3.818
2013-01-03 22:34:00,0.3253,10.6772,0.288,8.7017,0.0498,0.6904
2013-01-03 22:44:00,0.362,6.0761,0.2371,1.1858,0.0833,4.8545
2013-01-03 22:54:00,0.3292,1.8588,0.2476,3.9222,0.0838,2.471
2013-01-03 23:04:00,0.2277,7.2371,0.2044,3.6868,0.0477,0.6824
2013-01-03 23:14:00,0.332,6.8873,0.2718,5.2012,0.0814,0.679
2013-01-03 23:24:00,0.2676,1.5823,0.1629,4.9054,0.0826,3.8008
2013-01-03 23:34:00,0.1875,8.6651,0.0159,2.8553,0.0008,3.7978
2013-01-03 23:44:00,0.0551,0.4564,0.0453,2.5671,0.0367,3.7949
2013-01-04 00:04:00,0.0885,1.0474,0.0551,3.9028,0.0461,2.4526
2013-01-04 05:14:00,0.2454,67.5244,0.1206,6.2478,0.1356,2.4867
2013-01-04 05:24:00,0.1438,11.6898,0.0746,4.0742,0.2283,0.686
2013-01-04 05:34:00,0.0229,0.3683,0.0599,6.9211,0.0245,0.6711
2013-01-04 05:44:00,0.1774,0.0293,0.0845,2.9476,0.0181,0.658
2013-01-04 05:54:00,0.1837,6.7999,0.1842,3.4095,0.0206,2.0986
2013-01-04 06:04:00,0.1581,7.1628,0.2066,5.4774,0.1102,2.0988
2013-01-04 06:14:00,0.3165,1.2925,0.2576,3.9869,0.0967,0.4013
2013-01-04 06:24:00,0.3667,7.9489,0.2555,6.0885,0.1668,0.402
2013-01-04 06:34:00,0.3045,6.5044,0.395,8.8535,0.1925,2.0964
2013-01-04 06:44:00,0.496,6.8688,0.5309,4.8505,0.1659,2.1919
2013-01-04 06:54:00,0.3718,8.9843,0.3077,6.8918,0.3408,0.41
2013-01-04 07:04:00,0.3607,7.5118,0.4594,4.0093,0.1666,2.2006
2013-01-04 07:14:00,0.4075,6.461,0.628,7.3579,0.4374,0.418
2013-01-04 07:24:00,0.4493,8.0415,0.6289,3.378,0.1411,2.0786
2013-01-04 07:34:00,0.4068,8.2527,0.586,7.7082,0.1739,0.4247
2013-01-04 07:44:00,0.6014,10.2308,0.6594,6.0714,0.3163,0.4279
2013-01-04 07:54:00,0.5247,4.7086,0.6506,7.9806,0.2819,0.4308
2013-01-04 08:04:00,0.5131,10.4729,0.4919,8.0443,0.0949,2.2184
2013-01-04 08:14:00,0.6837,10.5536,0.5967,8.1069,0.1116,0.4333
2013-01-04 08:24:00,0.5601,10.6105,0.6728,10.6511,0.199,2.0662
2013-01-04 08:34:00,0.6389,10.6344,0.5886,5.0445,0.1794,0.4342
2013-01-04 08:44:00,0.5853,10.6408,0.7709,10.6744,0.2385,2.2202
2013-01-04 08:54:00,0.5398,10.5951,0.5767,5.0139,0.3658,2.0653
2013-01-04 09:04:00,0.7355,13.0496,0.8265,8.1041,0.3015,0.4321
2013-01-04 09:14:00,0.5233,12.972,0.5081,10.5453,0.2259,0.4252
2013-01-04 09:24:00,0.4825,7.2903,0.4854,4.9351,0.1347,2.3397
2013-01-04 09:34:00,0.5006,10.2671,0.5717,7.9475,0.1051,0.1482
2013-01-04 09:44:00,0.4742,6.9821,0.5972,6.04,0.1231,1.922
2013-01-04 09:54:00,0.4103,9.9544,0.4687,10.2096,0.1929,0.1247
2013-01-04 10:04:00,0.4961,12.2789,0.4681,7.5748,0.188,5.1168
2013-01-04 10:14:00,0.4309,12.0417,0.4718,9.891,0.2572,2.3856
2013-01-04 10:24:00,0.3786,11.8207,0.4434,9.7196,0.0982,2.3879
2013-01-04 10:34:00,0.3515,9.0674,0.296,2.0231,0.0958,1.8954
2013-01-04 10:44:00,0.2802,5.6858,0.2568,9.3241,0.0042,2.3926
2013-01-04 10:54:00,0.3079,6.7484,0.2397,9.1095,0.0001,1.8908
2013-01-04 11:04:00,0.3151,6.4376,0.1635,3.2433,0.099,3.2276
2013-01-04 11:14:00,0.1382,2.2414,0.1251,8.6356,0.0368,0.0997
2013-01-04 11:24:00,0.2356,7.6102,0.2005,5.8927,0.0374,3.2235
2013-01-04 11:34:00,0.1977,7.2984,0.0863,3.8646,0.1089,0.0983
2013-01-04 11:44:00,0.1929,1.2767,0.0885,7.8862,0.0213,0.0981
2013-01-04 11:54:00,0.1098,1.5912,0.0306,7.6005,0.1641,0.0979
2013-01-04 12:04:00,0.0308,6.2586,0.1235,3.0563,0.2141,0.0976
2013-01-04 12:14:00,0.0154,0.3264,0.0363,4.5816,0.1211,0.0972
2013-01-04 12:24:00,0.1006,0.1049,0.1425,4.3121,0.1924,0.097
2013-01-04 17:54:00,0.1954,5.282,0.1885,3.9468,0.2451,0.7046
2013-01-04 18:04:00,0.1942,3.8774,0.2643,1.4372,0.2628,0.7001
2013-01-04 18:14:00,0.0489,1.0422,0.1061,4.5406,0.1142,0.6948
2013-01-04 18:24:00,0.0853,8.925,0.0811,4.8388,0.2185,0.6923
2013-01-04 18:34:00,0.0682,6.8147,0.0123,0.9752,0.1886,1.806
2013-01-04 18:44:00,0.1253,0.1646,0.1026,1.9345,0.0135,1.3435
2013-01-04 18:54:00,0.2218,7.1324,0.1049,5.1631,0.051,0.7967
2013-01-04 19:04:00,0.2074,7.3193,0.157,7.685,0.0405,0.2422
2013-01-04 19:14:00,0.2357,7.6657,0.1694,3.6692,0.0348,0.2443
2013-01-04 19:24:00,0.2383,10.593,0.2728,5.8446,0.0828,1.9993
2013-01-04 19:34:00,0.2664,10.9031,0.2923,8.5855,0.1553,2.0009
2013-01-04 19:44:00,0.3383,6.9216,0.3312,4.5359,0.0268,2.0028
2013-01-04 19:54:00,0.3016,7.192,0.3749,3.4065,0.1416,3.7906
2013-01-04 20:04:00,0.3739,11.6685,0.4453,9.1794,0.1592,0.4932
2013-01-04 20:14:00,0.4574,11.878,0.5296,9.342,0.1506,0.492
2013-01-04 20:24:00,0.4708,6.4103,0.5188,5.1784,0.136,3.7951
2013-01-04 20:34:00,0.4697,12.1563,0.5047,7.0579,0.1818,2.0108
2013-01-04 20:44:00,0.3681,12.2289,0.3812,9.614,0.1524,2.0124
2013-01-04 20:54:00,0.4623,16.0656,0.5771,0.4503,0.3072,2.014
2013-01-04 21:04:00,0.5143,9.8142,0.5687,7.1797,0.3253,2.0151
2013-01-04 21:14:00,0.5578,9.807,0.5681,9.674,0.1988,0.4846
2013-01-04 21:24:00,0.5348,12.3052,0.5816,7.1726,0.1962,2.0156
2013-01-04 21:34:00,0.4246,9.7488,0.5748,7.1287,0.2215,2.0159
2013-01-04 21:44:00,0.4477,12.1579,0.585,3.9329,0.2999,5.1412
2013-01-04 21:54:00,0.4644,4.5522,0.4506,9.4757,0.1435,0.4835
2013-01-04 22:04:00,0.3762,5.2642,0.4816,3.7564,0.3306,3.8018
2013-01-04 22:14:00,0.4758,9.2912,0.6309,9.273,0.3103,2.0147
2013-01-04 22:24:00,0.3947,11.6032,0.4368,9.1271,0.2976,7.0134
2013-01-04 22:34:00,0.3581,7.1244,0.3896,6.4773,0.2469,0.488
2013-01-04 22:44:00,0.356,11.2094,0.4395,8.8215,0.1645,2.0107
2013-01-04 22:54:00,0.3076,4.2858,0.3726,4.3363,0.1534,6.1761
2013-01-04 23:04:00,0.2626,10.7129,0.2149,8.436,0.0226,0.4922
2013-01-04 23:14:00,0.2761,1.184,0.2809,8.2046,0.1332,2.0056
2013-01-04 23:24:00,0.2839,4.5046,0.341,5.4833,0.1068,0.4963
2013-01-04 23:34:00,0.1869,7.3328,0.2212,7.7528,0.0488,0.4981
2013-01-04 23:44:00,0.1584,5.2385,0.1954,7.5132,0.1276,0.4997
2013-01-05 00:04:00,0.2124,8.8803,0.1257,4.5688,0.1218,3.5313
2013-01-05 00:14:00,0.2399,6.0824,0.0228,4.3419,0.0903,0.7759
2013-01-05 00:24:00,0.1107,5.7323,0.0115,6.5744,0.1198,1.7026
2013-01-05 00:34:00,0.0706,1.2151,0.0293,3.9741,0.1014,1.1007
2013-01-05 00:44:00,0.0331,5.1933,0.0271,6.2282,0.2311,1.3779
2013-01-05 00:54:00,0.0778,7.362,0.1875,5.9752,0.1244,3.143
2013-01-05 06:04:00,0.1803,3.2531,0.0509,1.9409,0.0907,0.7781
2013-01-05 06:14:00,0.0997,7.9088,0.0634,6.5331,0.0879,2.5454
2013-01-05 06:24:00,0.0075,0.0822,0.0012,6.8136,0.0546,2.5266
2013-01-05 06:34:00,0.0456,8.6401,0.0126,7.1104,0.1771,2.507
2013-01-05 06:44:00,0.2073,8.9976,0.0777,4.893,0.0793,2.4882
2013-01-05 06:54:00,0.1297,6.869,0.1816,5.1853,0.008,0.687
2013-01-05 07:04:00,0.2849,7.2201,0.2727,7.9618,0.0408,1.8289
2013-01-05 07:14:00,0.3407,7.5668,0.1705,5.7357,0.1762,0.652
2013-01-05 07:24:00,0.3923,10.4181,0.3153,6.012,0.389,1.862
2013-01-05 07:34:00,0.4087,1.1114,0.3736,6.2768,0.2505,0.6226
2013-01-05 07:44:00,0.4048,11.0417,0.4425,9.0041,0.2451,0.6057
2013-01-05 07:54:00,0.3854,7.0269,0.5762,9.2189,0.3257,1.9129
2013-01-05 08:04:00,0.5282,9.0667,0.512,9.4201,0.357,1.9292
2013-01-05 08:14:00,0.5352,11.7783,0.5531,9.5869,0.2418,0.5603
2013-01-05 08:24:00,0.4264,11.9911,0.6303,9.754,0.2656,1.9471
2013-01-05 08:34:00,0.4246,7.8917,0.5348,7.4006,0.1741,1.955
2013-01-05 08:44:00,0.4955,9.7979,0.6504,7.4958,0.3631,1.962
2013-01-05 08:54:00,0.488,12.4077,0.5885,10.0824,0.2787,1.9676
2013-01-05 09:04:00,0.6132,8.2002,0.6524,10.1441,0.1484,1.9715
2013-01-05 09:14:00,0.5979,12.5311,0.6976,7.68,0.2779,0.5252
2013-01-05 09:24:00,0.5485,12.5669,0.7158,10.2085,0.0923,0.5222
2013-01-05 09:34:00,0.5041,10.0556,0.6482,7.7003,0.232,1.9803
2013-01-05 09:44:00,0.5318,12.5211,0.688,10.1738,0.3024,1.9822
2013-01-05 09:54:00,0.5405,12.461,0.6708,10.1274,0.1239,0.5164
2013-01-05 10:04:00,0.3843,5.7286,0.5163,7.5768,0.3509,0.514
2013-01-05 10:14:00,0.434,3.5464,0.5961,7.501,0.2659,6.1911
2013-01-05 10:24:00,0.4573,4.0158,0.63,5.6395,0.3351,0.5046
2013-01-05 10:34:00,0.6334,9.5632,0.7374,9.8218,0.1677,0.5
2013-01-05 10:44:00,0.4205,11.9199,0.6069,9.7114,0.2899,2.0047
2013-01-05 10:54:00,0.2818,9.2568,0.3268,3.9605,0.0476,0.4908
2013-01-05 11:04:00,0.2947,7.2785,0.3034,5.1516,0.1904,2.0163
2013-01-05 11:14:00,0.2737,3.1794,0.5118,9.2818,0.3813,2.0266
2013-01-05 11:24:00,0.2899,8.6293,0.395,9.1036,0.0664,2.0364
2013-01-05 11:34:00,0.2167,10.895,0.2984,8.9235,0.0062,7.1854
2013-01-05 11:44:00,0.2465,10.6233,0.1942,8.714,0.123,2.0536
2013-01-05 11:54:00,0.1896,10.3573,0.193,6.0088,0.0519,0.4391
2013-01-05 12:04:00,0.2321,7.5916,0.17,8.3034,0.0323,0.4339
2013-01-05 12:14:00,0.1371,9.7964,0.0956,8.074,0.1075,2.067
2013-01-05 12:24:00,0.1255,0.8089,0.0334,3.6312,0.1819,3.4347
2013-01-05 12:34:00,0.166,31.7669,0.0223,7.6894,0.21,2.1884
2013-01-05 12:44:00,0.1187,8.9595,0.04,7.4497,0.1331,4.4818
2013-01-05 12:54:00,0.1713,8.6725,0.0472,4.7254,0.0701,2.1799
2013-01-05 13:04:00,0.0353,0.8658,0.0359,6.9863,0.2958,0.3231
2013-01-05 13:14:00,0.0702,8.0272,0.1756,2.4367,0.2048,2.1738
2013-01-05 13:24:00,0.1706,7.711,0.2247,3.9748,0.3043,0.3337
2013-01-05 18:44:00,0.1807,7.1225,0.1962,5.7458,0.0018,1.5465
2013-01-05 18:54:00,0.0707,67.4301,0.0006,3.4802,0.0155,7.2501
2013-01-05 19:04:00,0.0236,11.5482,0.0196,6.2635,0.0016,1.5818
2013-01-05 19:14:00,0.007,0.0049,0.0956,2.2718,0.0643,4.7088
2013-01-05 19:24:00,0.048,6.0216,0.046,4.3252,0.005,1.5857
2013-01-05 19:34:00,0.1488,8.8727,0.1072,7.0979,0.0554,0.9123
2013-01-05 19:44:00,0.0998,1.1709,0.1331,3.3535,0.0472,1.4409
2013-01-05 19:54:00,0.2287,7.208,0.1985,3.5818,0.0909,1.0492
2013-01-05 20:04:00,0.2832,7.5356,0.1819,8.1253,0.1633,4.1605
2013-01-05 20:14:00,0.2333,7.9159,0.3418,4.2003,0.2453,0.7455
2013-01-05 20:24:00,0.3374,8.1778,0.1865,4.4052,0.1519,0.7398
2013-01-05 20:34:00,0.2848,10.9606,0.2903,3.2872,0.19,1.7663
2013-01-05 20:44:00,0.3683,3.0302,0.4294,9.1092,0.0524,1.773
2013-01-05 20:54:00,0.3901,8.8619,0.3518,9.2274,0.2873,1.7802
2013-01-05 21:04:00,0.3664,9.065,0.3235,9.3867,0.1473,0.7139
2013-01-05 21:14:00,0.5932,11.7187,0.5784,9.507,0.1133,6.3923
2013-01-05 21:24:00,0.4223,11.837,0.4537,7.0997,0.1878,1.7928
2013-01-05 21:34:00,0.4402,11.9123,0.4502,9.659,0.0801,0.7044
2013-01-05 21:44:00,0.4218,11.9952,0.5683,9.7241,0.2835,2.4876
2013-01-05 21:54:00,0.4165,12.0697,0.4981,7.2826,0.2196,0.6994
2013-01-05 22:04:00,0.4648,7.7534,0.5904,9.7592,0.1304,0.6976
2013-01-05 22:14:00,0.4752,12.0704,0.6618,9.7837,0.2841,1.8032
2013-01-05 22:24:00,0.4244,7.8107,0.4019,9.8041,0.218,1.804
2013-01-05 22:34:00,0.597,11.9964,0.7302,9.7265,0.3131,0.6953
2013-01-05 22:44:00,0.4096,6.299,0.5907,9.6703,0.1691,0.6946
2013-01-05 22:54:00,0.3064,9.3945,0.4793,7.1475,0.2673,1.806
2013-01-05 23:04:00,0.3221,7.4556,0.4101,7.0284,0.2074,1.806
2013-01-05 23:14:00,0.485,2.8686,0.4431,1.251,0.1683,0.6949
2013-01-05 23:24:00,0.336,11.5038,0.4383,6.8433,0.3321,1.8041
2013-01-05 23:34:00,0.2888,8.8309,0.3327,9.2086,0.1298,1.8032
2013-01-05 23:44:00,0.2178,11.1723,0.36,9.0851,0.22,1.8022
2013-01-06 00:04:00,0.3262,10.6587,0.3534,6.185,0.1183,1.7989
2013-01-06 00:14:00,0.2313,10.4411,0.1953,6.0142,0.1106,0.7069
2013-01-06 00:24:00,0.276,5.9387,0.1119,8.3442,0.0093,2.4992
2013-01-06 00:34:00,0.1834,7.4474,0.1561,5.6273,0.0677,1.7797
2013-01-06 00:44:00,0.1617,7.1913,0.1225,3.6409,0.0989,1.7729
2013-01-06 00:54:00,0.2317,6.9583,0.1327,5.2438,0.029,2.5196
2013-01-06 01:04:00,0.1983,6.6548,0.0638,5.0061,0.0045,0.7418
2013-01-06 01:14:00,0.1391,0.6931,0.0611,4.7863,0.0804,1.7489
2013-01-06 01:24:00,0.0053,8.5918,0.0153,7.0645,0.0351,1.7409
2013-01-06 01:34:00,0.0612,5.7607,0.0452,2.5192,0.1549,6.4506
2013-01-06 01:44:00,0.0321,0.4622,0.1294,6.5706,0.0891,1.7218
2013-01-06 01:54:00,0.0404,7.6564,0.1249,1.1693,0.0863,2.5732
2013-01-06 07:04:00,0.2138,11.1675,0.1742,6.1456,0.04,1.7146
2013-01-06 07:14:00,0.1774,5.2561,0.1831,0.7893,0.0911,0.7607
2013-01-06 07:24:00,0.0822,1.1278,0.1874,4.1899,0.1544,2.5201
2013-01-06 07:34:00,0.0019,8.4517,0.1304,2.6817,0.1029,0.7078
2013-01-06 07:44:00,0.0246,4.5113,0.0106,4.7411,0.0563,1.8152
2013-01-06 07:54:00,0.0287,6.6122,0.0256,3.2057,0.0629,6.3431
2013-01-06 08:04:00,0.1473,6.9058,0.0354,5.2247,0.0439,0.6389
2013-01-06 08:14:00,0.0934,7.3621,0.0409,2.5093,0.0246,3.5192
2013-01-06 08:24:00,0.1512,3.5508,0.1047,2.8341,0.0711,0.1761
2013-01-06 08:34:00,0.1656,6.1909,0.0975,6.1612,0.0771,0.1734
2013-01-06 08:44:00,0.3057,5.147,0.2764,3.2673,0.0925,0.1663
2013-01-06 08:54:00,0.2801,6.7375,0.2374,6.5895,0.1293,2.3423
2013-01-06 09:04:00,0.2819,6.976,0.3466,3.6519,0.0501,3.2737
2013-01-06 09:14:00,0.2948,7.2072,0.2661,6.9587,0.122,4.3064
2013-01-06 09:24:00,0.3085,9.153,0.3986,7.0852,0.0664,0.1303
2013-01-06 09:34:00,0.3559,11.8342,0.3532,5.4426,0.0484,3.2455
2013-01-06 09:44:00,0.3807,9.495,0.306,7.3556,0.1424,0.1103
2013-01-06 09:54:00,0.3589,9.5955,0.3951,4.3111,0.0598,0.0999
2013-01-06 10:04:00,0.365,9.6645,0.3703,7.4911,0.1268,0.0938
2013-01-06 10:14:00,0.366,9.7191,0.4262,7.5334,0.2251,3.2193
2013-01-06 10:24:00,0.4261,2.6204,0.4039,10.0676,0.1839,1.8806
2013-01-06 10:34:00,0.435,9.7529,0.528,7.5594,0.1247,7.2384
2013-01-06 10:44:00,0.3326,9.751,0.4214,4.4328,0.177,0.0962
2013-01-06 10:54:00,0.3661,3.4654,0.4456,7.5299,0.1158,0.097
2013-01-06 11:04:00,0.369,9.6585,0.4101,4.3611,0.1394,1.8815
2013-01-06 11:14:00,0.2537,7.8132,0.2815,9.942,0.05,0.0857
2013-01-06 11:24:00,0.3203,9.5348,0.3212,7.3944,0.0754,1.8612
2013-01-06 11:34:00,0.2744,7.6969,0.2558,7.4203,0.0224,0.2242
2013-01-06 11:44:00,0.295,9.3591,0.2892,7.3258,0.1146,0.2314
2013-01-06 11:54:00,0.2735,9.2578,0.2226,7.2486,0.0744,1.5474
2013-01-06 12:04:00,0.301,9.0831,0.3161,9.6144,0.0611,0.2454
2013-01-06 12:14:00,0.278,1.1109,0.1307,6.9919,0.0729,5.9972
2013-01-06 12:24:00,0.207,3.7295,0.1943,9.3427,0.005,0.2601
2013-01-06 12:34:00,0.2794,8.5116,0.2279,6.6754,0.0487,0.269
2013-01-06 12:44:00,0.2318,8.3347,0.16,6.5392,0.0727,0.2751
2013-01-06 12:54:00,0.1485,6.4046,0.1284,3.3545,0.0521,0.5126
2013-01-06 13:04:00,0.1084,7.9817,0.1403,6.3173,0.0214,4.4875
2013-01-06 13:14:00,0.137,7.7524,0.1008,6.139,0.0729,0.5124
2013-01-06 13:24:00,0.1714,7.5088,0.0424,5.9495,0.1356,0.5123
2013-01-06 13:34:00,0.2253,7.1801,0.1229,8.1433,0.068,2.7831
2013-01-06 13:44:00,0.1417,9.4037,0.0261,5.4283,0.0455,0.2826
2013-01-06 13:54:00,0.1236,6.6225,0.0227,5.2096,0.1425,2.7821
2013-01-06 14:04:00,0.0037,8.8803,0.0135,5.0219,0.099,5.9654
2013-01-06 14:14:00,0.0317,6.1132,0.1471,4.8158,0.1287,3.8748
2013-01-06 14:24:00,0.0686,68.3333,0.1589,4.5998,0.1415,0.2992
2013-01-06 14:34:00,0.1751,5.8141,0.1997,4.6757,0.3064,0.7077
2013-01-06 19:44:00,0.1888,8.2882,0.1843,7.1576,0.1109,3.2156
2013-01-06 19:54:00,0.1329,6.0838,0.1601,4.8885,0.112,0.7206
2013-01-06 20:04:00,0.0673,0.1074,0.0665,1.148,0.031,0.7241
2013-01-06 20:14:00,0.0854,4.8671,0.0688,5.3323,0.0105,0.7265
2013-01-06 20:24:00,0.0915,9.3184,0.0554,3.6281,0.0509,3.0152
2013-01-06 20:34:00,0.1116,7.0819,0.0346,3.833,0.0508,0.5155
2013-01-06 20:44:00,0.1006,7.3774,0.1249,5.8486,0.1017,0.5159
2013-01-06 20:54:00,0.1534,7.6384,0.1325,4.2658,0.1068,1.2694
2013-01-06 21:04:00,0.2303,6.136,0.2272,6.2719,0.0861,1.269
2013-01-06 21:14:00,0.3173,6.3949,0.3206,4.6875,0.237,1.2687
2013-01-06 21:24:00,0.2293,8.4188,0.2618,3.5337,0.1736,0.5173
2013-01-06 21:34:00,0.3109,8.6463,0.1492,6.8356,0.1083,0.5175
2013-01-06 21:44:00,0.3177,7.0816,0.3774,7.0075,0.2663,0.5177
2013-01-06 21:54:00,0.2689,3.367,0.3719,7.1486,0.2792,0.5179
2013-01-06 22:04:00,0.3351,9.2242,0.2994,5.4994,0.1615,0.5181
2013-01-06 22:14:00,0.3753,7.6093,0.3786,9.9179,0.067,1.2675
2013-01-06 22:24:00,0.3006,9.5079,0.2697,7.5048,0.2002,0.5151
2013-01-06 22:34:00,0.3554,12.1061,0.3685,10.0812,0.181,1.2706
2013-01-06 22:44:00,0.3603,9.6866,0.4447,7.6437,0.259,0.5152
2013-01-06 22:54:00,0.3323,12.2564,0.4686,5.9123,0.1291,1.2705
2013-01-06 23:04:00,0.3194,8.0066,0.3538,10.2258,0.1689,3.014
2013-01-06 23:14:00,0.3435,9.8222,0.4143,7.749,0.1665,0.514
2013-01-06 23:24:00,0.3606,9.8443,0.2487,10.2662,0.0401,1.2717
2013-01-06 23:34:00,0.4222,12.3288,0.4423,10.2541,0.2377,3.014
2013-01-06 23:44:00,0.3322,9.8035,0.4347,7.7345,0.161,5.736
2013-01-07 00:04:00,0.2173,7.7892,0.3575,7.5568,0.1744,3.0139
2013-01-07 00:14:00,0.3733,2.7651,0.4055,7.4953,0.2554,0.5138
2013-01-07 00:24:00,0.212,9.4067,0.2119,7.4259,0.1375,0.5138
2013-01-07 00:34:00,0.2062,7.4823,0.216,7.3181,0.0958,5.1681
2013-01-07 00:44:00,0.2209,7.3144,0.2625,5.4018,0.1361,0.5137
2013-01-07 00:54:00,0.2329,7.1726,0.1797,5.2916,0.1206,0.5136
2013-01-07 01:04:00,0.1935,11.2843,0.2646,9.442,0.0879,3.0136
2013-01-07 01:14:00,0.2244,2.3641,0.2362,9.3097,0.1239,3.0135
2013-01-07 01:24:00,0.1964,10.9359,0.2186,4.8853,0.008,0.5134
2013-01-07 01:34:00,0.1454,8.225,0.1065,4.7214,0.0137,2.6117
2013-01-07 01:44:00,0.1965,6.2293,0.1478,6.3438,0.0076,3.0133
2013-01-07 01:54:00,0.1926,7.7802,0.1108,6.1612,0.0293,6.2166
2013-01-07 02:04:00,0.0975,10.0294,0.079,5.9662,0.0275,0.514
2013-01-07 02:14:00,0.1393,1.5956,0.052,5.7703,0.0038,2.6112
2013-01-07 02:24:00,0.1454,5.2783,0.0002,3.8186,0.0027,0.5137
2013-01-07 02:34:00,0.1154,6.8083,0.0966,5.4062,0.0411,0.5154
2013-01-07 02:44:00,0.1215,9.056,0.0007,5.21,0.0466,3.0151
2013-01-07 02:54:00,0.001,4.5206,0.0431,5.0158,0.0223,1.2709
2013-01-07 03:04:00,0.0829,2.9145,0.0988,7.3083,0.0042,3.0145
2013-01-07 03:14:00,0.0231,5.7602,0.1072,7.0911,0.0405,3.0142
2013-01-07 08:24:00,0.1403,4.0947,0.0961,2.906,0.028,0.5461
2013-01-07 08:34:00,0.1215,2.3916,0.1122,4.9092,0.1175,1.243
2013-01-07 08:44:00,0.0966,6.4437,0.135,2.0033,0.1058,0.5394
2013-01-07 08:54:00,0.0387,6.7077,0.0798,5.3328,0.1635,0.5362
2013-01-07 09:04:00,0.0165,7.0967,0.025,5.6791,0.144,0.734
2013-01-07 09:14:00,0.1014,7.3669,0.0021,5.8896,0.0135,0.7357
2013-01-07 09:24:00,0.1341,1.2881,0.0744,5.9735,0.0043,0.516
2013-01-07 09:34:00,0.1224,7.8236,0.0563,4.4098,0.0218,1.2693
2013-01-07 09:44:00,0.1633,8.073,0.1134,6.3895,0.0012,1.269
2013-01-07 09:54:00,0.2037,6.5441,0.1899,6.5893,0.0784,1.2687
2013-01-07 10:04:00,0.2884,8.5582,0.2073,6.767,0.2541,2.6076
2013-01-07 10:14:00,0.3194,8.7627,0.3515,6.926,0.2519,0.5176
2013-01-07 10:24:00,0.2166,8.9938,0.2608,7.1057,0.3244,0.5179
2013-01-07 10:34:00,0.2696,7.3771,0.2092,7.2372,0.1535,0.5181
2013-01-07 10:44:00,0.3083,7.5631,0.3511,9.8819,0.2333,0.5184
2013-01-07 10:54:00,0.2971,9.4836,0.3549,7.4868,0.2249,0.5185
2013-01-07 11:04:00,0.3105,9.5999,0.2496,7.5762,0.0867,3.652
2013-01-07 11:14:00,0.3533,9.6946,0.5179,5.8641,0.1808,0.5148
2013-01-07 11:24:00,0.3644,9.7957,0.4693,7.7284,0.1407,0.5148
2013-01-07 11:34:00,0.342,12.3434,0.3753,7.7655,0.1382,3.0148
2013-01-07 11:44:00,0.3344,12.3636,0.3622,10.2812,0.1823,1.2709
2013-01-07 11:54:00,0.3151,4.1701,0.4684,3.6054,0.1476,0.5148
2013-01-07 12:04:00,0.2809,9.8672,0.3706,7.784,0.2026,1.2709
2013-01-07 12:14:00,0.3331,9.8429,0.5409,4.6402,0.3957,0.5148
2013-01-07 12:24:00,0.3242,12.2841,0.3009,10.2194,0.2575,0.5147
2013-01-07 12:34:00,0.278,9.7274,0.346,4.5504,0.0718,1.271
2013-01-07 12:44:00,0.2555,3.4244,0.3241,7.6341,0.1637,0.5147
2013-01-07 12:54:00,0.2989,6.4359,0.299,5.7601,0.1019,1.2711
2013-01-07 13:04:00,0.2787,11.9139,0.4741,7.4315,0.3344,0.5145
2013-01-07 13:14:00,0.2675,7.5107,0.3684,9.8402,0.1682,1.2712
2013-01-07 13:24:00,0.312,9.139,0.3544,7.2178,0.1218,0.5144
2013-01-07 13:34:00,0.2175,7.1674,0.1906,5.2875,0.0395,1.2714
2013-01-07 13:44:00,0.1993,6.9729,0.2392,5.1363,0.1248,2.6107
2013-01-07 13:54:00,0.207,2.3252,0.2892,6.7803,0.1466,0.5174
2013-01-07 14:04:00,0.2194,8.3769,0.2546,4.8402,0.0523,0.5172
2013-01-07 14:14:00,0.1693,6.3825,0.1255,4.6779,0.033,1.2688
2013-01-07 14:24:00,0.2584,7.9487,0.1587,6.2929,0.0636,0.5166
2013-01-07 14:34:00,0.0977,7.7202,0.1331,6.1145,0.0196,0.5138
2013-01-07 14:44:00,0.1719,7.4579,0.0471,0.3395,0.058,0.5137
2013-01-07 14:54:00,0.0544,7.2077,0.0253,3.9302,0.1704,3.0136
2013-01-07 15:04:00,0.1169,1.1882,0.0343,2.274,0.1605,0.2685
2013-01-07 15:14:00,0.0561,0.3421,0.1428,5.1835,0.0961,0.2707
2013-01-07 15:24:00,0.0144,6.3055,0.0144,4.9611,0.1438,0.2728
2013-01-07 15:34:00,0.1008,6.0276,0.1456,1.5046,0.1148,0.2747
2013-01-07 15:44:00,0.1354,8.3768,0.1755,4.678,0.0639,0.4971
2013-01-07 15:54:00,0.1341,3.8307,0.1905,4.4764,0.1918,3.6659
2013-01-07 21:04:00,0.1567,2.1961,0.1593,1.624,0.0894,0.7625
2013-01-07 21:14:00,0.0936,6.1812,0.1273,4.971,0.0544,0.75
2013-01-07 21:24:00,0.038,6.4504,0.0302,5.1768,0.0307,0.7345
2013-01-07 21:34:00,0.0069,4.9457,0.0942,5.3911,0.1157,0.716
2013-01-07 21:44:00,0.0625,7.0501,0.0096,5.6349,0.0247,0.6985
2013-01-07 21:54:00,0.0364,0.19,0.0455,5.8519,0.0268,2.4395
2013-01-07 22:04:00,0.2599,7.5984,0.2737,6.057,0.0198,0.6795
2013-01-07 22:14:00,0.3719,7.8932,0.0836,6.2861,0.0864,0.6792
2013-01-07 22:24:00,0.222,6.4108,0.1434,4.737,0.0054,2.4425
2013-01-07 22:34:00,0.2976,8.4753,0.1672,4.955,0.04,0.6878
2013-01-07 22:44:00,0.1894,6.9356,0.1116,5.1476,0.0894,0.694
2013-01-07 22:54:00,0.1706,5.8604,0.1389,5.3544,0.0859,0.7003
2013-01-07 23:04:00,0.1664,4.1924,0.2351,7.3023,0.0746,0.7057
2013-01-07 23:14:00,0.2508,9.3807,0.2869,7.4499,0.0146,0.7102
2013-01-07 23:24:00,0.3211,9.5255,0.3077,7.5193,0.1428,0.5183
2013-01-07 23:34:00,0.3207,3.4307,0.3385,7.64,0.2524,0.5185
2013-01-07 23:44:00,0.2979,6.6943,0.4083,7.7478,0.1329,1.267
2013-01-08 00:04:00,0.3013,8.1885,0.4138,6.0825,0.1008,1.2668
2013-01-08 00:14:00,0.3637,10.0316,0.5755,7.9129,0.4139,1.2667
2013-01-08 00:24:00,0.4247,10.0846,0.3347,7.9541,0.1397,1.2666
2013-01-08 00:34:00,0.3709,10.1082,0.4351,7.9724,0.1308,0.5192
2013-01-08 00:44:00,0.404,3.38,0.4442,7.9746,0.2325,2.6058
2013-01-08 00:54:00,0.3202,10.1142,0.4273,7.9773,0.234,0.5191
2013-01-08 01:04:00,0.3184,10.0682,0.393,7.9415,0.2261,0.5191
2013-01-08 01:14:00,0.3526,5.8099,0.4058,7.8702,0.1268,0.5189
2013-01-08 01:24:00,0.3496,8.1239,0.3857,7.8181,0.1438,0.5189
2013-01-08 01:34:00,0.3952,8.035,0.4462,4.624,0.2204,2.6063
2013-01-08 01:44:00,0.3552,9.7293,0.3474,7.6779,0.1913,1.2671
2013-01-08 01:54:00,0.2962,6.4425,0.3103,4.427,0.1629,1.2673
2013-01-08 02:04:00,0.2939,7.6156,0.2814,7.4228,0.2012,0.5183
2013-01-08 02:14:00,0.2427,7.4642,0.2534,7.3051,0.1055,0.5181
2013-01-08 02:24:00,0.3184,9.029,0.1959,7.1333,0.0258,0.5179
2013-01-08 02:34:00,0.2921,7.0416,0.2876,5.1907,0.1654,1.268
2013-01-08 02:44:00,0.1779,5.4961,0.1887,1.7366,0.1752,3.6492
2013-01-08 02:54:00,0.1806,6.5974,0.1561,6.6309,0.1431,1.2685
2013-01-08 03:04:00,0.1926,8.1318,0.1829,4.6498,0.0068,1.2688
2013-01-08 03:14:00,0.18,7.8738,0.0496,0.0152,0.0363,0.5167
2013-01-08 03:24:00,0.2058,0.883,0.0845,1.866,0.0866,0.5164
2013-01-08 03:34:00,0.1395,7.3459,0.0261,5.8241,0.006,1.2696
2013-01-08 03:44:00,0.1455,7.0495,0.0345,3.8078,0.0573,0.5157
2013-01-08 03:54:00,0.0545,6.7618,0.0359,7.8698,0.0085,0.5153
2013-01-08 04:04:00,0.0012,6.4953,0.1002,3.3768,0.0765,0.5149
2013-01-08 04:14:00,0.1072,0.5126,0.0392,4.9285,0.1227,1.2712
2013-01-08 04:24:00,0.166,2.8785,0.1903,4.8329,0.1616,0.7513
2013-01-08 09:44:00,0.2081,6.5975,0.2819,3.8009,0.3224,0.2929
2013-01-08 09:54:00,0.216,3.7469,0.2105,2.6697,0.3683,1.0701
2013-01-08 10:04:00,0.1511,0.4274,0.2052,4.228,0.3396,0.2524
2013-01-08 10:14:00,0.0918,7.4281,0.1903,0.0277,0.2844,1.0926
2013-01-08 10:24:00,0.0549,7.6979,0.0865,6.4308,0.1994,0.241
2013-01-08 10:34:00,0.0361,6.1945,0.0271,6.6491,0.2113,1.1038
2013-01-08 10:44:00,0.0982,6.48,0.0058,5.0843,0.2765,1.1093
2013-01-08 10:54:00,0.1081,6.7332,0.0456,3.9407,0.1804,2.0105
2013-01-08 11:04:00,0.1615,6.8911,0.0866,5.3435,0.0676,0.0446
2013-01-08 11:14:00,0.2902,7.3284,0.1698,5.7996,0.0387,2.2721
2013-01-08 11:24:00,0.233,7.5486,0.1938,5.9732,0.0228,0.4975
2013-01-08 11:34:00,0.2656,2.8183,0.2519,6.1426,0.0186,0.5089
2013-01-08 11:44:00,0.2058,6.6339,0.2664,6.3047,0.0436,0.505
2013-01-08 11:54:00,0.3022,8.149,0.2771,6.4405,0.0296,0.5016
2013-01-08 12:04:00,0.2793,8.3645,0.2911,6.6661,0.0242,0.7609
2013-01-08 12:14:00,0.299,10.2673,0.2536,5.4179,0.0503,0.5779
2013-01-08 12:24:00,0.2651,8.6202,0.2662,5.5257,0.0346,0.7618
2013-01-08 12:34:00,0.2409,7.301,0.2355,8.6122,0.0149,2.3027
2013-01-08 12:44:00,0.2707,7.3592,0.3242,6.873,0.0477,0.523
2013-01-08 12:54:00,0.3097,8.7631,0.4191,6.9247,0.0846,0.5295
2013-01-08 13:04:00,0.3598,8.8166,0.3703,6.9679,0.1191,2.3227
2013-01-08 13:14:00,0.4031,10.642,0.3345,8.8354,0.0534,2.5527
2013-01-08 13:24:00,0.3698,8.8331,0.3491,7.0319,0.057,0.5709
2013-01-08 13:34:00,0.4017,10.6243,0.4688,7.0364,0.0419,0.7698
2013-01-08 13:44:00,0.3837,8.7648,0.2858,6.9794,0.0538,0.7714
2013-01-08 13:54:00,0.3083,8.7005,0.332,8.7155,0.0036,0.7729
2013-01-08 14:04:00,0.2701,6.2448,0.2822,6.872,0.0374,2.5596
2013-01-08 14:14:00,0.3167,10.3128,0.3302,8.581,0.0668,0.5651
2013-01-08 14:24:00,0.3027,10.2003,0.3031,8.4937,0.017,2.5603
2013-01-08 14:34:00,0.2392,8.3057,0.2445,14.6592,0.0299,8.8107
2013-01-08 14:44:00,0.2836,6.8313,0.2844,14.5542,0.0196,8.8113
2013-01-08 14:54:00,0.2539,9.7848,0.2334,6.3854,0.0058,0.7763
2013-01-08 15:04:00,0.2036,7.8144,0.191,14.2777,0.0887,8.8128
2013-01-08 15:14:00,0.1549,6.3198,0.1742,7.9072,0.0625,0.7777
2013-01-08 15:24:00,0.2516,7.469,0.1577,14.0096,0.0931,8.814
2013-01-08 15:34:00,0.1846,15.2806,0.0623,5.7999,0.1702,8.8148
2013-01-08 15:44:00,0.1595,15.0583,0.18,13.6629,0.0633,8.8154
2013-01-08 15:54:00,0.1586,6.8351,0.0782,7.267,0.1018,0.7776
2013-01-08 16:04:00,0.1776,14.6247,0.0545,13.3247,0.1177,8.8088
2013-01-08 16:14:00,0.0676,8.1129,0.0309,3.7449,0.1631,8.8021
2013-01-08 16:24:00,0.0872,14.1185,0.0534,12.9285,0.1127,8.7954
2013-01-08 16:34:00,0.022,13.8897,0.0521,12.754,0.1197,8.8081
2013-01-08 16:44:00,0.0454,13.6085,0.1191,12.5364,0.2696,8.8132
2013-01-08 16:54:00,0.0449,3.9726,0.1129,12.3332,0.3282,8.8118
2013-01-08 17:04:00,0.1447,13.0786,0.1601,12.1216,0.345,8.8006
2013-01-08 22:24:00,0.1805,0.292,0.2234,9.271,0.0133,3.7739
2013-01-08 22:34:00,0.0412,11.1361,0.2415,9.6025,0.2194,3.7753
2013-01-08 22:44:00,0.0407,11.5678,0.0452,9.9374,0.0654,4.2564
2013-01-08 22:54:00,0.0673,11.9907,0.0783,2.2296,0.0342,4.252
2013-01-08 23:04:00,0.0735,4.4071,0.0246,0.1994,0.1733,4.2482
2013-01-08 23:14:00,0.2071,12.8794,0.1847,10.9551,0.0728,4.2457
2013-01-08 23:24:00,0.1125,2.8883,0.2447,11.2856,0.0351,0.4934
2013-01-08 23:34:00,0.1552,3.3321,0.2688,3.5946,0.1926,0.4911
2013-01-08 23:44:00,0.2117,6.0479,0.2595,8.0982,0.0944,0.2995
2013-01-09 00:04:00,0.4498,10.9992,0.5065,8.617,0.158,0.3044
2013-01-09 00:14:00,0.5103,11.3584,0.4477,8.8956,0.1425,0.3009
2013-01-09 00:24:00,0.4635,11.6498,0.5009,9.1209,0.2727,0.2949
2013-01-09 00:34:00,0.8636,5.2777,0.5223,5.0624,0.3437,4.0361
2013-01-09 00:44:00,0.5598,5.5509,0.617,2.058,0.2911,0.2748
2013-01-09 00:54:00,0.9051,2.7518,1.0794,9.6927,0.8505,0.2611
2013-01-09 01:04:00,0.5128,12.5397,0.7026,9.8027,0.5065,0.2483
2013-01-09 01:14:00,0.6896,12.7157,0.5696,9.9371,0.6426,0.2377
2013-01-09 01:24:00,0.4474,12.8221,0.5748,10.0171,0.4878,0.2253
2013-01-09 01:34:00,0.7109,5.3703,0.6467,10.0516,0.8461,0.2118
2013-01-09 01:44:00,0.9817,12.9075,0.8632,10.0776,0.6189,0.1982
2013-01-09 01:54:00,0.6517,12.9079,0.6142,10.0751,0.1036,0.186
2013-01-09 02:04:00,0.7258,12.8717,0.5727,10.0451,0.4736,0.1775
2013-01-09 02:14:00,0.6541,3.1839,0.6841,10.0092,0.4037,0.1734
2013-01-09 02:24:00,0.7535,12.7526,0.706,9.9512,0.4461,0.1722
2013-01-09 02:34:00,0.6391,12.6312,0.6862,9.8571,0.7018,0.1734
2013-01-09 02:44:00,0.5221,12.4779,0.5827,9.7384,0.4487,0.1763
2013-01-09 02:54:00,0.3501,6.6773,0.6271,9.6026,0.3274,0.1798
2013-01-09 03:04:00,0.5347,12.1233,0.6183,9.4638,0.6833,0.1815
2013-01-09 03:14:00,0.4298,11.8796,0.5837,9.2742,0.2675,0.1809
2013-01-09 03:24:00,0.517,11.625,0.6483,9.0762,0.3199,0.1809
2013-01-09 03:34:00,0.4002,11.3273,0.5492,8.8447,0.6464,0.1814
2013-01-09 03:44:00,0.6046,11.0272,0.8163,8.6116,0.4924,0.1826
2013-01-09 03:54:00,0.3152,10.7309,0.5214,8.3815,0.3011,0.1845
2013-01-09 04:04:00,0.4198,10.3855,0.2204,8.1145,0.0894,5.4336
2013-01-09 04:14:00,0.464,9.9915,0.4874,7.8106,0.48,0.2031
2013-01-09 04:24:00,0.2038,9.6399,0.301,7.5391,0.217,0.2117
2013-01-09 04:34:00,0.2134,9.2683,0.3179,7.2513,0.2424,0.2176
2013-01-09 04:44:00,0.3435,8.9103,0.4177,7.0229,0.3733,0.442
2013-01-09 04:54:00,0.158,1.8864,0.2459,0.7514,0.1075,0.4581
2013-01-09 05:04:00,0.2213,8.1175,0.3955,6.4132,0.3439,0.4734
2013-01-09 05:14:00,0.0897,7.6606,0.0695,6.0612,0.02,0.4879
2013-01-09 05:24:00,0.0271,0.0372,0.0481,6.0843,0.0711,1.023
2013-01-09 05:34:00,0.0418,0.371,0.004,5.7745,0.0234,4.8073
2013-01-09 11:04:00,0.057,7.6259,0.0167,6.2514,0.1146,1.4647
2013-01-09 11:14:00,0.146,8.0421,0.0435,6.5751,0.1937,1.4644
2013-01-09 11:24:00,0.1215,8.4597,0.0589,4.3998,0.0679,1.0357
2013-01-09 11:34:00,0.3132,6.432,0.0504,1.4828,0.14,1.0357
2013-01-09 11:44:00,0.2135,6.8626,0.0207,7.6021,0.0529,1.0357
2013-01-09 11:54:00,0.2006,1.7945,0.2209,7.9395,0.1615,1.4643
2013-01-09 12:04:00,0.3482,2.7036,0.3864,8.2563,0.1956,1.0356
2013-01-09 12:14:00,0.378,3.124,0.397,8.5833,0.1763,1.0356
2013-01-09 12:24:00,0.4109,11.0158,0.3947,8.8881,0.3489,1.4644
2013-01-09 12:34:00,0.5836,3.9422,0.5975,9.2747,0.1172,6.4697
2013-01-09 12:44:00,0.4789,9.2805,0.4873,7.0423,0.1927,1.7325
2013-01-09 12:54:00,0.526,12.0736,0.5036,5.489,0.2599,2.5335
2013-01-09 13:04:00,0.5012,12.3512,0.7449,9.9936,0.3624,2.5199
2013-01-09 13:14:00,0.6525,12.5901,0.7845,10.1806,0.4649,1.7717
2013-01-09 13:24:00,0.6736,12.7975,0.7988,10.3432,0.5105,2.5082
2013-01-09 13:34:00,0.6283,12.9805,0.9728,7.9862,0.5558,0.7196
2013-01-09 13:44:00,0.5905,8.8238,0.772,4.9613,0.3539,0.721
2013-01-09 13:54:00,0.6591,13.2286,0.7395,10.6787,0.6837,1.7776
2013-01-09 14:04:00,0.7563,10.8176,1.1525,10.7466,0.492,1.7717
2013-01-09 14:14:00,0.7802,9.0442,0.8518,10.755,0.4289,1.7663
2013-01-09 14:24:00,0.7463,13.3674,0.87,10.7827,0.4761,1.76
2013-01-09 14:34:00,0.7198,13.3728,0.8906,10.7853,0.4213,6.429
2013-01-09 14:44:00,0.7445,5.8149,1.0066,10.7385,0.6066,1.7448
2013-01-09 14:54:00,0.5994,8.9678,0.7525,8.1888,0.5584,1.7359
2013-01-09 15:04:00,0.6828,13.165,0.692,8.1187,0.5285,1.7302
2013-01-09 15:14:00,0.6345,13.0476,0.8572,10.5276,0.5258,0.7691
2013-01-09 15:24:00,0.5401,12.889,0.7869,7.9047,0.4355,1.733
2013-01-09 15:34:00,0.797,4.5398,0.9235,2.0934,0.5281,1.7362
2013-01-09 15:44:00,0.5785,12.5233,0.6331,10.122,0.5014,1.7403
2013-01-09 15:54:00,0.5872,4.1284,0.9293,7.4573,0.7036,1.7449
2013-01-09 16:04:00,0.4956,9.5397,0.6188,5.4621,0.5594,1.7489
2013-01-09 16:14:00,0.6522,11.7837,0.8233,9.5494,0.4266,1.7518
2013-01-09 16:24:00,0.6141,11.5209,0.7492,9.3458,0.5154,1.755
2013-01-09 16:34:00,0.5079,11.1845,0.6082,9.0849,0.3342,1.7585
2013-01-09 16:44:00,0.4074,10.8658,0.6174,8.838,0.3388,0.7378
2013-01-09 16:54:00,0.2838,8.0225,0.313,8.5719,0.147,3.8587
2013-01-09 17:04:00,0.172,10.151,0.2428,8.2845,0.0149,0.727
2013-01-09 17:14:00,0.2862,9.7667,0.385,7.9878,0.1665,1.7827
2013-01-09 17:24:00,0.2477,6.8835,0.4362,5.1918,0.1448,1.7914
2013-01-09 17:34:00,0.2378,6.4742,0.1525,7.3752,0.0719,1.799
2013-01-09 17:44:00,0.1366,6.1643,0.0254,4.6822,0.035,0.4857
2013-01-09 17:54:00,0.1011,8.2641,0.028,6.8743,0.0687,2.0292
2013-01-09 18:04:00,0.0477,0.3796,0.0525,6.5795,0.0412,2.0477
2013-01-09 23:34:00,0.1043,5.9687,0.0189,2.9661,0.0901,2.6135
2013-01-09 23:44:00,0.0174,6.3888,0.0433,5.0784,0.0501,1.274
2013-01-10 00:04:00,0.1591,5.3436,0.1099,3.8311,0.1115,1.4431
2013-01-10 00:14:00,0.2796,1.355,0.139,4.2388,0.1862,2.6122
2013-01-10 00:24:00,0.2735,6.2624,0.2447,6.3691,0.1831,2.612
2013-01-10 00:34:00,0.2739,8.4958,0.2227,6.7175,0.1125,2.6118
2013-01-10 00:44:00,0.3522,5.7455,0.3086,7.0089,0.3508,2.6116
2013-01-10 00:54:00,0.2454,0.9343,0.4291,7.3178,0.225,1.2725
2013-01-10 01:04:00,0.2722,9.648,0.5952,5.8279,0.3357,3.0133
2013-01-10 01:14:00,0.3352,8.209,0.4473,7.8833,0.2492,0.5134
2013-01-10 01:24:00,0.5461,10.3135,0.6118,6.3458,0.2415,2.6116
2013-01-10 01:34:00,0.5011,6.4453,0.6695,8.3636,0.3744,0.5134
2013-01-10 01:44:00,0.7176,10.8652,0.7387,8.5601,0.2631,0.512
2013-01-10 01:54:00,0.6102,11.0423,0.5386,5.5729,0.2704,5.7378
2013-01-10 02:04:00,0.6302,11.238,0.6424,8.8501,0.3579,1.2735
2013-01-10 02:14:00,0.6135,11.3802,0.6353,8.9606,0.4443,0.5122
2013-01-10 02:24:00,0.7214,7.3223,0.7798,5.9205,0.3485,1.2711
2013-01-10 02:34:00,0.7583,9.7976,0.5955,9.1189,0.4379,0.5145
2013-01-10 02:44:00,0.5777,11.6311,0.6932,9.156,0.3956,0.5144
2013-01-10 02:54:00,0.6034,9.8618,0.7508,9.1688,0.4575,0.5144
2013-01-10 03:04:00,0.6747,11.6185,0.6074,7.3605,0.4798,0.5143
2013-01-10 03:14:00,0.5832,11.58,0.7891,9.1162,0.4258,2.6107
2013-01-10 03:24:00,0.6261,11.528,0.7567,9.0758,0.4649,0.5142
2013-01-10 03:34:00,0.5978,9.6392,0.76,7.21,0.4259,1.2715
2013-01-10 03:44:00,0.6547,11.2858,0.8367,8.8875,0.6188,0.5141
2013-01-10 03:54:00,0.497,11.1335,0.5922,8.769,0.287,0.5141
2013-01-10 04:04:00,0.5806,10.9482,0.5184,6.8392,0.357,0.5141
2013-01-10 04:14:00,0.5114,10.7293,0.7046,8.4547,0.3135,0.5141
2013-01-10 04:24:00,0.4368,8.7149,0.4701,6.4912,0.2077,0.5141
2013-01-10 04:34:00,0.4902,7.1209,0.525,4.9539,0.1829,1.2716
2013-01-10 04:44:00,0.4063,12.45,0.5213,7.8488,0.3072,0.5141
2013-01-10 04:54:00,0.3818,7.8731,0.4034,7.6224,0.2038,0.514
2013-01-10 05:04:00,0.2901,7.5151,0.3595,5.5583,0.1894,1.2717
2013-01-10 05:14:00,0.232,11.4551,0.2508,7.0752,0.1366,5.1678
2013-01-10 05:24:00,0.1734,2.9265,0.2191,9.3056,0.1766,0.514
2013-01-10 05:34:00,0.1583,5.0904,0.1304,9.0,0.0276,0.5135
2013-01-10 05:44:00,0.1329,7.8307,0.1344,6.2008,0.1254,0.5134
2013-01-10 05:54:00,0.1251,7.435,0.1171,5.8931,0.0302,0.513
2013-01-10 06:04:00,0.1021,7.0286,0.0017,5.5771,0.0829,1.2728
2013-01-10 06:14:00,0.1867,6.5937,0.0531,5.2388,0.0263,0.5129
2013-01-10 06:24:00,0.0495,6.1604,0.0803,4.9013,0.1399,0.5128
2013-01-10 06:34:00,0.0376,0.0599,0.1001,4.5757,0.1268,0.5127
2013-01-10 12:14:00,0.1441,7.0527,0.1561,5.5022,0.2179,0.1058
2013-01-10 12:24:00,0.0261,5.1348,0.1319,3.4562,0.0896,2.3889
2013-01-10 12:34:00,0.1169,5.7093,0.1276,3.9043,0.0272,0.1165
2013-01-10 12:44:00,0.1231,6.2791,0.0934,4.3487,0.0083,4.1641
2013-01-10 12:54:00,0.2789,9.3576,0.23,7.2998,0.1261,0.1266
2013-01-10 13:04:00,0.3216,7.3965,0.1879,7.72,0.2258,0.1293
2013-01-10 13:14:00,0.3505,10.5217,0.3852,8.269,0.0856,2.0889
2013-01-10 13:24:00,0.5083,11.009,0.4899,8.6529,0.142,0.4326
2013-01-10 13:34:00,0.6213,8.9843,0.759,9.027,0.3219,2.0475
2013-01-10 13:44:00,0.7112,11.9015,0.7396,9.3556,0.4577,2.0292
2013-01-10 13:54:00,0.7535,12.3433,0.8551,9.703,0.3835,0.4874
2013-01-10 14:04:00,0.9789,10.1962,0.8608,7.4809,0.3026,1.998
2013-01-10 14:14:00,0.8785,13.0365,0.8758,10.314,0.4195,1.6912
2013-01-10 14:24:00,0.9925,10.8181,0.9567,0.2229,0.5229,7.3621
2013-01-10 14:34:00,0.9222,11.0393,0.9935,8.2095,0.255,1.6725
2013-01-10 14:44:00,1.2087,13.7047,0.9675,10.8403,0.4744,0.8366
2013-01-10 14:54:00,1.0997,3.846,1.0293,8.4519,0.5026,0.8443
2013-01-10 15:04:00,1.0634,13.96,1.0451,11.1102,0.4426,1.1567
2013-01-10 15:14:00,1.1872,4.3617,1.1139,8.6456,0.6622,1.3397
2013-01-10 15:24:00,1.1294,2.4399,1.1576,11.1667,0.5682,9.1492
2013-01-10 15:34:00,1.3334,4.0542,1.2318,0.6632,0.716,8.1809
2013-01-10 15:44:00,1.252,13.9956,1.2338,11.2054,0.7122,1.4582
2013-01-10 15:54:00,1.2824,13.8926,1.215,5.5003,0.6852,1.4582
2013-01-10 16:04:00,1.2474,4.5343,1.3837,3.5261,1.0096,1.4581
2013-01-10 16:14:00,1.1886,4.9124,1.1692,11.0114,0.7436,1.7525
2013-01-10 16:24:00,1.2351,13.4941,1.1885,10.8812,0.969,1.7552
2013-01-10 16:34:00,1.1765,2.2453,1.1272,3.2291,0.8403,6.9922
2013-01-10 16:44:00,1.068,13.061,1.1834,10.5456,0.7053,1.7609
2013-01-10 16:54:00,0.9771,2.7876,1.0965,1.102,0.7901,1.7604
2013-01-10 17:04:00,0.9348,4.996,1.1105,10.1058,0.7917,1.7598
2013-01-10 17:14:00,0.8539,12.1677,0.9976,9.8503,0.4537,1.759
2013-01-10 17:24:00,0.7544,1.4914,0.802,0.433,0.5775,6.9919
2013-01-10 17:34:00,0.8719,4.7604,0.8452,9.2737,0.6982,1.7569
2013-01-10 17:44:00,0.6791,2.8648,0.6323,8.9774,0.3986,7.4754
2013-01-10 17:54:00,0.541,10.6192,0.5438,8.6444,0.5312,1.7532
2013-01-10 18:04:00,0.4721,7.6846,0.5755,8.3059,0.2474,1.7514
2013-01-10 18:14:00,0.4007,7.2204,0.4417,7.9447,0.2195,1.7504
2013-01-10 18:24:00,0.3089,9.2285,0.407,0.0615,0.2277,1.7478
2013-01-10 18:34:00,0.2372,0.49,0.2497,7.1806,0.2095,1.7413
2013-01-10 18:44:00,0.0548,0.7427,0.1106,3.5232,0.0294,5.7763
2013-01-10 18:54:00,0.0343,1.9153,0.0686,3.6228,0.0284,1.6722
2013-01-11 00:34:00,0.1222,11.7174,0.0127,10.4695,0.0537,2.373
2013-01-11 00:44:00,0.1111,0.7269,0.1571,10.8854,0.0443,6.8647
2013-01-11 00:54:00,0.1191,4.7262,0.0246,1.7023,0.012,2.3566
2013-01-11 01:04:00,0.2318,7.0358,0.2153,5.4344,0.2266,0.151
2013-01-11 01:14:00,0.4023,5.7952,0.2783,5.8567,0.0797,1.9447
2013-01-11 01:24:00,0.477,14.3404,0.4273,12.5011,0.3659,0.1676
2013-01-11 01:34:00,0.5826,14.8459,0.5728,12.8925,0.283,2.3237
2013-01-11 01:44:00,0.6454,7.3002,0.8323,2.0219,0.5641,2.3158
2013-01-11 01:54:00,1.0061,9.5543,1.1485,7.3849,0.4473,6.9209
2013-01-11 02:04:00,1.0845,9.9324,1.057,7.5939,0.7428,5.573
2013-01-11 02:14:00,1.0024,10.3148,1.1885,7.8322,0.6627,0.8392
2013-01-11 02:24:00,1.1683,8.8447,1.4343,10.4618,0.8646,7.0412
2013-01-11 02:34:00,1.1877,13.3946,1.3399,7.9408,0.7455,0.119
2013-01-11 02:44:00,1.1183,13.7508,0.92,8.2177,0.6654,0.1178
2013-01-11 02:54:00,1.2529,9.763,1.3336,8.4591,0.7336,2.3385
2013-01-11 03:04:00,1.0763,9.975,1.2891,2.8476,1.0243,0.2648
2013-01-11 03:14:00,1.3196,10.1773,1.3076,6.9008,0.6719,9.0163
2013-01-11 03:24:00,1.3926,14.6022,1.7601,8.7944,1.1805,2.7677
2013-01-11 03:34:00,1.3438,10.4285,1.8626,3.1995,1.056,0.2691
2013-01-11 03:44:00,1.2686,10.4831,1.6674,4.7568,0.881,0.2704
2013-01-11 03:54:00,1.2288,10.4539,1.6281,8.9004,1.3123,0.2716
2013-01-11 04:04:00,1.4383,12.2189,1.535,11.3842,0.9031,0.2723
2013-01-11 04:14:00,1.2094,12.1243,1.5439,2.5606,0.8333,3.4777
2013-01-11 04:24:00,1.3283,14.4967,1.4124,3.7114,1.3833,0.2722
2013-01-11 04:34:00,1.3986,4.2964,1.6807,11.0556,1.0249,3.4778
2013-01-11 04:44:00,1.3255,14.1027,1.5083,10.9048,1.1492,0.2721
2013-01-11 04:54:00,1.232,5.6746,1.5746,0.4008,1.0012,0.2721
2013-01-11 05:04:00,1.2112,7.93,1.3889,10.4816,1.2893,6.9263
2013-01-11 05:14:00,1.2572,6.5429,1.4794,3.5527,1.3565,8.9806
2013-01-11 05:24:00,1.007,10.4346,1.3232,7.5952,1.1021,2.3259
2013-01-11 05:34:00,1.1582,10.024,1.4043,9.7759,1.1845,8.5753
2013-01-11 05:44:00,1.083,9.616,1.236,9.4586,0.9143,0.1753
2013-01-11 05:54:00,0.8345,15.4155,1.0286,9.1082,0.607,0.1761
2013-01-11 06:04:00,0.772,8.671,0.7358,4.438,0.5486,4.1087
2013-01-11 06:14:00,0.7509,4.0102,0.6134,8.3395,0.2327,0.1781
2013-01-11 06:24:00,0.5121,5.8503,0.5654,0.419,0.4301,4.1064
2013-01-11 06:34:00,0.4188,7.0725,0.6277,0.7009,0.5387,0.1805
2013-01-11 06:44:00,0.5261,4.7364,0.7255,1.1288,0.4687,0.1818
2013-01-11 06:54:00,0.3974,12.1495,0.6223,6.569,0.7421,0.1832
2013-01-11 07:04:00,0.3063,2.4989,0.4897,6.1136,0.2993,0.185
2013-01-11 07:14:00,0.1388,67.1874,0.4784,5.627,0.3253,0.1877
2013-01-11 07:24:00,0.1371,1.618,0.0737,5.1426,0.1013,7.3092
2013-01-11 13:14:00,0.0104,7.1854,0.0007,5.6197,0.0024,2.3312
2013-01-11 13:24:00,0.1388,5.517,0.1542,2.8941,0.2044,0.4837
2013-01-11 13:34:00,0.3177,1.1814,0.3514,6.857,0.2282,2.0005
2013-01-11 13:44:00,0.3985,6.9486,0.4031,7.5279,0.3347,0.8314
2013-01-11 13:54:00,0.4527,10.0592,0.5206,8.0086,0.4113,0.8565
2013-01-11 14:04:00,0.4281,10.6697,0.5331,8.4894,0.4121,0.883
2013-01-11 14:14:00,0.664,2.5648,0.7587,9.0573,0.7324,1.1798
2013-01-11 14:24:00,0.6992,1.0151,0.7722,9.4759,0.4165,1.1961
2013-01-11 14:34:00,0.7335,12.3487,1.0038,9.8692,0.4946,1.2147
2013-01-11 14:44:00,0.7852,4.6355,1.0376,10.2384,0.6431,1.2354
2013-01-11 14:54:00,0.9987,13.2501,1.2087,10.5798,0.582,1.257
2013-01-11 15:04:00,0.9779,13.6098,1.0273,8.3641,0.658,1.2768
2013-01-11 15:14:00,1.1301,13.9632,1.2119,11.1805,0.7374,1.4636
2013-01-11 15:24:00,1.0234,14.2254,1.2057,11.3844,0.8388,1.4635
2013-01-11 15:34:00,1.1346,14.4509,1.0934,11.5599,0.985,1.4634
2013-01-11 15:44:00,1.0526,14.6152,1.1501,11.6876,0.703,1.4634
2013-01-11 15:54:00,1.1901,14.7424,1.3099,11.7866,0.9418,1.4636
2013-01-11 16:04:00,1.1912,14.8191,1.1894,11.8463,0.9512,1.4637
2013-01-11 16:14:00,1.0732,14.8685,1.3069,11.8848,0.7172,1.4639
2013-01-11 16:24:00,1.1652,9.2486,1.211,6.2633,0.6815,4.1633
2013-01-11 16:34:00,1.2407,14.8238,1.3013,11.8496,0.6535,1.4618
2013-01-11 16:44:00,1.0964,12.2438,1.2625,9.2874,0.8079,1.4618
2013-01-11 16:54:00,1.0766,14.634,1.224,9.202,0.8491,1.0382
2013-01-11 17:04:00,0.9728,6.9758,1.0861,11.5789,1.2041,1.4635
2013-01-11 17:14:00,0.9634,14.2877,1.0473,11.4326,0.7747,1.4636
2013-01-11 17:24:00,0.9087,14.0841,0.9408,11.2744,0.8372,1.4636
2013-01-11 17:34:00,0.9503,11.3227,1.1887,8.571,0.5906,1.4637
2013-01-11 17:44:00,0.9556,11.0781,1.177,8.4398,0.6743,1.7305
2013-01-11 17:54:00,0.8666,9.0085,0.8908,10.721,0.5121,1.739
2013-01-11 18:04:00,0.7354,10.4449,0.8005,10.4506,0.3558,1.7452
2013-01-11 18:14:00,0.851,12.5691,0.9094,10.159,0.4297,1.7476
2013-01-11 18:24:00,0.5234,12.1762,0.6259,9.8538,0.4065,1.7497
2013-01-11 18:34:00,0.7824,11.689,0.7055,9.4116,0.5081,1.4638
2013-01-11 18:44:00,0.3949,11.286,0.4938,9.1617,0.2462,1.75
2013-01-11 18:54:00,0.4416,10.8216,0.5723,8.8,0.5532,1.748
2013-01-11 19:04:00,0.4499,10.3186,0.601,8.4077,0.2761,1.7428
2013-01-11 19:14:00,0.2768,9.8137,0.3502,8.0127,0.0795,1.7325
2013-01-11 19:24:00,0.2651,6.7788,0.1779,1.9693,0.0745,1.7217
2013-01-11 19:34:00,0.14,6.111,0.2064,0.4823,0.0715,1.4643
2013-01-11 19:44:00,0.1571,8.1496,0.2123,6.7098,0.0344,1.6942
2013-01-11 19:54:00,0.0207,0.5751,0.0357,6.2844,0.1234,1.68
2013-01-12 01:24:00,0.1551,5.2751,0.0107,4.0046,0.0954,2.0774
2013-01-12 01:34:00,0.0933,5.8866,0.0007,4.4802,0.2545,2.0775
2013-01-12 01:44:00,0.0986,2.3271,0.0336,4.9527,0.123,2.2039
2013-01-12 01:54:00,0.1135,7.0909,0.0252,3.6325,0.0269,0.4145
2013-01-12 02:04:00,0.2909,0.972,0.1548,8.3945,0.1465,2.1988
2013-01-12 02:14:00,0.3326,10.7892,0.3749,8.8492,0.0007,2.0807
2013-01-12 02:24:00,0.4666,8.8806,0.3966,5.0234,0.1593,2.0823
2013-01-12 02:34:00,0.4543,11.9416,0.5852,9.7446,0.2338,3.5468
2013-01-12 02:44:00,0.6314,9.9943,0.7624,10.175,0.6275,2.0773
2013-01-12 02:54:00,0.7695,13.033,0.9142,10.5941,0.5422,0.422
2013-01-12 03:04:00,0.7196,11.0124,0.843,10.9675,0.3974,2.205
2013-01-12 03:14:00,0.879,11.4419,0.9291,5.6779,0.6399,0.4134
2013-01-12 03:24:00,0.8687,10.0389,1.0574,4.9351,0.6436,0.4075
2013-01-12 03:34:00,1.012,10.4052,1.1322,7.6672,0.7721,0.108
2013-01-12 03:44:00,1.0145,12.4897,1.3881,9.686,0.5183,0.1086
2013-01-12 03:54:00,1.0305,15.0,1.2143,12.1953,0.7441,0.1028
2013-01-12 04:04:00,0.9845,12.5,1.2671,9.6961,0.7821,0.0992
2013-01-12 04:14:00,1.1014,15.0,1.3815,7.9105,0.6353,0.0989
2013-01-12 04:24:00,1.1874,4.1667,1.436,9.6962,0.6836,0.0986
2013-01-12 04:34:00,1.1624,10.7143,1.1497,9.6963,0.6862,4.265
2013-01-12 04:44:00,1.1863,5.0,1.2839,9.6964,0.7304,2.402
2013-01-12 04:54:00,1.0761,12.5,1.1981,9.6964,0.7329,4.2644
2013-01-12 05:04:00,1.0478,10.7143,1.2124,9.6969,0.7388,1.8814
2013-01-12 05:14:00,1.0531,6.8182,1.1861,4.0161,0.5724,6.8219
2013-01-12 05:24:00,1.1302,9.375,1.3628,9.7646,0.8077,0.2064
2013-01-12 05:34:00,1.1427,15.0,1.4378,8.0461,1.1049,3.0064
2013-01-12 05:44:00,1.122,10.5483,1.3172,5.5361,0.7715,0.5064
2013-01-12 05:54:00,1.1389,14.5757,1.2183,12.0018,0.721,5.1754
2013-01-12 06:04:00,1.0176,14.3442,1.1386,9.3218,0.8358,0.5065
2013-01-12 06:14:00,1.1178,11.5291,1.2313,5.9516,0.5686,4.4935
2013-01-12 06:24:00,0.97,11.1302,0.9953,8.7024,0.4756,6.0307
2013-01-12 06:34:00,0.8151,10.8008,0.9977,6.7236,0.5702,3.006
2013-01-12 06:44:00,0.8465,10.4144,0.9091,8.2087,0.3752,3.0061
2013-01-12 06:54:00,0.8034,9.996,0.8011,10.3832,0.394,0.5062
2013-01-12 07:04:00,0.6077,12.029,0.4811,10.02,0.1564,3.6604
2013-01-12 07:14:00,0.5483,2.7949,0.5752,7.1435,0.1939,3.0064
2013-01-12 07:24:00,0.534,3.562,0.5739,9.2679,0.2178,4.4934
2013-01-12 07:34:00,0.3947,10.5591,0.3435,8.8768,0.0505,0.5068
2013-01-12 07:44:00,0.3394,10.0135,0.173,8.4525,0.0888,5.1749
2013-01-12 07:54:00,0.2099,9.5885,0.2573,5.6675,0.0218,0.7113
2013-01-12 08:04:00,0.1238,0.957,0.0949,7.7412,0.1383,0.7026
2013-01-12 08:14:00,0.0052,68.4764,0.045,3.0127,0.1009,5.5566
2013-01-12 14:04:00,0.0402,1.0902,0.0816,4.8455,0.0455,3.0074
2013-01-12 14:14:00,0.0756,1.6743,0.0676,5.2999,0.054,0.5072
2013-01-12 14:24:00,0.2078,7.2552,0.1514,5.7518,0.0008,0.5071
2013-01-12 14:34:00,0.2519,2.8263,0.1869,8.6961,0.0002,0.5071
2013-01-12 14:44:00,0.3296,3.3607,0.247,9.1118,0.189,3.0071
2013-01-12 14:54:00,0.537,8.907,0.3854,9.5368,0.2863,3.0071
2013-01-12 15:04:00,0.5654,11.9376,0.5434,9.9496,0.3422,0.5071
2013-01-12 15:14:00,0.5838,12.4328,0.9231,7.8348,0.5194,0.5071
2013-01-12 15:24:00,0.7025,2.8745,0.8363,1.0356,0.446,3.6596
2013-01-12 15:34:00,0.8508,4.0907,0.9387,8.5262,0.3855,3.6596
2013-01-12 15:44:00,1.0497,4.9352,0.9706,8.7515,0.3732,5.4354
2013-01-12 15:54:00,1.0243,5.8439,1.0705,9.0145,0.575,0.238
2013-01-12 16:04:00,1.17,14.3316,1.2718,9.2513,0.5474,0.2327
2013-01-12 16:14:00,1.2626,14.5935,1.3681,9.4548,0.5376,0.2312
2013-01-12 16:24:00,1.2398,12.2734,1.4564,9.5945,0.5835,0.2299
2013-01-12 16:34:00,1.1957,12.4228,1.4545,9.7104,0.6267,1.5571
2013-01-12 16:44:00,1.1892,6.8182,1.2451,4.0884,0.6402,0.2275
2013-01-12 16:54:00,1.3212,15.0,1.1902,7.9843,0.8453,2.7264
2013-01-12 17:04:00,1.2205,12.5,1.2951,4.7694,0.6448,6.0263
2013-01-12 17:14:00,1.3786,15.0,1.3597,9.7683,1.0691,4.7814
2013-01-12 17:24:00,1.3894,15.0,1.3559,12.2672,0.6955,2.7136
2013-01-12 17:34:00,1.2058,9.3504,1.4117,9.7469,1.12,0.2088
2013-01-12 17:44:00,1.3189,12.3537,1.5688,12.0855,1.2772,2.4092
2013-01-12 17:54:00,1.5246,14.7161,1.4758,11.977,1.0302,5.7798
2013-01-12 18:04:00,1.3487,8.8903,1.3506,9.3193,0.8972,5.7863
2013-01-12 18:14:00,1.113,14.2895,1.4135,7.3565,1.1039,2.3894
2013-01-12 18:24:00,1.0988,11.5246,1.3794,11.4347,0.8986,5.1168
2013-01-12 18:34:00,1.1901,4.9951,1.2993,8.7147,0.6779,2.3751
2013-01-12 18:44:00,1.0408,13.404,1.2198,8.4485,0.6806,2.3709
2013-01-12 18:54:00,0.9234,4.8732,1.063,8.1761,0.7794,0.1332
2013-01-12 19:04:00,0.7963,8.3879,1.0794,7.8788,0.687,2.3646
2013-01-12 19:14:00,0.8099,12.2544,1.0659,10.0529,0.5531,2.3652
2013-01-12 19:24:00,0.8381,9.3146,0.7991,7.2109,0.4013,4.3008
2013-01-12 19:34:00,0.6777,11.3483,0.8148,9.3483,0.5987,2.3666
2013-01-12 19:44:00,0.4824,8.3445,0.5557,8.9569,0.3121,0.131
2013-01-12 19:54:00,0.5572,10.3316,0.4392,8.5583,0.0739,0.1292
2013-01-12 20:04:00,0.3775,7.3059,0.369,5.6497,0.182,0.1273
2013-01-12 20:14:00,0.3391,1.3372,0.3645,7.7186,0.1242,0.1248
2013-01-12 20:24:00,0.192,0.9399,0.1835,2.7071,0.0037,2.378
2013-01-12 20:34:00,0.0492,2.9225,0.0271,6.8479,0.0244,2.3812
2013-01-13 02:14:00,0.1616,8.0671,0.1333,6.8767,0.1388,2.7279
2013-01-13 02:24:00,0.0543,0.0889,0.0299,1.8944,0.1944,2.7169
2013-01-13 02:34:00,0.2244,6.7621,0.0124,5.3014,0.1587,0.2082
2013-01-13 02:44:00,0.2444,5.5984,0.0534,3.9984,0.0679,0.2026
2013-01-13 02:54:00,0.4789,2.4179,0.4043,8.9094,0.3858,0.5074
2013-01-13 03:04:00,0.5457,2.2238,0.464,4.7805,0.3646,0.0938
2013-01-13 03:14:00,0.5335,5.9515,0.5432,3.9106,0.3321,2.4092
2013-01-13 03:24:00,0.7047,7.8352,0.8159,7.459,0.4259,0.0905
2013-01-13 03:34:00,0.7821,12.6788,0.8455,10.3934,0.3533,2.412
2013-01-13 03:44:00,0.9408,10.6835,1.0385,8.2866,0.4714,0.0849
2013-01-13 03:54:00,0.8936,11.1689,0.9575,2.4149,0.3269,2.4186
2013-01-13 04:04:00,1.0053,9.838,1.0198,9.0195,0.5734,0.0777
2013-01-13 04:14:00,1.2474,14.5075,1.2703,11.8187,0.7313,2.4258
2013-01-13 04:24:00,1.0601,14.8697,1.0387,12.1012,0.741,2.4294
2013-01-13 04:34:00,1.1662,12.5,1.3275,9.7033,0.7232,2.4329
2013-01-13 04:44:00,1.2021,12.5,1.2443,7.9183,0.7505,0.0642
2013-01-13 04:54:00,1.1319,10.7143,1.2846,9.7044,0.7978,0.0623
2013-01-13 05:04:00,0.9832,12.5,1.3003,12.2065,0.7893,2.4469
2013-01-13 05:14:00,0.9841,15.0,1.1661,9.7112,0.5676,2.4679
2013-01-13 05:24:00,1.0407,6.8182,1.3083,9.7734,0.9134,0.2456
2013-01-13 05:34:00,1.1124,10.7143,1.4672,9.7758,0.7884,2.7563
2013-01-13 05:44:00,1.095,15.0,1.2791,9.7777,0.4108,0.265
2013-01-13 05:54:00,1.0847,15.0,1.0075,7.9935,0.6904,1.5141
2013-01-13 06:04:00,1.1373,15.0,1.2308,7.9939,0.6222,0.2731
2013-01-13 06:14:00,1.0361,15.0,1.1143,12.2787,0.7886,5.9808
2013-01-13 06:24:00,1.0496,6.8182,1.2213,12.2778,0.8823,0.2652
2013-01-13 06:34:00,0.9938,10.6281,1.228,9.7099,0.9747,0.2614
2013-01-13 06:44:00,1.0399,14.6591,1.0665,9.5666,0.4188,3.0076
2013-01-13 06:54:00,0.9309,11.8518,1.1668,9.3276,0.7769,0.5077
2013-01-13 07:04:00,0.7504,11.5377,0.8963,9.0829,0.5581,0.5064
2013-01-13 07:14:00,0.6912,5.5042,0.8818,8.8094,0.3336,0.5065
2013-01-13 07:24:00,0.5569,10.7844,0.5634,6.7113,0.2254,0.5067
2013-01-13 07:34:00,0.5788,10.3654,0.5462,6.3855,0.1585,3.6598
2013-01-13 07:44:00,0.4149,9.9125,0.5289,7.8189,0.1628,1.2787
2013-01-13 07:54:00,0.4178,11.9438,0.4909,5.6687,0.0594,3.6595
2013-01-13 08:04:00,0.4809,8.9462,0.5984,1.3856,0.3553,3.6594
2013-01-13 08:14:00,0.3006,2.7484,0.3397,6.6662,0.0269,3.0074
2013-01-13 08:24:00,0.1287,10.3557,0.1681,8.7193,0.0444,3.6591
2013-01-13 08:34:00,0.116,7.3036,0.0254,2.6654,0.129,3.0086
2013-01-13 08:44:00,0.0765,6.7555,0.0248,7.8641,0.267,3.0087
2013-01-13 08:54:00,0.1018,0.1056,0.1146,7.3889,0.2691,0.5088
2013-01-13 14:54:00,0.2761,4.4788,0.3604,3.2971,0.5056,5.7665
2013-01-13 15:04:00,0.1167,5.0279,0.2565,5.5108,0.5572,0.9671
2013-01-13 15:14:00,0.0217,7.3903,0.0998,5.9625,0.5014,0.9803
2013-01-13 15:24:00,0.0902,6.1533,0.0502,6.3927,0.269,2.1305
2013-01-13 15:34:00,0.1926,6.7201,0.0701,6.8358,0.4409,1.0036
2013-01-13 15:44:00,0.1371,7.2992,0.1833,4.162,0.2849,0.7804
2013-01-13 15:54:00,0.3022,7.7846,0.2549,7.6644,0.2795,2.121
2013-01-13 16:04:00,0.3714,10.0478,0.4193,8.0362,0.2118,1.0044
2013-01-13 16:14:00,0.4324,8.6908,0.5233,6.5864,0.0182,1.0148
2013-01-13 16:24:00,0.6189,10.8762,0.5545,6.9003,0.1738,1.0274
2013-01-13 16:34:00,0.662,8.1254,0.6845,8.9803,0.0477,1.0408
2013-01-13 16:44:00,0.6835,3.4563,0.7503,9.2121,0.0878,5.1961
2013-01-13 16:54:00,0.7514,10.0565,0.7875,7.6606,0.0489,2.0595
2013-01-13 17:04:00,0.816,12.0854,0.8005,9.6365,0.0064,1.0696
2013-01-13 17:14:00,0.7901,10.4407,0.9006,7.9595,0.0912,0.7192
2013-01-13 17:24:00,0.7995,10.5562,1.0305,8.0499,0.1263,0.7164
2013-01-13 17:34:00,0.9717,10.6573,0.8652,8.1292,0.1073,0.7137
2013-01-13 17:44:00,0.8194,12.4644,0.9293,9.9319,0.0711,0.7115
2013-01-13 17:54:00,0.8201,12.4891,0.9454,8.1636,0.0135,0.7197
2013-01-13 18:04:00,0.8567,10.6597,0.9683,8.1296,0.1059,3.9333
2013-01-13 18:14:00,0.7735,12.3666,0.9908,9.8583,0.0717,1.0862
2013-01-13 18:24:00,0.8059,12.2812,0.8852,9.7962,0.1698,5.1444
2013-01-13 18:34:00,0.6967,12.1226,1.0394,3.426,0.0285,4.5592
2013-01-13 18:44:00,0.7329,10.1879,0.9576,7.7764,0.1588,5.5992
2013-01-13 18:54:00,0.6943,11.7993,0.7586,9.4719,0.0594,1.3348
2013-01-13 19:04:00,0.6213,4.4481,0.8271,6.1878,0.2102,0.4375
2013-01-13 19:14:00,0.6121,9.5659,0.6,7.3419,0.0849,1.3531
2013-01-13 19:24:00,0.4933,9.2917,0.618,7.1298,0.0743,0.4272
2013-01-13 19:34:00,0.5166,10.7866,0.5838,8.6905,0.0893,1.3645
2013-01-13 19:44:00,0.4165,1.9224,0.4867,6.6609,0.1143,1.7654
2013-01-13 19:54:00,0.3419,8.3166,0.3636,8.156,0.0061,1.3562
2013-01-13 20:04:00,0.2971,7.9572,0.2225,10.3784,0.1467,4.8842
2013-01-13 20:14:00,0.2737,9.3288,0.2913,7.5594,0.1835,0.4055
2013-01-13 20:24:00,0.2043,7.1152,0.2479,7.2293,0.2486,1.3933
2013-01-13 20:34:00,0.1114,5.4414,0.1156,0.4675,0.2804,1.6814
2013-01-13 20:44:00,0.1241,6.3589,0.0667,4.9198,0.1617,1.6865
2013-01-13 20:54:00,0.0347,0.1757,0.09,0.4222,0.1275,1.6798
2013-01-13 21:04:00,0.1072,7.1534,0.0207,4.1466,0.147,1.4455
2013-01-13 21:14:00,0.0769,4.8989,0.14,3.7815,0.164,0.108
2013-01-14 03:04:00,0.0972,3.5898,0.1439,2.5278,0.123,0.1681
2013-01-14 03:14:00,0.0511,4.1256,0.098,4.2838,0.0538,1.1711
2013-01-14 03:24:00,0.0024,5.9695,0.0284,4.6763,0.0291,1.9539
2013-01-14 03:34:00,0.1519,6.5137,0.1017,5.0996,0.0583,0.1683
2013-01-14 03:44:00,0.2188,7.0333,0.2619,5.5037,0.0782,2.2127
2013-01-14 03:54:00,0.2594,2.1871,0.1995,4.5619,0.125,1.171
2013-01-14 04:04:00,0.2476,8.0499,0.3471,6.2945,0.2152,1.1711
2013-01-14 04:14:00,0.2644,8.5305,0.4493,6.6686,0.1423,0.1689
2013-01-14 04:24:00,0.4195,8.9994,0.5225,7.0336,0.166,0.1701
2013-01-14 04:34:00,0.4909,9.4338,0.4768,6.0324,0.0641,1.1693
2013-01-14 04:44:00,0.5632,8.4772,0.4955,7.6693,0.1862,1.9557
2013-01-14 04:54:00,0.5635,10.164,0.7012,7.9398,0.1202,1.1694
2013-01-14 05:04:00,0.6572,10.5084,0.8014,8.2077,0.2724,1.1694
2013-01-14 05:14:00,0.729,10.7143,0.8041,8.3679,0.2694,0.1698
2013-01-14 05:24:00,0.7024,12.5,0.7416,7.0294,0.0697,0.1698
2013-01-14 05:34:00,0.7474,12.5,0.8198,10.1544,0.1917,1.1695
2013-01-14 05:44:00,0.7001,9.375,0.7333,1.4045,0.1514,1.1694
2013-01-14 05:54:00,0.7801,9.375,0.6933,1.2259,0.0011,0.1699
2013-01-14 06:04:00,0.9683,9.375,0.9465,2.6545,0.1447,2.211
2013-01-14 06:14:00,0.921,10.7143,0.8635,2.342,0.1101,2.211
2013-01-14 06:24:00,0.8296,5.0,0.9708,7.0295,0.2139,0.1699
2013-01-14 06:34:00,0.8606,12.5,0.857,10.1545,0.1266,1.1694
2013-01-14 06:44:00,0.8914,9.375,0.9746,8.3688,0.1859,0.1699
2013-01-14 06:54:00,0.8112,10.7143,0.9672,2.342,0.1779,5.5444
2013-01-14 07:04:00,0.9987,5.3571,0.9334,6.0428,0.0864,2.2024
2013-01-14 07:14:00,0.959,10.7143,0.9535,2.397,0.2311,0.4167
2013-01-14 07:24:00,0.8066,10.4995,0.8704,2.2298,0.3114,0.4168
2013-01-14 07:34:00,0.8138,4.5535,0.7417,2.362,0.1027,5.2974
2013-01-14 07:44:00,0.8052,9.9918,0.7497,2.092,0.291,5.1872
2013-01-14 07:54:00,0.6934,3.6502,0.6528,1.5345,0.1393,0.17
2013-01-14 08:04:00,0.579,2.0418,0.5868,1.2778,0.215,2.2109
2013-01-14 08:14:00,0.573,9.0448,0.488,0.3556,0.2432,4.5344
2013-01-14 08:24:00,0.4628,3.7175,0.4794,6.8244,0.2454,0.4074
2013-01-14 08:34:00,0.4407,2.529,0.3616,4.0641,0.224,5.1901
2013-01-14 08:44:00,0.4634,2.4421,0.3738,0.3854,0.2699,5.1901
2013-01-14 08:54:00,0.4153,5.9964,0.2918,5.739,0.2137,2.2127
2013-01-14 09:04:00,0.3481,6.8992,0.2917,0.0424,0.1645,1.171
2013-01-14 09:14:00,0.2393,6.4259,0.2404,5.0314,0.1357,5.19
2013-01-14 09:24:00,0.2327,0.5424,0.1282,6.4078,0.1065,5.19
2013-01-14 09:34:00,0.0769,0.4618,0.0421,0.2255,0.1854,0.1671
2013-01-14 09:44:00,0.0476,0.0054,0.0168,1.0606,0.159,5.1911
2013-01-14 15:34:00,0.0587,1.4112,0.0831,1.0708,0.0578,1.8029
2013-01-14 15:44:00,0.1642,2.7002,0.0872,1.1763,0.4082,2.1583
2013-01-14 15:54:00,0.2564,0.2348,0.1769,1.4872,0.2475,1.6106
2013-01-14 16:04:00,0.3527,2.9075,0.4028,1.2908,0.332,1.6266
2013-01-14 16:14:00,0.5552,3.2912,0.4234,0.8175,0.4585,1.6386
2013-01-14 16:24:00,0.5644,3.2022,0.569,2.9383,0.4303,1.6488
2013-01-14 16:34:00,0.6375,1.1955,0.661,3.2115,0.6344,2.7061
2013-01-14 16:44:00,0.8831,2.0785,0.7924,2.4292,0.8051,3.4824
2013-01-14 16:54:00,0.9569,6.7953,0.9221,6.2912,0.7986,0.9882
2013-01-14 17:04:00,1.0965,3.4473,1.0304,0.8972,0.7439,2.7221
2013-01-14 17:14:00,1.1338,8.4006,1.1717,4.1722,0.781,1.6737
2013-01-14 17:24:00,1.076,4.6669,1.0948,4.3932,0.9074,1.6743
2013-01-14 17:34:00,1.2119,6.3193,1.1155,5.1572,0.6877,2.5462
2013-01-14 17:44:00,1.236,9.0619,1.1193,2.4892,0.6873,1.297
2013-01-14 17:54:00,1.4586,7.3122,1.2924,6.1629,0.6461,3.3458
2013-01-14 18:04:00,1.387,6.7361,1.3258,6.2425,0.7197,1.6275
2013-01-14 18:14:00,1.3538,6.8146,1.3538,4.2202,0.837,2.3097
2013-01-14 18:24:00,1.3982,6.8182,1.5073,6.3064,0.6313,1.6279
2013-01-14 18:34:00,1.3713,8.3333,1.3291,5.473,0.6337,2.3098
2013-01-14 18:44:00,1.2985,8.3333,1.2963,4.7912,0.5542,3.7709
2013-01-14 18:54:00,1.4339,9.3639,1.515,5.4644,0.7816,2.3099
2013-01-14 19:04:00,1.3578,7.4115,1.4141,5.4042,0.7077,0.7945
2013-01-14 19:14:00,1.3125,8.1419,1.3472,5.324,0.7899,1.6274
2013-01-14 19:24:00,1.2389,8.0202,1.5014,5.2293,0.6348,1.627
2013-01-14 19:34:00,1.2148,7.8981,1.346,5.9676,0.9918,2.3084
2013-01-14 19:44:00,1.2209,6.886,1.2026,5.8285,0.6823,3.3567
2013-01-14 19:54:00,1.1466,4.9861,1.2035,6.7385,0.8122,0.2497
2013-01-14 20:04:00,1.1039,7.3425,1.2156,3.4518,0.5954,2.8746
2013-01-14 20:14:00,0.8734,8.1501,0.968,2.7889,0.6977,1.6239
2013-01-14 20:24:00,1.022,4.7651,1.043,5.15,0.8092,0.7937
2013-01-14 20:34:00,0.9932,5.7463,0.8057,4.1074,0.5642,1.6262
2013-01-14 20:44:00,0.6902,7.3415,0.8093,5.7645,0.3523,0.2496
2013-01-14 20:54:00,0.5912,4.47,0.6653,5.5196,0.4824,1.6244
2013-01-14 21:04:00,0.5639,6.6931,0.6146,0.2965,0.2565,0.79
2013-01-14 21:14:00,0.5056,3.7666,0.4067,3.9303,0.2836,3.3527
2013-01-14 21:24:00,0.3804,1.5844,0.344,0.6707,0.2053,0.7873
2013-01-14 21:34:00,0.3096,0.6385,0.2315,2.5352,0.0868,3.35
2013-01-14 21:44:00,0.1932,4.1698,0.2167,2.2314,0.079,3.3486
2013-01-14 21:54:00,0.0903,0.1287,0.1204,2.757,0.0725,0.783
2013-01-14 22:04:00,0.0163,32.5489,0.1249,3.4932,0.0784,2.865
2013-01-15 03:44:00,0.076,3.1805,0.0274,1.4321,0.024,1.7389
2013-01-15 03:54:00,0.1016,2.0939,0.0575,1.7644,0.0694,3.4782
2013-01-15 04:04:00,0.3022,1.1611,0.2354,0.8549,0.3235,0.1223
2013-01-15 04:14:00,0.4179,3.6506,0.392,1.7939,0.4538,0.1212
2013-01-15 04:24:00,0.5522,1.1088,0.7133,2.2589,0.5621,2.6902
2013-01-15 04:34:00,0.7925,5.4329,0.6683,2.0065,0.408,0.5981
2013-01-15 04:44:00,0.8132,5.0055,0.8338,1.8443,0.8203,2.6727
2013-01-15 04:54:00,1.0088,5.4198,1.0357,2.1692,0.7543,2.0962
2013-01-15 05:04:00,1.074,7.6162,1.2861,2.8584,0.7951,2.856
2013-01-15 05:14:00,1.2388,6.9388,1.2421,3.1917,0.7981,2.6327
2013-01-15 05:24:00,1.12,5.7529,1.5215,4.0185,0.8583,2.0566
2013-01-15 05:34:00,1.358,3.1659,1.4143,5.757,0.7669,0.5326
2013-01-15 05:44:00,1.3668,4.8109,1.6074,3.8595,0.9729,1.3558
2013-01-15 05:54:00,1.3619,7.9975,1.6368,6.1096,0.8452,1.3443
2013-01-15 06:04:00,1.6439,7.3578,1.9973,5.4286,0.8798,0.5365
2013-01-15 06:14:00,1.4264,7.4801,1.9188,6.3566,0.9693,0.5087
2013-01-15 06:24:00,1.6913,6.8182,1.77,5.5383,1.14,1.3442
2013-01-15 06:34:00,1.5168,6.25,2.0331,6.3714,1.0029,2.5951
2013-01-15 06:44:00,1.5598,7.5,1.7742,6.3716,1.0171,1.3445
2013-01-15 06:54:00,1.5353,8.3333,1.803,5.5388,1.051,2.024
2013-01-15 07:04:00,1.5681,9.375,1.6622,6.3727,0.7775,3.0701
2013-01-15 07:14:00,1.4874,9.375,1.7531,7.4153,1.0305,0.54
2013-01-15 07:24:00,1.5856,7.5,1.7685,5.5415,1.1916,0.4959
2013-01-15 07:34:00,1.4477,9.3527,1.6387,7.4005,0.7511,2.0049
2013-01-15 07:44:00,1.4254,8.1809,1.5833,5.4253,0.8072,3.0475
2013-01-15 07:54:00,1.3202,5.9344,1.4951,5.2993,0.8998,1.3108
2013-01-15 08:04:00,1.3657,8.8873,1.4815,5.9993,0.7956,1.3067
2013-01-15 08:14:00,1.4353,2.8958,1.5461,3.289,1.2103,1.3045
2013-01-15 08:24:00,1.2149,7.4641,1.31,4.8692,0.7139,1.3022
2013-01-15 08:34:00,1.0439,6.3786,1.1343,2.5302,0.5903,0.5754
2013-01-15 08:44:00,0.9975,6.0772,0.988,5.2061,0.4656,0.2798
2013-01-15 08:54:00,1.0495,7.6917,0.9578,6.042,0.5418,0.2702
2013-01-15 09:04:00,0.8508,6.3648,0.9073,4.778,0.4685,4.1034
2013-01-15 09:14:00,0.7808,6.0375,0.7532,4.5235,0.4897,0.7655
2013-01-15 09:24:00,0.5653,8.0607,0.6088,6.6256,0.4445,1.5977
2013-01-15 09:34:00,0.5254,3.2585,0.5432,2.4654,0.4699,2.2853
2013-01-15 09:44:00,0.4604,5.0609,0.3782,3.8233,0.299,0.4936
2013-01-15 09:54:00,0.4473,4.6731,0.4526,4.5609,0.4275,2.5858
2013-01-15 10:04:00,0.3278,5.3271,0.2066,3.2152,0.1798,0.5302
2013-01-15 10:14:00,0.1513,0.5424,0.3312,2.8943,0.2429,3.0834
2013-01-15 10:24:00,0.0587,3.5022,0.1196,4.9823,0.2925,4.1739
2013-01-15 16:14:00,0.1882,3.2055,0.1675,1.4844,0.1695,2.2823
2013-01-15 16:24:00,0.034,2.7981,0.1064,1.1343,0.1714,2.282
2013-01-15 16:34:00,0.0006,10.7274,0.0609,5.3647,0.0316,3.3257
2013-01-15 16:44:00,0.0861,2.9503,0.1052,0.347,0.022,3.3265
2013-01-15 16:54:00,0.2339,7.2508,0.1631,3.6136,0.0297,0.7632
2013-01-15 17:04:00,0.2624,7.6411,0.245,1.8341,0.0198,2.8473
2013-01-15 17:14:00,0.3412,6.6608,0.3735,6.5782,0.1318,3.4029
2013-01-15 17:24:00,0.4654,2.319,0.5172,3.633,0.2894,3.3285
2013-01-15 17:34:00,0.4747,4.7855,0.5322,5.7694,0.3241,0.765
2013-01-15 17:44:00,0.5522,7.6531,0.5851,9.1363,0.3069,4.0988
2013-01-15 17:54:00,0.6003,7.8912,0.604,6.1609,0.3473,1.4546
2013-01-15 18:04:00,0.7047,5.6046,0.7135,1.4087,0.2904,0.1179
2013-01-15 18:14:00,0.6491,4.0023,0.7293,9.6654,0.2104,0.1195
2013-01-15 18:24:00,0.8133,6.6786,0.8802,5.6358,0.2805,3.0069
2013-01-15 18:34:00,0.814,6.1477,0.77,2.7762,0.4491,0.1139
2013-01-15 18:44:00,0.7364,10.1485,0.7521,6.8742,0.3082,0.934
2013-01-15 18:54:00,0.7068,7.8367,0.8047,5.0911,0.2569,0.2801
2013-01-15 19:04:00,0.7409,4.5426,0.89,5.1215,0.2996,0.28
2013-01-15 19:14:00,0.8725,7.0654,0.9095,8.3535,0.3304,1.6192
2013-01-15 19:24:00,0.7439,6.3577,0.7284,3.869,0.3079,2.2767
2013-01-15 19:34:00,0.7266,6.992,0.8081,8.2962,0.2483,1.5946
2013-01-15 19:44:00,0.7492,8.8252,0.6676,6.9243,0.26,1.5929
2013-01-15 19:54:00,0.5812,10.0876,0.6912,2.8464,0.3582,1.6215
2013-01-15 20:04:00,0.7734,7.5879,0.7149,5.7301,0.2726,2.2745
2013-01-15 20:14:00,0.6079,5.9448,0.6422,6.672,0.1488,0.2824
2013-01-15 20:24:00,0.6395,6.48,0.6917,9.6816,0.2538,0.7633
2013-01-15 20:34:00,0.6126,5.6163,0.5537,5.3733,0.2851,0.762
2013-01-15 20:44:00,0.5394,7.9699,0.5652,5.2151,0.1982,1.6193
2013-01-15 20:54:00,0.5132,4.642,0.5577,6.0988,0.3202,0.2803
2013-01-15 21:04:00,0.4406,8.8554,0.4219,9.0287,0.1267,1.5942
2013-01-15 21:14:00,0.3954,7.2597,0.3404,7.0435,0.2175,0.2813
2013-01-15 21:24:00,0.347,7.0057,0.2814,3.6312,0.1228,0.7628
2013-01-15 21:34:00,0.3284,4.8593,0.3019,1.2773,0.1757,1.5957
2013-01-15 21:44:00,0.3181,7.772,0.2121,10.6858,0.1176,1.5953
2013-01-15 21:54:00,0.2825,7.4556,0.1348,6.1542,0.1077,3.3255
2013-01-15 22:04:00,0.1865,8.9113,0.0876,2.6834,0.0536,2.2759
2013-01-15 22:14:00,0.175,8.5881,0.0817,3.2656,0.0249,1.5934
2013-01-15 22:24:00,0.0906,4.0718,0.0179,5.3749,0.0225,1.5925
2013-01-15 22:34:00,0.0294,0.3787,0.0184,5.096,0.0219,0.2818
2013-01-15 22:44:00,0.0322,32.5155,0.0628,4.8139,0.0638,0.2828
2013-01-16 04:24:00,0.1711,4.8887,0.1751,4.106,0.2161,1.3731
2013-01-16 04:34:00,0.1192,8.3605,0.1849,7.5007,0.2593,0.336
2013-01-16 04:44:00,0.0838,8.7204,0.1411,3.6157,0.2221,0.3447
2013-01-16 04:54:00,0.0374,7.2906,0.0742,4.9351,0.1846,0.483
2013-01-16 05:04:00,0.0345,6.418,0.0388,5.3651,0.204,1.6959
2013-01-16 05:14:00,0.0713,6.7518,0.0296,5.6284,0.2273,1.7135
2013-01-16 05:24:00,0.0444,8.408,0.0102,9.0056,0.2902,0.6994
2013-01-16 05:34:00,0.0363,7.3743,0.0041,6.1215,0.2982,1.7565
2013-01-16 05:44:00,0.1322,7.6751,0.1032,6.3581,0.2733,1.768
2013-01-16 05:54:00,0.1508,11.071,0.1853,9.6969,0.305,4.9068
2013-01-16 06:04:00,0.198,7.1947,0.2104,6.8569,0.2771,2.3274
2013-01-16 06:14:00,0.2316,9.7998,0.2091,10.1562,0.3272,3.3868
2013-01-16 06:24:00,0.2785,9.976,0.2466,7.1176,0.3565,4.9451
2013-01-16 06:34:00,0.2888,10.1698,0.2889,8.66,0.4205,5.1806
2013-01-16 06:44:00,0.2573,12.1053,0.3043,7.4372,0.3864,5.1808
2013-01-16 06:54:00,0.3298,10.4275,0.2867,8.8605,0.3891,3.3956
2013-01-16 07:04:00,0.4085,12.2804,0.3822,7.5742,0.3674,5.1855
2013-01-16 07:14:00,0.3338,9.2016,0.3259,10.7353,0.3913,3.4006
2013-01-16 07:24:00,0.3306,12.3611,0.3252,6.5956,0.401,1.0204
2013-01-16 07:34:00,0.3387,12.3785,0.4213,7.6509,0.3777,3.4021
2013-01-16 07:44:00,0.396,12.3767,0.3549,10.7746,0.4114,5.1883
2013-01-16 07:54:00,0.3598,10.5459,0.3021,8.9539,0.3837,3.403
2013-01-16 08:04:00,0.3357,9.143,0.3053,7.5652,0.4321,3.4031
2013-01-16 08:14:00,0.3036,9.0644,0.3033,7.4513,0.4427,3.1632
2013-01-16 08:24:00,0.2767,10.3122,0.3023,8.7187,0.3776,1.8202
2013-01-16 08:34:00,0.249,11.9822,0.2467,10.414,0.4164,1.818
2013-01-16 08:44:00,0.2149,11.8363,0.1939,10.2993,0.4119,4.9395
2013-01-16 08:54:00,0.1795,9.8943,0.1669,7.0496,0.4403,4.9252
2013-01-16 09:04:00,0.1477,8.3772,0.1542,10.0319,0.438,3.1199
2013-01-16 09:14:00,0.1352,8.1597,0.0945,9.7929,0.3753,2.804
2013-01-16 09:24:00,0.1153,11.1199,0.07,6.6023,0.3203,3.0862
2013-01-16 09:34:00,0.0836,7.7647,0.0758,7.7566,0.2844,1.7204
2013-01-16 09:44:00,0.1033,8.8416,0.0716,6.2081,0.1946,3.0356
2013-01-16 09:54:00,0.0691,7.2575,0.0012,4.9764,0.1692,1.6941
2013-01-16 10:04:00,0.0652,8.257,0.0004,7.0124,0.1472,0.2873
2013-01-16 10:14:00,0.0084,7.9653,0.0728,5.443,0.2175,4.4374
2013-01-16 10:24:00,0.0112,7.3774,0.0835,7.9571,0.2735,0.62
2013-01-16 10:34:00,0.0617,8.8192,0.1268,3.5216,0.2811,6.2359
2013-01-16 10:44:00,0.1065,8.4913,0.1312,5.6432,0.2415,6.213
2013-01-16 10:54:00,0.0539,2.3444,0.1114,2.829,0.1818,0.2668
2013-01-16 11:04:00,0.0989,3.519,0.186,6.7311,0.2114,3.3399
2013-01-16 11:14:00,0.1452,4.1932,0.1864,3.3187,0.1792,0.2553
2013-01-16 16:54:00,0.2272,7.5063,0.2356,2.3678,0.3255,1.8568
2013-01-16 17:04:00,0.1566,7.8703,0.18,5.0302,0.3265,0.012
2013-01-16 17:14:00,0.092,4.0761,0.1897,3.9791,0.33,1.0345
2013-01-16 17:24:00,0.0465,6.8175,0.1209,7.3831,0.1976,1.8726
2013-01-16 17:34:00,0.0646,5.8162,0.104,4.5197,0.2665,1.8772
2013-01-16 17:44:00,0.0011,5.1469,0.0247,3.7693,0.2123,0.004
2013-01-16 17:54:00,0.0552,7.921,0.0309,5.177,0.124,0.2687
2013-01-16 18:04:00,0.151,5.8471,0.1169,4.3738,0.0792,0.7734
2013-01-16 18:14:00,0.1289,5.2995,0.1147,4.5958,0.0872,0.7736
2013-01-16 18:24:00,0.1642,4.3348,0.178,8.9841,0.037,0.7725
2013-01-16 18:34:00,0.1674,7.6755,0.2486,9.0924,0.0562,1.0388
2013-01-16 18:44:00,0.27,7.8886,0.2227,5.0908,0.054,2.5562
2013-01-16 18:54:00,0.2826,7.0628,0.328,7.6376,0.0643,1.0397
2013-01-16 19:04:00,0.3138,9.6009,0.3221,5.3786,0.0112,0.0009
2013-01-16 19:14:00,0.3173,7.2999,0.3702,6.4815,0.0387,0.0029
2013-01-16 19:24:00,0.4184,8.4732,0.3356,7.9221,0.0275,0.0073
2013-01-16 19:34:00,0.3858,7.4846,0.4062,6.623,0.0286,1.3271
2013-01-16 19:44:00,0.407,9.8815,0.3177,9.7044,0.0901,0.2725
2013-01-16 19:54:00,0.3275,7.4758,0.355,6.5582,0.0995,0.2817
2013-01-16 20:04:00,0.3152,8.5007,0.3393,6.5439,0.0695,0.2873
2013-01-16 20:14:00,0.4162,7.432,0.4115,5.4814,0.136,1.3279
2013-01-16 20:24:00,0.4257,8.3961,0.3837,6.5186,0.0124,3.0982
2013-01-16 20:34:00,0.3351,9.6234,0.4114,6.4316,0.0395,0.0264
2013-01-16 20:44:00,0.3573,8.1828,0.4032,6.3529,0.0164,0.0261
2013-01-16 20:54:00,0.2999,9.3861,0.357,9.3724,0.0133,1.3136
2013-01-16 21:04:00,0.2908,7.9185,0.3876,6.1478,0.0183,0.025
2013-01-16 21:14:00,0.2356,9.0903,0.3558,4.9762,0.0125,0.024
2013-01-16 21:24:00,0.2683,7.5709,0.2967,5.8781,0.0071,1.0645
2013-01-16 21:34:00,0.2348,7.3581,0.2114,5.7129,0.0597,0.0215
2013-01-16 21:44:00,0.1886,10.2697,0.1306,5.5474,0.0781,1.3191
2013-01-16 21:54:00,0.1709,6.8878,0.1546,5.348,0.0125,0.0187
2013-01-16 22:04:00,0.221,6.6541,0.0869,5.1668,0.0373,0.0166
2013-01-16 22:14:00,0.1129,6.3738,0.0541,6.289,0.0626,0.0133
2013-01-16 22:24:00,0.1245,6.0616,0.028,3.6643,0.0569,1.0597
2013-01-16 22:34:00,0.1373,7.1059,0.0227,3.4365,0.0284,0.0119
2013-01-16 22:44:00,0.108,5.4659,0.0158,4.2459,0.0187,1.3335
2013-01-16 22:54:00,0.0282,6.5281,0.0126,5.3712,0.1242,3.1251
2013-01-16 23:04:00,0.0005,7.9816,0.0575,3.7756,0.1392,0.0079
2013-01-16 23:14:00,0.0381,5.8392,0.0498,4.8396,0.0987,0.0165
2013-01-16 23:24:00,0.0641,4.2122,0.1309,3.2768,0.1021,1.3548
2013-01-17 05:04:00,0.0273,3.4452,0.0433,2.5037,0.0801,1.6252
2013-01-17 05:14:00,0.0158,4.818,0.0482,3.8026,0.1167,1.6243
2013-01-17 05:24:00,0.093,2.6049,0.0761,3.0278,0.1133,1.5908
2013-01-17 05:34:00,0.1036,4.4799,0.0497,3.3072,0.0756,1.6228
2013-01-17 05:44:00,0.1239,7.1995,0.1393,5.9511,0.1544,0.2528
2013-01-17 05:54:00,0.1431,7.5321,0.1395,3.8283,0.1326,0.7884
2013-01-17 06:04:00,0.2292,5.4757,0.2266,4.0801,0.2542,0.7873
2013-01-17 06:14:00,0.2162,5.7915,0.1903,4.3252,0.1554,0.7869
2013-01-17 06:24:00,0.2261,5.2307,0.2807,5.5785,0.1897,0.7865
2013-01-17 06:34:00,0.2622,6.3569,0.2849,4.7642,0.1863,0.2555
2013-01-17 06:44:00,0.2436,8.9948,0.2818,4.9637,0.2052,1.5951
2013-01-17 06:54:00,0.3635,5.9869,0.3071,5.1239,0.2318,0.7855
2013-01-17 07:04:00,0.3317,7.038,0.3453,4.4596,0.2457,2.3005
2013-01-17 07:14:00,0.3699,7.2317,0.3478,5.4442,0.1164,0.7771
2013-01-17 07:24:00,0.4554,7.3749,0.3925,5.5553,0.1482,0.7773
2013-01-17 07:34:00,0.395,7.4727,0.3976,6.6729,0.1021,0.2643
2013-01-17 07:44:00,0.3663,8.5881,0.3569,5.6884,0.2399,0.7775
2013-01-17 07:54:00,0.3792,8.6212,0.2842,4.8806,0.1117,0.2649
2013-01-17 08:04:00,0.4065,8.6806,0.3763,6.8016,0.1428,0.7768
2013-01-17 08:14:00,0.366,8.6697,0.38,5.7515,0.1197,0.7769
2013-01-17 08:24:00,0.4374,9.9934,0.4438,5.7394,0.0682,1.6103
2013-01-17 08:34:00,0.351,9.9696,0.3981,8.1019,0.1367,0.2647
2013-01-17 08:44:00,0.3814,9.903,0.4307,8.0502,0.0778,2.2921
2013-01-17 08:54:00,0.3551,8.484,0.3687,5.6073,0.0689,0.7769
2013-01-17 09:04:00,0.3191,9.7242,0.3185,6.5721,0.0889,0.7769
2013-01-17 09:14:00,0.3843,7.1876,0.343,7.7341,0.16,1.0303
2013-01-17 09:24:00,0.3211,8.0833,0.3318,5.2377,0.0892,1.0393
2013-01-17 09:34:00,0.2816,9.2473,0.2782,6.1412,0.076,1.882
2013-01-17 09:44:00,0.2667,5.864,0.2933,4.9639,0.1215,1.0659
2013-01-17 09:54:00,0.2205,8.8712,0.2563,5.8428,0.1846,1.0747
2013-01-17 10:04:00,0.2368,7.3183,0.2183,4.6342,0.0886,0.038
2013-01-17 10:14:00,0.2214,6.0179,0.1892,4.4337,0.1679,1.3028
2013-01-17 10:24:00,0.2244,6.9037,0.1738,6.7622,0.031,0.7717
2013-01-17 10:34:00,0.2016,8.0057,0.1105,5.2429,0.0539,0.7526
2013-01-17 10:44:00,0.1368,7.7357,0.0829,6.3773,0.0618,0.3103
2013-01-17 10:54:00,0.1516,6.1367,0.058,4.8404,0.0661,0.3214
2013-01-17 11:04:00,0.1376,7.1953,0.0312,5.9673,0.0365,0.3462
2013-01-17 11:14:00,0.0526,4.5321,0.0053,3.3733,0.0244,0.3736
2013-01-17 11:24:00,0.0117,6.8758,0.0461,3.473,0.0961,0.9502
2013-01-17 11:34:00,0.0244,5.2772,0.0918,3.2787,0.1279,0.0594
2013-01-17 11:44:00,0.0874,3.9795,0.1931,5.4703,0.2539,0.0117
2013-01-17 11:54:00,0.1809,4.764,0.2494,3.9378,0.3138,1.0598
2013-01-17 17:24:00,0.1732,3.2121,0.1826,3.2347,0.2436,0.4061
2013-01-17 17:34:00,0.1811,5.3493,0.21,3.4314,0.3383,1.4217
2013-01-17 17:44:00,0.1944,4.4081,0.2164,3.4292,0.3795,1.0678
2013-01-17 17:54:00,0.1505,5.5931,0.1686,3.4668,0.3551,0.738
2013-01-17 18:04:00,0.1267,5.8547,0.171,3.6571,0.3892,2.0227
2013-01-17 18:14:00,0.0767,5.3044,0.1536,3.3273,0.4586,0.6417
2013-01-17 18:24:00,0.0275,5.3811,0.0826,5.1448,0.3245,0.7067
2013-01-17 18:34:00,0.0012,5.6544,0.0613,5.3598,0.3703,0.3241
2013-01-17 18:44:00,0.048,5.9217,0.0183,5.5703,0.3803,0.3125
2013-01-17 18:54:00,0.0417,8.5398,0.0106,7.0969,0.3582,2.0811
2013-01-17 19:04:00,0.0252,8.7585,0.0395,4.8891,0.3634,0.2861
2013-01-17 19:14:00,0.0822,5.741,0.034,5.0454,0.3228,2.1095
2013-01-17 19:24:00,0.0588,9.2095,0.0695,6.3923,0.3959,2.5918
2013-01-17 19:34:00,0.099,6.1507,0.0904,7.8545,0.3873,2.6009
2013-01-17 19:44:00,0.13,9.4853,0.1032,9.7359,0.3516,0.2296
2013-01-17 19:54:00,0.1443,9.5651,0.1292,8.0145,0.3801,4.4065
2013-01-17 20:04:00,0.1421,6.4259,0.1243,9.8644,0.3332,0.567
2013-01-17 20:14:00,0.1471,7.3205,0.1255,8.1399,0.3578,1.3697
2013-01-17 20:24:00,0.1485,8.3959,0.1188,6.8377,0.3057,4.5451
2013-01-17 20:34:00,0.1486,7.3566,0.1396,8.187,0.3698,2.7961
2013-01-17 20:44:00,0.1287,7.3866,0.1115,8.2756,0.3236,3.0908
2013-01-17 20:54:00,0.1305,7.3699,0.1268,6.9254,0.2928,0.7188
2013-01-17 21:04:00,0.1417,9.6936,0.1299,10.0069,0.2969,4.8894
2013-01-17 21:14:00,0.1312,7.2605,0.114,8.1811,0.3096,3.1052
2013-01-17 21:24:00,0.1288,11.3897,0.1037,6.8688,0.2936,3.3648
2013-01-17 21:34:00,0.1294,9.5079,0.097,4.9194,0.3087,0.9839
2013-01-17 21:44:00,0.1221,8.0718,0.1101,5.6776,0.2896,0.9839
2013-01-17 21:54:00,0.0897,6.9075,0.0808,9.7495,0.3207,0.145
2013-01-17 22:04:00,0.0832,9.1724,0.0511,6.5345,0.268,5.1451
2013-01-17 22:14:00,0.0887,7.6982,0.0418,5.3883,0.294,2.0199
2013-01-17 22:24:00,0.0668,6.5067,0.0088,7.6532,0.317,2.0199
2013-01-17 22:34:00,0.0098,7.3955,0.0391,9.3213,0.3228,0.9772
2013-01-17 22:44:00,0.0087,7.2497,0.0525,7.4226,0.3152,3.3583
2013-01-17 22:54:00,0.0108,7.0686,0.1039,4.9012,0.2876,2.0194
2013-01-17 23:04:00,0.0322,8.2126,0.1009,4.7498,0.3199,3.3593
2013-01-17 23:14:00,0.04,8.04,0.1487,6.9969,0.2728,3.3599
2013-01-17 23:24:00,0.0822,6.5092,0.1824,5.5098,0.346,3.3595
2013-01-17 23:34:00,0.1137,7.652,0.2414,8.4825,0.3848,5.1462
2013-01-17 23:44:00,0.1684,6.1054,0.2441,5.1967,0.4044,0.9806
2013-01-18 00:04:00,0.1983,4.5501,0.2947,4.7985,0.4429,0.9834
2013-01-18 00:14:00,0.2418,4.345,0.3341,4.6394,0.4484,0.9846
2013-01-18 00:24:00,0.2848,5.1718,0.3879,5.8121,0.4918,0.9858
2013-01-18 05:24:00,0.2248,4.178,0.2834,3.4681,0.454,2.0424
2013-01-18 05:34:00,0.197,5.4338,0.2428,4.6758,0.4333,0.9998
2013-01-18 05:44:00,0.1816,4.6115,0.2264,4.846,0.4445,3.3798
2013-01-18 05:54:00,0.1537,15.2496,0.2091,14.3927,0.373,2.0395
2013-01-18 06:04:00,0.1429,6.0965,0.176,2.0648,0.4016,2.0384
2013-01-18 06:14:00,0.1003,6.3383,0.151,5.3774,0.3749,2.0368
2013-01-18 06:24:00,0.0407,7.8991,0.111,6.8885,0.3576,11.4102
2013-01-18 06:34:00,0.0185,6.7686,0.0897,4.6703,0.2715,0.9908
2013-01-18 06:44:00,0.0011,10.1033,0.0295,4.8329,0.2509,2.0311
2013-01-18 06:54:00,0.0313,7.1861,0.0254,15.4116,0.2316,3.3686
2013-01-18 07:04:00,0.0019,7.362,0.0303,4.2982,0.2222,2.0295
2013-01-18 07:14:00,0.0526,8.8817,0.0334,6.3114,0.192,3.3648
2013-01-18 07:24:00,0.0978,6.5992,0.0621,6.329,0.147,0.7218
2013-01-18 07:34:00,0.1114,5.8981,0.0959,5.3813,0.1545,1.7246
2013-01-18 07:44:00,0.1304,9.1836,0.1392,6.4029,0.1018,10.7638
2013-01-18 07:54:00,0.211,6.04,0.1572,6.3615,0.0253,2.2969
2013-01-18 08:04:00,0.2043,6.0783,0.1727,6.3052,0.0836,0.5692
2013-01-18 08:14:00,0.2115,8.0387,0.1625,15.7277,0.0804,1.389
2013-01-18 08:24:00,0.2511,8.1245,0.1906,6.4136,0.0778,9.8343
2013-01-18 08:34:00,0.2244,8.163,0.2117,5.4018,0.0579,0.4589
2013-01-18 08:44:00,0.2615,7.1244,0.1954,4.525,0.1563,1.6233
2013-01-18 08:54:00,0.2149,8.1769,0.1954,6.4089,0.0708,1.6214
2013-01-18 09:04:00,0.2181,4.5564,0.214,9.5232,0.0696,0.7857
2013-01-18 09:14:00,0.2082,8.1283,0.2011,6.3743,0.0522,0.2644
2013-01-18 09:24:00,0.254,11.1963,0.1919,9.4532,0.0319,9.6316
2013-01-18 09:34:00,0.2075,9.3443,0.2148,9.4021,0.0953,0.2556
2013-01-18 09:44:00,0.225,7.915,0.2125,6.2075,0.0672,0.2561
2013-01-18 09:54:00,0.1874,7.9224,0.1541,6.3285,0.0501,10.1612
2013-01-18 10:04:00,0.1688,6.0021,0.2069,6.3723,0.0813,1.1419
2013-01-18 10:14:00,0.1915,9.0895,0.1518,7.6215,0.1078,0.1386
2013-01-18 10:24:00,0.1419,5.7633,0.1176,7.5419,0.1104,1.9115
2013-01-18 10:34:00,0.1693,7.491,0.1092,5.0527,0.0691,10.616
2013-01-18 10:44:00,0.0941,6.359,0.065,15.4689,0.2641,10.9463
2013-01-18 10:54:00,0.0974,6.1017,0.0066,2.2266,0.252,3.099
2013-01-18 11:04:00,0.07,16.3505,0.0109,5.7012,0.264,0.2303
2013-01-18 11:14:00,0.0516,4.8945,0.0275,14.9065,0.2295,1.2268
2013-01-18 11:24:00,0.0485,7.9071,0.0094,14.7392,0.2417,10.5528
2013-01-18 11:34:00,0.0181,6.3448,0.0649,14.5546,0.2938,10.5003
2013-01-18 11:44:00,0.0021,5.997,0.1071,14.2132,0.2979,0.8072
2013-01-18 11:54:00,0.0398,4.7204,0.1255,3.605,0.3163,1.7921
2013-01-18 12:04:00,0.1005,2.409,0.1308,13.8368,0.303,10.1037
2013-01-18 12:14:00,0.1489,14.6574,0.2158,13.6358,0.3056,10.0776
2013-01-18 12:24:00,0.1186,3.1458,0.2153,3.0103,0.3061,2.0156
2013-01-18 12:34:00,0.1639,4.6646,0.2444,2.6914,0.2427,3.5423
2013-01-18 12:44:00,0.1848,13.8183,0.2469,2.5191,0.3187,9.8486
2013-01-18 17:54:00,0.1641,10.0386,0.1124,2.4999,0.003,9.8727
2013-01-18 18:04:00,0.0643,10.1831,0.2058,9.226,0.143,5.8853
2013-01-18 18:14:00,0.0949,10.4157,0.1267,9.4067,0.0089,5.8856
2013-01-18 18:24:00,0.0256,10.6656,0.0353,2.1008,0.0163,4.1141
2013-01-18 18:34:00,0.0262,3.4198,0.0169,9.7982,0.0408,4.1139
2013-01-18 18:44:00,0.0399,2.3096,0.1143,9.8582,0.1874,3.0838
2013-01-18 18:54:00,0.0934,11.3119,0.167,10.0514,0.1393,5.6546
2013-01-18 19:04:00,0.0756,4.0342,0.2016,1.4717,0.0019,5.644
2013-01-18 19:14:00,0.1291,5.0801,0.2472,10.3851,0.1044,5.636
2013-01-18 19:24:00,0.1673,5.3195,0.1455,10.5691,0.0685,5.6275
2013-01-18 19:34:00,0.2613,12.1875,0.2356,10.7235,0.2142,5.6187
2013-01-18 19:44:00,0.2731,12.351,0.4529,10.8485,0.1872,5.6094
2013-01-18 19:54:00,0.2329,12.5237,0.3257,10.9828,0.0867,5.6087
2013-01-18 20:04:00,0.2486,5.1743,0.281,11.0975,0.211,5.5979
2013-01-18 20:14:00,0.3031,12.7541,0.4506,11.1029,0.355,5.3439
2013-01-18 20:24:00,0.2806,6.1949,0.3264,11.1819,0.1367,5.324
2013-01-18 20:34:00,0.4406,12.9601,0.4393,11.254,0.1533,5.3038
2013-01-18 20:44:00,0.4143,13.0269,0.44,11.3014,0.0366,0.3414
2013-01-18 20:54:00,0.3432,2.0058,0.516,11.3213,0.3083,5.263
2013-01-18 21:04:00,0.4039,13.0888,0.5068,11.3412,0.227,5.2467
2013-01-18 21:14:00,0.4691,13.0985,0.4042,11.3466,0.0395,5.237
2013-01-18 21:24:00,0.4589,5.5546,0.4428,11.2613,0.27,5.0089
2013-01-18 21:34:00,0.4139,6.3561,0.3839,6.9495,0.0823,5.0031
2013-01-18 21:44:00,0.4294,12.9913,0.4027,11.2094,0.1945,0.6278
2013-01-18 21:54:00,0.4062,6.2727,0.4628,4.5011,0.3822,4.9913
2013-01-18 22:04:00,0.4826,12.8394,0.5017,11.0889,0.1501,4.9862
2013-01-18 22:14:00,0.4422,12.7743,0.4409,11.0375,0.3438,4.9824
2013-01-18 22:24:00,0.4539,12.6566,0.5152,10.9451,0.4743,4.9789
2013-01-18 22:34:00,0.3726,12.5151,0.4591,10.8344,0.1336,4.9756
2013-01-18 22:44:00,0.3176,12.3893,0.4582,10.7358,0.2134,0.6527
2013-01-18 22:54:00,0.3978,5.6017,0.4456,10.6411,0.372,4.9693
2013-01-18 23:04:00,0.3361,4.5562,0.4163,10.4382,0.1747,4.7994
2013-01-18 23:14:00,0.3435,11.8702,0.37,10.2947,0.1889,4.8048
2013-01-18 23:24:00,0.2279,11.7314,0.2877,0.6453,0.0908,4.8105
2013-01-18 23:34:00,0.3175,5.9182,0.3067,10.0431,0.0443,4.8168
2013-01-18 23:44:00,0.2659,11.2978,0.244,9.8537,0.0375,0.8013
2013-01-19 00:04:00,0.1452,10.6866,0.2218,9.3823,0.0301,4.8414
2013-01-19 00:14:00,0.0937,10.4539,0.0189,9.2041,0.0167,4.8542
2013-01-19 00:24:00,0.0503,0.2031,0.0383,3.3866,0.0279,4.8657
2013-01-19 00:34:00,0.0235,10.008,0.0222,8.862,0.0939,0.7496
2013-01-19 00:44:00,0.0237,9.8083,0.08,8.7083,0.0983,4.8829
2013-01-19 00:54:00,0.0359,9.5547,0.0324,2.8873,0.1545,4.8884
2013-01-19 01:04:00,0.1196,9.3951,0.1848,8.4226,0.1674,5.0402
2013-01-19 06:24:00,0.1127,5.916,0.1123,7.2117,0.1115,0.5101
2013-01-19 06:34:00,0.0284,8.7297,0.0014,7.4557,0.0808,0.5101
2013-01-19 06:44:00,0.061,6.5122,0.0223,7.6753,0.0069,3.0101
2013-01-19 06:54:00,0.0286,1.7787,0.0131,7.8826,0.0694,0.5101
2013-01-19 07:04:00,0.0483,2.1047,0.0112,2.5106,0.0305,2.6138
2013-01-19 07:14:00,0.0931,7.3523,0.0411,8.3279,0.026,3.6575
2013-01-19 07:24:00,0.1074,7.6354,0.0456,6.0481,0.1027,0.5091
2013-01-19 07:34:00,0.0497,7.9073,0.1062,8.7595,0.006,3.0091
2013-01-19 07:44:00,0.186,8.122,0.2135,6.4265,0.1374,0.509
2013-01-19 07:54:00,0.1742,10.8624,0.246,9.1135,0.1839,3.009
2013-01-19 08:04:00,0.2416,5.4585,0.2605,9.2854,0.1257,0.5089
2013-01-19 08:14:00,0.3235,11.2785,0.4949,9.4367,0.2635,3.0076
2013-01-19 08:24:00,0.3465,7.1912,0.3952,7.0913,0.199,6.6354
2013-01-19 08:34:00,0.3038,11.6486,0.5273,9.7248,0.3554,3.0074
2013-01-19 08:44:00,0.3825,9.2711,0.4207,7.32,0.1622,0.5073
2013-01-19 08:54:00,0.373,11.8842,0.4375,9.908,0.3032,3.0073
2013-01-19 09:04:00,0.5521,11.972,0.6152,7.4763,0.2784,0.5072
2013-01-19 09:14:00,0.4146,12.0092,0.5155,4.3803,0.1422,3.0072
2013-01-19 09:24:00,0.4741,12.0479,0.6247,10.0354,0.107,3.0072
2013-01-19 09:34:00,0.5292,12.1118,0.6761,10.0855,0.1956,3.0077
2013-01-19 09:44:00,0.375,2.868,0.5209,7.5754,0.0721,3.0079
2013-01-19 09:54:00,0.4127,12.027,0.4891,9.9715,0.0139,0.2907
2013-01-19 10:04:00,0.4234,7.7375,0.4822,7.4686,0.0297,2.7909
2013-01-19 10:14:00,0.3293,11.9294,0.3702,9.8503,0.0254,2.588
2013-01-19 10:24:00,0.3855,9.3309,0.5443,4.148,0.0955,3.0401
2013-01-19 10:34:00,0.343,11.7447,0.4106,5.4199,0.0343,1.7022
2013-01-19 10:44:00,0.3133,3.4606,0.3683,7.1262,0.0189,0.0843
2013-01-19 10:54:00,0.3639,11.5726,0.3833,9.6183,0.1073,2.7921
2013-01-19 11:04:00,0.4331,5.7759,0.3303,9.4853,0.0836,2.795
2013-01-19 11:14:00,0.2421,11.2773,0.2544,9.3903,0.0373,0.2997
2013-01-19 11:24:00,0.305,11.1212,0.3727,6.7696,0.1515,2.8214
2013-01-19 11:34:00,0.2727,6.6114,0.3104,9.096,0.2848,0.3068
2013-01-19 11:44:00,0.2291,10.7731,0.1278,9.0452,0.2327,3.0122
2013-01-19 11:54:00,0.3215,6.2909,0.112,6.3917,0.0472,2.6144
2013-01-19 12:04:00,0.08,10.3414,0.0823,8.7088,0.2424,0.5107
2013-01-19 12:14:00,0.1017,5.8455,0.1092,8.5453,0.0961,0.5107
2013-01-19 12:24:00,0.0784,7.4255,0.0571,5.8852,0.0959,3.0107
2013-01-19 12:34:00,0.0793,7.1771,0.0128,8.192,0.1775,3.0108
2013-01-19 12:44:00,0.0216,6.9162,0.0186,7.989,0.2513,5.7392
2013-01-19 12:54:00,0.0563,6.6511,0.0475,7.7828,0.2608,3.0109
2013-01-19 13:04:00,0.1233,8.896,0.1861,7.5844,0.3355,1.2747
2013-01-19 13:14:00,0.0664,8.6659,0.1907,7.4053,0.3128,3.0111
2013-01-19 13:24:00,0.0214,1.8945,0.1431,7.2125,0.2708,5.7388
2013-01-19 13:34:00,0.1371,0.0275,0.2923,7.0074,0.3277,1.2745
2013-01-19 18:44:00,0.2943,4.1444,0.2989,4.7999,0.4857,0.8626
2013-01-19 18:54:00,0.0766,0.5197,0.0842,5.014,0.2894,0.8759
2013-01-19 19:04:00,0.0038,6.4475,0.0085,5.208,0.3095,0.8877
2013-01-19 19:14:00,0.0053,6.6933,0.075,5.402,0.4331,0.8996
2013-01-19 19:24:00,0.0596,0.1732,0.1821,2.4432,0.4319,2.2154
2013-01-19 19:34:00,0.0361,5.3906,0.0847,3.997,0.3409,4.7605
2013-01-19 19:44:00,0.0387,5.6307,0.0001,4.1874,0.2476,0.8487
2013-01-19 19:54:00,0.1073,5.7748,0.0373,6.0528,0.287,4.2088
2013-01-19 20:04:00,0.1504,5.9701,0.039,6.1941,0.2224,1.0437
2013-01-19 20:14:00,0.2694,8.0272,0.3258,6.4575,0.1896,0.8038
2013-01-19 20:24:00,0.1845,8.7121,0.1733,7.2777,0.2764,2.2911
2013-01-19 20:34:00,0.2712,4.6706,0.3344,5.5685,0.0898,4.0331
2013-01-19 20:44:00,0.2758,7.1796,0.338,5.6555,0.0519,0.3741
2013-01-19 20:54:00,0.4742,9.2381,0.5083,7.7483,0.1092,2.4097
2013-01-19 21:04:00,0.5109,9.6721,0.4835,8.3179,0.3335,1.8693
2013-01-19 21:14:00,0.4644,7.9661,0.5919,6.5933,0.4358,6.1521
2013-01-19 21:24:00,0.4483,3.0899,0.5715,6.6462,0.3365,1.8637
2013-01-19 21:34:00,0.5595,3.1288,0.6299,6.6758,0.3465,6.1469
2013-01-19 21:44:00,0.5099,9.8985,0.4795,8.4912,0.2396,3.6444
2013-01-19 21:54:00,0.5662,8.1498,0.6581,6.7337,0.5251,1.8563
2013-01-19 22:04:00,0.4853,8.1491,0.5279,8.5189,0.3189,1.8561
2013-01-19 22:14:00,0.5692,12.4142,0.5517,5.3786,0.2736,0.5215
2013-01-19 22:24:00,0.5627,5.7474,0.7429,6.7188,0.2158,1.8637
2013-01-19 22:34:00,0.5484,6.767,0.5955,10.9886,0.3725,6.1546
2013-01-19 22:44:00,0.6011,9.8212,0.6484,6.6494,0.3429,1.8753
2013-01-19 22:54:00,0.5045,12.2906,0.5559,8.413,0.2362,3.6682
2013-01-19 23:04:00,0.4657,7.7814,0.5688,6.331,0.2927,5.6016
2013-01-19 23:14:00,0.3584,4.9894,0.3763,5.7967,0.1122,4.6271
2013-01-19 23:24:00,0.4342,7.3856,0.3962,10.1628,0.082,3.793
2013-01-19 23:34:00,0.1968,6.1073,0.1515,4.6861,0.3274,0.2574
2013-01-19 23:44:00,0.2555,11.0936,0.2936,9.4925,0.01,1.4083
2013-01-20 00:04:00,0.078,8.1795,0.0425,9.0252,0.367,0.7524
2013-01-20 00:14:00,0.0523,1.7663,0.019,1.3995,0.3207,2.3664
2013-01-20 00:24:00,0.112,6.0452,0.0225,4.4708,0.3455,6.3784
2013-01-20 00:34:00,0.0694,5.8531,0.0279,4.3225,0.3281,1.0158
2013-01-20 00:44:00,0.024,5.6764,0.0517,8.472,0.2515,1.0106
2013-01-20 00:54:00,0.0237,5.6106,0.0374,4.1872,0.2773,1.0092
2013-01-20 01:04:00,0.0226,7.2036,0.0909,5.8246,0.3725,5.7144
2013-01-20 01:14:00,0.0801,0.7596,0.1013,5.6738,0.4297,1.0171
2013-01-20 01:24:00,0.0607,6.8002,0.0936,3.724,0.2734,1.0125
2013-01-20 01:34:00,0.1029,0.1293,0.2346,5.353,0.2965,0.7826
2013-01-20 01:44:00,0.1076,6.3988,0.3164,5.193,0.3984,6.5074
2013-01-20 01:54:00,0.1884,8.6711,0.3081,7.5134,0.3687,4.0182
2013-01-20 02:04:00,0.1921,0.9602,0.373,7.3475,0.5159,0.8126
2013-01-20 07:04:00,0.2453,0.1181,0.2408,3.2828,0.2907,0.4192
2013-01-20 07:14:00,0.1267,6.3306,0.1352,5.2266,0.0183,1.7429
2013-01-20 07:24:00,0.0886,4.7758,0.1357,5.4096,0.1425,1.3974
2013-01-20 07:34:00,0.0324,0.5248,0.1293,3.7932,0.1993,0.3734
2013-01-20 07:44:00,0.0795,6.9936,0.0395,5.7524,0.1088,1.4268
2013-01-20 07:54:00,0.0904,7.2316,0.1048,4.1552,0.2339,1.4404
2013-01-20 08:04:00,0.1084,7.4206,0.0283,4.3032,0.1771,2.7219
2013-01-20 08:14:00,0.1131,7.5955,0.0277,6.2241,0.2664,1.4407
2013-01-20 08:24:00,0.0586,7.8034,0.04,6.385,0.1669,0.3487
2013-01-20 08:34:00,0.1227,4.8707,0.0229,4.7482,0.2494,0.3521
2013-01-20 08:44:00,0.0601,5.0306,0.061,4.872,0.1395,1.4307
2013-01-20 08:54:00,0.236,6.5326,0.1777,4.998,0.1296,1.6968
2013-01-20 09:04:00,0.1247,5.3763,0.1072,2.759,0.2201,0.3595
2013-01-20 09:14:00,0.129,6.8558,0.0791,3.9094,0.1658,1.4245
2013-01-20 09:24:00,0.1846,6.9566,0.0957,2.9459,0.1625,3.5769
2013-01-20 09:34:00,0.1479,8.8317,0.1674,7.1821,0.2689,0.3619
2013-01-20 09:44:00,0.1939,7.1636,0.0634,7.2743,0.2053,1.6983
2013-01-20 09:54:00,0.2345,9.0223,0.1504,5.5461,0.2218,0.3559
2013-01-20 10:04:00,0.1915,0.5155,0.1113,4.2427,0.1773,0.3548
2013-01-20 10:14:00,0.14,7.3261,0.1712,7.4013,0.1928,1.4289
2013-01-20 10:24:00,0.1996,4.9787,0.1564,0.284,0.1878,0.359
2013-01-20 10:34:00,0.1743,6.0574,0.1784,5.6695,0.1108,1.4245
2013-01-20 10:44:00,0.1772,9.1675,0.2334,4.3181,0.2038,0.3634
2013-01-20 10:54:00,0.214,7.3819,0.2133,5.6569,0.1995,0.3657
2013-01-20 11:04:00,0.2003,4.9633,0.1633,7.4129,0.1287,0.3688
2013-01-20 11:14:00,0.1839,9.083,0.1455,5.5909,0.1888,0.3677
2013-01-20 11:24:00,0.1766,5.9054,0.1842,7.3359,0.1169,1.4197
2013-01-20 11:34:00,0.1871,7.1815,0.198,7.2873,0.162,0.3639
2013-01-20 11:44:00,0.1895,5.7631,0.1308,3.0596,0.1881,1.4244
2013-01-20 11:54:00,0.1706,7.0894,0.095,7.2745,0.0584,1.6877
2013-01-20 12:04:00,0.2345,8.7875,0.0805,7.2086,0.1574,1.6978
2013-01-20 12:14:00,0.1723,8.6749,0.1321,0.0203,0.0875,0.0797
2013-01-20 12:24:00,0.0859,6.7523,0.0476,5.2296,0.061,0.0828
2013-01-20 12:34:00,0.1667,5.3464,0.1468,7.0202,0.1467,1.9581
2013-01-20 12:44:00,0.1515,8.2457,0.0551,6.7874,0.0461,1.7029
2013-01-20 12:54:00,0.0697,6.3306,0.1033,4.902,0.0308,0.0786
2013-01-20 13:04:00,0.1445,7.9651,0.0514,6.5707,0.0467,2.4565
2013-01-20 13:14:00,0.0779,4.6883,0.0412,6.4527,0.0721,1.4144
2013-01-20 13:24:00,0.0321,5.839,0.0793,6.3065,0.022,2.455
2013-01-20 13:34:00,0.1003,3.3088,0.0407,6.1912,0.0187,0.0702
2013-01-20 13:44:00,0.1146,5.5239,0.0902,6.0632,0.0465,3.9622
2013-01-20 13:54:00,0.0459,4.0073,0.0485,4.1405,0.0518,1.7241
2013-01-20 14:04:00,0.043,6.8434,0.001,5.6549,0.0495,1.5138
2013-01-20 14:14:00,0.0211,0.4536,0.0294,5.5365,0.0615,2.6464
2013-01-20 14:24:00,0.0577,6.5018,0.0923,5.392,0.0844,2.6403
2013-01-20 14:34:00,0.0636,4.5499,0.0796,2.139,0.101,1.532
2013-01-20 19:34:00,0.0894,4.8724,0.0978,5.6548,0.0729,0.9607
2013-01-20 19:44:00,0.0469,5.0492,0.0426,4.006,0.1291,0.3762
2013-01-20 19:54:00,0.115,3.8767,0.067,4.1351,0.0372,2.0071
2013-01-20 20:04:00,0.0325,7.1594,0.0364,6.0428,0.0039,2.1551
2013-01-20 20:14:00,0.0561,0.2649,0.0152,4.2725,0.1282,0.1677
2013-01-20 20:24:00,0.1427,7.4483,0.0941,6.224,0.0228,1.9535
2013-01-20 20:34:00,0.1113,3.4202,0.0493,6.3317,0.0034,1.1714
2013-01-20 20:44:00,0.0724,7.7419,0.0502,6.4523,0.0323,1.9537
2013-01-20 20:54:00,0.1927,6.138,0.0951,4.808,0.0062,1.9538
2013-01-20 21:04:00,0.1125,8.0747,0.0659,6.7111,0.0266,0.1682
2013-01-20 21:14:00,0.1314,8.2178,0.0779,5.0367,0.0137,2.2127
2013-01-20 21:24:00,0.1551,6.6065,0.0924,6.958,0.0625,1.171
2013-01-20 21:34:00,0.15,5.3977,0.1437,3.9346,0.1125,1.1709
2013-01-20 21:44:00,0.1694,6.8604,0.0998,5.3698,0.0211,1.9541
2013-01-20 21:54:00,0.1659,8.7672,0.0883,7.2497,0.0308,1.9542
2013-01-20 22:04:00,0.1492,5.7354,0.1796,3.1555,0.0978,1.9542
2013-01-20 22:14:00,0.0918,7.1953,0.1895,5.6303,0.0565,1.1708
2013-01-20 22:24:00,0.1367,7.2674,0.1718,4.3468,0.0449,0.1688
2013-01-20 22:34:00,0.1053,7.3326,0.1276,5.7368,0.0368,1.1705
2013-01-20 22:44:00,0.1914,7.404,0.1859,3.4114,0.0983,0.1691
2013-01-20 22:54:00,0.209,7.4261,0.1645,5.8096,0.0209,1.9548
2013-01-20 23:04:00,0.1616,6.12,0.0939,7.6212,0.0096,0.1691
2013-01-20 23:14:00,0.1261,7.4869,0.1766,5.8569,0.005,0.1691
2013-01-20 23:24:00,0.1139,9.272,0.0731,7.6423,0.0411,0.1692
2013-01-20 23:34:00,0.1403,7.4823,0.1952,5.8535,0.0063,1.9549
2013-01-20 23:44:00,0.0969,6.1262,0.1074,5.8406,0.0641,1.955
2013-01-21 00:04:00,0.1724,4.9062,0.1294,5.7021,0.0595,1.9552
2013-01-21 00:14:00,0.0908,7.225,0.0665,4.3148,0.0428,0.1694
2013-01-21 00:24:00,0.1128,5.8207,0.1059,5.6037,0.0999,0.1695
2013-01-21 00:34:00,0.1008,8.8786,0.0947,7.3372,0.0205,0.1695
2013-01-21 00:44:00,0.1412,5.6522,0.1193,3.0919,0.0062,0.1699
2013-01-21 00:54:00,0.0811,8.6655,0.0666,5.3859,0.0045,0.1697
2013-01-21 01:04:00,0.0526,4.2021,0.0081,5.0356,0.1133,1.7033
2013-01-21 01:14:00,0.0344,4.2532,0.0782,5.5532,0.198,0.8141
2013-01-21 01:24:00,0.0143,4.7767,0.0282,1.4206,0.1224,5.6151
2013-01-21 01:34:00,0.037,18.0503,0.0504,15.8009,0.1349,6.3322
2013-01-21 01:44:00,0.0611,4.7637,0.0313,2.3776,0.0709,7.7356
2013-01-21 01:54:00,0.0238,16.5518,0.0306,14.0772,0.0934,8.8488
2013-01-21 02:04:00,0.06,3.5504,0.0415,13.5905,0.008,5.0
2013-01-21 02:14:00,0.0094,15.8041,0.0102,13.399,0.0233,10.625
2013-01-21 02:24:00,0.0443,15.473,0.0125,0.6416,0.0095,5.0
2013-01-21 02:34:00,0.0209,15.1917,0.0664,12.9229,0.0487,5.0
2013-01-21 02:44:00,0.0197,14.9244,0.0188,3.9515,0.0039,7.5
2013-01-21 02:54:00,0.0288,0.3085,0.0223,1.8272,0.0131,10.625
2013-01-21 03:04:00,0.1106,2.076,0.074,12.5548,0.1348,5.4978
2013-01-21 03:14:00,0.1297,14.317,0.1539,12.3588,0.146,5.5216
2013-01-21 03:24:00,0.195,1.5545,0.2,2.1254,0.1767,6.9531
2013-01-21 08:14:00,0.1074,1.6532,0.1501,5.2245,0.2522,5.4124
2013-01-21 08:24:00,0.0005,2.2083,0.26,9.3997,0.5676,4.6195
2013-01-21 08:34:00,0.049,1.0436,0.2937,8.9297,0.7839,3.7451
2013-01-21 08:44:00,0.1188,9.5296,0.4549,7.7901,1.0201,1.7234
2013-01-21 08:54:00,0.1321,9.564,0.4342,7.7261,0.9213,1.3159
2013-01-21 09:04:00,0.2401,9.7889,0.5122,7.9008,1.0396,8.0596
2013-01-21 09:14:00,0.2528,3.7277,0.4927,1.2926,0.4338,9.9347
2013-01-21 09:24:00,0.3762,10.2172,0.512,8.2339,1.0798,1.3152
2013-01-21 09:34:00,0.3698,10.4858,0.5028,8.4428,0.482,1.3152
2013-01-21 09:44:00,0.385,17.0255,0.4216,0.7069,0.8018,1.3151
2013-01-21 09:54:00,0.4873,17.2305,0.6545,8.8275,0.4559,1.3151
2013-01-21 10:04:00,0.515,0.7815,0.7768,8.9968,1.0009,1.3151
2013-01-21 10:14:00,0.5689,11.4117,0.7988,4.5871,1.0926,1.3151
2013-01-21 10:24:00,0.7153,11.6025,0.7502,9.3113,0.6596,8.06
2013-01-21 10:34:00,0.6872,11.7479,1.0616,9.4243,1.2756,1.315
2013-01-21 10:44:00,0.7729,11.9439,0.8711,9.5768,1.0515,1.315
2013-01-21 10:54:00,0.7586,12.0523,1.0597,9.661,0.9059,2.435
2013-01-21 11:04:00,0.8032,12.1845,0.8948,9.7639,0.7237,1.315
2013-01-21 11:14:00,0.7643,2.9315,1.3274,9.8588,1.279,1.315
2013-01-21 11:24:00,0.9056,12.3938,1.4248,0.5516,1.3009,1.315
2013-01-21 11:34:00,0.7565,12.4425,0.9068,9.9645,1.0116,1.315
2013-01-21 11:44:00,0.969,0.9662,1.2699,9.9522,1.1166,1.315
2013-01-21 11:54:00,0.9495,12.4411,1.1418,9.9634,1.5306,1.315
2013-01-21 12:04:00,1.1438,12.4686,1.4746,9.9848,1.796,1.315
2013-01-21 12:14:00,0.9848,8.732,1.4309,9.9953,1.3809,1.315
2013-01-21 12:24:00,1.0111,0.933,1.2485,9.978,1.2926,8.06
2013-01-21 12:34:00,1.1116,12.3728,1.4437,9.9103,1.6784,1.315
2013-01-21 12:44:00,0.9937,12.2863,1.4487,9.843,1.9563,1.315
2013-01-21 12:54:00,0.9837,18.468,1.636,9.7899,1.6894,1.315
2013-01-21 13:04:00,1.0491,2.6914,1.1955,9.672,1.0893,8.06
2013-01-21 13:14:00,0.8137,2.5552,1.0649,9.566,1.4698,1.315
2013-01-21 13:24:00,0.9175,11.7941,1.2919,9.4602,1.7056,9.1016
2013-01-21 13:34:00,0.8859,17.9095,1.0567,0.0194,1.4395,1.315
2013-01-21 13:44:00,0.6866,17.7467,0.9842,9.229,1.4539,1.315
2013-01-21 13:54:00,0.8212,1.8965,1.2798,9.0533,1.5248,1.3127
2013-01-21 14:04:00,0.639,11.111,1.1924,8.9285,1.315,1.3127
2013-01-21 14:14:00,0.6581,10.8694,1.0984,4.9906,1.3764,8.0622
2013-01-21 14:24:00,0.5399,10.707,1.0232,8.6143,1.5705,1.3128
2013-01-21 14:34:00,0.4994,1.1052,0.9889,8.4379,1.3409,1.3128
2013-01-21 14:44:00,0.404,10.3368,1.021,8.3264,1.4313,1.3128
2013-01-21 14:54:00,0.3835,0.3138,0.9321,8.1445,1.3434,1.312
2013-01-21 15:04:00,0.3009,66.0976,0.936,1.6959,1.3406,1.312
2013-01-21 15:14:00,0.2433,9.6138,0.9971,7.7644,1.5001,1.3148
2013-01-21 15:24:00,0.1836,5.6924,0.4656,4.8689,1.0896,9.9352
2013-01-21 15:34:00,0.1391,9.2404,0.505,3.724,1.3581,1.3148
2013-01-21 15:44:00,0.0132,27.7006,0.578,7.2486,1.5405,1.3147
2013-01-21 21:04:00,0.0015,2.2062,0.6587,3.5712,0.9225,1.3141
2013-01-21 21:14:00,0.0745,65.5427,0.5764,1.8602,0.9854,8.0609
2013-01-21 21:24:00,0.1167,3.3804,0.431,7.7541,0.6337,1.3142
2013-01-21 21:34:00,0.2113,16.1427,0.4946,6.8212,0.654,1.3143
2013-01-21 21:44:00,0.3557,6.4143,0.9585,8.1926,1.3315,1.3144
2013-01-21 21:54:00,0.389,16.7298,0.8209,8.4381,0.7802,1.3145
2013-01-21 22:04:00,0.4236,16.9673,0.6881,4.8728,0.9207,2.4354
2013-01-21 22:14:00,0.572,10.9193,1.052,8.7799,1.3041,1.3146
2013-01-21 22:24:00,0.5488,1.8965,1.0181,6.2871,1.3571,1.3147
2013-01-21 22:34:00,0.6921,11.565,1.1326,9.282,1.1906,1.3148
2013-01-21 22:44:00,0.7731,11.7924,1.325,9.4589,1.5876,1.3148
2013-01-21 22:54:00,0.7923,8.4433,1.4159,3.6135,1.2504,2.0189
2013-01-21 23:04:00,0.8878,12.3911,1.3724,10.0195,1.487,2.0086
2013-01-21 23:14:00,1.0391,3.2617,1.4824,10.211,1.237,1.7432
2013-01-21 23:24:00,0.9256,12.8473,1.1319,10.3752,0.7131,1.7448
2013-01-21 23:34:00,0.862,0.8036,1.1557,0.7973,1.048,1.7464
2013-01-21 23:44:00,0.8686,9.2063,1.1636,6.6144,1.859,1.3145
2013-01-22 00:04:00,1.2303,9.8383,1.7454,2.6953,1.4143,1.5407
2013-01-22 00:14:00,1.2676,10.1153,1.6867,11.3706,1.7393,2.6601
2013-01-22 00:24:00,1.1755,13.9614,1.1364,11.4477,1.4012,1.0791
2013-01-22 00:34:00,1.1058,14.067,1.5221,11.6016,1.5061,2.9919
2013-01-22 00:44:00,1.2134,14.0969,1.5523,1.2135,1.1965,3.0154
2013-01-22 00:54:00,1.3428,70.3849,1.4108,11.6654,1.4518,8.2085
2013-01-22 01:04:00,1.0892,14.1917,1.4053,11.8093,1.4525,3.4887
2013-01-22 01:14:00,1.2012,14.2436,1.4132,11.8498,1.1357,3.4896
2013-01-22 01:24:00,0.8112,3.7455,1.0474,5.5368,1.0725,0.2595
2013-01-22 01:34:00,1.0332,0.7098,1.6021,5.4906,1.363,6.9252
2013-01-22 01:44:00,0.7762,10.2632,0.9781,5.4212,0.7143,2.7575
2013-01-22 01:54:00,1.0866,13.8851,1.5118,11.5718,1.2708,0.2566
2013-01-22 02:04:00,1.0124,10.0071,1.3975,7.7242,1.4505,3.5024
2013-01-22 02:14:00,1.0778,0.0938,1.3301,0.9837,1.1209,0.2266
2013-01-22 02:24:00,0.7733,9.7748,0.9586,7.5528,1.2087,3.5445
2013-01-22 02:34:00,0.9214,13.5182,1.2359,0.5488,1.0607,0.1796
2013-01-22 02:44:00,0.8371,0.7927,1.4687,11.2075,1.4112,3.9293
2013-01-22 02:54:00,0.8511,13.1302,1.0293,11.0809,1.017,3.9288
2013-01-22 03:04:00,0.7109,2.5581,0.9712,10.96,0.9801,3.9284
2013-01-22 03:14:00,0.6145,9.0647,0.5394,10.8353,0.4543,3.9281
2013-01-22 03:24:00,0.5492,2.1661,0.6605,3.4076,0.5754,6.4889
2013-01-22 03:34:00,0.6382,12.3314,0.9471,6.7092,1.1065,0.1773
2013-01-22 03:44:00,0.4573,1.69,0.4192,2.6966,0.4795,6.4901
2013-01-22 03:54:00,0.36,5.6336,0.4869,6.3605,0.6557,3.9257
2013-01-22 04:04:00,0.3422,11.653,0.6701,9.9309,0.6867,0.175
2013-01-22 04:14:00,0.2419,2.3295,0.4272,3.5,0.5001,3.9249
2013-01-22 04:24:00,0.2183,0.764,0.3306,5.8134,0.3651,0.1746
2013-01-22 04:34:00,0.1841,10.9863,0.622,1.0046,0.5841,6.4926
2013-01-22 04:44:00,0.0665,66.9772,0.2393,3.7705,0.1711,3.9231
2013-01-22 09:34:00,0.0,6.8191,0.2484,5.3391,0.2617,0.1818
2013-01-22 09:44:00,0.0526,7.07,0.2345,3.0369,0.364,7.3065
2013-01-22 09:54:00,0.1542,17.2918,0.2172,5.7111,0.2307,0.2004
2013-01-22 10:04:00,0.1391,7.5807,0.1756,3.4362,0.0997,2.2977
2013-01-22 10:14:00,0.1682,67.8037,0.3499,3.6094,0.0316,0.2007
2013-01-22 10:24:00,0.2199,5.5357,0.291,6.2896,0.2664,0.1993
2013-01-22 10:34:00,0.3502,8.3012,0.5438,6.4958,0.2808,2.302
2013-01-22 10:44:00,0.3714,8.5611,0.4946,6.6977,0.5189,0.1965
2013-01-22 10:54:00,0.3965,12.5392,0.5823,3.1252,0.527,2.3049
2013-01-22 11:04:00,0.4703,0.8721,0.7804,2.9195,0.672,0.1938
2013-01-22 11:14:00,0.5531,13.0284,0.6928,11.0049,0.8093,0.193
2013-01-22 11:24:00,0.431,9.51,0.5718,2.2079,0.4414,4.0936
2013-01-22 11:34:00,0.5166,9.728,0.6626,5.1043,0.4368,0.1911
2013-01-22 11:44:00,0.6063,2.4101,0.5755,0.2458,0.3201,4.0956
2013-01-22 11:54:00,0.5629,7.6263,0.6328,7.9137,0.4308,0.1892
2013-01-22 12:04:00,0.7196,10.2311,0.7991,7.9951,0.3273,0.1884
2013-01-22 12:14:00,0.5324,2.9032,0.617,2.5039,0.6071,0.188
2013-01-22 12:24:00,0.604,10.5435,0.6105,8.2379,0.5851,0.1875
2013-01-22 12:34:00,0.713,8.2276,0.888,0.9379,0.3424,0.4407
2013-01-22 12:44:00,0.6958,10.8276,0.8387,8.5174,0.5107,0.4483
2013-01-22 12:54:00,0.5141,8.3797,0.7378,4.2738,0.3339,0.4556
2013-01-22 13:04:00,0.4589,10.9163,0.5385,8.5895,0.7285,0.4624
2013-01-22 13:14:00,0.5712,8.4719,0.9035,8.6342,0.3131,0.4687
2013-01-22 13:24:00,0.6544,11.0682,0.7249,8.7758,0.7984,0.7689
2013-01-22 13:34:00,0.6601,11.0411,0.8539,3.1318,0.6943,1.7217
2013-01-22 13:44:00,0.8462,3.5116,0.9616,8.7358,0.614,0.7872
2013-01-22 13:54:00,0.6159,14.7546,0.7738,6.2323,0.6156,1.7044
2013-01-22 14:04:00,0.7063,1.6922,0.9291,1.1699,0.7375,4.5505
2013-01-22 14:14:00,0.6422,4.1849,0.8486,8.6143,0.7992,0.8008
2013-01-22 14:24:00,0.8689,10.7837,0.9137,8.5616,0.5692,0.801
2013-01-22 14:34:00,0.5353,10.6657,0.6254,1.8032,0.4354,6.6988
2013-01-22 14:44:00,0.5791,8.0248,0.8879,8.3603,0.5995,1.6985
2013-01-22 14:54:00,0.7793,7.9007,1.0986,8.2638,0.7009,3.484
2013-01-22 15:04:00,0.6818,13.9813,0.5899,8.1327,0.3481,1.6954
2013-01-22 15:14:00,0.6625,10.17,0.8303,11.9008,0.4446,1.1048
2013-01-22 15:24:00,0.6453,2.5009,0.818,8.022,0.5496,1.1173
2013-01-22 15:34:00,0.6205,13.5776,0.6613,11.64,0.699,4.88
2013-01-22 15:44:00,0.4714,13.3843,0.579,7.7426,0.3798,1.1429
2013-01-22 15:54:00,0.5256,13.2101,0.9579,11.3599,0.8249,4.906
2013-01-22 16:04:00,0.4803,2.5584,0.5263,11.1791,0.4486,4.915
2013-01-22 16:14:00,0.2436,8.9921,0.4315,7.2484,0.4574,1.1676
2013-01-22 16:24:00,0.331,2.0362,0.5377,4.5974,0.7553,4.9204
2013-01-22 16:34:00,0.3194,12.2746,0.4548,10.636,0.5556,4.9233
2013-01-22 16:44:00,0.2131,5.7983,0.4492,10.4607,0.3262,4.9265
2013-01-22 16:54:00,0.2653,0.103,0.3715,6.5407,0.2828,1.1798
2013-01-22 17:04:00,0.104,30.327,0.2451,10.0957,0.3549,5.4824
2013-01-22 17:14:00,0.0343,7.5884,0.2755,9.9116,0.4921,4.9404
2013-01-22 17:24:00,0.0307,17.3665,0.166,5.9904,0.22,1.1972
2013-01-22 22:14:00,0.0566,66.9196,0.1908,5.4138,0.35,0.1667
2013-01-22 22:24:00,0.1271,0.3603,0.5975,9.177,0.7921,3.6017
2013-01-22 22:34:00,0.1714,0.1744,0.5422,5.6593,0.7316,6.8152
2013-01-22 22:44:00,0.2413,30.0615,0.6117,5.4071,0.9132,5.7737
2013-01-22 22:54:00,0.3138,11.6458,0.7661,9.8522,0.946,3.5992
2013-01-22 23:04:00,0.4641,0.0046,0.9082,0.7033,1.0389,3.599
2013-01-22 23:14:00,0.5523,0.2926,0.8769,10.2892,1.2038,0.1511
2013-01-22 23:24:00,0.5379,3.1154,0.7883,6.7595,0.9499,0.1512
2013-01-22 23:34:00,0.5751,1.5408,0.6926,10.7432,0.9024,3.5986
2013-01-22 23:44:00,0.6813,3.6826,0.814,2.0294,1.1989,0.1501
2013-01-23 00:04:00,0.921,13.7157,1.2577,7.7134,1.183,3.5996
2013-01-23 00:14:00,1.0325,4.5415,1.3305,1.2031,1.1026,0.1504
2013-01-23 00:24:00,1.145,7.8496,1.57,1.3455,1.823,0.1505
2013-01-23 00:34:00,1.0805,4.9618,1.3368,11.9468,1.3813,3.5995
2013-01-23 00:44:00,1.2032,14.4994,1.9742,12.073,1.5994,3.5992
2013-01-23 00:54:00,1.259,14.6744,1.3657,12.2092,1.184,0.1508
2013-01-23 01:04:00,1.2561,11.0609,1.5029,12.3154,1.1879,0.1508
2013-01-23 01:14:00,1.1222,2.3893,1.5641,12.3765,1.4359,6.8174
2013-01-23 01:24:00,1.3407,14.9947,1.6782,8.7084,1.6061,0.1507
2013-01-23 01:34:00,1.3626,15.0458,1.4379,2.0817,1.3717,0.1502
2013-01-23 01:44:00,1.3017,15.0781,1.3764,12.5235,1.637,3.5998
2013-01-23 01:54:00,1.1759,11.318,1.5263,12.5157,1.5674,3.5999
2013-01-23 02:04:00,1.2926,15.1057,1.6216,12.545,1.203,3.6
2013-01-23 02:14:00,1.1707,15.1418,1.4851,12.6404,1.4735,3.9017
2013-01-23 02:24:00,1.1345,2.1135,1.4079,0.3772,1.2109,2.3478
2013-01-23 02:34:00,1.1614,3.1,1.5151,2.1384,1.8497,0.1526
2013-01-23 02:44:00,1.3583,14.903,1.8692,12.455,1.3739,3.903
2013-01-23 02:54:00,1.0351,2.8828,1.2941,12.3862,1.3084,0.1533
2013-01-23 03:04:00,0.9899,14.6508,1.2339,12.2588,1.0924,3.9035
2013-01-23 03:14:00,0.9942,14.5326,1.2005,12.1669,1.246,2.3464
2013-01-23 03:24:00,1.0538,14.3361,1.3334,12.014,1.372,3.9038
2013-01-23 03:34:00,1.0157,14.1318,1.4427,11.855,1.5334,5.4711
2013-01-23 03:44:00,1.0596,13.9224,1.5387,11.6921,1.6636,3.904
2013-01-23 03:54:00,0.8924,13.7233,1.1194,7.7881,1.5966,9.0713
2013-01-23 04:04:00,0.9243,13.4354,1.3897,11.314,1.7292,0.1591
2013-01-23 04:14:00,0.7673,13.2064,0.9293,7.3859,1.1124,8.0226
2013-01-23 04:24:00,0.6318,2.5188,1.079,10.9511,0.9196,8.5967
2013-01-23 04:34:00,0.6041,8.9503,0.8235,6.991,0.8867,0.1531
2013-01-23 04:44:00,0.4513,12.3642,0.5987,6.7294,0.5972,3.9028
2013-01-23 04:54:00,0.4266,1.7023,0.6876,0.1281,0.8064,3.9026
2013-01-23 05:04:00,0.3789,3.7954,0.711,0.6895,1.1072,3.9026
2013-01-23 05:14:00,0.2112,7.7577,0.4253,6.063,0.5861,3.9031
2013-01-23 05:24:00,0.0844,11.2682,0.3501,5.8767,0.4787,3.9035
2013-01-23 05:34:00,0.0673,29.7063,0.2357,1.0326,0.4998,6.5127
2013-01-23 05:44:00,0.0365,6.866,0.0772,5.3694,0.324,3.9044
2013-01-23 11:04:00,0.0394,7.0991,0.2777,0.0443,0.5118,8.9425
2013-01-23 11:14:00,0.0782,0.7601,0.3612,5.829,0.2196,0.2585
2013-01-23 11:24:00,0.1932,67.6604,0.3499,9.7556,0.6773,7.265
2013-01-23 11:34:00,0.2221,1.3531,0.3302,6.2832,0.1737,6.4408
2013-01-23 11:44:00,0.2713,8.3571,0.505,6.5476,0.202,2.2653
2013-01-23 11:54:00,0.3835,1.2213,0.3904,4.3358,0.2298,0.2563
2013-01-23 12:04:00,0.4556,0.8261,0.5098,4.5658,0.5407,7.894
2013-01-23 12:14:00,0.3888,3.6256,0.5021,7.2627,0.5137,0.324
2013-01-23 12:24:00,0.4784,2.8766,0.4983,4.9973,0.3559,0.355
2013-01-23 12:34:00,0.4208,9.8836,0.4963,7.7679,0.5093,0.3813
2013-01-23 12:44:00,0.6991,13.9323,1.0168,8.0052,0.6455,7.0968
2013-01-23 12:54:00,0.9324,10.468,0.8225,8.2316,0.553,0.4214
2013-01-23 13:04:00,0.6292,10.6629,0.782,5.886,0.3317,2.0662
2013-01-23 13:14:00,0.8157,10.8653,0.8497,8.5449,1.0315,0.4406
2013-01-23 13:24:00,0.645,10.9572,0.8714,1.1178,0.5926,7.0535
2013-01-23 13:34:00,0.7387,3.6035,0.7217,6.2328,0.4939,9.1913
2013-01-23 13:44:00,0.8218,11.2553,1.0253,8.8518,0.7518,4.206
2013-01-23 13:54:00,0.7355,4.4973,0.9071,0.1041,1.0987,0.1462
2013-01-23 14:04:00,0.7461,0.3833,0.7885,0.5442,0.77,0.1462
2013-01-23 14:14:00,0.7511,11.4477,0.9641,6.5005,0.7096,0.4598
2013-01-23 14:24:00,0.7261,11.4745,1.0219,9.0223,0.591,2.0361
2013-01-23 14:34:00,0.6161,11.4624,0.7847,9.0141,0.6327,0.4692
2013-01-23 14:44:00,0.7139,8.935,0.7721,8.9942,0.6033,2.024
2013-01-23 14:54:00,0.7724,11.3998,0.8213,1.4687,0.7857,8.2654
2013-01-23 15:04:00,0.8254,0.0945,1.0372,8.92,0.7293,0.4954
2013-01-23 15:14:00,0.6052,8.869,0.6943,6.5179,0.6637,0.8126
2013-01-23 15:24:00,0.8536,11.1996,1.1671,8.8889,1.1637,0.8257
2013-01-23 15:34:00,0.7329,3.5065,0.7612,8.7421,0.3735,0.8411
2013-01-23 15:44:00,0.7009,4.2335,1.0763,1.1634,0.8439,1.6409
2013-01-23 15:54:00,0.6979,10.7931,0.7307,8.5847,0.5668,0.8799
2013-01-23 16:04:00,0.473,10.6845,0.7222,8.5667,0.4643,1.1777
2013-01-23 16:14:00,0.5509,10.484,0.4936,8.414,0.3794,3.0936
2013-01-23 16:24:00,0.4392,10.2329,0.4891,8.222,0.3969,6.9745
2013-01-23 16:34:00,0.3785,1.2178,0.3281,8.0192,0.3123,1.2231
2013-01-23 16:44:00,0.4471,1.0208,0.5154,7.8696,0.1857,4.3858
2013-01-23 16:54:00,0.3401,9.541,0.3007,7.6945,0.3084,1.2555
2013-01-23 17:04:00,0.2632,0.7083,0.3324,7.5039,0.3144,1.2706
2013-01-23 17:14:00,0.3383,9.0355,0.2754,7.3075,0.0756,1.2161
2013-01-23 17:24:00,0.3107,6.3482,0.2236,7.2016,0.0697,1.4627
2013-01-23 17:34:00,0.1622,1.0059,0.1249,1.2465,0.0146,1.4626
2013-01-23 17:44:00,0.1314,0.0055,0.1468,2.4017,0.3154,1.4625
2013-01-23 17:54:00,0.0652,2.3743,0.1166,3.5063,0.0927,1.4624
2013-01-23 18:04:00,0.0143,2.0143,0.0885,1.929,0.1155,1.4623
2013-01-23 23:24:00,0.0624,7.7289,0.1654,6.3316,0.1544,2.8219
2013-01-23 23:34:00,0.0787,5.7213,0.0922,4.273,0.1723,2.561
2013-01-23 23:44:00,0.0339,6.0631,0.1137,4.5425,0.0625,0.7589
2013-01-24 00:04:00,0.1276,5.0005,0.1025,7.612,0.0197,2.513
2013-01-24 00:14:00,0.2383,5.5505,0.1481,3.8908,0.0089,2.386
2013-01-24 00:24:00,0.1786,10.2601,0.2431,6.0768,0.1441,0.2011
2013-01-24 00:34:00,0.2654,4.9809,0.2916,6.3495,0.1782,2.7179
2013-01-24 00:44:00,0.2141,6.6891,0.3335,6.7016,0.2821,0.5101
2013-01-24 00:54:00,0.3314,1.9722,0.3851,6.879,0.1611,0.5101
2013-01-24 01:04:00,0.3385,7.1722,0.3331,7.0772,0.1396,1.2756
2013-01-24 01:14:00,0.3868,6.051,0.4363,7.2469,0.2345,3.01
2013-01-24 01:24:00,0.3484,11.8526,0.5672,9.8842,0.5716,1.2758
2013-01-24 01:34:00,0.3834,0.7868,0.5952,5.7417,0.2865,1.2758
2013-01-24 01:44:00,0.4548,6.5836,0.4426,5.8753,0.1324,0.5098
2013-01-24 01:54:00,0.4557,8.0868,0.7016,6.0028,0.2946,3.0097
2013-01-24 02:04:00,0.4873,8.2236,0.5124,6.1092,0.2901,0.5096
2013-01-24 02:14:00,0.4908,10.1081,0.4506,4.8467,0.1672,0.5095
2013-01-24 02:24:00,0.4643,7.0216,0.5864,8.0017,0.2251,3.0103
2013-01-24 02:34:00,0.4556,8.41,0.5632,8.0398,0.1135,3.6585
2013-01-24 02:44:00,0.434,12.7097,0.4747,8.0506,0.2531,0.5081
2013-01-24 02:54:00,0.5324,10.2203,0.479,8.0592,0.1923,0.5099
2013-01-24 03:04:00,0.4638,3.4673,0.5278,10.5419,0.237,0.5098
2013-01-24 03:14:00,0.4946,3.4109,0.6309,6.2123,0.3254,0.5096
2013-01-24 03:24:00,0.499,10.0634,0.5579,4.8121,0.1515,0.5094
2013-01-24 03:34:00,0.4619,6.8471,0.49,7.8661,0.1472,0.5092
2013-01-24 03:44:00,0.4632,8.0998,0.4592,3.6321,0.1492,0.509
2013-01-24 03:54:00,0.4659,7.9391,0.5471,7.6737,0.0832,3.0088
2013-01-24 04:04:00,0.4307,6.4474,0.4169,10.0552,0.2212,0.5085
2013-01-24 04:14:00,0.3815,9.42,0.3845,4.3116,0.1361,2.6168
2013-01-24 04:24:00,0.2745,7.444,0.2705,5.5029,0.0234,0.5079
2013-01-24 04:34:00,0.341,2.7558,0.2584,9.6145,0.0026,0.5076
2013-01-24 04:44:00,0.261,4.6223,0.2568,9.4459,0.0108,3.0074
2013-01-24 04:54:00,0.2698,8.5763,0.1819,4.9947,0.0855,0.5074
2013-01-24 05:04:00,0.1996,6.5512,0.1221,9.0944,0.0439,3.0076
2013-01-24 05:14:00,0.1736,6.2909,0.1767,6.392,0.0636,0.508
2013-01-24 05:24:00,0.2631,7.7891,0.1912,8.6684,0.068,3.0083
2013-01-24 05:34:00,0.1504,1.2426,0.0514,4.1521,0.0681,0.5085
2013-01-24 05:44:00,0.1555,7.2058,0.0408,5.7148,0.0659,3.6579
2013-01-24 05:54:00,0.081,5.131,0.0038,3.7044,0.0163,0.5089
2013-01-24 06:04:00,0.1309,6.6752,0.0568,5.3022,0.0099,1.2767
2013-01-24 06:14:00,0.0104,6.3571,0.0807,5.0549,0.1472,2.6159
2013-01-24 06:24:00,0.1055,6.095,0.1567,3.0653,0.1087,0.5092
2013-01-24 06:34:00,0.1363,2.6736,0.1495,7.1205,0.1546,0.5093
2013-01-24 11:54:00,0.1466,6.0293,0.1801,4.8578,0.1028,0.7699
2013-01-24 12:04:00,0.0756,6.3258,0.0346,3.3025,0.0105,0.7692
2013-01-24 12:14:00,0.036,3.5098,0.0164,2.2033,0.0025,2.3569
2013-01-24 12:24:00,0.043,0.5208,0.0663,1.4292,0.0973,5.483
2013-01-24 12:34:00,0.0663,7.2946,0.0388,2.716,0.0027,1.02
2013-01-24 12:44:00,0.0786,4.4789,0.0924,4.2955,0.0754,1.0213
2013-01-24 12:54:00,0.4106,7.9118,0.2195,4.5347,0.087,2.3621
2013-01-24 13:04:00,0.3477,5.07,0.3074,4.7546,0.1106,2.3637
2013-01-24 13:14:00,0.4733,6.6814,0.2802,4.9658,0.1372,1.0262
2013-01-24 13:24:00,0.4134,6.9858,0.4414,7.0404,0.2341,0.9934
2013-01-24 13:34:00,0.3692,7.2692,0.4283,5.4741,0.1746,0.797
2013-01-24 13:44:00,0.4938,7.5157,0.469,5.6647,0.1799,0.9839
2013-01-24 13:54:00,0.4806,3.2414,0.5293,3.4305,0.1187,0.9789
2013-01-24 14:04:00,0.5299,7.8838,0.5794,4.6095,0.2342,0.9734
2013-01-24 14:14:00,0.4525,9.8062,0.5794,7.8394,0.4455,0.9671
2013-01-24 14:24:00,0.6061,9.9685,0.6189,7.9642,0.2348,0.9607
2013-01-24 14:34:00,0.623,6.9411,0.5904,4.9137,0.2436,0.8313
2013-01-24 14:44:00,0.7939,8.3442,0.7483,8.087,0.2145,0.8374
2013-01-24 14:54:00,0.6171,8.4391,0.6337,8.1596,0.2432,0.8431
2013-01-24 15:04:00,0.7153,8.4442,0.7625,6.3766,0.2614,2.188
2013-01-24 15:14:00,0.5705,8.4545,0.685,6.3834,0.2002,0.8541
2013-01-24 15:24:00,0.5664,7.096,0.697,5.0282,0.1014,0.9275
2013-01-24 15:34:00,0.5419,10.1868,0.4966,8.1261,0.3265,0.8608
2013-01-24 15:44:00,0.5747,5.9608,0.7008,1.349,0.3018,0.8616
2013-01-24 15:54:00,0.5241,10.06,0.5189,6.2417,0.2103,0.8606
2013-01-24 16:04:00,0.6058,3.1926,0.726,7.9204,0.1476,0.9213
2013-01-24 16:14:00,0.4031,9.7472,0.391,4.6557,0.1225,2.2153
2013-01-24 16:24:00,0.5749,9.6489,0.5391,5.9165,0.3236,0.9006
2013-01-24 16:34:00,0.4019,5.3588,0.4698,5.819,0.1357,0.8939
2013-01-24 16:44:00,0.4507,7.5065,0.4354,4.2974,0.1822,3.277
2013-01-24 16:54:00,0.4823,7.2643,0.4274,5.4059,0.2784,1.0859
2013-01-24 17:04:00,0.3994,8.8547,0.418,5.2541,0.3089,1.0856
2013-01-24 17:14:00,0.3677,6.7772,0.2843,6.7698,0.1929,0.508
2013-01-24 17:24:00,0.3299,6.5312,0.1943,4.7928,0.0609,0.508
2013-01-24 17:34:00,0.2515,6.291,0.186,4.6059,0.0395,1.2776
2013-01-24 17:44:00,0.2144,4.6678,0.2339,12.4208,0.0301,1.2775
2013-01-24 17:54:00,0.3188,7.5112,0.2019,5.9519,0.031,1.2774
2013-01-24 18:04:00,0.2804,7.2238,0.0762,5.7283,0.0329,0.5084
2013-01-24 18:14:00,0.2471,1.2373,0.0681,3.7057,0.1493,3.6582
2013-01-24 18:24:00,0.062,2.4296,0.0026,5.2403,0.0038,2.6164
2013-01-24 18:34:00,0.043,0.4753,0.0365,4.9752,0.0247,1.277
2013-01-24 18:44:00,0.1091,5.9539,0.1715,4.7407,0.2307,0.5088
2013-01-25 00:04:00,0.1458,1.6287,0.1863,0.8657,0.1515,2.1114
2013-01-25 00:14:00,0.0597,4.7739,0.0366,3.5398,0.0758,3.1495
2013-01-25 00:24:00,0.0284,9.4291,0.0076,5.6136,0.0174,1.0208
2013-01-25 00:34:00,0.0354,9.7671,0.0739,2.7523,0.0696,3.5246
2013-01-25 00:44:00,0.2789,7.5931,0.0685,6.1317,0.1067,1.0283
2013-01-25 00:54:00,0.333,7.9105,0.1694,0.7635,0.041,3.5321
2013-01-25 01:04:00,0.3063,10.7442,0.3215,6.6387,0.1517,1.0312
2013-01-25 01:14:00,0.3656,6.7992,0.3596,5.1165,0.2167,1.0246
2013-01-25 01:24:00,0.379,3.1565,0.4537,9.5416,0.2284,1.0203
2013-01-25 01:34:00,0.4707,11.5943,0.4681,9.6829,0.349,3.0084
2013-01-25 01:44:00,0.4756,7.5861,0.6939,9.8986,0.5012,3.0084
2013-01-25 01:54:00,0.4036,9.6183,0.4953,10.0898,0.2512,3.0073
2013-01-25 02:04:00,0.5683,12.419,0.6317,7.8236,0.3791,3.0074
2013-01-25 02:14:00,0.4125,12.6459,0.4753,10.5001,0.3079,1.2782
2013-01-25 02:24:00,0.493,8.5749,0.7805,8.1673,0.5698,3.0101
2013-01-25 02:34:00,0.6578,10.5706,0.7825,8.3822,0.5093,3.2433
2013-01-25 02:44:00,0.6273,6.5046,0.7972,10.9596,0.5244,3.2393
2013-01-25 02:54:00,0.7568,13.342,0.96,11.0915,0.7382,1.0505
2013-01-25 03:04:00,0.7418,4.6894,0.9584,11.1664,0.7688,3.2313
2013-01-25 03:14:00,0.6698,13.4965,0.93,6.9242,0.5671,1.0583
2013-01-25 03:24:00,0.6181,11.016,0.8965,8.7244,0.5513,0.7241
2013-01-25 03:34:00,0.7512,7.9214,1.0846,8.7475,0.642,0.7216
2013-01-25 03:44:00,0.7376,10.9956,0.8944,8.7075,0.5046,3.2199
2013-01-25 03:54:00,0.6977,10.9376,0.7905,8.6623,0.6334,3.2193
2013-01-25 04:04:00,0.5785,10.8878,0.8143,8.6229,0.5352,3.2161
2013-01-25 04:14:00,0.6165,10.7931,0.8516,8.5475,0.5359,3.2084
2013-01-25 04:24:00,0.561,7.5398,0.658,10.9463,0.4933,3.2021
2013-01-25 04:34:00,0.5138,8.7111,0.7924,10.8145,0.5551,3.1971
2013-01-25 04:44:00,0.4052,10.3319,0.5519,8.1855,0.4349,0.6934
2013-01-25 04:54:00,0.4635,10.1593,0.5364,10.5506,0.2649,3.1909
2013-01-25 05:04:00,0.515,12.4432,0.557,10.3826,0.2884,0.6911
2013-01-25 05:14:00,0.3697,12.1846,0.5121,10.1821,0.3475,3.1938
2013-01-25 05:24:00,0.3563,11.9592,0.4548,10.0073,0.2625,3.1954
2013-01-25 05:34:00,0.332,7.3614,0.3389,7.2235,0.0969,4.4887
2013-01-25 05:44:00,0.3028,11.3619,0.2812,9.5016,0.1122,3.0113
2013-01-25 05:54:00,0.3177,11.0809,0.2813,9.2831,0.1655,3.0113
2013-01-25 06:04:00,0.3177,10.7449,0.3177,9.0218,0.0406,1.2745
2013-01-25 06:14:00,0.2421,7.9257,0.1995,6.2735,0.0399,0.5112
2013-01-25 06:24:00,0.2538,10.0947,0.2438,8.516,0.0757,3.0112
2013-01-25 06:34:00,0.0688,1.0195,0.0447,8.2632,0.2185,3.0111
2013-01-25 06:44:00,0.1052,9.4259,0.0655,7.9959,0.0442,3.0111
2013-01-25 06:54:00,0.0941,0.8675,0.0487,1.0363,0.0706,3.011
2013-01-25 07:04:00,0.0609,8.6978,0.1572,7.4296,0.2491,3.011
2013-01-25 07:14:00,0.0069,8.355,0.1052,7.1635,0.02,3.0115
2013-01-25 12:34:00,0.1194,8.5067,0.1051,2.9961,0.0439,3.6534
2013-01-25 12:44:00,0.0832,8.8906,0.0029,7.5802,0.0762,3.012
2013-01-25 12:54:00,0.0597,6.8197,0.0248,3.6283,0.0503,3.0122
2013-01-25 13:04:00,0.086,7.2,0.0245,5.7098,0.019,0.5125
2013-01-25 13:14:00,0.1882,7.5559,0.0226,5.9866,0.0169,1.2727
2013-01-25 13:24:00,0.0679,7.9282,0.0636,6.2761,0.1108,3.0131
2013-01-25 13:34:00,0.1529,10.8305,0.1517,9.089,0.0109,6.7631
2013-01-25 13:44:00,0.2251,14.9393,0.2958,13.1181,0.1542,6.7632
2013-01-25 13:54:00,0.251,15.2633,0.2271,13.3701,0.0884,3.0133
2013-01-25 14:04:00,0.1505,9.095,0.166,9.4729,0.1251,0.4305
2013-01-25 14:14:00,0.2442,9.4798,0.3056,7.2707,0.0173,0.4369
2013-01-25 14:24:00,0.294,11.9552,0.4399,9.3995,0.1364,0.4803
2013-01-25 14:34:00,0.2721,9.7543,0.305,13.3835,0.0226,2.0132
2013-01-25 14:44:00,0.3531,15.9692,0.4617,12.9067,0.1759,2.2161
2013-01-25 14:54:00,0.4588,12.4959,0.5593,9.3666,0.2147,2.1926
2013-01-25 15:04:00,0.4475,16.5045,0.5549,13.3208,0.1383,2.2067
2013-01-25 15:14:00,0.4311,12.9315,0.5268,9.7077,0.1202,1.5471
2013-01-25 15:24:00,0.4209,10.5712,0.5773,7.3154,0.3634,4.0512
2013-01-25 15:34:00,0.3844,13.1457,0.6284,7.2888,0.2492,4.4311
2013-01-25 15:44:00,0.5049,16.9724,0.502,9.85,0.2151,1.826
2013-01-25 15:54:00,0.5148,13.265,0.6658,9.8848,0.1845,1.9166
2013-01-25 16:04:00,0.425,16.9908,0.4166,9.8686,0.1286,1.9051
2013-01-25 16:14:00,0.4856,13.1784,0.5239,7.3244,0.2259,4.3865
2013-01-25 16:24:00,0.5485,13.0739,0.5898,13.4971,0.1783,4.3686
2013-01-25 16:34:00,0.3592,10.5168,0.5246,7.2076,0.1092,1.8469
2013-01-25 16:44:00,0.565,16.571,0.6611,9.5612,0.308,1.8205
2013-01-25 16:54:00,0.4296,10.1301,0.6299,6.9201,0.2243,1.9627
2013-01-25 17:04:00,0.3862,12.4196,0.4426,9.2692,0.0819,2.0196
2013-01-25 17:14:00,0.3321,9.6722,0.4689,6.5974,0.2128,4.1378
2013-01-25 17:24:00,0.3909,11.901,0.4563,8.8935,0.1393,2.143
2013-01-25 17:34:00,0.3255,3.4161,0.4261,12.3967,0.1173,1.6569
2013-01-25 17:44:00,0.2843,14.938,0.4007,8.3135,0.1616,1.722
2013-01-25 17:54:00,0.2551,14.5298,0.4325,11.7927,0.3264,2.2376
2013-01-25 18:04:00,0.3214,4.7153,0.2313,7.6333,0.0963,1.9334
2013-01-25 18:14:00,0.2339,1.7591,0.1627,4.815,0.1389,1.8517
2013-01-25 18:24:00,0.1848,5.1788,0.2638,6.9364,0.2243,4.3883
2013-01-25 18:34:00,0.0737,8.9858,0.1278,6.5545,0.0208,1.8185
2013-01-25 18:44:00,0.0607,12.178,0.1147,9.8611,0.1064,1.774
2013-01-25 18:54:00,0.2082,5.5014,0.1231,9.5203,0.0264,1.7334
2013-01-25 19:04:00,0.1057,5.0528,0.1326,9.1685,0.0781,1.722
2013-01-25 19:14:00,0.1615,4.6734,0.1045,5.1249,0.0608,2.0215
2013-01-25 19:24:00,0.0253,10.4993,0.0426,8.546,0.1907,1.7328
2013-01-25 19:34:00,0.0688,9.7157,0.2464,7.9378,0.1845,4.5122
2013-01-26 00:44:00,0.1543,6.7929,0.0359,5.3089,0.2125,3.8876
2013-01-26 00:54:00,0.0077,7.2988,0.0074,5.6935,0.0192,0.0975
2013-01-26 01:04:00,0.161,0.4062,0.1812,6.0612,0.2247,0.0823
2013-01-26 01:14:00,0.23,2.9488,0.1949,6.4708,0.3566,0.0859
2013-01-26 01:24:00,0.3012,8.6976,0.4106,6.7811,0.3028,9.9057
2013-01-26 01:34:00,0.3917,12.8519,0.3884,10.8478,0.4499,3.8536
2013-01-26 01:44:00,0.5223,0.6922,0.5647,11.2529,0.6716,9.119
2013-01-26 01:54:00,0.7374,10.1023,0.9794,7.8794,0.812,0.1185
2013-01-26 02:04:00,0.8712,10.5165,0.7605,5.703,0.6338,8.0578
2013-01-26 02:14:00,0.9553,10.9498,0.9081,8.5417,0.6911,0.131
2013-01-26 02:24:00,1.1058,2.6207,0.9459,1.3704,0.8725,9.8638
2013-01-26 02:34:00,1.2167,0.2263,1.0335,9.0923,1.1726,8.6098
2013-01-26 02:44:00,1.1547,4.4863,1.1137,2.0777,1.2381,8.0386
2013-01-26 02:54:00,1.2531,4.72,1.3607,1.9679,0.9509,0.1488
2013-01-26 03:04:00,1.2271,12.5266,1.4643,9.7761,1.2029,0.1641
2013-01-26 03:14:00,1.4215,2.6267,1.6531,3.7172,1.1114,6.7257
2013-01-26 03:24:00,1.4417,5.8746,1.826,3.5671,1.2816,3.0012
2013-01-26 03:34:00,1.3035,6.0402,1.7607,3.6959,1.3919,5.7489
2013-01-26 03:44:00,1.3593,13.7819,1.7709,11.7047,1.2816,2.2285
2013-01-26 03:54:00,1.5666,6.3933,1.8056,11.98,1.2471,2.7783
2013-01-26 04:04:00,1.6307,14.0119,1.812,4.7012,1.2728,2.3266
2013-01-26 04:14:00,1.435,7.3009,1.5276,1.3334,1.0322,0.2308
2013-01-26 04:24:00,1.2669,7.2397,1.6112,12.1196,1.3003,5.86
2013-01-26 04:34:00,1.2001,13.9529,1.7428,12.1558,1.5115,1.64
2013-01-26 04:44:00,1.5062,4.5908,1.712,2.7056,1.422,2.845
2013-01-26 04:54:00,1.5552,7.023,1.6168,5.1645,1.5034,1.3406
2013-01-26 05:04:00,1.1933,2.7192,1.5738,11.7203,1.4259,5.3083
2013-01-26 05:14:00,1.2768,7.7977,1.5454,5.9288,1.4428,5.015
2013-01-26 05:24:00,1.3173,16.9463,1.7946,4.7033,1.3407,4.981
2013-01-26 05:34:00,1.2319,10.4607,1.5829,1.9471,1.4361,1.7244
2013-01-26 05:44:00,1.1288,12.797,1.4667,5.4154,1.2305,2.5931
2013-01-26 05:54:00,1.0523,5.9153,1.2597,4.1999,0.9999,4.3529
2013-01-26 06:04:00,0.8652,15.9284,1.2504,14.256,0.9362,4.6703
2013-01-26 06:14:00,0.9483,6.117,1.1643,0.368,1.1563,3.9626
2013-01-26 06:24:00,0.9109,5.6516,1.0773,3.8625,1.0546,2.3841
2013-01-26 06:34:00,0.641,4.1479,0.7271,0.567,0.9608,2.6182
2013-01-26 06:44:00,0.6604,1.0031,0.6253,1.8469,0.5481,2.5108
2013-01-26 06:54:00,0.4038,1.5251,0.6576,7.9728,0.6364,6.8269
2013-01-26 07:04:00,0.3731,6.7617,0.5946,7.6057,0.5198,3.7954
2013-01-26 07:14:00,0.2787,18.7621,0.5053,1.5249,0.4972,3.7589
2013-01-26 07:24:00,0.16,12.1847,0.2485,6.9802,0.3935,3.7146
2013-01-26 07:34:00,0.0133,3.5916,0.1655,1.0275,0.1304,7.6829
2013-01-26 13:24:00,0.0718,0.6642,0.0743,2.5423,0.1622,2.4442
2013-01-26 13:34:00,0.1029,0.3667,0.0612,7.1844,0.2838,2.4279
2013-01-26 13:44:00,0.1264,8.9829,0.1355,7.5195,0.3379,2.4149
2013-01-26 13:54:00,0.3553,9.3925,0.3518,3.5501,0.428,2.4046
2013-01-26 14:04:00,0.4122,0.0797,0.5267,3.9594,0.5091,3.2264
2013-01-26 14:14:00,0.4596,10.4623,0.686,8.7348,0.7289,2.7021
2013-01-26 14:24:00,0.5614,0.1004,0.5914,8.8775,0.6237,4.2663
2013-01-26 14:34:00,0.5213,2.9226,0.7461,6.6666,0.8082,0.0984
2013-01-26 14:44:00,0.6018,2.3043,0.9077,9.5019,0.9505,2.403
2013-01-26 14:54:00,0.7489,11.9065,0.8247,9.7911,0.5943,2.4046
2013-01-26 15:04:00,0.9061,7.9367,1.0823,5.7516,0.9428,1.8792
2013-01-26 15:14:00,0.7898,5.0137,1.1475,10.2643,1.279,2.4088
2013-01-26 15:24:00,0.97,12.766,1.1899,10.4612,0.87,2.4115
2013-01-26 15:34:00,0.868,5.4878,0.9918,5.0093,0.6486,3.2105
2013-01-26 15:44:00,1.0096,13.2105,1.143,10.8083,0.7048,2.418
2013-01-26 15:54:00,1.0427,5.8441,1.0235,5.288,0.6178,3.2032
2013-01-26 16:04:00,1.0337,13.4825,1.0944,11.02,0.7425,2.4186
2013-01-26 16:14:00,1.0102,13.5145,1.1929,11.0413,1.0187,2.4027
2013-01-26 16:24:00,1.0276,13.5721,1.1877,11.082,0.5586,2.3842
2013-01-26 16:34:00,1.0035,13.5461,1.2163,10.999,0.7741,2.103
2013-01-26 16:44:00,1.0803,13.5413,1.2407,10.9903,0.7884,2.0806
2013-01-26 16:54:00,0.9369,13.5442,1.1213,8.4873,0.8318,2.2285
2013-01-26 17:04:00,0.9053,13.4137,1.1315,10.8824,0.6921,2.0421
2013-01-26 17:14:00,0.8787,13.2471,1.032,5.1273,0.6171,2.0399
2013-01-26 17:24:00,0.7743,5.663,0.9458,5.0615,0.5347,3.5873
2013-01-26 17:34:00,0.8909,12.9487,1.2064,10.5193,0.8436,2.0356
2013-01-26 17:44:00,0.963,12.7449,1.0535,7.8604,0.634,6.1483
2013-01-26 17:54:00,0.7355,12.5221,1.163,10.1869,0.814,2.0344
2013-01-26 18:04:00,0.6161,12.2756,0.8835,9.998,0.6348,2.0467
2013-01-26 18:14:00,0.5968,9.506,0.6912,3.1278,0.455,2.0742
2013-01-26 18:24:00,0.6056,11.6998,0.5971,3.9376,0.4683,2.1024
2013-01-26 18:34:00,0.6869,11.4175,0.8461,9.4054,0.5722,2.38
2013-01-26 18:44:00,0.4979,11.0733,0.5078,9.1437,0.4643,1.8766
2013-01-26 18:54:00,0.354,5.0672,0.3566,12.6031,0.4649,2.4347
2013-01-26 19:04:00,0.3492,1.5287,0.3087,8.5349,0.3007,2.4498
2013-01-26 19:14:00,0.3652,9.934,0.428,8.2669,0.3322,2.4496
2013-01-26 19:24:00,0.3524,3.936,0.2522,2.3496,0.3259,3.1853
2013-01-26 19:34:00,0.2238,9.1262,0.2749,7.6345,0.3709,2.4304
2013-01-26 19:44:00,0.22,8.6765,0.1541,7.2829,0.298,2.4221
2013-01-26 19:54:00,0.1797,8.2897,0.2828,6.9805,0.2071,4.2518
2013-01-27 01:24:00,0.021,3.3083,0.0845,5.3031,0.0586,1.7481
2013-01-27 01:34:00,0.0542,0.6341,0.0736,5.6522,0.1481,2.7969
2013-01-27 01:44:00,0.11,3.1035,0.0053,5.951,0.1017,1.3626
2013-01-27 01:54:00,0.2343,7.7246,0.1109,1.5096,0.0302,0.4302
2013-01-27 02:04:00,0.3031,8.2006,0.2279,6.6717,0.1693,1.7765
2013-01-27 02:14:00,0.3956,6.8272,0.3104,5.2052,0.1213,0.4441
2013-01-27 02:24:00,0.3641,1.8432,0.4833,9.7804,0.2835,3.8341
2013-01-27 02:34:00,0.4823,11.9591,0.5491,10.147,0.2026,1.3278
2013-01-27 02:44:00,0.4589,12.2979,0.5184,7.8498,0.1447,0.7297
2013-01-27 02:54:00,0.5824,12.6156,0.7879,10.5956,0.2676,1.0497
2013-01-27 03:04:00,0.6918,10.5119,0.7368,8.4023,0.3495,1.0425
2013-01-27 03:14:00,0.7909,5.1775,0.8809,6.8849,0.3674,1.0334
2013-01-27 03:24:00,0.8152,7.986,0.8763,5.7393,0.4399,0.7621
2013-01-27 03:34:00,0.7782,5.1903,0.8359,7.3325,0.3062,1.0129
2013-01-27 03:44:00,0.9523,14.1547,1.0928,11.7824,0.43,3.5015
2013-01-27 03:54:00,0.9598,14.3385,1.0601,9.4228,0.5333,3.4892
2013-01-27 04:04:00,1.0173,14.5018,1.1162,12.0455,0.5404,3.4691
2013-01-27 04:14:00,1.0,14.5886,1.2843,12.1053,0.4466,2.1908
2013-01-27 04:24:00,1.0161,9.0391,1.1742,9.5709,0.6824,3.0076
2013-01-27 04:34:00,1.0741,12.1814,1.1747,9.5843,0.5681,2.6175
2013-01-27 04:44:00,1.0898,10.4239,1.1439,7.8205,0.7075,0.5073
2013-01-27 04:54:00,0.9676,14.6648,1.107,9.5713,0.6178,0.507
2013-01-27 05:04:00,1.085,12.08,1.2786,9.5053,0.7571,3.0066
2013-01-27 05:14:00,0.9821,14.5499,1.162,7.6962,0.7082,3.0063
2013-01-27 05:24:00,1.0836,8.7477,1.1028,11.844,0.6279,3.0063
2013-01-27 05:34:00,1.2439,14.2421,1.3528,7.4567,0.7375,0.5067
2013-01-27 05:44:00,0.8967,9.8034,1.0037,5.9985,0.4548,1.2788
2013-01-27 05:54:00,1.0649,11.3103,1.0847,8.9066,0.3779,1.2786
2013-01-27 06:04:00,1.025,11.0732,1.1095,8.7221,0.5677,0.5073
2013-01-27 06:14:00,1.0809,10.8533,1.0633,8.551,0.4328,1.2782
2013-01-27 06:24:00,0.7914,13.0436,0.8865,6.5244,0.4338,3.0076
2013-01-27 06:34:00,0.8237,10.2583,0.9753,8.0881,0.4612,3.0076
2013-01-27 06:44:00,0.7769,8.1134,0.896,7.8086,0.4087,6.6352
2013-01-27 06:54:00,0.6463,1.2167,0.7901,10.0369,0.6958,1.2808
2013-01-27 07:04:00,0.6484,11.6592,0.6316,9.7325,0.2402,3.0029
2013-01-27 07:14:00,0.595,6.9625,0.5395,9.413,0.1615,3.003
2013-01-27 07:24:00,0.4513,6.5437,0.4026,9.0871,0.1709,1.2829
2013-01-27 07:34:00,0.4094,7.8279,0.3281,8.6438,0.0453,1.5205
2013-01-27 07:44:00,0.3627,1.7173,0.2803,0.9182,0.059,0.2754
2013-01-27 07:54:00,0.2545,0.1705,0.1077,7.9279,0.0031,2.7873
2013-01-27 08:04:00,0.1654,8.9766,0.0174,1.6301,0.1376,5.3802
2013-01-27 08:14:00,0.001,8.5493,0.039,7.272,0.0964,2.8184
2013-01-27 13:54:00,0.1147,3.837,0.0531,3.7232,0.0271,1.0434
2013-01-27 14:04:00,0.1182,0.6447,0.2559,2.0965,0.1239,1.0432
2013-01-27 14:14:00,0.2632,6.1842,0.2165,1.6768,0.2069,1.043
2013-01-27 14:24:00,0.4191,6.6831,0.3536,1.8364,0.1466,7.2928
2013-01-27 14:34:00,0.497,0.3275,0.3069,7.8422,0.3871,1.0427
2013-01-27 14:44:00,0.6168,7.691,0.7774,0.9852,0.4412,2.8282
2013-01-27 14:54:00,0.7257,8.1848,0.6881,6.1297,0.4857,1.0423
2013-01-27 15:04:00,0.8204,6.917,0.8223,2.3661,0.8311,1.0421
2013-01-27 15:14:00,0.9711,7.4244,1.0512,5.1418,0.6818,2.8276
2013-01-27 15:24:00,1.1442,3.9308,1.3969,3.074,0.9529,1.0417
2013-01-27 15:34:00,1.2162,9.943,1.5347,2.4977,0.6518,4.1666
2013-01-27 15:44:00,1.1512,4.1004,1.4112,1.5647,0.8999,1.0414
2013-01-27 15:54:00,1.3939,8.9082,1.5035,8.082,0.7002,7.772
2013-01-27 16:04:00,1.2232,9.1245,1.3371,6.4645,1.015,4.1661
2013-01-27 16:14:00,1.4376,11.1872,1.5137,8.4657,1.2755,1.041
2013-01-27 16:24:00,1.5535,17.6519,1.6658,8.5664,1.2279,7.5942
2013-01-27 16:34:00,1.3667,11.5034,1.5843,8.6442,1.2977,1.3495
2013-01-27 16:44:00,1.3689,11.625,1.6603,8.7377,0.8433,8.0853
2013-01-27 16:54:00,1.5328,14.1861,1.7712,11.2842,1.0958,1.1408
2013-01-27 17:04:00,1.4866,5.9864,1.8357,5.5733,1.2719,1.6842
2013-01-27 17:14:00,1.7606,11.6171,2.0214,8.6562,1.1177,0.8053
2013-01-27 17:24:00,1.4297,11.4969,1.8067,8.4904,1.3185,0.4789
2013-01-27 17:34:00,1.53,9.6137,1.6998,8.413,1.2771,2.0259
2013-01-27 17:44:00,1.5959,9.4945,1.8643,0.5065,1.0809,2.032
2013-01-27 17:54:00,1.3744,17.2897,1.8274,10.6304,1.2261,2.0383
2013-01-27 18:04:00,1.4384,17.1265,1.7837,14.1882,0.9029,8.0138
2013-01-27 18:14:00,1.5217,6.4505,1.8656,7.7363,1.1776,0.1682
2013-01-27 18:24:00,1.4174,5.388,1.6304,3.3914,1.1372,3.9183
2013-01-27 18:34:00,1.2665,5.0642,1.6173,7.3062,1.3003,9.0623
2013-01-27 18:44:00,1.1429,1.6165,1.5019,5.2409,1.2594,9.062
2013-01-27 18:54:00,1.3767,15.53,1.6524,12.9462,1.3944,2.331
2013-01-27 19:04:00,1.1987,15.116,1.3671,12.6242,0.8956,3.9195
2013-01-27 19:14:00,0.9503,14.6926,1.0328,1.8782,0.9425,3.9201
2013-01-27 19:24:00,1.0176,14.265,1.2127,11.9624,0.824,3.9209
2013-01-27 19:34:00,1.0437,13.8134,1.1521,11.6112,1.0944,3.9217
2013-01-27 19:44:00,0.8221,13.348,1.0254,11.2493,1.0658,3.9226
2013-01-27 19:54:00,0.741,12.6343,0.9771,10.5989,0.8467,3.4956
2013-01-27 20:04:00,0.479,11.8801,0.7976,9.9117,0.7637,0.7041
2013-01-27 20:14:00,0.4474,5.1004,0.7404,2.4369,0.5187,3.2253
2013-01-27 20:24:00,0.1101,29.451,0.3964,8.9841,0.4691,2.9994
2013-01-27 20:34:00,0.0341,66.2488,0.379,8.3635,0.6368,2.6648
2013-01-28 02:04:00,0.0515,0.1972,0.2748,2.5841,0.8904,8.6479
2013-01-28 02:14:00,0.1719,2.2308,0.7367,8.373,1.1521,1.7701
2013-01-28 02:24:00,0.43,7.3182,0.899,8.9967,1.5179,1.7705
2013-01-28 02:34:00,0.6422,0.4125,1.4381,9.4589,1.9286,1.7703
2013-01-28 02:44:00,0.7045,12.3519,1.3639,0.6201,1.6509,1.7699
2013-01-28 02:54:00,0.9222,0.1172,1.8534,6.8254,1.6919,1.7695
2013-01-28 03:04:00,1.2238,13.6958,1.8902,3.0222,1.7311,1.7693
2013-01-28 03:14:00,1.4197,14.3446,1.9882,11.545,1.9841,1.7693
2013-01-28 03:24:00,1.687,14.962,2.0828,12.0252,2.3611,10.7308
2013-01-28 03:34:00,1.9547,3.6043,2.41,1.2218,2.6665,7.6058
2013-01-28 03:44:00,2.3281,16.167,2.3402,13.057,2.5947,2.1922
2013-01-28 03:54:00,2.1448,16.6734,2.4725,13.4527,2.5144,2.2004
2013-01-28 04:04:00,1.8167,13.378,2.0524,13.8079,1.9736,2.2074
2013-01-28 04:14:00,2.2506,17.4348,2.6794,14.0473,2.6649,2.2111
2013-01-28 04:24:00,2.1873,17.7347,2.936,14.1812,2.6918,1.7641
2013-01-28 04:34:00,2.1422,18.0153,2.5549,4.1872,2.7765,3.5731
2013-01-28 04:44:00,2.4733,11.9602,2.648,14.7577,2.0903,1.0635
2013-01-28 04:54:00,2.4207,18.2454,2.8271,14.7876,1.6163,1.0521
2013-01-28 05:04:00,2.6048,18.347,2.8426,14.9679,2.943,3.1508
2013-01-28 05:14:00,2.178,18.3682,2.7779,14.9846,2.6918,3.1518
2013-01-28 05:24:00,2.3454,14.5799,2.6119,11.205,2.4169,0.5971
2013-01-28 05:34:00,2.2996,18.3344,2.9991,14.9588,2.8089,3.1541
2013-01-28 05:44:00,2.161,18.1682,2.8181,14.8298,2.4784,0.5945
2013-01-28 05:54:00,2.0826,18.0676,2.8703,14.7518,3.2066,0.593
2013-01-28 06:04:00,2.7474,14.1081,2.9161,3.3401,2.6339,0.5869
2013-01-28 06:14:00,2.2197,17.6944,2.5474,10.7158,2.7273,3.1766
2013-01-28 06:24:00,2.2531,17.3976,2.9109,14.238,2.724,3.1912
2013-01-28 06:34:00,1.951,4.6439,2.1424,2.794,2.2889,3.2066
2013-01-28 06:44:00,1.6051,16.8804,1.8488,13.9264,1.8855,3.601
2013-01-28 06:54:00,1.6873,12.767,2.3895,13.6435,1.8048,3.601
2013-01-28 07:04:00,1.5122,8.0782,2.0695,0.3491,1.6482,6.8157
2013-01-28 07:14:00,1.4716,15.6725,1.7176,12.9863,1.4768,3.601
2013-01-28 07:24:00,1.2785,15.2276,1.732,2.2234,1.6088,0.1489
2013-01-28 07:34:00,1.4227,14.7769,1.6031,12.2894,1.7063,3.6011
2013-01-28 07:44:00,1.2788,14.1896,1.6476,8.0823,1.6011,3.6012
2013-01-28 07:54:00,0.9731,3.3559,1.3798,3.472,1.7405,3.6013
2013-01-28 08:04:00,0.9358,13.2812,1.5369,0.7087,1.3874,3.6014
2013-01-28 08:14:00,0.7545,2.1898,1.1725,1.2253,1.2025,0.1484
2013-01-28 08:24:00,0.4909,1.9436,0.8987,2.2791,1.1798,3.6018
2013-01-28 08:34:00,0.2683,1.1093,0.4996,6.0095,0.5058,3.602
2013-01-28 08:44:00,0.0405,10.8765,0.2132,9.2541,0.5185,3.6023
2013-01-28 08:54:00,0.1233,10.3733,0.3925,8.8625,0.8513,3.6024
2013-01-28 14:24:00,0.0983,0.1285,0.1633,2.7464,0.5503,0.1472
2013-01-28 14:34:00,0.1683,11.1753,0.4943,0.93,0.6295,6.8141
2013-01-28 14:44:00,0.423,11.7865,0.9442,3.4305,1.2195,0.1477
2013-01-28 14:54:00,0.5462,4.4028,1.0345,6.7198,1.3362,0.1479
2013-01-28 15:04:00,0.6942,13.0819,0.9854,4.7203,0.8672,0.1482
2013-01-28 15:14:00,0.9737,19.9438,1.2975,0.4853,1.089,5.7735
2013-01-28 15:24:00,0.9764,10.5221,1.2238,1.4799,1.3421,7.6488
2013-01-28 15:34:00,0.9327,11.1496,1.0525,4.3491,0.7855,0.1492
2013-01-28 15:44:00,1.3092,1.0575,1.4419,9.0208,1.6307,8.3314
2013-01-28 15:54:00,1.4239,9.6758,1.3019,9.4333,1.0108,9.7928
2013-01-28 16:04:00,1.6699,12.6663,1.5856,9.815,1.981,0.1503
2013-01-28 16:14:00,1.4843,6.4081,1.2832,13.8828,1.1657,3.5996
2013-01-28 16:24:00,1.3564,6.8389,1.4084,7.9681,0.8421,0.1505
2013-01-28 16:34:00,1.4311,13.9076,1.6367,4.1143,1.4418,7.6505
2013-01-28 16:44:00,1.6888,11.7053,1.8234,11.0126,1.4253,2.6505
2013-01-28 16:54:00,1.9177,14.4128,1.9224,6.9403,1.7266,0.0837
2013-01-28 17:04:00,2.0081,14.6196,1.8937,11.3898,1.934,0.0941
2013-01-28 17:14:00,2.0828,6.5108,2.3339,4.0031,1.4633,0.3488
2013-01-28 17:24:00,1.8449,7.2525,2.0894,11.5556,1.4643,2.1245
2013-01-28 17:34:00,1.4792,14.7485,1.7798,11.5583,1.6615,0.402
2013-01-28 17:44:00,1.8774,14.658,2.0467,11.4938,1.8358,0.4284
2013-01-28 17:54:00,1.851,14.702,1.7569,1.5337,1.4588,2.0456
2013-01-28 18:04:00,1.6832,14.6153,1.9163,8.9697,1.4616,2.0301
2013-01-28 18:14:00,1.6858,14.3755,1.7506,6.9979,1.5203,4.2225
2013-01-28 18:24:00,1.5455,4.5894,1.7733,3.6726,1.7098,0.4747
2013-01-28 18:34:00,1.886,14.0499,2.2248,11.0312,2.1314,0.4767
2013-01-28 18:44:00,1.5631,13.7878,1.5773,6.5419,1.1823,2.0214
2013-01-28 18:54:00,1.4079,3.189,1.7431,10.6052,1.3088,0.4803
2013-01-28 19:04:00,1.3557,7.5602,1.6348,2.8595,1.2007,2.0175
2013-01-28 19:14:00,1.6824,12.8876,2.0001,7.6285,1.3013,2.015
2013-01-28 19:24:00,1.5427,16.2098,2.095,9.796,1.9285,0.4869
2013-01-28 19:34:00,1.5093,4.5708,1.4445,9.4937,0.9833,0.4884
2013-01-28 19:44:00,0.9249,11.671,1.3873,4.8971,0.989,0.4896
2013-01-28 19:54:00,1.097,1.2252,1.0396,6.3361,0.9253,2.0095
2013-01-28 20:04:00,0.8778,8.238,1.0845,8.4581,1.1373,0.4972
2013-01-28 20:14:00,0.9708,7.6541,1.2107,8.0036,1.0931,0.4964
2013-01-28 20:24:00,0.6859,0.4924,0.7677,0.1681,0.7885,0.4958
2013-01-28 20:34:00,0.6719,1.846,0.9345,4.7661,0.7604,2.0047
2013-01-28 20:44:00,0.5118,68.5219,0.8535,4.2333,1.0563,0.4949
2013-01-28 20:54:00,0.2357,1.6901,0.5833,4.2448,0.234,5.5435
2013-01-28 21:04:00,0.0269,67.8266,0.319,6.3328,0.1241,1.1253
2013-01-29 02:34:00,0.0326,29.6584,0.2732,1.8881,0.5595,6.4456
2013-01-29 02:44:00,0.1784,3.4698,0.4301,1.7891,0.3556,0.2134
2013-01-29 02:54:00,0.3862,0.7737,0.6173,6.6192,0.532,0.2066
2013-01-29 03:04:00,0.6217,19.039,0.7761,10.8207,0.8302,0.201
2013-01-29 03:14:00,0.7784,7.2018,1.1283,7.5853,1.1759,7.3036
2013-01-29 03:24:00,0.9463,10.3357,1.0546,2.4526,0.8932,0.1921
2013-01-29 03:34:00,1.132,10.9518,1.2119,8.5561,0.959,0.1883
2013-01-29 03:44:00,1.294,8.9903,1.6934,6.4743,1.0977,2.3151
2013-01-29 03:54:00,1.5317,12.0515,1.5418,9.4103,1.0669,0.182
2013-01-29 04:04:00,1.9027,4.4286,1.5929,9.8447,1.293,6.4868
2013-01-29 04:14:00,2.0194,13.1049,1.6125,10.2291,1.5606,2.3216
2013-01-29 04:24:00,1.8063,13.4991,1.7882,10.5355,1.6269,0.1771
2013-01-29 04:34:00,1.9793,23.9696,1.8813,3.4013,1.8028,0.176
2013-01-29 04:44:00,2.0207,10.0395,2.3587,14.9278,1.9444,0.175
2013-01-29 04:54:00,2.1855,12.1162,2.2888,8.8066,2.1538,0.2614
2013-01-29 05:04:00,2.5512,18.6107,2.7253,15.1447,2.4866,0.7183
2013-01-29 05:14:00,1.9739,6.25,2.3617,1.856,1.6606,3.0128
2013-01-29 05:24:00,2.429,18.75,2.5802,15.2449,2.1126,2.995
2013-01-29 05:34:00,2.1396,6.25,2.4928,15.1727,1.9027,1.0812
2013-01-29 05:44:00,2.3301,8.3333,2.6402,3.9208,2.3881,2.6601
2013-01-29 05:54:00,2.61,7.5,3.08,11.3203,2.1992,2.209
2013-01-29 06:04:00,2.4105,18.75,2.9187,11.3191,2.1593,1.5467
2013-01-29 06:14:00,2.1912,18.75,2.9345,15.0679,1.8373,2.1981
2013-01-29 06:24:00,2.6091,15.0,3.188,14.9731,2.7252,1.7755
2013-01-29 06:34:00,2.269,9.2805,2.8683,5.5247,2.1052,1.7758
2013-01-29 06:44:00,2.1902,18.3533,2.8841,14.6647,2.3425,1.776
2013-01-29 06:54:00,1.7326,4.1412,2.4163,10.7983,2.361,1.9737
2013-01-29 07:04:00,2.3222,14.1075,2.8952,14.2792,3.0086,11.2039
2013-01-29 07:14:00,2.0605,17.505,2.4271,14.0052,2.3108,1.778
2013-01-29 07:24:00,1.8183,13.3085,2.4576,0.6774,1.9104,1.9708
2013-01-29 07:34:00,1.9873,16.6216,2.7275,13.3186,2.3894,7.5945
2013-01-29 07:44:00,2.1618,5.763,2.3744,12.9752,2.33,7.5933
2013-01-29 07:54:00,1.8392,9.3445,2.2348,8.7703,1.617,1.7831
2013-01-29 08:04:00,1.5519,15.1116,2.1322,12.145,2.0871,1.7849
2013-01-29 08:14:00,1.5023,14.503,1.9075,11.6723,2.2893,1.7877
2013-01-29 08:24:00,1.2397,13.9464,1.9272,11.24,2.3132,1.791
2013-01-29 08:34:00,1.2895,13.3168,1.5752,10.7511,1.8778,8.6221
2013-01-29 08:44:00,0.8296,18.8715,1.1133,0.2054,1.1223,8.6179
2013-01-29 08:54:00,0.5991,18.2853,1.2868,4.3062,1.5092,1.8035
2013-01-29 09:04:00,0.5901,0.6298,1.0894,9.187,1.8399,1.8082
2013-01-29 09:14:00,0.2976,10.6319,1.0316,8.6666,1.2735,1.8123
2013-01-29 09:24:00,0.1365,66.2145,0.6432,64.3984,1.0618,1.8164
2013-01-29 15:04:00,0.0489,29.838,0.2243,5.6688,0.5822,4.4328
2013-01-29 15:14:00,0.2764,30.4872,0.3838,1.3259,0.202,0.1471
2013-01-29 15:24:00,0.4923,1.9632,0.4307,6.6742,0.3427,0.1473
2013-01-29 15:34:00,0.6672,2.6173,0.6469,10.9332,0.8758,3.6026
2013-01-29 15:44:00,0.7656,9.9388,0.911,5.1928,1.2724,7.6475
2013-01-29 15:54:00,0.9465,14.3257,1.0822,11.9384,0.9375,0.1477
2013-01-29 16:04:00,1.0211,2.9931,1.1586,4.369,1.1727,6.8146
2013-01-29 16:14:00,1.2641,11.7274,1.314,9.0846,1.4382,0.1481
2013-01-29 16:24:00,1.3428,15.9759,1.2492,13.2226,1.4069,0.1484
2013-01-29 16:34:00,1.5232,4.5779,1.4956,13.6379,1.5382,4.4344
2013-01-29 16:44:00,1.5376,6.5695,1.2972,3.592,1.0561,0.1491
2013-01-29 16:54:00,1.5919,13.6637,1.4876,10.5913,1.1655,0.1495
2013-01-29 17:04:00,1.4079,14.0304,1.5624,3.3766,1.3556,0.1499
2013-01-29 17:14:00,1.5917,11.8641,1.5115,6.8506,1.5971,0.1503
2013-01-29 17:24:00,1.5913,10.3192,1.6226,4.657,1.2029,0.1506
2013-01-29 17:34:00,1.5613,14.7791,1.5714,11.4592,1.2485,3.5992
2013-01-29 17:44:00,1.8443,14.9,1.5089,5.9282,1.3299,3.599
2013-01-29 17:54:00,1.7082,18.75,1.7937,4.1311,1.7153,0.1511
2013-01-29 18:04:00,1.9423,15.0,2.0568,4.1311,1.5335,4.4367
2013-01-29 18:14:00,1.7609,6.8182,1.639,11.6311,1.2945,0.1508
2013-01-29 18:24:00,1.6662,18.731,1.882,4.9497,1.576,0.1505
2013-01-29 18:34:00,1.9902,7.4446,1.693,11.6308,1.1002,2.457
2013-01-29 18:44:00,1.7085,14.8164,1.8594,11.5341,1.4263,2.4431
2013-01-29 18:54:00,1.7865,14.6225,1.9525,8.8865,1.1629,4.2141
2013-01-29 19:04:00,1.3317,10.1078,1.7194,11.2103,1.2028,0.0808
2013-01-29 19:14:00,1.4809,14.2225,1.9152,11.0771,1.6384,0.0806
2013-01-29 19:24:00,1.739,13.9731,1.6689,10.8831,1.4823,0.0808
2013-01-29 19:34:00,1.2561,3.3216,1.7306,6.3342,1.385,0.0833
2013-01-29 19:44:00,1.4202,10.796,1.5473,3.6908,1.1783,6.5803
2013-01-29 19:54:00,1.1492,12.8852,1.1316,10.0385,1.147,0.0897
2013-01-29 20:04:00,1.2799,12.5075,1.5125,7.247,1.1896,0.1006
2013-01-29 20:14:00,1.176,12.0793,1.1146,9.4185,0.8109,0.1221
2013-01-29 20:24:00,1.1232,4.9505,1.3541,9.1228,1.0076,7.0901
2013-01-29 20:34:00,0.929,5.546,1.175,8.7813,1.1134,7.0643
2013-01-29 20:44:00,0.9753,1.941,0.8069,12.1629,0.7536,0.461
2013-01-29 20:54:00,0.8422,2.6585,0.9997,8.0033,1.0005,4.2324
2013-01-29 21:04:00,0.6495,9.6561,0.7814,0.1163,0.6316,0.4997
2013-01-29 21:14:00,0.5627,9.2275,0.7739,11.1031,0.6678,4.5656
2013-01-29 21:24:00,0.4495,8.6733,0.3967,0.5763,0.6465,7.9264
2013-01-29 21:34:00,0.2372,1.0911,0.4551,5.2293,0.3747,6.6709
2013-01-29 21:44:00,0.11,0.894,0.4017,6.0603,0.4465,0.8328
2013-01-30 03:14:00,0.1309,30.4159,0.1243,6.3362,0.3082,0.831
2013-01-30 03:24:00,0.2497,1.8634,0.1927,0.1469,0.345,0.8293
2013-01-30 03:34:00,0.4131,3.4768,0.2303,3.0558,0.3559,1.6789
2013-01-30 03:44:00,0.5683,5.4517,0.5344,5.25,0.3796,0.8153
2013-01-30 03:54:00,0.5734,10.2009,0.6665,8.0402,0.5314,3.7881
2013-01-30 04:04:00,0.7999,6.5525,1.1315,6.0353,0.5065,9.5062
2013-01-30 04:14:00,0.9039,11.4135,0.9543,6.483,0.8545,0.4942
2013-01-30 04:24:00,0.9383,15.6837,0.9817,5.1022,0.6483,3.7909
2013-01-30 04:34:00,1.2431,9.9719,1.4837,9.8069,0.7375,9.1473
2013-01-30 04:44:00,1.3981,10.4847,1.2452,7.706,0.6259,0.4962
2013-01-30 04:54:00,1.3077,13.4224,1.2261,10.5452,0.9384,0.4874
2013-01-30 05:04:00,1.3304,11.3316,1.3146,10.8604,0.9719,0.4727
2013-01-30 05:14:00,1.1948,6.7526,1.2175,8.6809,0.8249,7.7412
2013-01-30 05:24:00,1.5118,18.3283,1.6012,11.428,0.8058,0.412
2013-01-30 05:34:00,1.5757,14.8346,1.7614,9.1228,1.0808,2.1093
2013-01-30 05:44:00,1.466,12.5,1.6451,9.1911,0.9401,2.3789
2013-01-30 05:54:00,1.4752,12.5,1.5568,9.1902,0.8422,7.3831
2013-01-30 06:04:00,1.359,8.3333,1.5546,11.6913,0.8758,0.1219
2013-01-30 06:14:00,1.5396,15.0,1.7024,11.6944,0.9273,0.136
2013-01-30 06:24:00,1.388,12.5,1.5738,9.2599,0.9844,2.0716
2013-01-30 06:34:00,1.2835,12.5,1.6738,11.764,1.1261,5.178
2013-01-30 06:44:00,1.4498,15.0,1.6209,4.2675,0.9879,0.463
2013-01-30 06:54:00,1.4332,15.0,1.6332,11.7706,1.0598,0.4767
2013-01-30 07:04:00,1.5256,10.6024,1.3111,9.1851,1.1669,0.4842
2013-01-30 07:14:00,1.5378,14.7086,1.766,11.5455,0.8735,2.0152
2013-01-30 07:24:00,1.2238,14.4817,1.5363,3.1873,0.5898,0.4853
2013-01-30 07:34:00,1.2324,9.9229,1.3707,8.6567,0.7025,0.4859
2013-01-30 07:44:00,1.1641,13.8926,1.3055,8.4109,0.8811,0.4864
2013-01-30 07:54:00,1.1508,11.0556,1.0516,10.6488,0.694,0.487
2013-01-30 08:04:00,1.0638,13.1546,1.2496,7.8377,1.0159,0.4912
2013-01-30 08:14:00,0.912,12.787,1.0398,10.1212,0.4265,3.4813
2013-01-30 08:24:00,0.9839,12.3949,1.0449,9.818,0.8477,0.8132
2013-01-30 08:34:00,0.8319,11.9387,0.8923,9.4651,0.5551,0.8225
2013-01-30 08:44:00,0.7042,8.9306,0.7437,9.072,0.4383,0.8322
2013-01-30 08:54:00,0.7208,11.0266,0.8876,8.8282,0.6749,1.1524
2013-01-30 09:04:00,0.6584,6.3002,0.7504,8.4868,0.3519,1.159
2013-01-30 09:14:00,0.5643,10.0543,0.6091,5.5748,0.2501,1.1664
2013-01-30 09:24:00,0.4521,9.4941,0.6286,7.6409,0.2166,1.3255
2013-01-30 09:34:00,0.3464,1.3666,0.5045,7.2164,0.2102,1.1834
2013-01-30 09:44:00,0.2131,8.4093,0.2961,6.8011,0.0457,1.1932
2013-01-30 09:54:00,0.091,7.8687,0.1911,6.3829,0.176,1.2037
2013-01-30 15:44:00,0.061,5.7234,0.054,2.5052,0.0274,1.7994
2013-01-30 15:54:00,0.0584,6.3227,0.0476,4.7575,0.0051,1.8013
2013-01-30 16:04:00,0.1979,6.8651,0.1353,0.1798,0.0047,0.6971
2013-01-30 16:14:00,0.381,1.688,0.3412,1.1581,0.137,0.6961
2013-01-30 16:24:00,0.5225,2.227,0.4434,0.258,0.2523,3.8207
2013-01-30 16:34:00,0.5402,2.1987,0.5297,6.4118,0.3533,1.8037
2013-01-30 16:44:00,0.7231,7.1489,0.7673,6.7894,0.3989,6.9485
2013-01-30 16:54:00,0.8069,9.4044,0.7511,5.3681,0.4714,0.7026
2013-01-30 17:04:00,0.8984,9.8755,0.9033,4.3942,0.5027,0.7081
2013-01-30 17:14:00,0.9675,10.2738,0.9738,7.8279,0.6107,0.7131
2013-01-30 17:24:00,1.0546,10.6373,1.1813,2.4277,0.5644,5.7185
2013-01-30 17:34:00,0.9505,10.9825,1.142,6.6381,0.7169,0.514
2013-01-30 17:44:00,1.1092,11.2773,1.1548,8.6526,0.525,0.5163
2013-01-30 17:54:00,1.2687,11.5517,1.387,8.8662,0.4864,6.7663
2013-01-30 18:04:00,1.1361,6.0393,1.3607,7.2122,0.5111,0.5168
2013-01-30 18:14:00,1.1394,7.6728,1.0352,11.589,0.5775,2.3065
2013-01-30 18:24:00,1.2908,10.1319,1.6281,9.149,0.5722,6.7742
2013-01-30 18:34:00,1.3963,11.9837,1.3581,9.1999,0.7667,0.527
2013-01-30 18:44:00,1.3438,3.4493,1.4426,9.2136,0.6414,0.5292
2013-01-30 18:54:00,1.2877,5.7622,1.4704,9.2212,0.5341,0.5306
2013-01-30 19:04:00,1.2456,14.4981,1.3394,7.4246,0.6872,1.9698
2013-01-30 19:14:00,1.2252,7.721,1.2751,9.1251,0.6481,1.9725
2013-01-30 19:24:00,1.0533,5.0011,1.2813,11.5045,0.5052,1.9754
2013-01-30 19:34:00,1.1158,8.4067,1.2112,8.8495,0.4922,0.5215
2013-01-30 19:44:00,1.177,11.3545,1.1632,8.7122,0.4265,0.5184
2013-01-30 19:54:00,1.1463,11.2196,1.217,11.108,0.4375,0.5152
2013-01-30 20:04:00,0.9477,7.7971,1.0342,8.3774,0.5044,1.9886
2013-01-30 20:14:00,1.1052,3.8811,0.9301,10.6371,0.2506,1.993
2013-01-30 20:24:00,0.9469,10.3156,0.9169,7.9076,0.6775,2.2881
2013-01-30 20:34:00,0.8828,9.9289,1.1611,7.6079,0.6487,2.0025
2013-01-30 20:44:00,0.7299,9.5491,0.6828,4.1885,0.2275,2.0075
2013-01-30 20:54:00,0.5151,3.4779,0.7213,7.0117,0.0845,2.0128
2013-01-30 21:04:00,0.5909,3.7884,0.5698,6.7247,0.2668,2.2642
2013-01-30 21:14:00,0.5932,8.3497,0.4935,8.8853,0.0951,2.0298
2013-01-30 21:24:00,0.5011,10.3448,0.5766,8.4946,0.1432,2.2463
2013-01-30 21:34:00,0.4366,9.8987,0.3665,3.8642,0.2778,0.4502
2013-01-30 21:44:00,0.3281,1.3359,0.2488,5.3558,0.0532,4.6065
2013-01-30 21:54:00,0.2155,1.4841,0.1885,4.9428,0.005,2.07
2013-01-30 22:04:00,0.0851,8.4211,0.127,7.0068,0.1561,0.4215
2013-01-30 22:14:00,0.0674,11.6781,0.0511,4.1252,0.0566,7.1435
2013-01-31 03:44:00,0.0402,4.3579,0.1989,3.2634,0.2054,1.5567
2013-01-31 03:54:00,0.2582,6.6719,0.2589,2.5759,0.1866,0.2332
2013-01-31 04:04:00,0.415,7.2275,0.2397,5.6704,0.3922,0.2402
2013-01-31 04:14:00,0.3711,7.6706,0.1636,0.7145,0.0462,0.245
2013-01-31 04:24:00,0.3653,6.4484,0.3319,0.2065,0.3508,0.2533
2013-01-31 04:34:00,0.612,6.9662,0.5477,5.0756,0.2854,1.5233
2013-01-31 04:44:00,0.65,11.7673,0.6402,9.8166,0.2387,3.0066
2013-01-31 04:54:00,0.8422,3.4834,0.9085,7.6792,0.5992,0.5065
2013-01-31 05:04:00,0.9409,3.4582,0.9371,6.2479,0.5744,0.5065
2013-01-31 05:14:00,0.8432,7.4416,1.0696,8.3274,0.7165,0.5065
2013-01-31 05:24:00,0.9953,10.9895,1.0988,8.6564,0.8215,0.5064
2013-01-31 05:34:00,1.2015,5.639,1.4952,8.9142,0.8946,0.5063
2013-01-31 05:44:00,1.1421,11.6407,1.3376,6.0379,0.8227,0.5062
2013-01-31 05:54:00,1.2374,11.9415,1.3386,9.397,0.5491,1.2796
2013-01-31 06:04:00,1.2675,14.6716,1.325,9.5759,0.6946,2.619
2013-01-31 06:14:00,1.1591,10.5897,1.2287,7.909,0.7768,1.4606
2013-01-31 06:24:00,1.195,8.3248,1.3713,7.9982,0.883,0.3207
2013-01-31 06:34:00,1.1477,15.0,1.4195,9.7896,1.1027,0.3163
2013-01-31 06:44:00,1.3778,12.5,1.7313,8.0029,0.8124,0.3118
2013-01-31 06:54:00,1.2769,12.5,1.5393,9.7876,0.9532,0.3073
2013-01-31 07:04:00,1.452,12.5,1.4966,9.7875,0.7951,5.943
2013-01-31 07:14:00,1.4489,12.5,1.3579,9.7888,0.8952,0.3127
2013-01-31 07:24:00,1.1348,12.5,1.3832,9.7901,0.739,0.3184
2013-01-31 07:34:00,1.4244,12.4253,1.6278,3.4832,0.7556,2.8241
2013-01-31 07:44:00,1.2668,12.3205,1.3203,6.5279,0.8008,0.3295
2013-01-31 07:54:00,1.3516,8.9979,1.4363,9.5004,0.7476,0.3346
2013-01-31 08:04:00,0.9879,11.891,0.9962,9.3577,0.4871,0.5061
2013-01-31 08:14:00,0.9517,9.8561,1.1308,2.0211,0.5622,1.2795
2013-01-31 08:24:00,1.1035,9.5813,1.1285,11.4502,0.5905,5.7437
2013-01-31 08:34:00,0.9932,11.1143,1.3068,8.7536,0.7151,0.5065
2013-01-31 08:44:00,0.9701,10.8136,0.925,8.5197,0.6205,1.2792
2013-01-31 08:54:00,0.9005,10.4759,1.0214,8.2569,0.6017,0.5066
2013-01-31 09:04:00,0.9874,2.0252,1.0657,2.2931,0.5983,0.5066
2013-01-31 09:14:00,0.7267,3.0007,0.743,7.6778,0.5216,1.2791
2013-01-31 09:24:00,0.6629,11.7977,0.7112,0.6095,0.4644,0.5066
2013-01-31 09:34:00,0.5425,7.1036,0.5981,3.8976,0.5571,1.2791
2013-01-31 09:44:00,0.5477,2.7508,0.5179,6.6673,0.2013,4.4934
2013-01-31 09:54:00,0.3668,1.2436,0.2577,8.8108,0.1993,2.6185
2013-01-31 10:04:00,0.3458,7.5074,0.2288,5.9476,0.0099,3.0065
2013-01-31 10:14:00,0.202,7.0773,0.1878,1.1178,0.0361,1.2792
2013-01-31 10:24:00,0.077,9.1059,0.0945,7.7463,0.1046,0.5066
2013-01-31 10:34:00,0.0863,8.6292,0.0169,3.0904,0.0199,3.0065
2013-01-31 16:14:00,0.0158,0.1025,0.0398,1.5791,0.0574,1.0433
2013-01-31 16:24:00,0.1034,6.1728,0.1937,7.0644,0.1854,1.457
2013-01-31 16:34:00,0.2946,9.1814,0.1565,3.1744,0.3179,1.4572
2013-01-31 16:44:00,0.4782,7.2488,0.3941,5.4015,0.1954,1.0426
2013-01-31 16:54:00,0.5037,5.9915,0.4187,0.4373,0.2578,1.4577
2013-01-31 17:04:00,0.6446,8.2836,0.632,4.421,0.4236,1.0434
2013-01-31 17:14:00,0.6808,0.2893,0.7033,6.7072,0.3388,0.7459
2013-01-31 17:24:00,0.8313,9.2803,0.9103,9.5516,0.9062,1.7704
2013-01-31 17:34:00,0.7781,6.6664,0.9419,9.9515,0.6665,1.7817
2013-01-31 17:44:00,0.9978,10.2289,1.1259,2.1099,0.8824,0.7184
2013-01-31 17:54:00,1.0497,10.5205,1.2174,8.0186,0.8258,6.4004
2013-01-31 18:04:00,1.243,5.1789,1.302,8.2831,0.7214,6.4008
2013-01-31 18:14:00,1.2175,11.2099,1.2897,8.5547,0.9085,1.7808
2013-01-31 18:24:00,1.2632,11.3502,1.2104,8.6637,0.7222,1.7803
2013-01-31 18:34:00,1.3437,11.5242,1.6071,8.7989,0.9734,0.7206
2013-01-31 18:44:00,1.1911,11.7429,1.3063,8.9687,0.88,1.7779
2013-01-31 18:54:00,1.3081,10.1169,1.5425,9.0925,1.2696,0.7244
2013-01-31 19:04:00,1.2883,8.8089,1.5211,9.1162,1.176,1.7731
2013-01-31 19:14:00,1.4173,11.9706,1.5732,9.1444,0.9796,0.7289
2013-01-31 19:24:00,1.3265,11.9321,1.3848,9.1138,0.6896,0.7319
2013-01-31 19:34:00,1.3824,6.2324,1.436,9.099,0.7935,0.736
2013-01-31 19:44:00,1.2336,14.3359,1.4572,9.0368,1.0649,0.7417
2013-01-31 19:54:00,1.2202,5.4775,1.3343,8.9507,0.6831,1.7504
2013-01-31 20:04:00,1.06,3.223,1.3756,7.03,1.0058,7.4892
2013-01-31 20:14:00,1.3649,8.2946,1.422,3.0256,0.7709,6.4488
2013-01-31 20:24:00,1.1261,11.2293,1.3822,11.057,1.1214,0.7781
2013-01-31 20:34:00,1.0502,11.0088,1.3089,10.8826,0.8428,2.5766
2013-01-31 20:44:00,1.1286,10.7782,1.3742,2.5191,0.9384,0.8016
2013-01-31 20:54:00,1.1293,10.4629,1.1778,6.1696,0.7968,1.6968
2013-01-31 21:04:00,0.956,12.6459,1.0394,10.2102,0.6903,1.7037
2013-01-31 21:14:00,0.8823,12.3323,0.8466,0.7365,0.7219,1.7082
2013-01-31 21:24:00,0.7524,9.4784,0.8513,7.1934,0.4182,6.467
2013-01-31 21:34:00,0.7445,0.304,0.771,9.3785,0.4994,1.7238
2013-01-31 21:44:00,0.7259,6.897,0.7883,0.8971,0.4988,1.7351
2013-01-31 21:54:00,0.6787,8.3147,0.7556,8.7956,0.4977,1.7485
2013-01-31 22:04:00,0.637,10.4093,0.6378,8.4852,0.2194,0.7291
2013-01-31 22:14:00,0.5314,5.6746,0.4702,3.8571,0.2333,2.4833
2013-01-31 22:24:00,0.3958,6.9837,0.2632,7.7781,0.0515,1.8301
2013-01-31 22:34:00,0.2279,9.0346,0.1068,7.434,0.015,6.3282
2013-01-31 22:44:00,0.0848,6.0802,0.0402,7.0847,0.1595,3.7523
2013-01-31 22:54:00,0.0736,0.081,0.0501,4.215,0.2589,3.7376
2013-02-01 04:24:00,0.006,6.1915,0.1483,4.7879,0.1778,0.1043
2013-02-01 04:34:00,0.114,6.5901,0.085,5.0978,0.0342,0.105
2013-02-01 04:44:00,0.4039,7.1755,0.2001,5.553,0.0343,0.1056
2013-02-01 04:54:00,0.3899,7.7025,0.2336,5.9628,0.1459,0.106
2013-02-01 05:04:00,0.4242,6.3351,0.3035,2.122,0.1776,0.1042
2013-02-01 05:14:00,0.5158,8.6295,0.3874,6.6853,0.1038,0.0999
2013-02-01 05:24:00,0.5342,9.1354,0.5302,9.5791,0.0399,1.8853
2013-02-01 05:34:00,0.5368,9.6473,0.6096,7.542,0.1261,0.1906
2013-02-01 05:44:00,0.7783,10.0393,0.7456,7.8475,0.2555,6.0569
2013-02-01 05:54:00,0.8638,10.458,0.7306,4.0088,0.3542,0.2006
2013-02-01 06:04:00,0.755,10.7668,0.8371,8.3484,0.4494,1.884
2013-02-01 06:14:00,1.0475,11.1583,1.1025,8.6532,0.6385,0.0972
2013-02-01 06:24:00,1.0429,9.7272,1.1778,8.9292,0.8566,0.0959
2013-02-01 06:34:00,1.0414,6.0597,1.0644,9.1073,0.5586,1.8802
2013-02-01 06:44:00,1.0675,11.9622,1.1774,9.2793,0.6547,0.0929
2013-02-01 06:54:00,1.0141,14.5983,1.2563,9.3855,0.8268,3.2162
2013-02-01 07:04:00,1.0736,12.234,1.4457,9.4921,0.7631,1.8726
2013-02-01 07:14:00,1.2339,9.1894,1.3091,6.4314,0.8602,0.0787
2013-02-01 07:24:00,1.0929,10.6116,1.3677,9.6227,0.7515,1.8559
2013-02-01 07:34:00,1.1243,9.2969,1.4819,9.6439,0.8945,1.8471
2013-02-01 07:44:00,1.1958,9.3232,1.3232,4.7276,0.634,0.2249
2013-02-01 07:54:00,0.9876,6.6786,1.2562,9.6606,0.6709,0.2304
2013-02-01 08:04:00,1.0963,8.0624,1.0215,6.4342,0.7152,0.2337
2013-02-01 08:14:00,1.0293,10.4229,1.3438,9.5432,0.8598,2.8916
2013-02-01 08:24:00,1.0542,12.0492,1.1426,4.4192,0.6902,0.233
2013-02-01 08:34:00,1.1984,6.1225,1.3766,11.7287,0.6718,6.0173
2013-02-01 08:44:00,1.0752,11.6181,1.3053,2.8338,0.6757,0.2323
2013-02-01 08:54:00,1.0508,8.2971,1.0539,8.9313,0.7737,0.232
2013-02-01 09:04:00,0.9472,11.2046,0.9919,11.2625,0.5601,0.2333
2013-02-01 09:14:00,0.8667,10.9447,0.9657,8.5612,0.7049,0.237
2013-02-01 09:24:00,0.8637,10.6602,1.0797,8.4014,0.6252,3.0112
2013-02-01 09:34:00,0.7339,12.8573,0.718,8.1658,0.5708,3.0111
2013-02-01 09:44:00,0.7792,10.0209,0.7952,7.9042,0.4604,0.511
2013-02-01 09:54:00,0.6798,7.888,0.7925,10.1342,0.3733,0.5109
2013-02-01 10:04:00,0.6251,9.2445,0.5951,4.1754,0.4337,0.5108
2013-02-01 10:14:00,0.4844,7.1072,0.3983,5.2413,0.341,1.275
2013-02-01 10:24:00,0.4901,2.8122,0.505,9.2167,0.3031,0.5106
2013-02-01 10:34:00,0.4646,8.143,0.4984,6.4438,0.2847,0.5106
2013-02-01 10:44:00,0.3693,1.4028,0.4968,6.0626,0.3102,0.5104
2013-02-01 10:54:00,0.3134,9.6683,0.3305,8.1857,0.1226,0.5103
2013-02-01 11:04:00,0.2201,3.644,0.1934,5.3752,0.096,0.5102
2013-02-01 11:14:00,0.0107,68.8399,0.0823,1.2086,0.0623,6.6338
2013-02-01 11:24:00,0.0925,0.9174,0.0594,1.5371,0.0576,1.2768
2013-02-01 16:44:00,0.1654,2.4269,0.0938,4.8729,0.0971,0.5074
2013-02-01 16:54:00,0.0346,6.6076,0.0009,3.462,0.053,0.5074
2013-02-01 17:04:00,0.1648,5.2926,0.1253,3.8283,0.2319,6.9926
2013-02-01 17:14:00,0.3609,0.8078,0.2466,5.9721,0.2832,6.6355
2013-02-01 17:24:00,0.3671,7.981,0.3927,6.3162,0.0303,6.2234
2013-02-01 17:34:00,0.448,0.0948,0.4778,6.6641,0.3466,6.2234
2013-02-01 17:44:00,0.5139,1.7158,0.6173,6.9991,0.2702,6.6355
2013-02-01 17:54:00,0.7152,0.7102,0.5908,7.3136,0.3782,6.2234
2013-02-01 18:04:00,0.7452,1.8168,0.6361,0.8679,0.3808,0.5073
2013-02-01 18:14:00,0.8659,2.5019,0.9359,7.8885,0.5785,6.2235
2013-02-01 18:24:00,0.8915,1.3947,0.9694,6.3529,0.5336,0.5072
2013-02-01 18:34:00,1.0265,4.408,1.0745,1.6682,0.5461,5.7428
2013-02-01 18:44:00,1.0894,7.8383,1.0917,1.9058,0.5075,6.2237
2013-02-01 18:54:00,1.0671,4.0668,1.1874,1.3282,0.7884,5.1748
2013-02-01 19:04:00,1.2194,11.4287,1.1425,7.2129,0.845,6.2238
2013-02-01 19:14:00,1.4063,11.6086,1.3764,9.1845,0.5589,0.7118
2013-02-01 19:24:00,1.195,9.9507,1.3052,9.2833,0.7807,0.7091
2013-02-01 19:34:00,1.2953,5.0925,1.1627,3.6685,0.8877,6.4366
2013-02-01 19:44:00,1.3089,6.1769,1.427,9.3773,0.8705,5.5465
2013-02-01 19:54:00,1.2644,8.7347,1.4582,9.3774,0.9028,0.7007
2013-02-01 20:04:00,1.3265,4.7063,1.5718,2.6371,0.7713,5.5549
2013-02-01 20:14:00,1.4787,6.1133,1.4657,9.3236,0.7865,6.0461
2013-02-01 20:24:00,1.443,5.0269,1.5731,3.6101,1.0119,5.5767
2013-02-01 20:34:00,1.258,4.5109,1.6329,9.1739,0.9117,5.1765
2013-02-01 20:44:00,1.3643,11.4629,1.5493,9.0253,0.9586,5.7447
2013-02-01 20:54:00,1.1672,6.3613,1.2897,5.8212,0.7425,0.5053
2013-02-01 21:04:00,1.1508,6.2207,1.394,4.6702,0.9155,5.1764
2013-02-01 21:14:00,1.1671,10.9968,1.1442,0.6055,0.7599,5.604
2013-02-01 21:24:00,0.9538,10.7795,1.28,8.5285,0.8737,5.0189
2013-02-01 21:34:00,0.9517,2.485,1.3444,1.2682,0.7648,5.8748
2013-02-01 21:44:00,1.016,5.3141,1.0977,1.0756,0.7786,5.3538
2013-02-01 21:54:00,1.0087,1.2835,1.0968,8.0088,0.7732,4.7462
2013-02-01 22:04:00,0.8648,2.6204,0.9747,1.5553,0.7026,4.716
2013-02-01 22:14:00,0.637,1.9429,0.8849,1.3102,0.7382,5.2656
2013-02-01 22:24:00,0.6042,0.1555,0.7409,2.2848,0.7293,6.4985
2013-02-01 22:34:00,0.6074,6.9523,0.6767,2.8523,0.6427,4.6646
2013-02-01 22:44:00,0.507,2.1093,0.5293,0.7726,0.4836,4.6505
2013-02-01 22:54:00,0.4459,8.0103,0.5637,0.7769,0.4997,6.4561
2013-02-01 23:04:00,0.3382,7.6492,0.5439,1.1809,0.4787,3.9417
2013-02-01 23:14:00,0.2091,7.2459,0.3089,0.8708,0.3067,5.1751
2013-02-01 23:24:00,0.0414,6.8419,0.35,5.5595,0.5041,3.0781
2013-02-01 23:34:00,0.0702,1.6275,0.1774,2.3297,0.2254,6.1332
2013-02-02 05:04:00,0.1322,19.1445,0.047,3.7558,0.1213,2.4694
2013-02-02 05:14:00,0.0528,0.2794,0.3586,5.825,0.2821,3.9896
2013-02-02 05:24:00,0.1594,32.3839,0.4527,2.9899,0.3579,6.1248
2013-02-02 05:34:00,0.2843,7.6865,0.4929,1.2989,0.3765,2.7109
2013-02-02 05:44:00,0.4491,14.319,0.604,2.4287,0.4551,2.7163
2013-02-02 05:54:00,0.4561,4.2929,0.6737,3.7736,0.343,5.2858
2013-02-02 06:04:00,0.6776,5.7102,0.8026,4.0643,0.6533,3.5628
2013-02-02 06:14:00,0.8027,1.0676,0.8405,0.3752,0.5202,1.4301
2013-02-02 06:24:00,0.9263,5.3283,1.1149,3.5331,0.5917,2.7429
2013-02-02 06:34:00,0.8841,6.7197,1.2052,4.8457,0.6953,3.582
2013-02-02 06:44:00,1.0227,5.9765,1.326,4.0353,0.7157,0.3729
2013-02-02 06:54:00,1.1167,0.9741,1.2445,5.2362,0.9605,4.2736
2013-02-02 07:04:00,1.0498,3.8672,1.3508,4.3873,0.844,4.2777
2013-02-02 07:14:00,1.1251,7.6782,1.6711,4.5462,0.9346,3.5994
2013-02-02 07:24:00,1.2301,5.9819,1.4899,3.9124,0.7662,1.4508
2013-02-02 07:34:00,1.2221,11.0944,1.5565,9.0016,0.9389,5.0488
2013-02-02 07:44:00,1.3484,11.1993,1.6876,9.0833,1.1013,0.1035
2013-02-02 07:54:00,1.4288,9.4989,1.742,6.0231,1.2368,1.4499
2013-02-02 08:04:00,1.4598,7.0885,1.6088,4.8981,1.2201,2.76
2013-02-02 08:14:00,1.4612,11.2707,1.6179,7.2918,1.1208,1.7156
2013-02-02 08:24:00,1.4036,7.074,1.6036,4.8881,1.3491,2.7541
2013-02-02 08:34:00,1.3538,9.4225,1.7257,4.8636,0.9164,3.5839
2013-02-02 08:44:00,1.0408,8.0009,1.41,8.9671,1.1023,2.7466
2013-02-02 08:54:00,1.4454,11.032,1.6557,8.8951,1.0325,1.7003
2013-02-02 09:04:00,1.2273,7.7906,1.4125,8.8059,1.3279,1.4313
2013-02-02 09:14:00,1.2743,10.8095,1.4872,5.6005,1.3635,2.7254
2013-02-02 09:24:00,1.3206,7.4972,1.1366,5.4573,0.8566,4.7973
2013-02-02 09:34:00,1.0585,3.2916,1.2217,5.3139,0.8814,0.3206
2013-02-02 09:44:00,1.0556,7.102,1.1766,0.7802,0.8348,3.5224
2013-02-02 09:54:00,0.8487,5.8627,1.1207,8.1287,0.6833,3.5116
2013-02-02 10:04:00,0.9151,9.7815,1.0661,2.9374,0.5651,5.6473
2013-02-02 10:14:00,0.7077,6.4075,0.9863,2.7442,0.5735,2.6682
2013-02-02 10:24:00,0.7796,7.4812,0.7901,2.5372,0.7119,4.1845
2013-02-02 10:34:00,0.6084,5.8504,0.6207,4.1844,0.3465,1.6323
2013-02-02 10:44:00,0.6133,6.8757,0.6385,3.9384,0.356,1.6392
2013-02-02 10:54:00,0.5747,8.3434,0.5921,3.689,0.3833,1.6476
2013-02-02 11:04:00,0.4038,4.8928,0.3468,3.4338,0.3329,0.3166
2013-02-02 11:14:00,0.3427,5.8532,0.3759,3.1372,0.0854,1.6633
2013-02-02 11:24:00,0.2017,1.6214,0.2778,1.8132,0.0269,3.5454
2013-02-02 11:34:00,0.0554,0.1538,0.1224,5.7534,0.1012,3.552
2013-02-02 11:44:00,0.0495,1.6279,0.0454,1.3043,0.0231,2.7247
2013-02-02 17:44:00,0.1247,1.6542,0.0629,0.1138,0.0389,0.1623
2013-02-02 17:54:00,0.0555,69.7778,0.0005,1.0907,0.0224,4.7829
2013-02-02 18:04:00,0.1131,5.8339,0.1183,4.571,0.1396,4.3023
2013-02-02 18:14:00,0.2604,2.9756,0.1724,0.9518,0.0816,1.9476
2013-02-02 18:24:00,0.3625,6.4383,0.3274,4.9996,0.2014,5.3807
2013-02-02 18:34:00,0.3515,6.7612,0.2913,5.2513,0.1391,0.0214
2013-02-02 18:44:00,0.4078,7.0944,0.3064,5.5111,0.1941,2.4003
2013-02-02 18:54:00,0.5331,4.1952,0.4786,5.7567,0.2168,4.4816
2013-02-02 19:04:00,0.5322,7.7024,0.5191,0.5623,0.1264,1.3536
2013-02-02 19:14:00,0.5165,5.5589,0.6572,4.8318,0.2164,4.4744
2013-02-02 19:24:00,0.6336,6.8717,0.6727,8.2065,0.2023,1.949
2013-02-02 19:34:00,0.6095,3.9484,0.5823,2.1135,0.1206,0.1632
2013-02-02 19:44:00,0.6481,4.1181,0.739,1.3527,0.2261,5.1939
2013-02-02 19:54:00,0.674,10.5007,0.7536,5.4738,0.2748,5.1939
2013-02-02 20:04:00,0.7649,8.8399,0.7737,8.696,0.2692,0.1633
2013-02-02 20:14:00,0.6848,7.5507,0.6667,5.61,0.3215,0.1633
2013-02-02 20:24:00,0.6732,2.9102,0.7254,6.9859,0.3061,0.1633
2013-02-02 20:34:00,0.8234,4.0553,0.7277,7.0352,0.3009,0.1633
2013-02-02 20:44:00,0.7985,8.9699,0.7277,7.0115,0.2601,1.949
2013-02-02 20:54:00,0.6745,8.9593,0.6789,5.6639,0.236,3.7328
2013-02-02 21:04:00,0.7608,5.7143,0.752,8.765,0.2734,3.7328
2013-02-02 21:14:00,0.6753,4.3938,0.6909,8.7103,0.2393,0.1643
2013-02-02 21:24:00,0.6584,3.806,0.7497,0.8145,0.221,4.7806
2013-02-02 21:34:00,0.6452,4.1678,0.7111,3.5344,0.1083,4.2996
2013-02-02 21:44:00,0.6596,8.5314,0.6549,6.6704,0.1041,4.7801
2013-02-02 21:54:00,0.535,6.0148,0.4756,2.6688,0.2742,4.7798
2013-02-02 22:04:00,0.5208,8.2323,0.5492,6.4378,0.2629,0.1655
2013-02-02 22:14:00,0.5277,9.8283,0.4887,6.2901,0.2555,4.7792
2013-02-02 22:24:00,0.5319,5.4679,0.4827,4.8005,0.187,5.1885
2013-02-02 22:34:00,0.5065,7.6586,0.4224,5.9912,0.2616,4.7779
2013-02-02 22:44:00,0.3578,6.1002,0.375,4.4814,0.2184,4.2968
2013-02-02 22:54:00,0.3731,5.8272,0.2746,0.6941,0.2272,4.2966
2013-02-02 23:04:00,0.3633,1.2177,0.3299,2.2117,0.1862,5.1894
2013-02-02 23:14:00,0.2085,4.3072,0.207,7.0219,0.0567,1.9535
2013-02-02 23:24:00,0.2489,8.1607,0.1504,4.9926,0.1813,5.1893
2013-02-02 23:34:00,0.2048,6.0796,0.1565,4.7627,0.1315,0.168
2013-02-02 23:44:00,0.0979,0.4901,0.019,4.6077,0.1041,2.0926
2013-02-03 00:04:00,0.0065,1.9267,0.0403,6.1423,0.0588,2.0654
2013-02-03 00:14:00,0.0663,19.5592,0.0458,5.9459,0.0276,1.0576
2013-02-03 00:24:00,0.1694,0.3947,0.1243,1.5369,0.0204,0.2785
2013-02-03 05:54:00,0.1456,7.1542,0.1956,0.3756,0.1767,0.4523
2013-02-03 06:04:00,0.09,69.9392,0.1099,4.492,0.1021,2.7678
2013-02-03 06:14:00,0.0458,2.7744,0.0844,4.7511,0.042,0.4397
2013-02-03 06:24:00,0.0691,6.3495,0.0513,5.0303,0.1214,0.4338
2013-02-03 06:34:00,0.0827,6.6212,0.1018,5.2405,0.0982,0.4288
2013-02-03 06:44:00,0.2135,6.9756,0.1509,5.5151,0.0594,0.4242
2013-02-03 06:54:00,0.1909,5.9279,0.2919,5.741,0.0055,0.9189
2013-02-03 07:04:00,0.2907,7.585,0.2289,5.9875,0.0621,4.5276
2013-02-03 07:14:00,0.3596,7.8891,0.3181,4.8845,0.1076,0.4162
2013-02-03 07:24:00,0.399,8.109,0.3237,5.0549,0.0891,4.9438
2013-02-03 07:34:00,0.3354,0.8891,0.3409,5.2359,0.1248,0.9286
2013-02-03 07:44:00,0.4114,8.5658,0.2978,5.409,0.0661,0.9312
2013-02-03 07:54:00,0.3787,3.8148,0.3781,6.8986,0.0855,0.4056
2013-02-03 08:04:00,0.4838,7.5882,0.4481,5.6894,0.0516,2.19
2013-02-03 08:14:00,0.4619,9.0522,0.4895,5.7865,0.1606,0.9346
2013-02-03 08:24:00,0.4886,9.1742,0.4763,4.0064,0.12,5.3095
2013-02-03 08:34:00,0.5199,7.8789,0.5471,7.2036,0.2419,1.1731
2013-02-03 08:44:00,0.4939,9.2878,0.4538,9.0434,0.2675,1.1731
2013-02-03 08:54:00,0.4799,7.9622,0.5538,5.9291,0.2284,1.173
2013-02-03 09:04:00,0.4499,9.2917,0.5015,7.2607,0.124,0.1663
2013-02-03 09:14:00,0.449,3.2376,0.4809,5.9002,0.2155,1.173
2013-02-03 09:24:00,0.5373,7.9042,0.5081,5.8839,0.2344,1.952
2013-02-03 09:34:00,0.4672,9.195,0.5156,7.1855,0.1405,0.1663
2013-02-03 09:44:00,0.4973,3.0598,0.4916,7.1008,0.2473,0.1663
2013-02-03 09:54:00,0.5546,7.7249,0.4861,5.7441,0.1739,0.1663
2013-02-03 10:04:00,0.5178,7.6283,0.4138,7.0613,0.168,0.4122
2013-02-03 10:14:00,0.4512,8.8392,0.4755,6.962,0.1326,0.4148
2013-02-03 10:24:00,0.4717,6.3316,0.4202,6.8651,0.0601,0.4211
2013-02-03 10:34:00,0.4344,1.9787,0.3857,6.7221,0.0658,4.0344
2013-02-03 10:44:00,0.4501,8.3384,0.3632,0.5513,0.1735,0.8998
2013-02-03 10:54:00,0.3475,6.823,0.3548,4.0625,0.0877,0.8896
2013-02-03 11:04:00,0.3536,8.0161,0.3407,8.1716,0.0309,1.6702
2013-02-03 11:14:00,0.3825,7.8029,0.3012,0.0808,0.0279,0.7177
2013-02-03 11:24:00,0.2658,1.2682,0.204,0.3286,0.0224,0.6134
2013-02-03 11:34:00,0.314,1.2484,0.2216,5.7649,0.0559,0.5023
2013-02-03 11:44:00,0.2272,8.8183,0.1628,5.5794,0.0336,2.6976
2013-02-03 11:54:00,0.1584,2.2913,0.1311,4.0282,0.0015,5.4941
2013-02-03 12:04:00,0.1016,4.2313,0.089,0.0551,0.1141,0.7468
2013-02-03 12:14:00,0.0297,0.3109,0.0215,5.0909,0.0695,5.2693
2013-02-03 12:24:00,0.0087,1.5057,0.0463,3.5564,0.1072,0.5707
2013-02-03 12:34:00,0.0326,0.4695,0.1104,1.4839,0.163,0.5603
2013-02-03 12:44:00,0.101,5.5789,0.195,3.171,0.2326,0.54
2013-02-03 12:54:00,0.1799,4.0027,0.2506,4.3285,0.2305,0.8107
2013-02-03 18:14:00,0.1409,7.0139,0.1282,1.8111,0.1256,0.763
2013-02-03 18:24:00,0.0465,4.0093,0.1122,5.0975,0.1821,1.661
2013-02-03 18:34:00,0.0132,5.0033,0.0923,2.096,0.201,2.3514
2013-02-03 18:44:00,0.0365,2.637,0.0001,2.2481,0.0614,2.3451
2013-02-03 18:54:00,0.1,0.1989,0.08,1.9257,0.1022,1.6797
2013-02-03 19:04:00,0.1826,3.028,0.1365,2.5485,0.0114,1.6853
2013-02-03 19:14:00,0.1826,2.4512,0.1773,7.1607,0.0088,3.6651
2013-02-03 19:24:00,0.3034,2.6337,0.2513,2.3557,0.1387,1.287
2013-02-03 19:34:00,0.4009,7.201,0.2664,1.4217,0.0755,1.2924
2013-02-03 19:44:00,0.3789,3.7633,0.3895,1.8627,0.1076,0.8206
2013-02-03 19:54:00,0.4562,2.8337,0.3763,4.4788,0.1409,1.3105
2013-02-03 20:04:00,0.4382,7.6626,0.3924,6.4618,0.1424,0.2697
2013-02-03 20:14:00,0.5022,9.1277,0.4571,1.3497,0.2646,0.2767
2013-02-03 20:24:00,0.4803,4.7789,0.4295,3.5209,0.1363,1.7456
2013-02-03 20:34:00,0.5552,2.7944,0.5422,8.0599,0.2275,1.2215
2013-02-03 20:44:00,0.5497,2.6638,0.5861,1.8241,0.2892,3.5925
2013-02-03 20:54:00,0.5622,8.1723,0.5988,2.8299,0.2144,2.2424
2013-02-03 21:04:00,0.6224,4.6274,0.5148,3.7679,0.2506,1.7858
2013-02-03 21:14:00,0.6284,5.1483,0.5991,1.7137,0.27,1.3831
2013-02-03 21:24:00,0.6379,2.1924,0.5632,8.2831,0.2947,2.2067
2013-02-03 21:34:00,0.6227,5.1767,0.5859,1.5102,0.3177,1.4101
2013-02-03 21:44:00,0.6561,3.3507,0.6651,3.339,0.3577,1.4218
2013-02-03 21:54:00,0.6696,4.6925,0.5893,4.3733,0.2946,0.3846
2013-02-03 22:04:00,0.6548,3.8772,0.6041,3.2879,0.2597,1.8499
2013-02-03 22:14:00,0.6239,5.6539,0.5743,4.306,0.311,1.8432
2013-02-03 22:24:00,0.635,4.5817,0.5971,2.8284,0.2935,1.4244
2013-02-03 22:34:00,0.6177,3.7457,0.5824,3.1901,0.3386,1.4173
2013-02-03 22:44:00,0.592,3.6629,0.5877,2.7154,0.2739,0.9293
2013-02-03 22:54:00,0.5028,6.9126,0.5489,2.2949,0.339,0.9221
2013-02-03 23:04:00,0.5157,3.4757,0.565,1.6286,0.3021,2.1609
2013-02-03 23:14:00,0.5047,3.7379,0.4986,1.3133,0.1579,1.7871
2013-02-03 23:24:00,0.5588,4.4895,0.4945,0.9878,0.2525,0.8779
2013-02-03 23:34:00,0.497,3.106,0.4484,1.9401,0.326,0.8626
2013-02-03 23:44:00,0.3967,2.411,0.4154,2.6314,0.1543,1.3232
2013-02-04 00:04:00,0.4354,3.4153,0.3819,2.3622,0.1978,0.2515
2013-02-04 00:14:00,0.4211,2.8412,0.2649,2.2381,0.2779,1.7048
2013-02-04 00:24:00,0.3653,3.0922,0.2278,2.1124,0.1714,1.7103
2013-02-04 00:34:00,0.3845,3.3906,0.2194,3.0183,0.1164,2.0755
2013-02-04 00:44:00,0.3009,3.1035,0.1627,2.7336,0.1423,0.5565
2013-02-04 00:54:00,0.1989,2.5496,0.0285,1.6816,0.0512,1.7593
2013-02-04 01:04:00,0.1368,2.7126,0.0377,2.4289,0.2864,1.1304
2013-02-04 01:14:00,0.0514,0.9729,0.0001,2.2913,0.0662,0.5602
2013-02-04 01:24:00,0.0199,1.8803,0.113,6.0525,0.0379,2.377
2013-02-04 01:34:00,0.081,2.7539,0.1262,2.7027,0.0748,0.5574
2013-02-04 06:34:00,0.1712,4.4256,0.2393,0.3685,0.0942,2.321
2013-02-04 06:44:00,0.1058,2.1342,0.1601,1.1457,0.0583,0.7945
2013-02-04 06:54:00,0.0007,0.9108,0.0519,1.3305,0.0979,3.3589
2013-02-04 07:04:00,0.0029,0.801,0.0224,1.5225,0.0074,2.3093
2013-02-04 07:14:00,0.1523,0.7371,0.0226,2.3976,0.0848,0.7948
2013-02-04 07:24:00,0.1486,3.0995,0.1433,1.896,0.223,2.3105
2013-02-04 07:34:00,0.2647,4.8558,0.1532,4.6403,0.1507,0.7959
2013-02-04 07:44:00,0.3059,5.0864,0.277,2.9447,0.0448,3.7726
2013-02-04 07:54:00,0.275,6.3178,0.3064,2.4104,0.345,2.312
2013-02-04 08:04:00,0.4439,4.6567,0.3386,2.0086,0.2113,2.3125
2013-02-04 08:14:00,0.424,4.8593,0.3978,4.25,0.251,1.6272
2013-02-04 08:24:00,0.4695,4.3341,0.3866,3.5385,0.2582,1.6277
2013-02-04 08:34:00,0.4942,5.1656,0.4254,0.2736,0.193,1.6281
2013-02-04 08:44:00,0.5144,4.6335,0.5241,3.7715,0.2528,1.6286
2013-02-04 08:54:00,0.6013,5.4278,0.5003,3.8594,0.3669,2.3084
2013-02-04 09:04:00,0.6032,2.726,0.5092,3.2637,0.2994,2.8769
2013-02-04 09:14:00,0.6427,6.4739,0.6398,4.0249,0.3963,0.7938
2013-02-04 09:24:00,0.73,3.1995,0.5631,4.0708,0.3169,0.7939
2013-02-04 09:34:00,0.8351,5.0527,0.5915,4.9314,0.443,3.358
2013-02-04 09:44:00,0.7789,5.7627,0.6286,0.37,0.3224,3.3728
2013-02-04 09:54:00,0.7553,6.6072,0.6417,4.1292,0.3504,2.8714
2013-02-04 10:04:00,0.7577,6.6111,0.7707,2.8822,0.2866,2.3032
2013-02-04 10:14:00,0.6356,6.3153,0.6093,0.7705,0.3407,3.7364
2013-02-04 10:24:00,0.7295,5.431,0.6914,4.3169,0.2609,2.4896
2013-02-04 10:34:00,0.6905,5.1446,0.7465,0.5,0.197,0.5068
2013-02-04 10:44:00,0.6239,3.6311,0.6294,2.5855,0.274,5.4308
2013-02-04 10:54:00,0.7268,4.6549,0.4943,0.5386,0.264,8.181
2013-02-04 11:04:00,0.5446,5.1622,0.5036,0.6948,0.1545,7.6867
2013-02-04 11:14:00,0.5618,1.1368,0.6345,1.2925,0.1416,7.367
2013-02-04 11:24:00,0.5856,0.7306,0.5243,6.6718,0.0631,6.6784
2013-02-04 11:34:00,0.4677,1.3772,0.4643,1.2845,0.2625,5.8386
2013-02-04 11:44:00,0.4559,3.7523,0.5793,0.6416,0.2247,5.5227
2013-02-04 11:54:00,0.5299,0.714,0.4353,1.1744,0.3658,7.6009
2013-02-04 12:04:00,0.4068,0.8837,0.5419,6.2848,0.1778,6.04
2013-02-04 12:14:00,0.3692,1.4613,0.4314,0.454,0.134,8.1829
2013-02-04 12:24:00,0.3979,0.6339,0.3574,8.4232,0.1785,6.7231
2013-02-04 12:34:00,0.3142,3.4621,0.2606,0.0158,0.0248,6.7231
2013-02-04 12:44:00,0.3063,0.4207,0.2215,0.5133,0.0205,8.1841
2013-02-04 12:54:00,0.2303,0.9817,0.2449,1.4394,0.1069,6.723
2013-02-04 13:04:00,0.167,31.8007,0.0767,0.0534,0.0986,6.0412
2013-02-04 13:14:00,0.1331,1.6583,0.0342,2.4945,0.0569,7.4878
2013-02-04 13:24:00,0.091,1.1338,0.059,0.2213,0.1079,8.255
2013-02-04 13:34:00,0.0137,1.5466,0.0051,0.2315,0.1471,6.0237
2013-02-04 13:44:00,0.0558,2.1432,0.0738,2.9642,0.2223,4.142
2013-02-04 13:54:00,0.173,7.8685,0.2232,6.4463,0.2933,6.0099
2013-02-04 14:04:00,0.2805,4.1624,0.2224,3.0101,0.2652,6.0038
2013-02-04 19:14:00,0.0386,14.4244,0.0365,2.3264,0.2198,7.5
2013-02-04 19:24:00,0.0085,1.8291,0.1228,6.3976,0.0744,1.25
2013-02-04 19:34:00,0.1252,65.3376,0.1615,6.7863,0.1179,13.1818
2013-02-04 19:44:00,0.1833,0.3034,0.1668,3.4956,0.3105,13.1818
2013-02-04 19:54:00,0.2803,2.8636,0.4078,1.7883,0.354,10.625
2013-02-04 20:04:00,0.3904,4.3566,0.4778,7.9672,0.5884,7.5
2013-02-04 20:14:00,0.4306,10.9641,0.5566,8.2451,0.5355,1.25
2013-02-04 20:24:00,0.5411,2.5989,0.5165,4.3473,0.4898,14.6429
2013-02-04 20:34:00,0.6734,2.6373,0.7059,4.7415,0.5661,1.25
2013-02-04 20:44:00,0.7121,1.8824,0.7883,5.5329,0.4729,5.0
2013-02-04 20:54:00,0.6828,1.4188,0.658,5.8204,0.5065,5.0
2013-02-04 21:04:00,0.8357,2.684,1.0311,9.9061,0.7035,1.25
2013-02-04 21:14:00,0.9618,13.6207,1.0643,6.6494,0.9528,13.3506
2013-02-04 21:24:00,1.1813,0.0426,1.1409,10.5433,1.1079,0.8046
2013-02-04 21:34:00,1.1885,14.1928,1.0207,4.7209,0.6664,11.5312
2013-02-04 21:44:00,1.218,14.5195,1.1654,11.3575,0.7602,7.7221
2013-02-04 21:54:00,1.1846,0.7712,1.2903,3.6865,0.8385,10.3944
2013-02-04 22:04:00,1.2244,15.0739,1.2351,1.5034,0.8174,5.3452
2013-02-04 22:14:00,1.3509,15.1365,1.3741,11.9753,0.8703,0.9342
2013-02-04 22:24:00,1.3996,15.1437,1.3303,11.987,1.1984,2.7883
2013-02-04 22:34:00,1.0712,9.1167,1.0612,8.4885,0.852,1.313
2013-02-04 22:44:00,1.3983,15.3628,1.455,12.2354,0.8916,1.3129
2013-02-04 22:54:00,1.442,15.3118,1.4365,0.785,1.3051,1.3129
2013-02-04 23:04:00,1.2373,11.5281,1.3656,8.4195,0.9691,2.4371
2013-02-04 23:14:00,1.3461,15.3226,1.4008,12.2042,0.9983,11.6679
2013-02-04 23:24:00,1.3617,15.0585,1.4132,11.9987,1.2335,1.3129
2013-02-04 23:34:00,1.4107,15.0373,1.6022,1.5656,1.2032,11.187
2013-02-04 23:44:00,1.3863,1.925,1.6919,11.8803,1.7617,1.3141
2013-02-05 00:04:00,1.3238,14.3849,1.8781,11.4751,1.4507,11.1856
2013-02-05 00:14:00,1.2425,6.2535,1.5145,2.0257,1.026,1.3145
2013-02-05 00:24:00,1.1226,1.1125,1.4343,0.8317,1.1596,2.4354
2013-02-05 00:34:00,1.282,13.744,1.6082,10.9767,1.2778,11.6661
2013-02-05 00:44:00,1.0782,4.2333,1.5677,10.8712,1.6518,1.3148
2013-02-05 00:54:00,1.0684,13.3961,1.4603,10.7061,1.4868,1.3148
2013-02-05 01:04:00,0.9965,12.9887,1.7082,10.3893,1.9208,1.3149
2013-02-05 01:14:00,0.9017,12.6804,1.616,10.1495,1.426,1.3149
2013-02-05 01:24:00,0.8223,8.7526,1.0795,6.2606,1.0596,2.4375
2013-02-05 01:34:00,0.8137,2.733,1.238,9.7039,1.3531,2.4393
2013-02-05 01:44:00,0.5468,11.8341,0.8972,9.5914,1.1429,1.7655
2013-02-05 01:54:00,0.4756,0.3659,0.8396,28.1714,0.5875,4.4855
2013-02-05 02:04:00,0.3907,11.3141,0.7873,9.1863,0.7981,1.987
2013-02-05 02:14:00,0.2857,7.1499,0.8895,8.8637,0.9116,1.989
2013-02-05 02:24:00,0.2002,10.5941,0.6803,8.6252,0.63,8.6586
2013-02-05 02:34:00,0.0732,6.4739,0.804,8.3363,0.864,1.7541
2013-02-05 02:44:00,0.053,16.0719,0.393,1.7725,0.8272,10.7511
2013-02-05 02:54:00,0.1594,65.7155,0.2633,2.6727,0.8916,4.5068
2013-02-05 07:44:00,0.1359,68.18,0.4274,0.2185,0.8846,0.1265
2013-02-05 07:54:00,0.1069,1.4806,0.4188,1.9586,0.8501,0.436
2013-02-05 08:04:00,0.0251,12.2037,0.6882,4.5281,0.7821,5.8064
2013-02-05 08:14:00,0.1928,6.3711,0.8643,11.1005,0.7913,2.0469
2013-02-05 08:24:00,0.3747,69.1801,1.0171,3.3036,0.9648,0.4599
2013-02-05 08:34:00,0.3119,6.7161,0.9304,2.3842,1.2696,0.4671
2013-02-05 08:44:00,0.4827,19.5467,1.0684,7.8712,1.2572,0.4749
2013-02-05 08:54:00,0.5644,0.754,1.2821,8.0931,1.268,3.608
2013-02-05 09:04:00,0.7344,4.4036,1.4318,0.5659,1.4524,0.7522
2013-02-05 09:14:00,0.8501,3.6295,1.5421,2.4415,1.4401,6.4361
2013-02-05 09:24:00,0.9358,8.1321,1.6379,6.1526,1.4799,4.9235
2013-02-05 09:34:00,1.0263,4.0806,1.6695,8.6832,1.5668,1.4779
2013-02-05 09:44:00,0.9548,14.4678,1.5405,1.1583,1.5601,2.8169
2013-02-05 09:54:00,1.1162,5.4361,1.8189,6.4228,1.7716,1.457
2013-02-05 10:04:00,1.1974,15.029,1.8225,9.0894,1.5992,2.8418
2013-02-05 10:14:00,1.211,8.7577,1.7133,6.5699,1.5185,1.4311
2013-02-05 10:24:00,1.3574,5.5299,1.7386,3.2421,1.9482,0.8755
2013-02-05 10:34:00,1.4481,0.8723,1.98,9.1008,2.0505,1.643
2013-02-05 10:44:00,1.3437,2.3547,1.7053,4.9066,1.6285,1.6682
2013-02-05 10:54:00,1.4222,7.3085,1.782,12.9417,1.6041,1.7016
2013-02-05 11:04:00,1.3411,4.1438,2.141,2.4898,1.7846,7.0332
2013-02-05 11:14:00,1.4749,15.4595,2.0482,6.7027,1.7624,4.1949
2013-02-05 11:24:00,1.5043,21.5639,2.1383,12.8343,1.823,0.4219
2013-02-05 11:34:00,1.3126,15.332,2.1409,6.593,2.0829,3.888
2013-02-05 11:44:00,1.3267,11.4252,1.9059,8.9655,1.6879,0.3727
2013-02-05 11:54:00,1.4269,2.6188,1.7794,6.4158,2.2584,3.9389
2013-02-05 12:04:00,1.4509,11.3692,1.9093,8.9128,1.9679,0.3322
2013-02-05 12:14:00,1.4991,7.1501,2.0766,6.4655,1.9827,0.3354
2013-02-05 12:24:00,1.4581,14.9411,2.0357,0.5939,2.0832,0.3387
2013-02-05 12:34:00,1.3103,0.5647,1.9071,12.5136,2.0411,0.342
2013-02-05 12:44:00,1.294,11.0523,1.7622,12.4192,1.7529,7.1547
2013-02-05 12:54:00,1.2574,1.3403,1.5887,8.4543,1.4255,0.3486
2013-02-05 13:04:00,1.1687,3.9898,1.6554,8.361,1.5498,2.155
2013-02-05 13:14:00,1.0918,14.19,1.7742,0.6899,1.8321,4.0832
2013-02-05 13:24:00,1.0299,1.3418,1.6667,3.7532,2.2482,2.1781
2013-02-05 13:34:00,0.8904,9.9891,1.1261,7.8342,1.5364,7.8705
2013-02-05 13:44:00,0.8978,19.7746,1.3486,7.6651,1.6358,4.0512
2013-02-05 13:54:00,0.7913,13.3091,1.2214,7.4953,1.4975,0.2918
2013-02-05 14:04:00,0.7666,3.6483,1.1135,7.2716,1.6095,0.286
2013-02-05 14:14:00,0.6756,4.7084,0.8631,7.0541,0.6665,0.2848
2013-02-05 14:24:00,0.506,4.5249,0.8529,6.9111,1.5164,4.0335
2013-02-05 14:34:00,0.4299,12.2196,0.9797,4.1455,1.4469,2.2176
2013-02-05 14:44:00,0.3453,18.2629,0.7156,1.0156,1.301,0.2813
2013-02-05 14:54:00,0.1662,0.2258,0.5569,6.2454,1.1895,0.2803
2013-02-05 15:04:00,0.0851,7.6155,0.6497,5.9825,1.1047,0.2894
2013-02-05 15:14:00,0.0207,11.064,0.7022,5.7529,1.0543,5.3128
2013-02-05 15:24:00,0.0725,17.0753,0.5504,5.5718,1.1564,4.0829
2013-02-05 15:34:00,0.293,66.7334,0.3775,5.3099,0.9226,0.3515
2013-02-05 15:44:00,0.3631,16.4523,0.2413,1.5719,0.6276,2.1321
2013-02-05 20:14:00,0.388,10.3354,0.1506,5.2039,0.8746,4.1388
2013-02-05 20:24:00,0.2487,66.7782,0.2928,9.1024,0.8165,8.368
2013-02-05 20:34:00,0.142,29.6351,0.531,0.0035,0.749,7.1251
2013-02-05 20:44:00,0.0474,67.517,0.5861,5.924,0.8717,7.1326
2013-02-05 20:54:00,0.0811,11.4543,0.5721,2.682,0.8304,6.307
2013-02-05 21:04:00,0.1953,11.7687,0.6799,4.7412,1.46,2.1458
2013-02-05 21:14:00,0.3696,68.3936,0.9073,66.6027,1.0317,5.2727
2013-02-05 21:24:00,0.3773,8.6359,0.9769,6.7908,1.4919,2.1495
2013-02-05 21:34:00,0.5555,3.3296,1.1141,2.1924,1.4235,4.0987
2013-02-05 21:44:00,0.6429,3.6217,1.1754,11.0153,1.2775,2.153
2013-02-05 21:54:00,0.7414,1.4159,1.4748,0.8714,1.3819,6.3212
2013-02-05 22:04:00,0.8099,13.6231,1.3467,5.2516,1.8902,2.1578
2013-02-05 22:14:00,0.9846,10.0592,1.5183,11.6454,1.4398,7.1621
2013-02-05 22:24:00,0.9431,10.3393,1.4847,0.0689,2.0106,4.0856
2013-02-05 22:34:00,1.0721,14.3759,1.6488,12.0858,1.3857,4.0849
2013-02-05 22:44:00,1.1602,14.6082,1.5712,6.0167,1.7064,2.1644
2013-02-05 22:54:00,1.1891,8.5342,2.0036,0.096,2.1974,8.4128
2013-02-05 23:04:00,1.23,6.9099,1.8575,0.4499,2.1448,4.0936
2013-02-05 23:14:00,1.3828,15.1264,1.8022,12.6742,1.699,4.1052
2013-02-05 23:24:00,1.4039,8.9715,2.0031,9.0005,1.9581,4.1156
2013-02-05 23:34:00,1.4647,4.0907,1.9033,0.3454,1.8919,2.1251
2013-02-05 23:44:00,1.4493,15.5065,2.0151,9.2262,1.9535,2.1168
2013-02-06 00:04:00,1.6949,15.2982,2.1043,9.0669,1.7886,7.7861
2013-02-06 00:14:00,1.4303,11.4769,1.8155,6.4512,2.0069,0.1257
2013-02-06 00:24:00,1.4955,4.9671,2.2033,6.5736,1.9543,8.0545
2013-02-06 00:34:00,1.5708,15.2925,2.2706,12.7529,1.9828,3.8789
2013-02-06 00:44:00,1.4957,15.2614,1.8121,8.979,1.7999,0.1304
2013-02-06 00:54:00,1.4853,15.1531,2.0648,8.895,1.9625,3.8817
2013-02-06 01:04:00,1.3664,8.8159,2.0841,1.3275,1.858,0.1329
2013-02-06 01:14:00,1.4001,3.7036,2.0429,8.7404,2.2862,0.1341
2013-02-06 01:24:00,1.4478,6.7969,1.9171,6.1464,2.079,8.0467
2013-02-06 01:34:00,1.208,4.2161,1.8274,0.9912,2.6907,3.8861
2013-02-06 01:44:00,1.2722,14.4639,1.8667,12.11,1.8959,3.8869
2013-02-06 01:54:00,1.2371,8.0093,1.5718,5.701,1.5167,7.3622
2013-02-06 02:04:00,1.0253,20.293,1.5665,0.5329,2.7218,6.5282
2013-02-06 02:14:00,1.0703,1.3803,1.404,11.5255,1.991,0.1626
2013-02-06 02:24:00,0.9587,9.7515,1.4448,1.9194,2.2297,3.5875
2013-02-06 02:34:00,0.8392,13.1884,1.3674,11.0508,1.9589,3.5877
2013-02-06 02:44:00,0.7487,0.408,1.2242,4.5834,1.4225,3.5891
2013-02-06 02:54:00,0.7001,6.3963,1.0818,6.8797,1.6816,3.5892
2013-02-06 03:04:00,0.5769,4.3543,0.9435,0.8197,1.5135,3.5893
2013-02-06 03:14:00,0.4649,2.6557,1.0512,3.9112,1.2721,3.5932
2013-02-06 03:24:00,0.3086,68.0636,0.7055,6.2995,1.3101,0.1471
2013-02-06 03:34:00,0.2807,2.2195,0.4799,6.1288,0.7822,3.8966
2013-02-06 03:44:00,0.0422,17.4353,0.6023,3.3103,1.1796,3.896
2013-02-06 03:54:00,0.0972,10.8456,0.2927,3.2041,0.8836,3.8954
2013-02-06 04:04:00,0.1774,66.7551,0.2393,5.2808,0.8546,8.037
2013-02-06 04:14:00,0.3105,66.463,0.1491,8.8034,0.8752,7.3556
2013-02-06 09:34:00,0.191,29.5671,0.1508,3.1464,0.5039,0.5027
2013-02-06 09:44:00,0.0458,7.5771,0.2954,4.2449,0.7151,0.8046
2013-02-06 09:54:00,0.1124,2.8922,0.5928,6.357,1.0294,0.8323
2013-02-06 10:04:00,0.1527,18.2643,0.6616,6.6155,0.888,3.4216
2013-02-06 10:14:00,0.31,1.0588,0.8283,6.87,1.2098,1.6102
2013-02-06 10:24:00,0.3802,4.6969,0.679,2.9574,0.9557,8.4711
2013-02-06 10:34:00,0.4801,12.9686,0.9153,0.7512,1.1805,4.9392
2013-02-06 10:44:00,0.5963,5.2738,1.0387,2.075,0.9479,4.4171
2013-02-06 10:54:00,0.6471,4.2126,1.2244,1.2538,1.0817,3.0595
2013-02-06 11:04:00,0.7729,3.4491,1.4162,2.5152,1.2562,1.259
2013-02-06 11:14:00,0.792,4.7069,1.1205,8.3107,1.2619,3.0342
2013-02-06 11:24:00,0.8945,3.8298,1.3701,8.4403,1.1934,1.2585
2013-02-06 11:34:00,0.949,8.2695,1.3757,0.5772,1.1386,1.2619
2013-02-06 11:44:00,1.0519,0.3531,1.4885,4.5016,1.1895,8.3804
2013-02-06 11:54:00,1.0269,0.6308,1.301,4.6312,1.4847,5.4057
2013-02-06 12:04:00,1.1436,14.96,1.6031,6.4954,1.2936,4.367
2013-02-06 12:14:00,1.187,0.2551,1.38,9.0705,1.0289,3.0319
2013-02-06 12:24:00,1.2694,11.375,1.5714,9.1218,1.3114,1.2508
2013-02-06 12:34:00,1.3238,15.1595,1.5256,1.6476,1.4012,3.0413
2013-02-06 12:44:00,1.2489,11.5418,1.7723,9.2967,1.5424,1.4526
2013-02-06 12:54:00,1.329,11.5722,1.7915,13.0703,1.5626,4.1724
2013-02-06 13:04:00,1.273,7.2573,1.7941,6.7977,1.4512,5.2141
2013-02-06 13:14:00,1.2506,4.0219,1.6833,1.0994,1.6363,5.2142
2013-02-06 13:24:00,1.2551,4.8357,1.6483,9.266,1.5955,6.0475
2013-02-06 13:34:00,1.2528,5.8061,1.5468,9.2105,1.4018,1.4524
2013-02-06 13:44:00,1.2088,11.2889,1.4939,9.0999,1.2404,1.4525
2013-02-06 13:54:00,1.1294,3.0296,1.582,1.5396,1.2632,1.0475
2013-02-06 14:04:00,1.1828,11.0966,1.4792,0.2002,1.3565,1.4525
2013-02-06 14:14:00,1.1061,5.3594,1.496,2.7279,1.4461,1.4525
2013-02-06 14:24:00,0.9574,3.2764,1.1919,3.0762,1.1163,5.2141
2013-02-06 14:34:00,1.1123,10.6209,1.4712,8.5801,1.091,4.1724
2013-02-06 14:44:00,0.8494,7.9462,1.151,1.198,1.0406,1.4558
2013-02-06 14:54:00,0.7196,13.9901,0.958,0.1025,0.9962,6.7252
2013-02-06 15:04:00,0.7311,0.3955,0.8478,1.8723,0.9451,1.4567
2013-02-06 15:14:00,0.7114,1.6556,0.8916,7.6498,0.885,3.421
2013-02-06 15:24:00,0.4735,13.0798,0.6892,0.0549,0.7548,4.7548
2013-02-06 15:34:00,0.4479,0.959,0.6676,7.2218,0.8816,0.8765
2013-02-06 15:44:00,0.3489,1.3711,0.5417,4.6547,0.8251,5.4988
2013-02-06 15:54:00,0.1775,2.6848,0.429,1.2641,0.5714,3.1137
2013-02-06 16:04:00,0.114,68.2883,0.2778,2.9393,0.5877,3.1077
2013-02-06 16:14:00,0.0166,2.2851,0.2096,4.0858,0.563,8.0442
2013-02-06 16:24:00,0.1103,30.2175,0.0845,3.7635,0.1269,5.4702
2013-02-06 16:34:00,0.2238,7.3651,0.0899,0.6748,0.1903,6.2923
2013-02-06 22:14:00,0.2854,17.7434,0.1036,6.4645,0.0053,6.7447
2013-02-06 22:24:00,0.1704,30.5836,0.096,6.7321,0.1589,2.018
2013-02-06 22:34:00,0.0229,30.9634,0.1251,7.03,0.0698,4.6374
2013-02-06 22:44:00,0.1152,4.3824,0.3244,7.1274,0.0752,8.5598
2013-02-06 22:54:00,0.2342,2.5799,0.3966,7.3939,0.0344,1.7525
2013-02-06 23:04:00,0.3509,0.2385,0.5577,0.2001,0.2881,5.7457
2013-02-06 23:14:00,0.4892,4.1202,0.6566,3.2827,0.2751,0.7368
2013-02-06 23:24:00,0.5021,7.6811,0.5625,8.3715,0.2621,6.1263
2013-02-06 23:34:00,0.5458,0.5093,0.7899,8.6263,0.4823,2.2312
2013-02-06 23:44:00,0.5914,6.5208,0.6899,0.6749,0.521,8.2624
2013-02-07 00:04:00,0.8247,11.6297,0.9363,9.4955,0.323,2.0424
2013-02-07 00:14:00,0.9105,11.8789,1.0443,9.6897,0.6842,2.0437
2013-02-07 00:24:00,0.965,12.0853,0.9664,9.8509,0.6932,2.0458
2013-02-07 00:34:00,0.9325,9.7535,1.1765,0.016,0.3239,2.0537
2013-02-07 00:44:00,1.0035,6.8196,1.1108,3.4681,0.6191,2.0629
2013-02-07 00:54:00,0.9615,2.9531,1.229,1.5051,0.3393,6.1076
2013-02-07 01:04:00,1.0542,12.6882,1.1179,4.7036,0.6238,5.4183
2013-02-07 01:14:00,0.9889,7.1603,1.1904,10.4038,0.4521,6.6696
2013-02-07 01:24:00,1.1201,4.0974,1.1121,10.4518,0.5173,2.079
2013-02-07 01:34:00,1.0304,2.848,0.9449,4.827,0.5771,3.5472
2013-02-07 01:44:00,1.1535,4.6792,1.4068,4.837,0.6928,2.0772
2013-02-07 01:54:00,1.0367,12.8631,0.9806,10.4637,0.5574,2.0777
2013-02-07 02:04:00,0.884,4.0637,1.0556,7.9254,0.5398,3.5467
2013-02-07 02:14:00,0.8989,10.2597,1.1144,7.8835,0.4595,3.5466
2013-02-07 02:24:00,1.0395,8.395,1.0582,3.6554,0.4452,0.4211
2013-02-07 02:34:00,0.8723,10.0251,1.0531,7.7011,0.3743,6.6707
2013-02-07 02:44:00,0.8546,12.4013,0.9859,3.4381,0.314,2.0794
2013-02-07 02:54:00,0.8083,12.2384,0.8677,9.978,0.3178,2.0792
2013-02-07 03:04:00,0.7232,12.0412,0.8788,1.6416,0.369,2.0767
2013-02-07 03:14:00,0.6465,11.8292,0.6953,5.3734,0.3788,6.6701
2013-02-07 03:24:00,0.6115,1.2971,0.6554,9.4889,0.1721,5.4176
2013-02-07 03:34:00,0.5263,4.6959,0.5547,2.6304,0.1627,5.4155
2013-02-07 03:44:00,0.5401,0.7923,0.5807,4.7925,0.1156,5.4223
2013-02-07 03:54:00,0.4939,4.1428,0.4899,8.8654,0.2093,5.4229
2013-02-07 04:04:00,0.3748,4.9091,0.3644,8.6534,0.1424,7.5541
2013-02-07 04:14:00,0.3807,10.2071,0.3797,1.243,0.4007,7.1371
2013-02-07 04:24:00,0.3621,5.592,0.3431,0.0367,0.1142,2.1857
2013-02-07 04:34:00,0.2738,0.9141,0.2763,1.9512,0.158,4.29
2013-02-07 04:44:00,0.1663,9.3408,0.1594,7.7914,0.0266,6.3643
2013-02-07 04:54:00,0.1042,2.2475,0.15,7.5308,0.0674,5.7846
2013-02-07 05:04:00,0.0505,0.5029,0.042,0.8951,0.0478,5.7707
2013-02-07 05:14:00,0.1508,1.3151,0.0817,2.7268,0.0032,1.859
2013-02-07 05:24:00,0.2924,2.359,0.233,4.2489,0.0732,5.7375
2013-02-07 10:54:00,0.2155,2.5411,0.1257,4.7857,0.2575,5.7412
2013-02-07 11:04:00,0.0864,0.1381,0.1327,5.0785,0.2389,0.5088
2013-02-07 11:14:00,0.0138,3.6257,0.0094,5.3605,0.0561,0.5088
2013-02-07 11:24:00,0.0653,0.8637,0.0022,5.6428,0.1414,0.5089
2013-02-07 11:34:00,0.1614,7.4839,0.0765,4.1448,0.0566,0.5084
2013-02-07 11:44:00,0.2844,0.2461,0.1237,4.4234,0.0153,2.6167
2013-02-07 11:54:00,0.291,1.0413,0.212,3.3501,0.0633,1.2774
2013-02-07 12:04:00,0.3683,5.4284,0.2958,4.9766,0.1411,2.6168
2013-02-07 12:14:00,0.4244,8.8378,0.3699,3.8586,0.1311,2.6169
2013-02-07 12:24:00,0.4838,7.3757,0.3683,0.0924,0.1274,0.5081
2013-02-07 12:34:00,0.5157,6.3446,0.5329,7.4749,0.3013,0.508
2013-02-07 12:44:00,0.4845,3.4575,0.4863,5.8741,0.1466,1.2769
2013-02-07 12:54:00,0.555,3.6813,0.5515,2.152,0.2526,0.5088
2013-02-07 13:04:00,0.5668,6.0011,0.5243,4.8927,0.1588,6.222
2013-02-07 13:14:00,0.6929,2.83,0.5709,8.1439,0.1634,2.6162
2013-02-07 13:24:00,0.693,8.7351,0.6856,8.2923,0.3586,1.2769
2013-02-07 13:34:00,0.6763,10.6767,0.6859,1.2706,0.1802,0.5089
2013-02-07 13:44:00,0.8193,10.7809,0.9184,8.4945,0.3258,0.5089
2013-02-07 13:54:00,0.6021,10.8188,0.7403,1.7932,0.3376,6.2217
2013-02-07 14:04:00,0.7619,3.0315,0.704,0.731,0.3873,2.6147
2013-02-07 14:14:00,0.7524,10.8375,0.6422,8.5384,0.2489,6.2205
2013-02-07 14:24:00,0.6612,7.7368,0.6694,0.5102,0.2657,2.4297
2013-02-07 14:34:00,0.7231,10.8431,0.7762,8.5835,0.276,0.6935
2013-02-07 14:44:00,0.7359,9.0099,0.7581,8.5464,0.2471,0.693
2013-02-07 14:54:00,0.6971,6.5563,0.7624,6.7044,0.3311,6.4486
2013-02-07 15:04:00,0.6431,10.6321,0.7367,0.6715,0.238,0.6942
2013-02-07 15:14:00,0.6858,4.8767,0.6388,6.5756,0.1804,6.4524
2013-02-07 15:24:00,0.6138,2.5993,0.5642,8.2467,0.2087,6.4546
2013-02-07 15:34:00,0.5158,7.1001,0.5494,8.1013,0.1667,0.6878
2013-02-07 15:44:00,0.4927,2.9279,0.461,3.8149,0.2001,6.4538
2013-02-07 15:54:00,0.5206,9.8751,0.4876,7.8299,0.122,6.0392
2013-02-07 16:04:00,0.4717,7.8554,0.4729,0.5061,0.1204,1.0891
2013-02-07 16:14:00,0.4505,6.2749,0.3433,7.4631,0.1414,1.0815
2013-02-07 16:24:00,0.3859,9.2139,0.4082,7.3633,0.2068,0.9066
2013-02-07 16:34:00,0.4141,2.6758,0.2487,0.8923,0.0943,6.5794
2013-02-07 16:44:00,0.3783,1.9422,0.274,6.9488,0.1749,0.9345
2013-02-07 16:54:00,0.3962,1.6425,0.1989,0.0121,0.0682,0.9482
2013-02-07 17:04:00,0.2991,8.0452,0.1507,3.3413,0.0096,0.8253
2013-02-07 17:14:00,0.2527,7.7679,0.0194,4.4671,0.0261,0.9708
2013-02-07 17:24:00,0.1317,7.4662,0.0278,0.2285,0.0899,6.5169
2013-02-07 17:34:00,0.1522,7.152,0.0083,5.7811,0.0862,1.0007
2013-02-07 17:44:00,0.0064,2.6283,0.1686,3.7217,0.1188,3.9818
2013-02-07 17:54:00,0.0582,6.4789,0.1393,5.2657,0.1001,1.0357
2013-02-07 18:04:00,0.1667,8.6768,0.2023,5.0317,0.059,0.7457
2013-02-07 23:14:00,0.184,0.5177,0.0916,2.862,0.2241,0.3955
2013-02-07 23:24:00,0.0589,0.1843,0.2885,1.4526,0.4554,0.1437
2013-02-07 23:34:00,0.1018,8.7866,0.3925,2.229,0.3109,0.1477
2013-02-07 23:44:00,0.296,1.9054,0.3808,3.1113,0.556,0.1609
2013-02-08 00:04:00,0.4438,6.189,0.4983,3.2364,0.7839,1.2047
2013-02-08 00:14:00,0.617,1.7603,0.8993,3.4266,0.9289,0.573
2013-02-08 00:24:00,0.6698,6.6115,0.7996,4.3092,0.3314,1.6034
2013-02-08 00:34:00,0.9053,5.8044,0.8708,4.484,0.8791,0.917
2013-02-08 00:44:00,0.903,7.1006,1.0232,5.7193,0.6723,0.98
2013-02-08 00:54:00,1.1029,6.3218,0.9858,4.8802,0.7655,0.9908
2013-02-08 01:04:00,0.9385,6.5453,1.2797,3.5385,0.8098,0.1612
2013-02-08 01:14:00,1.2844,7.7936,1.3585,6.2561,1.3512,0.996
2013-02-08 01:24:00,1.4128,6.0969,1.5269,6.395,1.1113,0.8785
2013-02-08 01:34:00,1.358,8.0799,1.5966,5.375,1.2816,1.2813
2013-02-08 01:44:00,1.302,7.1666,1.6195,5.4751,1.3072,0.4484
2013-02-08 01:54:00,1.482,2.1884,1.6755,4.0334,1.2802,1.9637
2013-02-08 02:04:00,1.3575,7.3412,1.6868,4.0271,1.305,1.6175
2013-02-08 02:14:00,1.5283,8.4486,1.6308,6.6353,1.143,0.2784
2013-02-08 02:24:00,1.5974,3.7964,1.7875,5.6212,1.343,0.763
2013-02-08 02:34:00,1.5079,8.5017,1.695,5.6352,1.1309,0.279
2013-02-08 02:44:00,1.5052,8.4916,1.7096,5.6274,1.1745,0.2794
2013-02-08 02:54:00,1.67,8.4438,1.6954,6.5795,1.2853,0.9946
2013-02-08 03:04:00,1.4779,8.4287,1.272,6.567,0.9505,0.044
2013-02-08 03:14:00,1.4099,8.379,1.5171,2.1515,1.2765,0.0371
2013-02-08 03:24:00,1.5351,7.2397,1.4823,4.5761,1.1225,1.8348
2013-02-08 03:34:00,1.4661,8.1717,1.4261,6.3192,1.0756,0.1654
2013-02-08 03:44:00,1.2975,3.367,1.4258,4.3549,1.1186,3.7619
2013-02-08 03:54:00,1.4002,2.9574,1.4294,5.0861,0.958,3.271
2013-02-08 04:04:00,1.362,7.7615,1.5077,4.9653,0.9977,0.1308
2013-02-08 04:14:00,1.1803,6.5515,1.3901,4.8393,0.9229,2.6645
2013-02-08 04:24:00,1.1648,8.7417,1.3744,7.0753,0.989,1.2491
2013-02-08 04:34:00,0.965,6.1341,1.085,3.6827,0.6269,1.2424
2013-02-08 04:44:00,0.8762,6.9547,0.9878,6.7167,0.5999,0.132
2013-02-08 04:54:00,0.8776,8.0422,0.9101,5.1704,0.9034,0.1811
2013-02-08 05:04:00,0.8814,7.7567,0.8134,4.9391,0.3556,1.1196
2013-02-08 05:14:00,0.6334,6.1356,0.5262,1.1076,0.5391,2.1218
2013-02-08 05:24:00,0.7327,5.8244,0.5045,4.4662,0.2336,0.2668
2013-02-08 05:34:00,0.4859,1.9202,0.4933,0.1446,0.19,0.2813
2013-02-08 05:44:00,0.2779,1.1974,0.2034,3.9835,0.333,0.3046
2013-02-08 05:54:00,0.1784,6.2358,0.2321,3.7359,0.0444,0.2974
2013-02-08 06:04:00,0.0941,5.9377,0.1494,0.8687,0.1141,0.2867
2013-02-08 06:14:00,0.0364,7.3879,0.154,3.2428,0.3178,4.3168
2013-02-08 06:24:00,0.2285,2.0449,0.0303,4.3139,0.0389,2.1833
2013-02-08 12:04:00,0.2047,3.1618,0.2797,1.1637,0.226,3.8351
2013-02-08 12:14:00,0.0241,32.6663,0.0998,0.9184,0.1566,2.7837
2013-02-08 12:24:00,0.1233,0.5434,0.0443,1.2129,0.0036,3.3496
2013-02-08 12:34:00,0.1829,5.2639,0.2187,2.1645,0.0245,2.7793
2013-02-08 12:44:00,0.3531,0.7332,0.3609,1.3088,0.1477,1.0048
2013-02-08 12:54:00,0.4565,1.6563,0.3795,0.5131,0.1386,1.0039
2013-02-08 13:04:00,0.5632,4.4832,0.5095,3.9088,0.1036,2.5178
2013-02-08 13:14:00,0.6523,5.6133,0.5119,5.1824,0.3222,1.0009
2013-02-08 13:24:00,0.6915,7.0152,0.7514,3.6427,0.3119,0.2848
2013-02-08 13:34:00,0.8312,5.405,0.8147,4.6825,0.4847,0.7573
2013-02-08 13:44:00,0.8757,1.407,0.8363,3.3555,0.4584,0.7577
2013-02-08 13:54:00,0.7379,7.7398,0.8353,6.0829,0.4268,0.758
2013-02-08 14:04:00,0.9349,2.503,0.9137,6.2318,0.6922,0.2834
2013-02-08 14:14:00,1.0456,7.1206,0.9704,5.439,0.5551,1.2818
2013-02-08 14:24:00,1.1937,7.2575,1.1442,4.0314,0.3737,1.9604
2013-02-08 14:34:00,1.1966,5.8101,1.1499,5.5343,0.588,2.2577
2013-02-08 14:44:00,0.9803,6.5897,1.1048,6.6523,0.4175,2.2577
2013-02-08 14:54:00,1.0811,4.9314,1.1312,4.8339,0.4699,0.2991
2013-02-08 15:04:00,1.1859,2.4755,1.2033,6.7498,0.6443,2.8258
2013-02-08 15:14:00,1.0921,9.941,0.9795,4.8844,0.3956,1.5739
2013-02-08 15:24:00,1.1114,8.6215,1.1188,6.8432,0.6584,0.6144
2013-02-08 15:34:00,1.0187,7.5543,1.1156,6.8245,0.7407,2.5051
2013-02-08 15:44:00,1.0976,6.6953,1.0675,3.6807,0.6321,2.4994
2013-02-08 15:54:00,1.1475,8.5196,1.1588,6.8338,0.7584,2.1906
2013-02-08 16:04:00,1.047,6.5763,1.0792,2.7627,0.5658,1.6223
2013-02-08 16:14:00,1.0849,7.295,1.0672,5.6489,0.8129,2.1933
2013-02-08 16:24:00,1.0048,3.532,0.9883,4.0405,0.7963,0.1192
2013-02-08 16:34:00,1.0922,6.1909,0.9261,5.436,0.8399,0.9524
2013-02-08 16:44:00,0.9375,6.8697,1.0928,4.4821,0.6464,1.634
2013-02-08 16:54:00,0.8035,5.1705,0.816,3.0888,0.5946,1.6335
2013-02-08 17:04:00,0.8169,2.1178,0.7252,4.1968,0.5374,0.1187
2013-02-08 17:14:00,0.7311,7.3417,0.7341,4.0375,0.8312,0.9543
2013-02-08 17:24:00,0.7131,12.7428,0.5241,11.3624,0.2068,0.9567
2013-02-08 17:34:00,0.5665,6.8786,0.5781,3.6752,0.5156,0.9594
2013-02-08 17:44:00,0.5621,6.6243,0.4929,5.3486,0.2927,2.2255
2013-02-08 17:54:00,0.4342,5.2979,0.4484,3.2503,0.1867,2.2316
2013-02-08 18:04:00,0.3553,4.1989,0.2884,1.792,0.2706,0.1542
2013-02-08 18:14:00,0.2587,1.4036,0.2319,0.7419,0.2282,0.1594
2013-02-08 18:24:00,0.1933,0.1484,0.1707,0.4314,0.0049,3.1406
2013-02-08 18:34:00,0.124,0.2636,0.1583,3.163,0.0309,1.6842
2013-02-08 18:44:00,0.0562,0.4908,0.0042,9.5963,0.0448,3.1495
2013-02-08 18:54:00,0.2071,20.1767,0.0223,9.3507,0.0175,1.0104
2013-02-09 00:24:00,0.2135,7.7216,0.1883,6.275,0.2795,6.264
2013-02-09 00:34:00,0.0265,8.2937,0.1283,6.7194,0.1515,7.5176
2013-02-09 00:44:00,0.0592,1.2628,0.0825,1.713,0.0265,6.4809
2013-02-09 00:54:00,0.1918,0.9631,0.0613,0.8249,0.0894,6.489
2013-02-09 01:04:00,0.2502,0.2911,0.1663,0.804,0.0102,5.6574
2013-02-09 01:14:00,0.3475,4.8626,0.3198,2.7531,0.0092,1.0152
2013-02-09 01:24:00,0.4399,8.5501,0.3619,8.8167,0.0791,1.0197
2013-02-09 01:34:00,0.4842,4.1878,0.503,9.4111,0.0758,7.7688
2013-02-09 01:44:00,0.5889,12.1775,0.5901,1.6103,0.4305,6.7199
2013-02-09 01:54:00,0.636,10.1813,0.7599,10.184,0.3428,1.4619
2013-02-09 02:04:00,0.8761,4.9385,0.7336,10.5256,0.3941,1.4619
2013-02-09 02:14:00,0.8109,11.0039,0.6685,2.6421,0.314,1.4619
2013-02-09 02:24:00,0.8373,13.8849,0.8016,11.1203,0.1986,1.4619
2013-02-09 02:34:00,0.9078,9.9269,0.9454,11.3753,0.4627,7.7689
2013-02-09 02:44:00,0.9957,5.7301,1.0365,11.5833,0.2484,1.4619
2013-02-09 02:54:00,1.0517,12.2316,1.0711,0.1881,0.4743,1.4619
2013-02-09 03:04:00,1.1074,5.6693,1.1057,9.4101,0.5108,6.7198
2013-02-09 03:14:00,0.9662,7.4484,1.0244,9.448,0.4878,1.0365
2013-02-09 03:24:00,1.1059,4.4118,1.1535,2.7574,0.5672,7.2864
2013-02-09 03:34:00,1.1335,15.0,1.0748,11.9881,0.4259,8.1792
2013-02-09 03:44:00,1.1731,12.5,1.091,11.9881,0.5393,1.4637
2013-02-09 03:54:00,1.2387,4.6875,1.1067,3.2381,0.6105,8.1791
2013-02-09 04:04:00,1.3842,14.9704,1.2827,11.9651,0.6289,1.4638
2013-02-09 04:14:00,1.1234,14.8758,1.212,11.8914,0.4195,1.4638
2013-02-09 04:24:00,1.1106,5.0466,1.0759,11.7465,0.4743,1.4639
2013-02-09 04:34:00,0.9322,5.2802,1.0595,11.6076,0.528,1.4639
2013-02-09 04:44:00,0.9352,6.1287,1.0409,0.8634,0.429,7.2861
2013-02-09 04:54:00,0.9336,3.5125,0.8809,3.1066,0.3727,8.5361
2013-02-09 05:04:00,0.7897,4.5659,0.843,2.3019,0.2949,7.286
2013-02-09 05:14:00,0.7613,13.409,0.8802,10.7503,0.4992,7.7668
2013-02-09 05:24:00,0.7326,13.1189,0.763,8.0244,0.4219,7.767
2013-02-09 05:34:00,0.7687,12.7294,0.6219,5.9356,0.3602,1.4638
2013-02-09 05:44:00,0.6271,12.367,0.6273,9.9395,0.4077,7.767
2013-02-09 05:54:00,0.5387,11.9364,0.5062,9.6045,0.2118,8.1791
2013-02-09 06:04:00,0.4481,11.4685,0.4337,0.4023,0.1887,8.5363
2013-02-09 06:14:00,0.4191,3.4687,0.4462,1.4607,0.1294,1.4637
2013-02-09 06:24:00,0.3453,10.4809,0.2946,8.4724,0.1856,1.4638
2013-02-09 06:34:00,0.2618,7.4875,0.2694,8.0881,0.0534,1.4624
2013-02-09 06:44:00,0.226,1.1822,0.0858,5.1358,0.113,1.4624
2013-02-09 06:54:00,0.1441,8.8731,0.0448,7.2213,0.1111,1.4625
2013-02-09 07:04:00,0.0075,0.1578,0.0399,6.8064,0.1026,7.2875
2013-02-09 07:14:00,0.1295,2.8423,0.1938,3.8446,0.1177,1.4624
2013-02-09 12:54:00,0.2154,2.7552,0.2237,4.1743,0.1077,7.1779
2013-02-09 13:04:00,0.1123,3.1681,0.086,4.993,0.0097,6.814
2013-02-09 13:14:00,0.0421,6.8693,0.0602,5.4123,0.0029,5.3471
2013-02-09 13:24:00,0.1909,9.9097,0.0728,0.4163,0.1094,6.3909
2013-02-09 13:34:00,0.2578,0.4162,0.1247,1.859,0.0465,6.7989
2013-02-09 13:44:00,0.2317,1.6992,0.2618,0.1021,0.17,6.3844
2013-02-09 13:54:00,0.3793,2.2001,0.3061,5.2326,0.0952,6.3841
2013-02-09 14:04:00,0.4139,2.6808,0.3832,1.1419,0.2534,0.3451
2013-02-09 14:14:00,0.4482,2.7188,0.4156,7.7414,0.2833,0.3423
2013-02-09 14:24:00,0.5551,10.302,0.5805,8.083,0.3519,0.3384
2013-02-09 14:34:00,0.6023,5.016,0.7455,1.247,0.3865,0.3335
2013-02-09 14:44:00,0.6597,11.0561,0.6601,8.6673,0.4241,6.4028
2013-02-09 14:54:00,0.777,5.6846,0.8002,8.8649,0.2534,0.1317
2013-02-09 15:04:00,0.7619,4.9161,0.7996,7.2947,0.3306,0.1194
2013-02-09 15:14:00,0.8138,11.9005,0.771,9.3197,0.2366,6.4226
2013-02-09 15:24:00,0.8251,10.3113,0.7322,2.7867,0.2895,0.51
2013-02-09 15:34:00,0.8472,5.5152,0.8237,9.6333,0.4918,0.51
2013-02-09 15:44:00,0.8087,12.3568,0.8251,9.7195,0.2987,6.2208
2013-02-09 15:54:00,0.8215,5.6999,0.9007,3.527,0.4206,6.2208
2013-02-09 16:04:00,0.8871,6.2039,0.8987,2.6522,0.3591,6.2208
2013-02-09 16:14:00,0.8686,6.7767,0.8837,4.1168,0.3433,5.74
2013-02-09 16:24:00,0.8136,6.1669,0.8652,9.7662,0.3785,0.51
2013-02-09 16:34:00,0.8387,12.3361,0.8534,12.2034,0.4267,0.51
2013-02-09 16:44:00,0.7928,5.514,0.7628,9.6324,0.2535,6.6328
2013-02-09 16:54:00,0.758,5.3835,0.7384,2.8001,0.3238,0.5101
2013-02-09 17:04:00,0.7613,11.9553,0.7516,1.9073,0.3384,6.2207
2013-02-09 17:14:00,0.686,5.0331,0.6888,9.2585,0.2045,6.6327
2013-02-09 17:24:00,0.72,11.5469,0.7486,9.0897,0.3641,6.6327
2013-02-09 17:34:00,0.7186,5.6107,0.7246,1.0794,0.3367,6.2206
2013-02-09 17:44:00,0.6602,9.2231,0.699,0.8588,0.2092,5.7398
2013-02-09 17:54:00,0.6338,10.7105,0.5813,10.9394,0.1693,6.2205
2013-02-09 18:04:00,0.6272,4.7023,0.5443,1.4551,0.3086,5.7382
2013-02-09 18:14:00,0.4959,3.7801,0.4377,7.9107,0.1583,6.9881
2013-02-09 18:24:00,0.4372,2.9129,0.4141,1.629,0.1839,6.2188
2013-02-09 18:34:00,0.3832,2.9845,0.3244,5.5063,0.2315,5.738
2013-02-09 18:44:00,0.2766,1.6662,0.2363,9.4613,0.1591,5.1697
2013-02-09 18:54:00,0.227,1.6322,0.1702,0.3644,0.212,0.5122
2013-02-09 19:04:00,0.208,1.6499,0.1148,4.4688,0.0267,5.7377
2013-02-09 19:14:00,0.1112,9.9244,0.0349,8.3847,0.0625,5.7376
2013-02-09 19:24:00,0.0705,1.2597,0.0636,1.2219,0.0502,0.5118
2013-02-09 19:34:00,0.0094,2.1036,0.122,5.126,0.1183,5.17
2013-02-09 19:44:00,0.1075,2.5952,0.1678,0.9378,0.0546,3.0127
2013-02-10 01:14:00,0.1802,0.3745,0.201,4.8202,0.1964,0.5117
2013-02-10 01:24:00,0.0633,6.6148,0.0996,5.2546,0.0963,0.512
2013-02-10 01:34:00,0.0412,7.1823,0.0765,5.696,0.1008,0.5128
2013-02-10 01:44:00,0.1001,7.7681,0.0013,6.1516,0.121,5.7371
2013-02-10 01:54:00,0.0964,8.33,0.0119,4.8029,0.0454,0.513
2013-02-10 02:04:00,0.2554,2.154,0.1273,5.2344,0.0149,1.2726
2013-02-10 02:14:00,0.208,9.4268,0.1778,7.4413,0.0421,6.9886
2013-02-10 02:24:00,0.2969,3.2122,0.2099,7.8429,0.0354,0.5118
2013-02-10 02:34:00,0.331,8.6625,0.3328,6.4501,0.1304,5.7382
2013-02-10 02:44:00,0.4633,10.9361,0.4029,8.6152,0.0634,6.631
2013-02-10 02:54:00,0.5394,4.237,0.4604,8.9603,0.2017,0.5119
2013-02-10 03:04:00,0.501,11.7665,0.5019,3.0109,0.1314,0.5119
2013-02-10 03:14:00,0.6015,10.3195,0.5618,9.5243,0.1867,0.5119
2013-02-10 03:24:00,0.5614,6.1978,0.5731,2.6479,0.1989,0.5119
2013-02-10 03:34:00,0.6783,10.7143,0.6653,2.6885,0.2702,2.6131
2013-02-10 03:44:00,0.6952,12.5,0.6384,9.8313,0.2097,0.5119
2013-02-10 03:54:00,0.563,9.375,0.6501,3.5813,0.1746,5.7381
2013-02-10 04:04:00,0.6956,10.7143,0.7106,8.0456,0.2411,2.6131
2013-02-10 04:14:00,0.6346,12.5,0.6891,9.8313,0.2382,0.5119
2013-02-10 04:24:00,0.6935,12.5,0.663,9.8313,0.1803,0.5119
2013-02-10 04:34:00,0.7324,12.5,0.6991,9.8313,0.3841,6.2189
2013-02-10 04:44:00,0.6468,10.7143,0.6644,9.8313,0.2516,6.2189
2013-02-10 04:54:00,0.6846,12.5,0.6368,9.8313,0.1316,0.5119
2013-02-10 05:04:00,0.6303,10.7143,0.5683,6.7063,0.1798,1.2738
2013-02-10 05:14:00,0.6434,12.5,0.6955,9.8313,0.161,0.512
2013-02-10 05:24:00,0.6258,10.7143,0.6346,9.8314,0.2093,2.613
2013-02-10 05:34:00,0.6152,6.2331,0.7078,9.8186,0.2432,1.272
2013-02-10 05:44:00,0.5882,5.5206,0.5604,9.6384,0.1813,0.5138
2013-02-10 05:54:00,0.5823,6.9659,0.6184,9.4164,0.1965,0.5138
2013-02-10 06:04:00,0.5398,9.8676,0.5271,9.1733,0.1399,2.6112
2013-02-10 06:14:00,0.5513,11.3238,0.5646,3.2352,0.1874,0.5138
2013-02-10 06:24:00,0.4706,3.4572,0.3998,5.5072,0.1219,5.1652
2013-02-10 06:34:00,0.3732,10.6058,0.3417,8.4404,0.1076,4.1117
2013-02-10 06:44:00,0.3516,8.3938,0.3125,6.3187,0.0494,0.8676
2013-02-10 06:54:00,0.2823,6.6224,0.2297,7.7645,0.006,0.9354
2013-02-10 07:04:00,0.2528,7.5127,0.197,7.4151,0.0208,4.151
2013-02-10 07:14:00,0.1624,7.0908,0.0764,2.1346,0.167,1.0608
2013-02-10 07:24:00,0.1513,6.5535,0.0194,3.5629,0.0078,3.241
2013-02-10 07:34:00,0.1845,7.8519,0.0148,2.1534,0.0214,0.8104
2013-02-10 07:44:00,0.0604,7.2501,0.1196,1.6396,0.0859,2.3568
2013-02-10 07:54:00,0.0733,1.0312,0.2126,0.8614,0.2158,5.9598
2013-02-10 08:04:00,0.1165,6.3248,0.2203,5.1458,0.2499,1.0355
2013-02-10 13:44:00,0.0895,1.5875,0.1149,5.8468,0.0163,3.056
2013-02-10 13:54:00,0.0633,0.3368,0.0494,3.119,0.0737,5.1986
2013-02-10 14:04:00,0.1935,8.0102,0.0965,3.5347,0.0935,3.0557
2013-02-10 14:14:00,0.3563,8.5121,0.2634,7.0501,0.1578,1.9444
2013-02-10 14:24:00,0.3615,7.2114,0.3132,2.4274,0.2234,0.1587
2013-02-10 14:34:00,0.4935,5.3072,0.4646,6.0124,0.3335,5.868
2013-02-10 14:44:00,0.5761,2.1405,0.567,1.028,0.3318,3.7374
2013-02-10 14:54:00,0.664,8.6143,0.6667,6.7328,0.4037,1.9444
2013-02-10 15:04:00,0.7401,3.324,0.7136,5.7233,0.3419,5.5556
2013-02-10 15:14:00,0.8757,3.7334,0.8577,1.6668,0.497,3.0556
2013-02-10 15:24:00,1.0869,2.6772,0.913,7.6707,0.5328,4.3056
2013-02-10 15:34:00,1.1174,5.1914,1.0393,6.5775,0.7745,5.1985
2013-02-10 15:44:00,1.2327,9.07,1.1504,8.0916,0.6737,0.0118
2013-02-10 15:54:00,1.2147,10.6765,1.2855,2.5842,0.628,5.3735
2013-02-10 16:04:00,1.2706,3.5714,1.2668,3.3815,0.6857,4.9672
2013-02-10 16:14:00,1.3065,6.8182,1.2198,2.6106,0.6485,0.0297
2013-02-10 16:24:00,1.3294,12.5,1.3225,2.2965,0.7109,4.9822
2013-02-10 16:34:00,1.3323,4.4118,1.1744,1.5547,0.8724,2.4254
2013-02-10 16:44:00,1.3951,4.4118,1.397,8.3201,0.931,4.9965
2013-02-10 16:54:00,1.474,10.7143,1.39,3.8542,1.0478,4.5227
2013-02-10 17:04:00,1.4272,9.375,1.4527,6.9772,0.9593,1.4068
2013-02-10 17:14:00,1.5031,3.9474,1.3177,4.4177,0.8213,5.0248
2013-02-10 17:24:00,1.6571,3.125,1.5147,2.597,1.1747,2.4718
2013-02-10 17:34:00,1.5692,6.25,1.5746,8.309,1.0123,4.5653
2013-02-10 17:44:00,1.3608,10.7143,1.4731,8.2498,0.997,3.5807
2013-02-10 17:54:00,1.2974,6.7782,1.7333,4.3194,1.0322,0.3809
2013-02-10 18:04:00,1.4187,7.2271,1.4274,4.8166,1.0657,5.7532
2013-02-10 18:14:00,1.4323,18.2286,1.5243,15.8696,0.8456,1.752
2013-02-10 18:24:00,1.2822,7.5169,1.4558,6.2,1.0245,5.1692
2013-02-10 18:34:00,1.307,3.8907,1.1984,5.9697,0.8588,7.3196
2013-02-10 18:44:00,1.0044,3.4927,1.1388,8.6591,0.8867,5.7466
2013-02-10 18:54:00,1.0029,6.4371,1.0212,14.6064,0.6169,6.2272
2013-02-10 19:04:00,0.7857,3.0464,0.7076,4.9092,0.856,6.6379
2013-02-10 19:14:00,0.8429,15.997,0.8024,13.9402,0.7764,6.7573
2013-02-10 19:24:00,0.8922,2.1684,0.8538,3.1846,0.8489,6.7573
2013-02-10 19:34:00,0.6689,15.0066,0.7368,13.1072,0.4859,6.4758
2013-02-10 19:44:00,0.51,14.3623,0.4499,0.4602,0.2243,4.3232
2013-02-10 19:54:00,0.4407,13.5822,0.4054,5.5372,0.3731,5.5259
2013-02-10 20:04:00,0.2571,13.033,0.2967,2.3894,0.3514,5.7216
2013-02-10 20:14:00,0.1726,8.6702,0.3077,10.8819,0.4137,5.5191
2013-02-10 20:24:00,0.0532,3.8109,0.2014,1.0583,0.1682,5.5083
2013-02-10 20:34:00,0.2656,67.541,0.1447,10.0177,0.2699,5.5838
2013-02-11 02:04:00,0.0057,0.0466,0.3247,7.4328,0.5307,6.9982
2013-02-11 02:14:00,0.2738,6.7839,0.7292,0.2973,0.7549,1.2838
2013-02-11 02:24:00,0.49,0.255,0.5693,5.8622,0.9276,0.5021
2013-02-11 02:34:00,0.6596,7.9807,0.909,6.3156,0.5838,0.5022
2013-02-11 02:44:00,0.8722,2.2085,1.1762,6.628,0.8431,6.4953
2013-02-11 02:54:00,0.9613,11.4684,1.0664,9.4623,1.0302,2.4553
2013-02-11 03:04:00,1.1908,12.0466,1.2221,5.6159,0.8881,5.0923
2013-02-11 03:14:00,1.3137,5.8278,1.5833,7.6745,1.5577,0.4322
2013-02-11 03:24:00,1.4121,10.5511,1.6043,4.968,1.2325,6.179
2013-02-11 03:34:00,1.7754,2.9382,1.8604,10.8955,1.4703,1.701
2013-02-11 03:44:00,1.802,11.5287,1.86,11.2778,1.2429,1.6631
2013-02-11 03:54:00,1.9458,11.9594,1.9475,9.1061,1.7993,0.8675
2013-02-11 04:04:00,1.9275,5.2232,2.0039,5.2159,1.3094,2.8292
2013-02-11 04:14:00,1.9251,15.0,1.9533,11.9868,1.633,1.4567
2013-02-11 04:24:00,1.8884,10.7143,2.1139,11.9869,1.2046,1.4569
2013-02-11 04:34:00,2.0659,8.3333,2.2136,9.4869,1.8627,1.4571
2013-02-11 04:44:00,2.1458,15.0,1.9988,5.3203,1.9042,1.4574
2013-02-11 04:54:00,1.856,6.25,1.8879,4.487,1.3405,1.0424
2013-02-11 05:04:00,1.8247,9.375,2.3386,9.487,1.7901,1.0421
2013-02-11 05:14:00,1.9263,9.375,2.2331,9.487,1.7798,1.0419
2013-02-11 05:24:00,2.0466,15.0,2.0883,9.487,1.4555,1.0417
2013-02-11 05:34:00,2.0159,12.5,2.0516,9.4871,1.6632,1.0415
2013-02-11 05:44:00,1.9009,12.5,2.1473,11.9871,1.1309,2.8271
2013-02-11 05:54:00,1.8421,15.0,1.9653,7.7014,1.8779,2.827
2013-02-11 06:04:00,1.5223,15.0,1.7455,2.3442,1.4728,2.8269
2013-02-11 06:14:00,1.8014,15.0,1.9759,11.9871,1.4348,2.8268
2013-02-11 06:24:00,1.5801,14.815,1.8502,6.2182,1.4805,1.4589
2013-02-11 06:34:00,1.5668,14.5082,1.7836,11.6045,1.4267,1.4589
2013-02-11 06:44:00,1.7115,3.2879,1.9447,2.5531,1.0678,7.7767
2013-02-11 06:54:00,1.5846,7.0443,1.801,6.6982,1.1994,2.8316
2013-02-11 07:04:00,1.3875,10.7992,1.6826,10.6637,1.3954,1.4542
2013-02-11 07:14:00,1.2629,10.3206,1.3203,7.7914,1.1088,1.4542
2013-02-11 07:24:00,1.1005,8.0398,1.1181,7.4063,1.0402,1.0457
2013-02-11 07:34:00,1.0292,7.5232,1.3753,7.0044,1.2137,1.0456
2013-02-11 07:44:00,1.0522,1.2419,1.1371,6.5634,1.0132,1.0455
2013-02-11 07:54:00,0.9393,6.3698,0.9841,8.6072,0.777,1.4546
2013-02-11 08:04:00,0.7514,10.0617,0.9632,8.145,0.7113,4.1703
2013-02-11 08:14:00,0.5812,9.4197,0.7954,7.6455,0.4415,1.4572
2013-02-11 08:24:00,0.3519,8.7776,0.5174,7.1459,0.443,1.457
2013-02-11 08:34:00,0.1093,0.645,0.2102,6.6537,0.2305,5.2067
2013-02-11 08:44:00,0.1796,1.7758,0.0272,6.1169,0.0831,6.7254
2013-02-11 14:34:00,0.0546,7.7297,0.2924,6.3306,0.5395,1.4567
2013-02-11 14:44:00,0.2218,8.426,0.3587,4.3724,0.3947,1.4569
2013-02-11 14:54:00,0.4333,1.9676,0.8875,7.3851,1.0177,1.4571
2013-02-11 15:04:00,0.6378,9.7404,1.002,7.895,1.1109,1.4573
2013-02-11 15:14:00,0.7614,7.878,0.9893,5.891,0.9087,1.4574
2013-02-11 15:24:00,0.8491,8.5318,1.064,8.8997,1.1232,1.4575
2013-02-11 15:34:00,1.3112,11.6201,1.3862,9.3575,1.1899,7.2925
2013-02-11 15:44:00,1.2232,1.5912,1.5973,5.5069,1.1743,1.4575
2013-02-11 15:54:00,1.4916,4.5536,1.6694,5.9394,1.3292,1.4573
2013-02-11 16:04:00,1.3578,10.6956,1.5681,8.0831,1.3537,1.0429
2013-02-11 16:14:00,1.7161,13.6358,1.9504,2.7437,1.3297,1.4568
2013-02-11 16:24:00,1.5163,3.7503,1.8588,6.972,1.3769,1.4564
2013-02-11 16:34:00,2.0151,14.3773,2.292,9.0023,1.6947,1.4559
2013-02-11 16:44:00,2.0195,14.6842,1.9718,9.241,1.2664,1.4554
2013-02-11 16:54:00,1.8537,10.5932,2.0031,7.6068,1.3371,2.8306
2013-02-11 17:04:00,2.1561,15.0,2.207,11.9866,2.0716,1.4552
2013-02-11 17:14:00,2.0839,15.0,2.2156,11.9867,1.6894,1.4554
2013-02-11 17:24:00,1.9599,6.25,2.2513,9.4868,2.1172,1.0441
2013-02-11 17:34:00,1.8167,10.7143,2.1293,3.805,1.8287,1.0436
2013-02-11 17:44:00,1.894,12.5,1.9553,9.4869,1.4618,1.4569
2013-02-11 17:54:00,1.9086,15.0,2.1341,11.9869,1.6776,1.4573
2013-02-11 18:04:00,2.0535,14.9924,1.9898,3.7993,1.7216,1.4576
2013-02-11 18:14:00,1.623,12.3679,1.8799,9.3843,1.5334,1.0421
2013-02-11 18:24:00,1.9555,12.1923,1.9221,7.4619,1.3801,1.4581
2013-02-11 18:34:00,1.7604,14.46,1.8372,9.0669,1.4499,1.4582
2013-02-11 18:44:00,1.7364,14.2289,2.012,8.8871,1.4648,1.0417
2013-02-11 18:54:00,1.6376,6.422,1.7322,11.1484,1.6206,1.4584
2013-02-11 19:04:00,1.3868,11.132,1.7202,8.4227,1.3834,1.4584
2013-02-11 19:14:00,1.4994,5.0859,1.6215,8.1394,1.3921,2.8274
2013-02-11 19:24:00,1.4765,12.8708,1.7177,10.3306,1.1859,1.4557
2013-02-11 19:34:00,1.4333,12.4416,1.5244,9.9967,1.0773,1.4558
2013-02-11 19:44:00,1.2051,7.7197,1.1643,9.6573,0.7592,1.4558
2013-02-11 19:54:00,1.0667,5.8933,1.2821,9.2781,0.9065,1.4545
2013-02-11 20:04:00,1.1592,8.4961,0.9938,4.5861,0.5894,4.1704
2013-02-11 20:14:00,0.8126,10.4361,0.7526,8.4365,0.5867,1.4548
2013-02-11 20:24:00,0.7764,10.0128,1.1023,2.4148,0.5112,1.7562
2013-02-11 20:34:00,0.39,13.1841,0.551,5.2241,0.277,1.76
2013-02-11 20:44:00,0.3582,8.8134,0.57,7.2421,0.1744,1.7639
2013-02-11 20:54:00,0.164,8.2532,0.2507,6.8077,0.3361,6.4114
2013-02-11 21:04:00,0.0731,7.6553,0.1255,6.3429,0.2776,2.5138
2013-02-12 02:44:00,0.1392,4.2136,0.0319,1.6496,0.1744,0.5072
2013-02-12 02:54:00,0.1471,1.189,0.1471,7.7601,0.333,5.1749
2013-02-12 03:04:00,0.3206,4.0961,0.3725,1.0058,0.2713,0.5066
2013-02-12 03:14:00,0.4509,1.0688,0.4729,6.1751,0.4987,2.6187
2013-02-12 03:24:00,0.5202,6.6322,0.6113,1.656,0.4753,0.506
2013-02-12 03:34:00,0.7191,9.0111,0.7423,7.1175,0.4118,0.5059
2013-02-12 03:44:00,1.008,5.378,0.793,7.5326,0.6933,2.619
2013-02-12 03:54:00,1.0419,2.5655,1.1259,1.6879,0.6983,1.2795
2013-02-12 04:04:00,0.9621,8.8328,0.9218,6.5825,0.6828,5.7436
2013-02-12 04:14:00,1.1411,11.118,1.2689,8.7568,0.9299,0.5065
2013-02-12 04:24:00,1.2255,8.442,1.2894,2.3754,0.7502,6.2241
2013-02-12 04:34:00,1.2691,11.9448,1.3537,7.5656,1.0803,4.7136
2013-02-12 04:44:00,1.5749,12.2995,1.5361,9.6252,0.9324,1.5091
2013-02-12 04:54:00,1.2741,9.375,1.5269,4.7793,0.9628,5.982
2013-02-12 05:04:00,1.5169,12.5,1.8415,9.7777,0.9049,1.5247
2013-02-12 05:14:00,1.2183,12.5,1.4661,12.2765,0.8138,0.2557
2013-02-12 05:24:00,1.4095,7.5,1.7277,9.8318,0.997,0.504
2013-02-12 05:34:00,1.4379,15.0,1.6462,9.8318,1.04,1.2818
2013-02-12 05:44:00,1.4211,12.5,1.5945,9.8318,0.8433,4.4961
2013-02-12 05:54:00,1.4825,12.5,1.8119,9.8318,0.9859,0.5045
2013-02-12 06:04:00,1.4512,12.5,1.7078,5.6651,1.1165,3.0061
2013-02-12 06:14:00,1.446,15.0,1.6835,9.8318,1.1724,0.5061
2013-02-12 06:24:00,1.3858,12.5,1.5099,9.7758,1.3225,2.7561
2013-02-12 06:34:00,1.4953,5.3571,1.7371,9.7767,0.9609,4.7397
2013-02-12 06:44:00,1.5261,12.5,1.6595,9.7777,1.0578,3.9018
2013-02-12 06:54:00,1.3983,12.5,1.6329,9.7789,1.0432,0.2699
2013-02-12 07:04:00,1.5826,12.3762,1.4089,9.6837,0.9813,1.5108
2013-02-12 07:14:00,1.3202,12.0916,1.6088,11.9634,1.3257,0.2796
2013-02-12 07:24:00,1.1938,14.2558,1.3977,9.2034,0.9621,2.7846
2013-02-12 07:34:00,1.2221,13.9346,1.3695,11.4547,0.905,2.7898
2013-02-12 07:44:00,1.1407,13.5305,1.3552,11.1417,0.7958,2.7955
2013-02-12 07:54:00,0.9063,13.1156,0.9922,10.8204,0.6883,1.4843
2013-02-12 08:04:00,0.9583,12.702,0.9812,10.4998,0.595,2.8064
2013-02-12 08:14:00,0.8113,12.1993,0.8218,5.8238,0.5274,5.3721
2013-02-12 08:24:00,1.0243,11.6892,0.9354,9.7135,1.0359,2.813
2013-02-12 08:34:00,0.7455,11.1789,0.7877,9.3174,0.3602,0.3164
2013-02-12 08:44:00,0.6895,10.7317,0.692,9.0126,0.4858,2.6158
2013-02-12 08:54:00,0.4188,10.1803,0.4299,6.0838,0.1265,0.5092
2013-02-12 09:04:00,0.3632,7.1012,0.4679,8.1335,0.3315,3.0091
2013-02-12 09:14:00,0.2588,9.0214,0.1777,7.6825,0.2247,3.0091
2013-02-12 09:24:00,0.0156,2.8569,0.275,7.263,0.2362,3.0091
2013-02-12 15:14:00,0.0184,8.7683,0.0817,4.9857,0.1496,3.0089
2013-02-12 15:24:00,0.2266,9.3721,0.1077,7.9553,0.0516,3.0086
2013-02-12 15:34:00,0.2424,9.9293,0.2012,4.1029,0.0212,3.0082
2013-02-12 15:44:00,0.2696,8.0245,0.1514,3.2264,0.1991,3.0078
2013-02-12 15:54:00,0.3251,1.8836,0.4521,5.0244,0.3045,0.5073
2013-02-12 16:04:00,0.4811,7.3302,0.5301,5.3898,0.3031,1.3888
2013-02-12 16:14:00,0.5195,12.1461,0.5375,10.0866,0.2782,2.7338
2013-02-12 16:24:00,0.6754,12.6435,0.7443,10.4706,0.3549,2.7463
2013-02-12 16:34:00,0.8133,10.6492,0.9505,8.3923,0.818,3.0066
2013-02-12 16:44:00,0.7955,13.5843,1.1131,8.7307,0.5993,3.0068
2013-02-12 16:54:00,0.9483,11.4667,1.0525,9.0281,0.5201,3.6597
2013-02-12 17:04:00,0.9062,11.8372,1.0118,5.1493,0.5614,3.006
2013-02-12 17:14:00,1.1123,6.4504,1.1231,9.5453,0.6875,2.6188
2013-02-12 17:24:00,1.036,14.8899,1.1993,7.96,0.6139,1.2794
2013-02-12 17:34:00,1.1658,15.0,1.1443,12.3314,0.5431,1.2792
2013-02-12 17:44:00,1.0239,15.0,1.1928,12.3313,0.5722,5.742
2013-02-12 17:54:00,1.093,12.5,1.0341,9.8313,0.487,1.2775
2013-02-12 18:04:00,1.0526,15.0,1.1673,9.8312,0.4265,0.5084
2013-02-12 18:14:00,1.0286,8.3333,1.2215,9.8312,0.8376,0.5086
2013-02-12 18:24:00,0.9661,9.375,1.0935,8.0455,0.702,3.01
2013-02-12 18:34:00,1.0461,12.5,1.218,8.0455,0.5486,3.0101
2013-02-12 18:44:00,1.1493,15.0,1.3602,12.3312,0.7758,3.0101
2013-02-12 18:54:00,1.0057,8.3333,1.1647,12.3314,0.4275,3.0111
2013-02-12 19:04:00,0.9989,10.5618,1.0062,7.927,0.6381,3.011
2013-02-12 19:14:00,0.9489,12.1341,1.0451,7.7308,0.6086,0.3764
2013-02-12 19:24:00,0.9355,6.247,1.0867,11.8564,0.6136,2.874
2013-02-12 19:34:00,0.8433,8.4995,1.023,11.6186,0.6705,2.869
2013-02-12 19:44:00,0.8757,11.3391,1.0678,8.8948,0.511,2.7635
2013-02-12 19:54:00,0.77,11.0072,0.8264,8.6346,0.2965,2.852
2013-02-12 20:04:00,0.705,8.8541,0.7757,10.8473,0.4614,2.8452
2013-02-12 20:14:00,0.6225,7.1094,0.6941,10.5318,0.3135,2.8441
2013-02-12 20:24:00,0.6998,8.0634,0.5813,5.9461,0.3311,1.4429
2013-02-12 20:34:00,0.5471,11.8959,0.5501,9.8789,0.243,1.4446
2013-02-12 20:44:00,0.5895,11.4139,0.4913,9.5036,0.2333,2.8393
2013-02-12 20:54:00,0.498,10.9482,0.3485,9.1409,0.0208,0.3373
2013-02-12 21:04:00,0.3337,4.8,0.2752,8.7337,0.2115,2.8363
2013-02-12 21:14:00,0.2158,9.887,0.1832,8.3154,0.0108,2.8368
2013-02-12 21:24:00,0.1667,9.3896,0.1845,0.2532,0.1447,2.8372
2013-02-12 21:34:00,0.0933,3.2572,0.0117,7.5341,0.1394,0.3377
2013-02-12 21:44:00,0.0323,4.0336,0.0399,4.5964,0.0619,2.8382
2013-02-13 03:24:00,0.131,8.9229,0.229,5.1531,0.1471,3.439
2013-02-13 03:34:00,0.0045,6.9814,0.0075,5.588,0.0915,0.7303
2013-02-13 03:44:00,0.0767,4.4262,0.0147,1.8652,0.0625,0.733
2013-02-13 03:54:00,0.1381,8.1391,0.055,3.3647,0.0694,0.7357
2013-02-13 04:04:00,0.2742,8.7225,0.1629,5.1586,0.0611,2.3839
2013-02-13 04:14:00,0.2974,2.951,0.1839,5.4796,0.0281,5.7387
2013-02-13 04:24:00,0.2693,7.9638,0.2657,3.5252,0.0478,3.01
2013-02-13 04:34:00,0.428,10.3098,0.3952,6.3419,0.1054,0.51
2013-02-13 04:44:00,0.4417,10.805,0.4751,8.5127,0.025,2.615
2013-02-13 04:54:00,0.525,7.0958,0.6316,7.0828,0.3466,1.2755
2013-02-13 05:04:00,0.6363,9.9412,0.5657,9.2298,0.2065,0.5101
2013-02-13 05:14:00,0.6026,8.9963,0.6803,9.5364,0.2068,0.5101
2013-02-13 05:24:00,0.7778,10.6679,0.9006,9.7952,0.3245,0.5117
2013-02-13 05:34:00,0.718,12.5,0.8256,9.8839,0.5853,0.7479
2013-02-13 05:44:00,0.7159,10.7143,0.8747,8.0974,0.4507,1.041
2013-02-13 05:54:00,0.8055,12.5,0.7409,9.8824,0.4195,0.7415
2013-02-13 06:04:00,0.6923,10.7143,0.7558,9.8811,0.4243,1.0503
2013-02-13 06:14:00,0.7365,10.7143,0.7775,8.0931,0.3489,0.7251
2013-02-13 06:24:00,0.8336,12.5,0.676,6.7515,0.5356,0.7146
2013-02-13 06:34:00,0.8416,12.5,0.7434,9.8741,0.3024,2.4209
2013-02-13 06:44:00,0.8489,10.7143,0.7741,9.8312,0.3454,0.5114
2013-02-13 06:54:00,0.702,12.5,0.8743,9.8312,0.425,0.5114
2013-02-13 07:04:00,0.8054,12.5,0.7723,5.6645,0.3616,2.6136
2013-02-13 07:14:00,0.7591,12.5,0.7973,4.1494,0.3858,0.5113
2013-02-13 07:24:00,0.7305,15.0,0.8356,8.0455,0.2855,3.6553
2013-02-13 07:34:00,0.7764,12.5,0.6543,9.8312,0.2018,1.2744
2013-02-13 07:44:00,0.6155,10.6319,0.7622,5.6005,0.2964,0.5113
2013-02-13 07:54:00,0.5804,9.0145,0.6295,9.5509,0.3224,0.5113
2013-02-13 08:04:00,0.6191,11.821,0.6022,9.3032,0.2044,0.5114
2013-02-13 08:14:00,0.5594,11.503,0.4916,7.2703,0.2045,3.0115
2013-02-13 08:24:00,0.4171,11.1318,0.3678,8.7674,0.1036,2.6133
2013-02-13 08:34:00,0.4389,13.2507,0.425,8.4711,0.1136,0.5118
2013-02-13 08:44:00,0.4378,12.8115,0.4498,14.3796,0.133,0.5119
2013-02-13 08:54:00,0.3232,9.8453,0.3243,7.7671,0.026,3.6547
2013-02-13 09:04:00,0.2976,9.3866,0.1996,5.6248,0.0193,0.5121
2013-02-13 09:14:00,0.2111,5.7786,0.1583,7.0351,0.0082,3.6534
2013-02-13 09:24:00,0.181,8.3851,0.1733,6.632,0.0186,0.5133
2013-02-13 09:34:00,0.1645,4.7275,0.1138,8.7179,0.0338,1.2722
2013-02-13 09:44:00,0.1405,1.6467,0.0757,5.8105,0.0446,0.5137
2013-02-13 09:54:00,0.1144,3.6521,0.0868,5.3818,0.0156,0.5138
2013-02-13 10:04:00,0.0335,4.4543,0.0988,4.9643,0.0851,1.2713
2013-02-13 10:14:00,0.0998,5.7179,0.1514,4.5583,0.1027,0.5143
2013-02-13 15:44:00,0.2056,0.9381,0.3126,4.9839,0.2247,0.7276
2013-02-13 15:54:00,0.1668,6.7551,0.203,2.2872,0.2389,2.3961
2013-02-13 16:04:00,0.0434,3.1328,0.0533,5.8358,0.2217,0.7301
2013-02-13 16:14:00,0.0806,6.0637,0.0224,4.4779,0.113,1.0544
2013-02-13 16:24:00,0.1805,8.4232,0.0558,6.7101,0.0917,0.7324
2013-02-13 16:34:00,0.1407,7.1376,0.1539,5.3136,0.0615,0.7334
2013-02-13 16:44:00,0.2906,6.3015,0.1658,3.3241,0.1094,1.0513
2013-02-13 16:54:00,0.2378,8.1195,0.1471,7.8627,0.1187,1.0529
2013-02-13 17:04:00,0.2972,8.5614,0.2249,6.4199,0.0277,2.3959
2013-02-13 17:14:00,0.3829,7.6542,0.3625,5.4148,0.01,1.0647
2013-02-13 17:24:00,0.4528,9.3925,0.453,8.8484,0.1482,1.0725
2013-02-13 17:34:00,0.4563,9.7392,0.4882,7.3306,0.0063,1.0801
2013-02-13 17:44:00,0.5407,11.8377,0.548,9.358,0.0874,1.0874
2013-02-13 17:54:00,0.6503,12.11,0.6411,9.5683,0.1113,0.6914
2013-02-13 18:04:00,0.5561,12.3349,0.6173,6.5782,0.0663,0.5142
2013-02-13 18:14:00,0.6069,12.5,0.7515,9.8316,0.1856,0.5142
2013-02-13 18:24:00,0.6864,12.5,0.7497,8.0458,0.0537,1.2716
2013-02-13 18:34:00,0.6315,12.5,0.6199,8.0458,0.0898,0.514
2013-02-13 18:44:00,0.5607,10.7143,0.563,9.8315,0.0435,1.2718
2013-02-13 18:54:00,0.7004,9.375,0.7351,9.8315,0.199,1.2719
2013-02-13 19:04:00,0.6328,10.7143,0.6321,9.8315,0.1486,0.5137
2013-02-13 19:14:00,0.783,10.7143,0.7229,6.7065,0.1091,0.5136
2013-02-13 19:24:00,0.6911,10.6916,0.7017,8.0281,0.2649,1.2722
2013-02-13 19:34:00,0.6358,9.191,0.6857,7.9027,0.3025,1.2724
2013-02-13 19:44:00,0.6736,9.041,0.7564,7.786,0.1149,0.5133
2013-02-13 19:54:00,0.6025,7.8153,0.6098,6.3035,0.0295,4.4868
2013-02-13 20:04:00,0.5289,11.7434,0.5745,9.2429,0.1423,5.7368
2013-02-13 20:14:00,0.5835,11.4659,0.6591,9.0272,0.1892,2.6117
2013-02-13 20:24:00,0.5241,9.3979,0.597,8.8076,0.0986,1.2724
2013-02-13 20:34:00,0.4889,9.0784,0.4891,6.7735,0.0416,1.2723
2013-02-13 20:44:00,0.4003,10.5128,0.412,5.1609,0.1198,2.6116
2013-02-13 20:54:00,0.3096,7.0247,0.2852,8.0036,0.0304,1.2723
2013-02-13 21:04:00,0.3211,6.641,0.2583,7.7051,0.0096,3.6533
2013-02-13 21:14:00,0.288,7.5322,0.1774,5.5712,0.0125,4.4873
2013-02-13 21:24:00,0.2301,5.7769,0.1223,3.9083,0.0167,2.6125
2013-02-13 21:34:00,0.1945,8.4694,0.1276,1.0152,0.0651,0.5116
2013-02-13 21:44:00,0.2179,8.0029,0.075,12.5842,0.0936,6.7615
2013-02-13 21:54:00,0.1086,7.5231,0.0112,5.9616,0.062,1.2731
2013-02-13 22:04:00,0.0385,7.0443,0.1359,3.8039,0.1573,0.5115
2013-02-13 22:14:00,0.0356,6.5309,0.1198,5.1903,0.1545,0.5113
2013-02-13 22:24:00,0.219,6.1382,0.2534,4.9188,0.3752,0.6643
2013-02-14 03:54:00,0.302,12.3995,0.4131,4.9424,0.468,1.0501
2013-02-14 04:04:00,0.169,0.5761,0.3398,0.2161,0.3729,3.6591
2013-02-14 04:14:00,0.1305,2.9418,0.1739,8.1375,0.2884,2.6174
2013-02-14 04:24:00,0.0021,5.8336,0.1579,8.535,0.2476,2.6174
2013-02-14 04:34:00,0.1208,6.3587,0.0274,4.6578,0.2702,3.0076
2013-02-14 04:44:00,0.2609,6.8853,0.0371,5.0675,0.0503,1.2781
2013-02-14 04:54:00,0.419,5.0389,0.356,3.1024,0.0275,1.2781
2013-02-14 05:04:00,0.3852,7.8823,0.3875,10.1288,0.0092,4.4925
2013-02-14 05:14:00,0.4922,7.0217,0.4833,6.2156,0.0389,4.4925
2013-02-14 05:24:00,0.543,6.4139,0.5253,4.1722,0.0167,4.4925
2013-02-14 05:34:00,0.6638,6.8346,0.6449,4.4995,0.1358,1.2783
2013-02-14 05:44:00,0.8885,6.3416,0.7154,5.8059,0.1611,4.4926
2013-02-14 05:54:00,0.8689,9.8951,0.8589,7.4091,0.1861,5.1745
2013-02-14 06:04:00,0.9259,10.2446,0.9418,7.6811,0.2128,1.2784
2013-02-14 06:14:00,1.0309,10.4961,1.0031,6.5374,0.4453,4.4927
2013-02-14 06:24:00,0.9894,3.5442,1.1072,9.811,0.3901,2.6177
2013-02-14 06:34:00,1.0131,4.6875,1.091,8.0464,0.2919,4.4927
2013-02-14 06:44:00,1.0801,10.7143,1.1537,8.0464,0.4908,2.6178
2013-02-14 06:54:00,1.1319,8.3333,1.0906,5.6655,0.3719,3.6594
2013-02-14 07:04:00,1.1088,8.3333,1.1847,8.0464,0.434,2.6178
2013-02-14 07:14:00,1.0868,15.0,1.0759,6.7071,0.4367,3.6594
2013-02-14 07:24:00,1.1241,10.7143,1.2107,4.8321,0.5549,5.7428
2013-02-14 07:34:00,1.1161,10.7143,1.1026,6.7071,0.5312,5.1746
2013-02-14 07:44:00,1.1728,15.0,1.3249,8.0464,0.4398,1.2785
2013-02-14 07:54:00,1.1782,8.2427,1.3124,7.9759,0.4537,1.2785
2013-02-14 08:04:00,1.1422,8.0343,1.1655,1.787,0.4575,3.6594
2013-02-14 08:14:00,1.2504,6.3082,1.1474,5.2687,0.5903,1.2785
2013-02-14 08:24:00,1.0976,9.9683,1.2052,5.0851,0.6319,4.4928
2013-02-14 08:34:00,1.1339,9.6775,1.2668,7.2398,0.4904,3.6594
2013-02-14 08:44:00,0.9672,8.044,1.0099,4.63,0.4107,3.0073
2013-02-14 08:54:00,1.0228,7.7472,0.9324,5.4407,0.6546,2.6177
2013-02-14 09:04:00,0.8996,2.4542,0.7978,8.3091,0.3323,0.5073
2013-02-14 09:14:00,0.7338,3.3982,0.7156,7.9875,0.3923,0.5073
2013-02-14 09:24:00,0.6642,6.6046,0.5463,7.6768,0.3646,0.5073
2013-02-14 09:34:00,0.702,9.3159,0.5754,7.3548,0.2173,4.4927
2013-02-14 09:44:00,0.5459,5.7456,0.4722,3.8834,0.2129,2.6176
2013-02-14 09:54:00,0.4816,1.6847,0.3419,6.6543,0.1461,6.6355
2013-02-14 10:04:00,0.3652,6.1838,0.1978,3.1824,0.0026,2.6176
2013-02-14 10:14:00,0.2327,7.5053,0.2669,5.9462,0.0106,0.5074
2013-02-14 10:24:00,0.2861,69.5057,0.2331,3.7718,0.0382,3.6593
2013-02-14 10:34:00,0.0722,0.8248,0.0507,3.3836,0.0849,2.6176
2013-02-14 10:44:00,0.1386,6.0296,0.0535,3.0124,0.1373,1.2783
2013-02-14 16:14:00,0.2864,1.9639,0.2833,4.6574,0.2372,0.5074
2013-02-14 16:24:00,0.1039,8.8612,0.1822,5.0562,0.021,1.2784
2013-02-14 16:34:00,0.0923,2.6961,0.0148,5.4464,0.0019,4.4926
2013-02-14 16:44:00,0.1984,7.3369,0.0961,5.8152,0.217,2.6176
2013-02-14 16:54:00,0.4134,4.7016,0.2014,1.3038,0.104,6.6355
2013-02-14 17:04:00,0.5469,2.6331,0.4757,0.9239,0.3176,3.6593
2013-02-14 17:14:00,0.6629,7.0062,0.5313,6.9472,0.2265,0.5074
2013-02-14 17:24:00,0.5578,7.4488,0.5016,3.1249,0.422,3.6592
2013-02-14 17:34:00,0.686,0.2886,0.6201,0.1871,0.3086,6.9925
2013-02-14 17:44:00,0.6799,1.9496,0.7221,6.1307,0.4314,0.5039
2013-02-14 17:54:00,0.9,1.6474,0.7907,6.4105,0.78,1.2806
2013-02-14 18:04:00,1.0462,8.9739,0.9753,3.4783,0.399,2.6183
2013-02-14 18:14:00,1.0646,11.0566,0.9621,11.2092,0.4807,5.7433
2013-02-14 18:24:00,1.0798,9.5451,1.0988,5.7979,0.6368,2.6139
2013-02-14 18:34:00,0.9878,4.8316,1.0377,1.9601,0.683,6.6318
2013-02-14 18:44:00,1.1248,8.6219,1.1144,9.2465,0.7434,2.614
2013-02-14 18:54:00,1.0782,10.0717,1.1516,4.3324,0.6001,1.2748
2013-02-14 19:04:00,1.1563,8.8325,1.1284,9.4102,0.6536,0.5108
2013-02-14 19:14:00,1.1138,12.0053,1.0722,9.4474,0.7321,0.5107
2013-02-14 19:24:00,1.002,12.0033,1.1343,9.4458,0.7128,6.6323
2013-02-14 19:34:00,1.0882,8.8684,1.1735,9.4381,0.565,2.6146
2013-02-14 19:44:00,1.1766,4.4473,1.0936,6.2773,0.6014,2.6147
2013-02-14 19:54:00,0.9936,10.081,1.1592,9.3396,0.5955,1.2756
2013-02-14 20:04:00,1.037,9.943,1.1186,5.0656,0.7743,0.51
2013-02-14 20:14:00,1.0828,8.4696,0.9598,6.0029,0.6995,2.6151
2013-02-14 20:24:00,1.007,8.3307,0.9749,7.2342,0.4911,4.4903
2013-02-14 20:34:00,0.925,8.1328,0.9088,1.7231,0.4784,2.6154
2013-02-14 20:44:00,0.9412,11.0179,0.9137,8.6794,0.5832,6.2214
2013-02-14 20:54:00,0.9439,7.6277,0.8879,6.6874,0.4825,1.2765
2013-02-14 21:04:00,0.756,8.7067,0.7713,6.485,0.3729,5.7408
2013-02-14 21:14:00,0.6676,8.4113,0.6598,6.2553,0.4101,2.6158
2013-02-14 21:24:00,0.5737,8.0988,0.5119,4.673,0.3985,0.5092
2013-02-14 21:34:00,0.5865,7.7532,0.5458,5.7435,0.3298,1.2765
2013-02-14 21:44:00,0.454,9.1674,0.4613,7.2403,0.2663,0.5092
2013-02-14 21:54:00,0.4306,7.0031,0.3857,5.1602,0.189,2.6158
2013-02-14 22:04:00,0.4204,6.6058,0.3543,6.6369,0.2473,3.6574
2013-02-14 22:14:00,0.2558,6.1807,0.2667,6.3064,0.2028,6.6336
2013-02-14 22:24:00,0.256,0.382,0.1977,5.963,0.1064,2.6156
2013-02-14 22:34:00,0.2038,9.5979,0.1622,5.6309,0.0316,5.7406
2013-02-14 22:44:00,0.1204,9.1548,0.0222,7.7864,0.0116,2.6155
2013-02-14 22:54:00,0.0577,6.2088,0.0803,7.4396,0.0334,1.2762
2013-02-14 23:04:00,0.1752,0.7695,0.0882,2.8123,0.0353,6.6333
2013-02-15 04:34:00,0.0974,4.5556,0.1642,3.3064,0.0642,5.9992
2013-02-15 04:44:00,0.029,1.0056,0.0412,5.4533,0.0426,0.7274
2013-02-15 04:54:00,0.0999,7.2909,0.0045,4.0431,0.0568,3.4429
2013-02-15 05:04:00,0.2027,0.605,0.1135,4.397,0.05,0.7174
2013-02-15 05:14:00,0.3071,6.4353,0.2432,3.4233,0.2195,4.975
2013-02-15 05:24:00,0.3821,8.6897,0.299,5.1253,0.2433,0.6987
2013-02-15 05:34:00,0.5532,0.5014,0.5381,5.3665,0.3705,2.6153
2013-02-15 05:44:00,0.4285,6.3422,0.4057,5.6878,0.1605,2.6153
2013-02-15 05:54:00,0.5238,1.5354,0.465,6.0,0.3206,1.276
2013-02-15 06:04:00,0.5812,3.1042,0.5843,8.0799,0.3211,0.5098
2013-02-15 06:14:00,0.6078,8.8095,0.6692,5.2254,0.2715,0.5079
2013-02-15 06:24:00,0.8086,9.0981,0.873,5.4499,0.3377,1.2778
2013-02-15 06:34:00,0.887,11.1485,0.7727,5.6557,0.3325,3.6587
2013-02-15 06:44:00,0.7268,3.0442,0.7461,7.1727,0.4314,5.742
2013-02-15 06:54:00,0.7363,11.553,0.7778,7.3092,0.355,2.6169
2013-02-15 07:04:00,0.9532,9.9,1.0335,9.198,0.3685,0.5085
2013-02-15 07:14:00,0.9318,11.7871,1.0143,9.2768,0.5505,1.277
2013-02-15 07:24:00,0.8954,7.6668,0.9937,9.3129,0.3973,0.5106
2013-02-15 07:34:00,0.9068,8.7468,0.9424,6.2693,0.5113,2.3826
2013-02-15 07:44:00,0.8558,3.536,0.9118,7.6059,0.3788,0.7384
2013-02-15 07:54:00,0.8753,11.8279,0.8985,6.2335,0.3489,1.0514
2013-02-15 08:04:00,0.8461,6.7661,0.8912,7.5238,0.4219,3.436
2013-02-15 08:14:00,0.8598,9.8878,0.9449,9.2369,0.546,1.058
2013-02-15 08:24:00,0.893,8.4429,0.8474,4.9875,0.4714,3.4417
2013-02-15 08:34:00,0.8129,9.64,0.797,9.043,0.359,1.0632
2013-02-15 08:44:00,0.7904,11.2337,0.8679,8.8932,0.3877,0.7203
2013-02-15 08:54:00,0.6883,6.8783,0.7186,6.9602,0.3637,1.0672
2013-02-15 09:04:00,0.6195,9.0294,0.6913,4.401,0.3324,6.0099
2013-02-15 09:14:00,0.5986,10.5777,0.611,5.26,0.3254,2.3956
2013-02-15 09:24:00,0.5623,7.2016,0.4812,5.0668,0.2726,0.7387
2013-02-15 09:34:00,0.5038,6.9184,0.5047,6.188,0.1688,2.3763
2013-02-15 09:44:00,0.4983,8.0064,0.4927,4.7079,0.1081,5.7375
2013-02-15 09:54:00,0.417,6.3365,0.3783,4.4543,0.1679,0.7768
2013-02-15 10:04:00,0.4127,9.136,0.2969,7.3281,0.1581,1.0176
2013-02-15 10:14:00,0.3851,4.6184,0.2989,7.0547,0.2564,2.1094
2013-02-15 10:24:00,0.3691,6.6434,0.1779,3.6525,0.0467,2.1114
2013-02-15 10:34:00,0.3226,4.9317,0.1969,3.3624,0.0764,2.1135
2013-02-15 10:44:00,0.241,5.9777,0.0916,4.5254,0.0119,0.5335
2013-02-15 10:54:00,0.0888,7.3972,0.0446,6.0275,0.0957,1.2575
2013-02-15 11:04:00,0.0671,7.0263,0.0766,5.7422,0.1239,1.8529
2013-02-15 11:14:00,0.0783,1.9084,0.1397,2.3265,0.1559,1.8239
2013-02-15 11:24:00,0.1734,1.5485,0.2391,0.1625,0.228,0.4545
2013-02-15 16:44:00,0.1774,0.6966,0.173,2.6474,0.2616,4.9549
2013-02-15 16:54:00,0.0958,0.9305,0.1341,4.2734,0.1593,0.3723
2013-02-15 17:04:00,0.0283,5.7607,0.0161,4.5525,0.0449,0.3479
2013-02-15 17:14:00,0.0863,1.1704,0.0723,3.4854,0.0872,0.3313
2013-02-15 17:24:00,0.1785,6.4703,0.2022,3.7577,0.0739,0.3151
2013-02-15 17:34:00,0.2294,8.6314,0.2404,4.0459,0.0031,2.0841
2013-02-15 17:44:00,0.2659,7.2076,0.1825,7.4487,0.0624,2.0988
2013-02-15 17:54:00,0.2853,7.6307,0.3272,6.0397,0.084,0.8439
2013-02-15 18:04:00,0.4495,6.673,0.3618,6.3898,0.1033,1.6383
2013-02-15 18:14:00,0.3563,5.9334,0.3272,6.6243,0.0062,0.5978
2013-02-15 18:24:00,0.4221,10.3753,0.3678,6.8378,0.097,0.7394
2013-02-15 18:34:00,0.4729,7.5031,0.5573,5.693,0.1094,0.6093
2013-02-15 18:44:00,0.5046,10.8487,0.5267,4.8207,0.194,0.6192
2013-02-15 18:54:00,0.5086,9.2018,0.5452,7.2055,0.2293,1.0947
2013-02-15 19:04:00,0.5648,9.3954,0.6287,6.0172,0.2022,1.0923
2013-02-15 19:14:00,0.6128,7.1445,0.5274,5.0768,0.3815,2.0369
2013-02-15 19:24:00,0.7003,9.6412,0.6839,6.2091,0.3374,0.252
2013-02-15 19:34:00,0.5644,7.3444,0.6216,5.2331,0.2425,2.128
2013-02-15 19:44:00,0.6847,9.7641,0.6552,7.6443,0.3321,5.4607
2013-02-15 19:54:00,0.5926,7.382,0.552,7.6435,0.2644,1.0856
2013-02-15 20:04:00,0.6623,8.4271,0.5854,7.647,0.2497,2.043
2013-02-15 20:14:00,0.5883,8.3791,0.6433,9.3974,0.384,2.0523
2013-02-15 20:24:00,0.6768,8.327,0.6547,7.6152,0.3319,0.4642
2013-02-15 20:34:00,0.5857,8.2612,0.595,6.224,0.2902,0.8785
2013-02-15 20:44:00,0.523,3.7866,0.4973,5.1041,0.2268,0.8823
2013-02-15 20:54:00,0.5078,8.0063,0.5225,9.1491,0.3333,0.8864
2013-02-15 21:04:00,0.475,7.8656,0.539,9.0396,0.2443,0.887
2013-02-15 21:14:00,0.4502,7.7069,0.5584,5.7926,0.2178,0.8816
2013-02-15 21:24:00,0.5604,8.8873,0.4121,8.8343,0.1731,2.4311
2013-02-15 21:34:00,0.4451,8.7034,0.3192,5.5684,0.1714,0.6843
2013-02-15 21:44:00,0.4619,8.489,0.388,5.404,0.243,2.4511
2013-02-15 21:54:00,0.4367,5.8773,0.4275,4.1853,0.2978,0.6764
2013-02-15 22:04:00,0.3485,6.6615,0.3326,6.3685,0.1312,2.4733
2013-02-15 22:14:00,0.445,7.7421,0.2838,6.1697,0.1337,1.6821
2013-02-15 22:24:00,0.3793,2.1016,0.222,5.9519,0.0273,0.7103
2013-02-15 22:34:00,0.2863,5.8375,0.1451,4.3959,0.0262,0.7217
2013-02-15 22:44:00,0.2674,5.5484,0.0826,7.2986,0.0428,0.6063
2013-02-15 22:54:00,0.2488,8.3636,0.0461,3.935,0.0284,1.6367
2013-02-15 23:04:00,0.1755,3.919,0.0082,6.8468,0.1429,1.6236
2013-02-15 23:14:00,0.1042,7.783,0.0305,3.4903,0.0733,0.5643
2013-02-15 23:24:00,0.004,7.4783,0.0674,4.5968,0.1439,0.7942
2013-02-15 23:34:00,0.0625,1.5102,0.1581,6.1629,0.2131,2.5935
2013-02-16 05:04:00,0.1224,0.5397,0.1348,4.4575,0.2405,0.4395
2013-02-16 05:14:00,0.0516,5.8606,0.0709,6.5447,0.1558,0.9427
2013-02-16 05:24:00,0.0317,4.8641,0.0267,5.0351,0.0941,1.3933
2013-02-16 05:34:00,0.0854,6.5354,0.023,2.0832,0.1704,0.3321
2013-02-16 05:44:00,0.151,8.7056,0.1064,5.6223,0.0927,2.9132
2013-02-16 05:54:00,0.1456,9.005,0.0201,5.8475,0.0512,2.8784
2013-02-16 06:04:00,0.1944,9.2397,0.1651,5.9875,0.0115,2.6811
2013-02-16 06:14:00,0.2341,7.7688,0.1517,6.2265,0.0723,0.8686
2013-02-16 06:24:00,0.2294,8.0421,0.218,6.4342,0.075,0.8466
2013-02-16 06:34:00,0.2593,6.9513,0.2223,5.2844,0.0684,0.8295
2013-02-16 06:44:00,0.254,10.3446,0.2429,5.4902,0.0055,0.8166
2013-02-16 06:54:00,0.2855,7.451,0.3227,8.793,0.0231,1.5742
2013-02-16 07:04:00,0.2672,6.6051,0.2874,4.7772,0.0545,2.5864
2013-02-16 07:14:00,0.3234,7.8324,0.3474,7.3016,0.0584,1.5845
2013-02-16 07:24:00,0.3279,7.9769,0.2539,6.0732,0.0181,0.5492
2013-02-16 07:34:00,0.364,11.2111,0.3487,9.2825,0.102,0.7843
2013-02-16 07:44:00,0.4033,8.1531,0.3719,6.2077,0.0624,4.1694
2013-02-16 07:54:00,0.4275,6.3361,0.3532,9.3758,0.0198,2.5524
2013-02-16 08:04:00,0.3572,9.59,0.4039,6.2801,0.1334,0.5795
2013-02-16 08:14:00,0.4184,9.6055,0.3228,6.2916,0.0664,0.5825
2013-02-16 08:24:00,0.3519,9.5927,0.3526,9.406,0.0583,0.5855
2013-02-16 08:34:00,0.4053,11.3507,0.353,6.2588,0.1279,0.5885
2013-02-16 08:44:00,0.3898,8.1364,0.4437,6.1431,0.1934,0.8009
2013-02-16 08:54:00,0.3318,9.4053,0.3656,6.0887,0.1478,0.7997
2013-02-16 09:04:00,0.3665,6.9195,0.3475,7.347,0.1411,1.8386
2013-02-16 09:14:00,0.3744,9.1852,0.2989,7.2587,0.1318,0.5481
2013-02-16 09:24:00,0.3363,9.0582,0.2846,7.1611,0.1218,0.7856
2013-02-16 09:34:00,0.3528,6.5159,0.2556,7.0366,0.2424,1.8229
2013-02-16 09:44:00,0.3126,7.4007,0.298,8.7011,0.1502,0.7778
2013-02-16 09:54:00,0.2615,8.5551,0.2369,6.7723,0.0718,2.3503
2013-02-16 10:04:00,0.2618,8.3458,0.2523,6.6111,0.139,0.5723
2013-02-16 10:14:00,0.2531,9.9072,0.1678,8.2254,0.0347,2.3717
2013-02-16 10:24:00,0.2956,6.5592,0.1939,6.2696,0.0923,0.6013
2013-02-16 10:34:00,0.211,7.6673,0.1712,6.0935,0.0239,2.5959
2013-02-16 10:44:00,0.197,9.1998,0.1028,7.6866,0.0404,0.6377
2013-02-16 10:54:00,0.2579,7.1652,0.2368,5.712,0.0724,0.6801
2013-02-16 11:04:00,0.1495,8.6978,0.0749,5.5212,0.0094,0.6873
2013-02-16 11:14:00,0.156,8.4259,0.0305,5.3183,0.0359,0.7267
2013-02-16 11:24:00,0.0993,5.0435,0.0086,6.9129,0.0698,0.7686
2013-02-16 11:34:00,0.012,7.8977,0.0153,4.9258,0.0822,0.5286
2013-02-16 11:44:00,0.0024,4.5711,0.0945,6.5926,0.1772,0.9866
2013-02-16 11:54:00,0.036,7.4344,0.098,6.3934,0.1633,0.3328
2013-02-16 12:04:00,0.0656,5.3665,0.0994,4.3895,0.1657,1.0119
2013-02-16 17:14:00,0.134,5.4464,0.1394,4.4283,0.2585,2.6868
2013-02-16 17:24:00,0.1297,5.7448,0.1389,4.6612,0.1823,0.9056
2013-02-16 17:34:00,0.063,7.8251,0.1262,4.8919,0.225,0.9135
2013-02-16 17:44:00,0.0345,8.0503,0.0593,5.0252,0.116,0.7235
2013-02-16 17:54:00,0.0135,8.3637,0.0371,2.891,0.1397,0.601
2013-02-16 18:04:00,0.0301,5.5415,0.0067,4.1714,0.1268,0.7537
2013-02-16 18:14:00,0.1364,7.0956,0.0308,5.6403,0.0,0.758
2013-02-16 18:24:00,0.1444,7.3818,0.0828,5.8662,0.0174,0.5963
2013-02-16 18:34:00,0.1442,7.6535,0.0864,6.0798,0.0074,0.6076
2013-02-16 18:44:00,0.2011,6.5634,0.135,4.9362,0.0341,2.4026
2013-02-16 18:54:00,0.1212,6.8048,0.0892,4.0837,0.0172,0.7157
2013-02-16 19:04:00,0.1518,7.0392,0.0774,8.4325,0.0384,0.6236
2013-02-16 19:14:00,0.1692,8.5761,0.1598,8.5846,0.0147,1.7647
2013-02-16 19:24:00,0.2034,7.3977,0.2013,6.9221,0.0183,0.7314
2013-02-16 19:34:00,0.1793,7.5568,0.195,4.6629,0.0263,2.3845
2013-02-16 19:44:00,0.2021,6.6468,0.1586,7.1442,0.0016,2.6249
2013-02-16 19:54:00,0.2093,9.1167,0.1821,5.872,0.0583,0.7595
2013-02-16 20:04:00,0.2133,9.1842,0.1694,4.8814,0.0421,0.5736
2013-02-16 20:14:00,0.2351,9.238,0.1776,5.9646,0.0138,0.767
2013-02-16 20:24:00,0.2162,7.914,0.2135,9.1012,0.0011,0.5709
2013-02-16 20:34:00,0.2096,7.9233,0.1457,5.9831,0.0182,0.7699
2013-02-16 20:44:00,0.1967,7.8965,0.1886,9.087,0.0678,0.5679
2013-02-16 20:54:00,0.225,7.8581,0.1309,5.9318,0.007,0.7729
2013-02-16 21:04:00,0.2141,7.8075,0.1585,2.2861,0.0086,0.5635
2013-02-16 21:14:00,0.2498,7.7186,0.2173,5.8218,0.0028,0.7805
2013-02-16 21:24:00,0.2321,8.9508,0.1729,8.8626,0.0356,0.7848
2013-02-16 21:34:00,0.152,8.8443,0.1438,8.7789,0.0226,0.789
2013-02-16 21:44:00,0.1715,6.3178,0.1312,8.6649,0.0324,1.8346
2013-02-16 21:54:00,0.1797,8.5573,0.1398,6.7684,0.0348,1.8382
2013-02-16 22:04:00,0.1478,6.0279,0.0975,4.2717,0.0016,0.5412
2013-02-16 22:14:00,0.1315,8.2264,0.0915,6.5112,0.0474,2.3284
2013-02-16 22:24:00,0.1214,6.7001,0.0709,5.0268,0.0368,0.7954
2013-02-16 22:34:00,0.1454,6.5068,0.0499,6.2161,0.0488,1.8361
2013-02-16 22:44:00,0.1288,7.6412,0.0309,6.057,0.0494,1.8353
2013-02-16 22:54:00,0.1146,7.4149,0.0376,5.8812,0.0885,0.5461
2013-02-16 23:04:00,0.0467,7.1865,0.0376,5.7037,0.0884,0.5462
2013-02-16 23:14:00,0.0821,8.7277,0.0155,7.2991,0.0656,0.5452
2013-02-16 23:24:00,0.0484,5.3685,0.0008,2.95,0.1185,0.5435
2013-02-16 23:34:00,0.0107,8.2591,0.0437,5.1483,0.1511,4.8268
2013-02-16 23:44:00,0.0028,8.114,0.0784,3.7486,0.1262,2.5603
2013-02-17 00:04:00,0.0562,7.668,0.1186,6.5808,0.1603,1.0136
2013-02-17 00:14:00,0.1087,4.3125,0.1201,4.6204,0.1626,0.307
2013-02-17 00:24:00,0.105,4.0877,0.1356,3.1112,0.1745,0.2867
2013-02-17 05:24:00,0.1183,10.025,0.1317,3.5351,0.1204,1.8486
2013-02-17 05:34:00,0.0822,4.6483,0.1283,2.6855,0.1043,0.5062
2013-02-17 05:44:00,0.0814,4.8858,0.0838,3.9107,0.093,1.372
2013-02-17 05:54:00,0.0546,8.2264,0.0524,3.0355,0.0826,0.4995
2013-02-17 06:04:00,0.0478,6.6832,0.0406,4.2644,0.0624,0.4951
2013-02-17 06:14:00,0.0116,8.7088,0.0395,4.4493,0.0903,0.4897
2013-02-17 06:24:00,0.0232,8.942,0.0067,5.9684,0.0195,0.5572
2013-02-17 06:34:00,0.0446,9.085,0.002,3.6468,0.0024,0.7897
2013-02-17 06:44:00,0.0765,7.5207,0.0522,4.8604,0.0273,0.2525
2013-02-17 06:54:00,0.0908,7.7278,0.0498,8.1464,0.0243,0.2535
2013-02-17 07:04:00,0.1019,7.9312,0.0374,6.5186,0.0393,0.2541
2013-02-17 07:14:00,0.1354,6.7922,0.0627,5.3348,0.0114,0.2546
2013-02-17 07:24:00,0.1179,5.9213,0.0783,6.8067,0.0265,0.255
2013-02-17 07:34:00,0.122,7.1142,0.1055,5.5849,0.0278,0.2555
2013-02-17 07:44:00,0.1308,6.214,0.1059,4.6531,0.0094,5.8809
2013-02-17 07:54:00,0.1345,6.3299,0.135,11.4098,0.009,0.2563
2013-02-17 08:04:00,0.14,7.4121,0.1189,5.7579,0.0223,0.003
2013-02-17 08:14:00,0.1733,7.4123,0.1276,5.6466,0.14,0.4888
2013-02-17 08:24:00,0.1613,7.4676,0.1568,11.3064,0.1393,1.5685
2013-02-17 08:34:00,0.1754,8.4464,0.1482,6.2832,0.0285,4.4799
2013-02-17 08:44:00,0.1782,7.1415,0.1028,3.929,0.0099,0.5202
2013-02-17 08:54:00,0.1285,6.0444,0.101,4.8568,0.1419,2.9184
2013-02-17 09:04:00,0.1271,5.9377,0.1115,4.6569,0.1725,2.104
2013-02-17 09:14:00,0.1252,5.0602,0.0875,5.9624,0.1547,2.1016
2013-02-17 09:24:00,0.1048,12.4892,0.0779,10.1934,0.2194,3.4391
2013-02-17 09:34:00,0.1112,12.4202,0.0577,10.1395,0.246,2.1842
2013-02-17 09:44:00,0.1204,5.6558,0.076,4.438,0.2336,3.443
2013-02-17 09:54:00,0.0824,6.5787,0.0627,9.97,0.2326,4.4875
2013-02-17 10:04:00,0.0987,12.0617,0.0465,9.8585,0.2007,3.4507
2013-02-17 10:14:00,0.0847,11.9053,0.0403,9.7354,0.2254,2.1679
2013-02-17 10:24:00,0.0512,5.0651,0.0125,3.9743,0.2513,4.5043
2013-02-17 10:34:00,0.0399,7.236,0.0132,6.9349,0.2633,4.5091
2013-02-17 10:44:00,0.0475,5.6907,0.0321,6.7737,0.2164,2.1532
2013-02-17 10:54:00,0.0448,5.4661,0.0445,4.8125,0.2736,4.5173
2013-02-17 11:04:00,0.0384,6.569,0.0544,3.2889,0.2916,4.5196
2013-02-17 11:14:00,0.0292,6.346,0.0737,6.2403,0.1986,2.1465
2013-02-17 11:24:00,0.0269,6.0995,0.0748,1.8813,0.3306,3.4817
2013-02-17 11:34:00,0.0402,4.4849,0.1042,4.0474,0.2655,2.1459
2013-02-17 11:44:00,0.0455,7.3366,0.1407,5.6198,0.2961,3.4885
2013-02-17 11:54:00,0.0683,9.7138,0.1402,3.801,0.267,3.2087
2013-02-17 12:04:00,0.1136,6.9346,0.1778,7.87,0.3277,2.4181
2013-02-17 12:14:00,0.1155,0.8339,0.1889,7.6617,0.2985,0.0798
2013-02-17 12:24:00,0.1332,8.8992,0.1757,7.4573,0.23,4.2345
2013-02-17 12:34:00,0.1277,8.7777,0.1863,7.4279,0.2651,2.7238
2013-02-17 12:44:00,0.1323,8.5204,0.2015,2.9439,0.2305,3.9349
2013-02-17 12:54:00,0.1687,8.2694,0.2562,4.5363,0.2572,0.24
2013-02-17 17:34:00,0.1842,0.4694,0.2015,2.7655,0.2167,0.2657
2013-02-17 17:44:00,0.1615,2.288,0.213,4.7555,0.2455,0.2586
2013-02-17 17:54:00,0.1093,8.821,0.1808,4.9683,0.237,1.5338
2013-02-17 18:04:00,0.1038,9.0946,0.1957,3.3944,0.2635,1.5379
2013-02-17 18:14:00,0.0876,5.075,0.1907,0.8641,0.259,0.2429
2013-02-17 18:24:00,0.0896,7.1405,0.1383,5.6023,0.2963,6.9048
2013-02-17 18:34:00,0.0158,9.9252,0.0544,5.8226,0.2078,0.2332
2013-02-17 18:44:00,0.0074,5.8989,0.0906,6.0233,0.1651,1.5571
2013-02-17 18:54:00,0.1012,7.9474,0.0659,0.5041,0.1085,2.9009
2013-02-17 19:04:00,0.0993,5.0772,0.0722,6.4238,0.1936,2.72
2013-02-17 19:14:00,0.1332,6.6579,0.0438,4.825,0.1994,1.5708
2013-02-17 19:24:00,0.0621,8.6652,0.035,4.9969,0.1889,0.2131
2013-02-17 19:34:00,0.1113,7.0944,0.0271,6.9506,0.179,1.569
2013-02-17 19:44:00,0.0969,7.3149,0.0483,7.123,0.1627,0.2209
2013-02-17 19:54:00,0.1347,3.0271,0.0499,1.0109,0.1301,1.5623
2013-02-17 20:04:00,0.0846,7.6612,0.0405,5.6054,0.1688,1.5697
2013-02-17 20:14:00,0.0897,9.5814,0.0585,7.4955,0.1933,0.2146
2013-02-17 20:24:00,0.153,9.7049,0.1261,7.5912,0.1629,2.7133
2013-02-17 20:34:00,0.1837,9.806,0.1491,4.5445,0.143,6.5187
2013-02-17 20:44:00,0.14,9.8536,0.0563,7.7063,0.2081,0.2109
2013-02-17 20:54:00,0.1622,9.8872,0.1224,5.9465,0.1981,4.7903
2013-02-17 21:04:00,0.173,6.8081,0.0623,7.7671,0.3576,0.2082
2013-02-17 21:14:00,0.1416,8.1332,0.2001,7.7561,0.2675,1.5773
2013-02-17 21:24:00,0.1361,12.4061,0.0836,4.6212,0.2838,1.577
2013-02-17 21:34:00,0.0924,9.8888,0.1044,7.7329,0.3189,0.2089
2013-02-17 21:44:00,0.1743,9.8283,0.1737,7.6858,0.3073,1.5765
2013-02-17 21:54:00,0.1399,3.021,0.0881,7.6264,0.3783,2.7095
2013-02-17 22:04:00,0.1946,9.6562,0.1528,7.5514,0.3062,0.2064
2013-02-17 22:14:00,0.0565,9.5367,0.0106,7.4566,0.322,1.5877
2013-02-17 22:24:00,0.0844,7.6461,0.0379,7.3731,0.3176,1.5964
2013-02-17 22:34:00,0.0974,6.0888,0.0336,9.6384,0.2528,0.1035
2013-02-17 22:44:00,0.1236,7.2593,0.0592,7.005,0.2806,2.3871
2013-02-17 22:54:00,0.0443,11.3965,0.0342,6.8875,0.3198,3.2472
2013-02-17 23:04:00,0.0341,8.7188,0.0927,6.7483,0.3675,0.1269
2013-02-17 23:14:00,0.0243,8.5194,0.0322,6.5937,0.3033,0.1245
2013-02-17 23:24:00,0.0505,6.5253,0.0672,6.4322,0.3962,0.122
2013-02-17 23:34:00,0.035,6.3242,0.1282,6.2764,0.3444,1.9051
2013-02-17 23:44:00,0.0189,7.8846,0.1078,6.1018,0.3978,0.1167
2013-02-18 00:04:00,0.0463,7.3057,0.1452,3.8664,0.3598,1.9005
2013-02-18 00:14:00,0.0055,7.0937,0.1838,5.4859,0.3485,0.1206
2013-02-18 00:24:00,0.0197,0.6061,0.1986,5.3,0.3475,1.9112
2013-02-18 00:34:00,0.1175,6.4731,0.1476,4.9419,0.3395,2.1836
2013-02-18 00:44:00,0.0673,0.5658,0.257,1.4834,0.3017,0.3976
2013-02-18 00:54:00,0.176,6.0221,0.2809,2.8059,0.3929,2.1819
2013-02-18 01:04:00,0.1713,8.2641,0.2756,2.6055,0.4513,2.1051
2013-02-18 01:14:00,0.281,8.0272,0.3616,2.4222,0.5068,2.1089
2013-02-18 01:24:00,0.3096,7.811,0.4171,4.0423,0.4974,0.3796
2013-02-18 06:04:00,0.2444,5.5526,0.3641,4.2681,0.4752,0.2085
2013-02-18 06:14:00,0.2109,8.2743,0.3846,6.9406,0.4401,0.208
2013-02-18 06:24:00,0.2215,0.2405,0.3291,7.123,0.5018,0.2102
2013-02-18 06:34:00,0.1249,6.2595,0.261,7.3163,0.3937,2.2849
2013-02-18 06:44:00,0.0978,6.5067,0.257,5.0068,0.4587,2.2773
2013-02-18 06:54:00,0.0263,1.743,0.1952,5.1883,0.4985,2.2669
2013-02-18 07:04:00,0.0193,6.9663,0.2064,3.5719,0.3875,2.0379
2013-02-18 07:14:00,0.0369,7.1451,0.1224,3.6779,0.2497,2.0995
2013-02-18 07:24:00,0.0476,5.579,0.2215,5.6257,0.3695,0.4395
2013-02-18 07:34:00,0.0318,10.0597,0.1057,5.7688,0.3333,2.022
2013-02-18 07:44:00,0.1195,5.9851,0.0653,5.925,0.1295,1.9861
2013-02-18 07:54:00,0.0497,10.4794,0.0387,6.0801,0.3222,1.954
2013-02-18 08:04:00,0.0963,8.1301,0.1041,6.1924,0.298,1.932
2013-02-18 08:14:00,0.0898,8.2952,0.0299,8.8181,0.2828,1.92
2013-02-18 08:24:00,0.1144,10.9682,0.0959,8.9498,0.0971,1.9075
2013-02-18 08:34:00,0.1681,11.1135,0.0878,6.5599,0.1559,1.8946
2013-02-18 08:44:00,0.1878,11.2437,0.0436,6.6583,0.2434,0.6186
2013-02-18 08:54:00,0.2062,11.3356,0.1441,6.7268,0.2491,1.868
2013-02-18 09:04:00,0.2516,11.4047,0.1506,9.2786,0.2199,1.8597
2013-02-18 09:14:00,0.2779,8.9788,0.2661,6.8362,0.1104,0.6406
2013-02-18 09:24:00,0.2259,11.5473,0.2643,6.8894,0.2055,1.8593
2013-02-18 09:34:00,0.1905,11.5511,0.1605,6.8923,0.1737,0.641
2013-02-18 09:44:00,0.2087,11.5517,0.0819,9.3926,0.1495,6.3234
2013-02-18 09:54:00,0.2767,11.5414,0.2074,9.3844,0.1637,0.6427
2013-02-18 10:04:00,0.1572,9.0114,0.2259,6.8612,0.1549,0.6422
2013-02-18 10:14:00,0.2358,11.4704,0.2371,6.8301,0.1317,1.8612
2013-02-18 10:24:00,0.1535,8.907,0.2069,9.2815,0.163,1.8645
2013-02-18 10:34:00,0.1683,7.0408,0.1222,9.2196,0.1533,0.6323
2013-02-18 10:44:00,0.1158,6.957,0.1394,6.655,0.2322,1.8705
2013-02-18 10:54:00,0.1003,11.1227,0.1034,9.0624,0.0184,1.8731
2013-02-18 11:04:00,0.1047,8.4886,0.2566,6.4585,0.1411,5.6249
2013-02-18 11:14:00,0.0661,8.4192,0.0503,6.444,0.1831,0.4476
2013-02-18 11:24:00,0.0705,2.5828,0.0647,6.3256,0.0709,2.0606
2013-02-18 11:34:00,0.0965,3.117,0.0525,6.2125,0.1727,2.068
2013-02-18 11:44:00,0.0747,10.4539,0.0817,8.5872,0.0863,2.0749
2013-02-18 11:54:00,0.0737,10.2568,0.0138,8.4354,0.2547,2.0814
2013-02-18 12:04:00,0.0852,7.5964,0.0227,5.8125,0.2193,2.0893
2013-02-18 12:14:00,0.0921,7.4184,0.0785,5.6757,0.2713,0.4033
2013-02-18 12:24:00,0.0211,7.2363,0.0349,8.0358,0.24,2.1042
2013-02-18 12:34:00,0.0852,7.1386,0.0929,5.5199,0.2102,0.1259
2013-02-18 12:44:00,0.0703,6.9628,0.1254,7.8857,0.2056,0.1149
2013-02-18 12:54:00,0.1207,9.2668,0.0759,7.7358,0.2924,2.3961
2013-02-18 13:04:00,0.1269,0.8716,0.176,7.5723,0.2725,2.407
2013-02-18 13:14:00,0.0004,0.6658,0.1266,0.7671,0.3414,2.418
2013-02-18 13:24:00,0.0037,8.6657,0.2005,7.2757,0.252,2.4291
2013-02-18 13:34:00,0.0515,8.617,0.1177,4.8005,0.1999,2.711
2013-02-18 13:44:00,0.0692,68.4202,0.1597,2.8641,0.2832,2.7215
2013-02-18 13:54:00,0.1365,2.3509,0.2787,7.0099,0.4236,1.554
2013-02-18 18:14:00,0.148,5.6815,0.2145,4.4797,0.2108,1.4957
2013-02-18 18:24:00,0.1783,4.0965,0.2568,2.8498,0.2023,0.2889
2013-02-18 18:34:00,0.097,0.3666,0.2099,4.7645,0.1962,0.2877
2013-02-18 18:44:00,0.0385,6.2443,0.1666,7.4165,0.1404,0.2864
2013-02-18 18:54:00,0.1134,8.9536,0.1603,5.0789,0.198,2.7851
2013-02-18 19:04:00,0.0122,6.7613,0.1259,5.3681,0.2571,0.5118
2013-02-18 19:14:00,0.0245,6.9529,0.0849,5.5172,0.2386,0.5119
2013-02-18 19:24:00,0.0096,0.9006,0.0764,5.6709,0.0882,3.012
2013-02-18 19:34:00,0.0494,7.3561,0.0284,4.0451,0.1572,0.5121
2013-02-18 19:44:00,0.0961,5.7578,0.0423,5.9765,0.2193,0.5122
2013-02-18 19:54:00,0.164,7.7244,0.006,6.1171,0.2134,0.5122
2013-02-18 20:04:00,0.1076,7.9071,0.0013,6.2592,0.0523,0.5123
2013-02-18 20:14:00,0.2195,10.5789,0.0213,4.6071,0.1678,2.6126
2013-02-18 20:24:00,0.1355,8.194,0.0411,6.4823,0.0873,0.5124
2013-02-18 20:34:00,0.19,6.5624,0.0614,4.8165,0.1773,0.5125
2013-02-18 20:44:00,0.1605,10.9953,0.0601,6.7166,0.0328,1.2732
2013-02-18 20:54:00,0.3466,6.8339,0.1501,6.8133,0.1196,1.2731
2013-02-18 21:04:00,0.0867,8.7206,0.0237,9.3918,0.1974,0.5126
2013-02-18 21:14:00,0.1524,11.2973,0.0864,9.4515,0.0592,3.0126
2013-02-18 21:24:00,0.1489,11.372,0.1503,7.0096,0.0285,1.2731
2013-02-18 21:34:00,0.1233,7.1369,0.2395,7.0489,0.0713,0.5126
2013-02-18 21:44:00,0.1873,7.1605,0.0777,3.9423,0.0815,3.0126
2013-02-18 21:54:00,0.1719,11.4101,0.1833,6.9854,0.0308,0.2696
2013-02-18 22:04:00,0.2457,8.9283,0.2416,6.9994,0.0222,0.2689
2013-02-18 22:14:00,0.1801,7.123,0.1239,6.984,0.0911,5.4136
2013-02-18 22:24:00,0.1656,8.9054,0.2367,9.4814,0.0777,2.7676
2013-02-18 22:34:00,0.1574,7.1105,0.114,5.1884,0.0119,0.2669
2013-02-18 22:44:00,0.1876,11.3377,0.1682,9.4284,0.0818,0.2662
2013-02-18 22:54:00,0.1744,8.8016,0.2257,0.6502,0.0289,0.2656
2013-02-18 23:04:00,0.1803,6.9534,0.082,9.3507,0.0758,0.2618
2013-02-18 23:14:00,0.1556,6.8674,0.1596,6.7819,0.1538,2.7532
2013-02-18 23:24:00,0.1687,8.5575,0.1145,6.7056,0.0751,1.5413
2013-02-18 23:34:00,0.1325,6.6939,0.0447,6.6431,0.0783,2.8895
2013-02-18 23:44:00,0.0881,8.3719,0.0279,9.0568,0.1838,0.225
2013-02-19 00:04:00,0.1452,8.1851,0.008,4.6231,0.2304,0.2132
2013-02-19 00:14:00,0.1176,8.0688,0.068,8.8184,0.2258,0.2134
2013-02-19 00:24:00,0.1363,6.138,0.0506,6.2057,0.1793,0.2137
2013-02-19 00:34:00,0.093,5.9901,0.0876,8.5907,0.3078,2.714
2013-02-19 00:44:00,0.131,7.6449,0.0632,5.9889,0.3119,2.9107
2013-02-19 00:54:00,0.1191,7.4938,0.0112,5.8722,0.2025,5.4654
2013-02-19 01:04:00,0.1008,7.3286,0.0312,5.7439,0.25,0.2172
2013-02-19 01:14:00,0.0395,5.416,0.0146,3.8598,0.2061,0.2182
2013-02-19 01:24:00,0.0213,1.3689,0.1266,5.5283,0.299,1.5666
2013-02-19 01:34:00,0.0526,6.8593,0.1708,5.3797,0.2556,0.22
2013-02-19 01:44:00,0.0044,9.1871,0.1896,7.746,0.3008,1.5649
2013-02-19 01:54:00,0.1045,6.5302,0.2254,5.1242,0.3285,2.7217
2013-02-19 02:04:00,0.1532,0.7901,0.2122,0.696,0.2862,0.2202
2013-02-19 02:14:00,0.1019,0.4886,0.1942,3.0572,0.2669,1.5708
2013-02-19 02:24:00,0.1573,6.0025,0.309,7.2111,0.4266,1.5762
2013-02-19 02:34:00,0.1142,8.1842,0.2557,4.3997,0.2188,0.0783
2013-02-19 02:44:00,0.2027,8.0262,0.2851,2.4891,0.3626,1.8731
2013-02-19 06:54:00,0.1933,2.2606,0.2735,6.7806,0.3252,1.9379
2013-02-19 07:04:00,0.1661,8.0898,0.2413,4.2609,0.2913,0.3718
2013-02-19 07:14:00,0.1402,5.778,0.2547,2.6212,0.4052,2.159
2013-02-19 07:24:00,0.1591,8.4636,0.1625,4.551,0.2728,2.126
2013-02-19 07:34:00,0.081,0.1274,0.1898,7.1747,0.2995,2.1597
2013-02-19 07:44:00,0.1138,8.7682,0.1656,3.0023,0.2447,2.1267
2013-02-19 07:54:00,0.0049,6.4581,0.1885,4.9359,0.3024,0.3719
2013-02-19 08:04:00,0.0105,6.6434,0.1184,7.58,0.2405,0.372
2013-02-19 08:14:00,0.0055,5.0162,0.0678,5.2025,0.2539,0.3754
2013-02-19 08:24:00,0.0974,6.9819,0.1026,7.8415,0.2594,0.3796
2013-02-19 08:34:00,0.0946,7.1347,0.0626,7.9593,0.1671,2.1702
2013-02-19 08:44:00,0.0474,5.5054,0.0307,5.5796,0.1615,0.39
2013-02-19 08:54:00,0.1064,7.4528,0.0136,0.546,0.1733,2.1038
2013-02-19 09:04:00,0.1436,1.3587,0.0335,5.8238,0.2426,3.5277
2013-02-19 09:14:00,0.0947,10.2361,0.0815,5.9213,0.246,2.0903
2013-02-19 09:24:00,0.0433,7.8764,0.0177,8.5286,0.2503,0.4175
2013-02-19 09:34:00,0.0745,4.8554,0.0358,8.6076,0.21,0.4262
2013-02-19 09:44:00,0.1149,8.0758,0.0905,8.6796,0.2022,2.0641
2013-02-19 09:54:00,0.1178,6.3231,0.0694,6.1665,0.2363,0.6098
2013-02-19 10:04:00,0.055,10.687,0.0032,0.5435,0.1998,1.8812
2013-02-19 10:14:00,0.142,8.2528,0.0046,8.7747,0.1928,1.8732
2013-02-19 10:24:00,0.0687,8.3173,0.0722,4.5373,0.129,2.4208
2013-02-19 10:34:00,0.1735,8.3358,0.1261,6.3355,0.062,1.8565
2013-02-19 10:44:00,0.1756,8.357,0.11,6.3501,0.146,0.652
2013-02-19 10:54:00,0.105,10.8705,0.1624,8.8587,0.0986,1.8395
2013-02-19 11:04:00,0.1313,8.373,0.2147,6.359,0.1114,0.6678
2013-02-19 11:14:00,0.1244,10.8502,0.1002,6.3401,0.0062,1.8264
2013-02-19 11:24:00,0.1548,6.5237,0.1688,8.8071,0.1439,5.5708
2013-02-19 11:34:00,0.1224,2.5983,0.2272,8.7831,0.0374,0.6847
2013-02-19 11:44:00,0.191,8.2476,0.1095,6.2566,0.13,0.69
2013-02-19 11:54:00,0.1451,6.3769,0.0914,8.6895,0.0487,5.5548
2013-02-19 12:04:00,0.1666,4.9597,0.2252,8.6279,0.1148,5.5509
2013-02-19 12:14:00,0.1398,8.0157,0.1629,12.3237,0.0546,1.7984
2013-02-19 12:24:00,0.1077,10.416,0.0528,0.3139,0.2371,2.4896
2013-02-19 12:34:00,0.2611,7.8062,0.0869,8.4098,0.0478,2.4917
2013-02-19 12:44:00,0.0842,7.6884,0.0601,5.8178,0.1494,1.792
2013-02-19 12:54:00,0.1692,5.7806,0.0069,11.9725,0.1808,1.7902
2013-02-19 13:04:00,0.1176,7.4548,0.0854,8.1354,0.0923,1.7882
2013-02-19 13:14:00,0.0824,9.8181,0.0016,8.0285,0.1399,5.5357
2013-02-19 13:24:00,0.2372,2.1683,0.0469,11.6613,0.0559,1.7829
2013-02-19 13:34:00,0.1827,13.2683,0.0717,7.7941,0.0892,1.78
2013-02-19 13:44:00,0.2103,6.8558,0.08,5.1671,0.1464,0.7228
2013-02-19 13:54:00,0.1323,6.6968,0.0389,7.543,0.0898,0.7251
2013-02-19 14:04:00,0.0874,6.5535,0.0336,7.4292,0.2549,1.7641
2013-02-19 14:14:00,0.0191,3.2685,0.0556,7.3076,0.1342,0.723
2013-02-19 14:24:00,0.0386,6.2452,0.0673,4.6985,0.1535,5.5553
2013-02-19 14:34:00,0.112,12.2414,0.0689,6.9491,0.1467,5.3211
2013-02-19 14:44:00,0.0015,5.7987,0.0873,1.4076,0.2722,1.0404
2013-02-19 14:54:00,0.0072,5.4093,0.1295,3.8733,0.2125,4.7709
2013-02-19 15:04:00,0.0521,7.4354,0.0766,3.3806,0.1593,4.2133
2013-02-19 15:14:00,0.0297,7.156,0.1788,5.6128,0.0941,2.2628
2013-02-19 15:24:00,0.1076,7.015,0.161,5.5044,0.0247,0.2426
2013-02-19 15:34:00,0.1668,6.8673,0.1719,9.1407,0.1218,3.9979
2013-02-19 15:44:00,0.1994,6.7238,0.2071,2.9016,0.2109,0.2529
2013-02-19 19:14:00,0.2277,6.839,0.1264,5.3591,0.0497,0.2077
2013-02-19 19:24:00,0.041,6.9966,0.1651,5.4827,0.1897,7.2877
2013-02-19 19:34:00,0.0623,7.1667,0.112,5.6159,0.1627,0.2163
2013-02-19 19:44:00,0.0092,7.3545,0.1525,5.7628,0.0889,0.2198
2013-02-19 19:54:00,0.0487,7.5182,0.0022,5.8908,0.0577,0.2229
2013-02-19 20:04:00,0.1424,7.7054,0.1113,3.5374,0.0681,7.2734
2013-02-19 20:14:00,0.1502,0.423,0.0457,6.2069,0.0634,9.7723
2013-02-19 20:24:00,0.1838,8.2471,0.0284,6.5227,0.2463,0.5118
2013-02-19 20:34:00,0.0865,8.6747,0.0813,6.9822,0.1243,1.082
2013-02-19 20:44:00,0.1276,6.3579,0.0059,4.6288,0.0425,1.3994
2013-02-19 20:54:00,0.2454,0.8773,0.0051,4.7897,0.0222,1.3792
2013-02-19 21:04:00,0.0239,9.2424,0.0791,7.4391,0.0299,1.1514
2013-02-19 21:14:00,0.0686,7.0359,0.0776,7.7386,0.1468,1.0305
2013-02-19 21:24:00,0.1427,7.206,0.1833,7.8794,0.1334,6.6739
2013-02-19 21:34:00,0.1885,7.3795,0.1666,8.0232,0.0719,1.5478
2013-02-19 21:44:00,0.3048,10.04,0.1397,8.1562,0.0071,6.5975
2013-02-19 21:54:00,0.195,7.6939,0.0927,8.2834,0.0668,1.6184
2013-02-19 22:04:00,0.1609,10.388,0.1484,5.9827,0.239,1.8355
2013-02-19 22:14:00,0.2085,6.2261,0.3641,8.5785,0.0865,0.6662
2013-02-19 22:24:00,0.2462,10.6196,0.2108,8.6615,0.0432,1.8296
2013-02-19 22:34:00,0.0932,10.7031,0.1967,0.5429,0.1932,1.8221
2013-02-19 22:44:00,0.2573,10.7725,0.3762,0.5943,0.0841,1.8103
2013-02-19 22:54:00,0.2588,10.8483,0.287,8.8314,0.0595,1.7937
2013-02-19 23:04:00,0.354,10.8785,0.1445,8.8518,0.0908,1.7798
2013-02-19 23:14:00,0.1536,2.7356,0.2768,8.8819,0.1192,1.7789
2013-02-19 23:24:00,0.2762,10.974,0.3192,8.9265,0.0497,1.782
2013-02-19 23:34:00,0.1841,10.9834,0.1569,6.435,0.003,1.7874
2013-02-19 23:44:00,0.157,8.4889,0.2079,8.9406,0.0582,1.7932
2013-02-20 00:04:00,0.2134,10.9454,0.2712,8.9086,0.0725,1.8017
2013-02-20 00:14:00,0.3057,10.9075,0.2772,8.8797,0.0153,1.8043
2013-02-20 00:24:00,0.2339,8.3637,0.1052,6.3462,0.1211,1.8069
2013-02-20 00:34:00,0.2203,8.3018,0.0738,8.7985,0.0824,1.809
2013-02-20 00:44:00,0.1708,10.7216,0.0755,6.2365,0.0574,1.8104
2013-02-20 00:54:00,0.1462,10.6561,0.1943,8.6857,0.0881,1.811
2013-02-20 01:04:00,0.2064,10.5626,0.1194,8.6129,0.0617,1.8106
2013-02-20 01:14:00,0.1589,7.9651,0.169,8.5367,0.0293,0.6914
2013-02-20 01:24:00,0.206,2.1827,0.0831,5.9578,0.056,0.6942
2013-02-20 01:34:00,0.1191,10.3312,0.0981,8.4836,0.0133,2.0399
2013-02-20 01:44:00,0.125,7.7043,0.0796,8.3863,0.1066,0.4539
2013-02-20 01:54:00,0.1224,7.5779,0.1943,8.2893,0.0144,2.0518
2013-02-20 02:04:00,0.2236,9.9561,0.0271,5.6957,0.0001,2.2288
2013-02-20 02:14:00,0.1875,1.6273,0.038,5.5825,0.1671,0.4383
2013-02-20 02:24:00,0.1424,9.6424,0.0388,7.9539,0.2684,2.0663
2013-02-20 02:34:00,0.1197,9.5181,0.1155,5.3575,0.1327,0.4329
2013-02-20 02:44:00,0.11,6.8695,0.0515,5.2419,0.0493,2.0668
2013-02-20 02:54:00,0.1783,1.002,0.0724,5.0975,0.2573,0.4334
2013-02-20 03:04:00,0.1702,6.5283,0.1254,7.4767,0.3158,0.4328
2013-02-20 03:14:00,0.0821,6.3846,0.0577,7.3654,0.2659,6.6809
2013-02-20 03:24:00,0.0012,6.2255,0.1609,4.7421,0.2529,0.429
2013-02-20 03:34:00,0.039,0.3782,0.0808,7.1139,0.2946,2.2126
2013-02-20 03:44:00,0.0017,8.4059,0.1228,4.4945,0.2334,0.4249
2013-02-20 03:54:00,0.0841,8.1038,0.1443,4.203,0.1664,1.82
2013-02-20 04:04:00,0.0128,7.97,0.0602,4.0995,0.1796,1.8225
2013-02-20 04:14:00,0.0725,7.817,0.1855,6.4809,0.1346,1.8241
2013-02-20 04:24:00,0.0561,7.6555,0.1026,3.8556,0.1853,1.8254
2013-02-20 08:24:00,0.1046,5.8158,0.1623,4.6338,0.1663,0.5124
2013-02-20 08:34:00,0.1245,4.1579,0.145,4.7332,0.0633,0.5124
2013-02-20 08:44:00,0.0369,0.1682,0.0651,4.8407,0.145,0.5125
2013-02-20 08:54:00,0.0651,6.2401,0.0337,3.1785,0.0543,1.2718
2013-02-20 09:04:00,0.0392,6.3915,0.0466,5.0819,0.0257,1.2718
2013-02-20 09:14:00,0.0019,6.4508,0.0492,5.086,0.1271,0.325
2013-02-20 09:24:00,0.0394,4.836,0.0858,7.7192,0.0679,0.3267
2013-02-20 09:34:00,0.2342,6.8693,0.0552,3.6677,0.0417,0.5137
2013-02-20 09:44:00,0.0231,9.5297,0.0913,5.5781,0.0979,0.5139
2013-02-20 09:54:00,0.0105,7.188,0.0776,5.7012,0.1328,1.2719
2013-02-20 10:04:00,0.1156,7.3482,0.063,5.8258,0.0963,0.5138
2013-02-20 10:14:00,0.2223,7.4864,0.0637,5.9332,0.0225,0.5137
2013-02-20 10:24:00,0.2235,7.6413,0.0083,6.0536,0.0572,0.5137
2013-02-20 10:34:00,0.2176,7.792,0.1041,6.1709,0.1301,1.2721
2013-02-20 10:44:00,0.139,7.9227,0.0347,6.2724,0.0358,0.5135
2013-02-20 10:54:00,0.1741,8.0515,0.0318,6.3726,0.1443,0.5134
2013-02-20 11:04:00,0.1555,8.1837,0.0867,6.4753,0.0906,0.5125
2013-02-20 11:14:00,0.1905,8.2764,0.0518,6.5473,0.0818,0.5124
2013-02-20 11:24:00,0.1098,8.3732,0.0707,9.1226,0.075,2.6127
2013-02-20 11:34:00,0.2256,8.4826,0.0189,6.7076,0.0695,1.2738
2013-02-20 11:44:00,0.0986,5.4132,0.069,4.9651,0.0465,0.5118
2013-02-20 11:54:00,0.2352,8.5929,0.1555,6.7933,0.0946,0.5117
2013-02-20 12:04:00,0.1477,8.6562,0.0816,6.8425,0.0842,1.274
2013-02-20 12:14:00,0.1821,8.7008,0.1024,6.8772,0.0025,0.5116
2013-02-20 12:24:00,0.1899,8.7253,0.109,6.8963,0.0843,0.5116
2013-02-20 12:34:00,0.1056,6.9563,0.0055,6.9092,0.1945,0.5116
2013-02-20 12:44:00,0.135,6.953,0.0034,6.9066,0.1589,0.5116
2013-02-20 12:54:00,0.0746,5.6189,0.0644,6.9104,0.1855,5.739
2013-02-20 13:04:00,0.205,8.706,0.0703,6.881,0.03,1.2746
2013-02-20 13:14:00,0.0551,8.6535,0.052,6.8402,0.1716,0.5112
2013-02-20 13:24:00,0.167,8.6241,0.0446,6.8173,0.1882,0.5113
2013-02-20 13:34:00,0.1574,8.5586,0.003,6.7663,0.0583,0.5114
2013-02-20 13:44:00,0.2195,6.7069,0.102,6.715,0.2285,0.5116
2013-02-20 13:54:00,0.1264,8.4317,0.0065,6.6676,0.1659,0.5118
2013-02-20 14:04:00,0.2733,8.3295,0.0004,6.5881,0.2499,1.2737
2013-02-20 14:14:00,0.0777,8.2294,0.0305,6.5104,0.2524,0.5124
2013-02-20 14:24:00,0.2587,8.1304,0.1175,6.4334,0.1266,0.5125
2013-02-20 14:34:00,0.208,8.0258,0.0435,6.352,0.1887,0.5126
2013-02-20 14:44:00,0.105,7.8793,0.0742,6.2382,0.2945,0.5126
2013-02-20 14:54:00,0.1835,7.7327,0.035,6.1242,0.2137,0.5127
2013-02-20 15:04:00,0.1272,7.6208,0.0524,6.0372,0.2581,0.5127
2013-02-20 15:14:00,0.04,5.7109,0.139,5.9407,0.2783,0.5127
2013-02-20 15:24:00,0.1108,7.3348,0.1604,5.8149,0.2313,1.273
2013-02-20 15:34:00,0.0581,5.4157,0.0885,5.7112,0.2449,0.5128
2013-02-20 15:44:00,0.0319,7.05,0.1483,5.5935,0.3604,0.5134
2013-02-20 15:54:00,0.0634,6.8684,0.2012,5.4523,0.2479,2.6114
2013-02-20 16:04:00,0.1811,6.8209,0.2167,5.4593,0.3352,0.7129
2013-02-20 16:14:00,0.1322,6.6805,0.2655,5.3517,0.3934,0.72
2013-02-20 16:24:00,0.2325,6.5222,0.3116,5.2302,0.3646,0.7273
2013-02-20 16:34:00,0.232,6.3899,0.2981,5.129,0.3243,0.7348
2013-02-20 16:44:00,0.2068,4.4248,0.2988,3.2054,0.4526,5.9883
2013-02-20 16:54:00,0.2815,6.0765,0.3471,4.8886,0.3778,1.0354
2013-02-20 17:04:00,0.3107,6.0733,0.3825,4.9369,0.406,2.1468
2013-02-20 21:04:00,0.3519,6.3892,0.4272,3.4966,0.5516,0.3589
2013-02-20 21:14:00,0.357,4.8607,0.404,3.7501,0.6017,1.6683
2013-02-20 21:24:00,0.3934,6.6663,0.4993,3.7138,0.6451,0.3528
2013-02-20 21:34:00,0.3151,6.9498,0.4597,3.9922,0.6752,0.0908
2013-02-20 21:44:00,0.3266,3.9752,0.4565,5.8956,0.6842,3.9832
2013-02-20 21:54:00,0.3273,7.1327,0.4405,4.0744,0.6595,3.5731
2013-02-20 22:04:00,0.2977,5.507,0.3191,4.1994,0.5808,1.4243
2013-02-20 22:14:00,0.1125,7.8217,0.1175,6.579,0.2554,3.4186
2013-02-20 22:24:00,0.202,8.5835,0.2752,7.474,0.4961,3.6255
2013-02-20 22:34:00,0.056,6.4731,0.0815,5.1968,0.3577,0.7796
2013-02-20 22:44:00,0.0485,6.4606,0.0128,5.092,0.29,0.3696
2013-02-20 22:54:00,0.0272,6.5307,0.0875,3.7656,0.348,3.7359
2013-02-20 23:04:00,0.0958,8.9416,0.0127,2.6531,0.1625,1.82
2013-02-20 23:14:00,0.1902,4.0254,0.0764,2.0051,0.1629,1.9591
2013-02-20 23:24:00,0.1315,7.3167,0.0124,2.7171,0.2669,2.0914
2013-02-20 23:34:00,0.0687,7.3184,0.0107,5.8653,0.3046,0.8217
2013-02-20 23:44:00,0.1331,9.208,0.005,7.7207,0.2455,2.4415
2013-02-21 00:04:00,0.1199,4.4021,0.0955,6.0595,0.2056,2.5593
2013-02-21 00:14:00,0.1537,7.9076,0.0902,4.0693,0.261,1.8334
2013-02-21 00:24:00,0.1482,8.2809,0.2251,3.7653,0.1556,0.0675
2013-02-21 00:34:00,0.2093,6.2066,0.1646,9.1991,0.1354,0.1261
2013-02-21 00:44:00,0.176,8.6509,0.1813,4.2653,0.1427,5.2104
2013-02-21 00:54:00,0.1917,8.6855,0.1987,5.1251,0.1985,1.0644
2013-02-21 01:04:00,0.1509,8.699,0.1683,5.1298,0.1519,0.4735
2013-02-21 01:14:00,0.1579,8.7118,0.168,9.3069,0.1376,0.2109
2013-02-21 01:24:00,0.1505,8.7107,0.1797,6.1816,0.2226,1.0467
2013-02-21 01:34:00,0.1642,7.3592,0.1408,7.5121,0.232,1.049
2013-02-21 01:44:00,0.1644,8.6821,0.1277,4.2856,0.1623,0.2176
2013-02-21 01:54:00,0.1408,6.2773,0.1461,5.101,0.1229,0.2194
2013-02-21 02:04:00,0.1304,8.6218,0.2497,7.4533,0.1596,1.0504
2013-02-21 02:14:00,0.1392,8.5653,0.1033,6.0689,0.1103,1.0429
2013-02-21 02:24:00,0.0678,7.1364,0.0861,5.9684,0.2935,0.6063
2013-02-21 02:34:00,0.09,5.208,0.076,4.0516,0.2455,0.9065
2013-02-21 02:44:00,0.0918,8.3403,0.0312,5.8628,0.3677,0.0716
2013-02-21 02:54:00,0.1167,8.2757,0.062,7.1518,0.2881,0.0703
2013-02-21 03:04:00,0.0752,4.9792,0.0499,4.7067,0.295,0.9016
2013-02-21 03:14:00,0.0575,5.6409,0.0849,4.5255,0.4124,1.7194
2013-02-21 03:24:00,0.0554,5.5485,0.0689,3.6211,0.3392,0.6801
2013-02-21 03:34:00,0.0834,7.8273,0.0762,3.5425,0.3193,0.6828
2013-02-21 03:44:00,0.0699,7.7222,0.044,4.2951,0.1873,0.6861
2013-02-21 03:54:00,0.0472,4.3908,0.0041,4.2051,0.2015,0.1432
2013-02-21 04:04:00,0.0103,5.1137,0.0274,4.1208,0.241,0.696
2013-02-21 04:14:00,0.032,4.909,0.0049,3.9158,0.1454,0.4905
2013-02-21 04:24:00,0.0027,4.7832,0.0392,3.8175,0.2137,0.346
2013-02-21 04:34:00,0.0294,5.7866,0.0579,3.8453,0.0285,0.6981
2013-02-21 04:44:00,0.0106,4.6258,0.0302,3.7577,0.0752,0.7165
2013-02-21 04:54:00,0.0433,4.5106,0.008,2.8408,0.0798,0.7394
2013-02-21 05:04:00,0.042,4.7945,0.041,4.0743,0.2242,0.0188
2013-02-21 05:14:00,0.0321,4.6297,0.0423,3.1147,0.1816,0.6368
2013-02-21 05:24:00,0.0659,7.0824,0.1264,4.1013,0.0599,1.7972
2013-02-21 10:04:00,0.1925,14.3232,0.1793,3.1279,0.311,0.4468
2013-02-21 10:14:00,0.186,4.1574,0.1749,3.3743,0.396,0.6745
2013-02-21 10:24:00,0.1586,4.2897,0.1078,13.8912,0.3495,11.0805
2013-02-21 10:34:00,0.1531,4.422,0.1317,3.5751,0.3741,0.1788
2013-02-21 10:44:00,0.1422,15.0965,0.1574,3.8323,0.3479,11.335
2013-02-21 10:54:00,0.0866,15.2401,0.1086,14.3604,0.4145,11.3407
2013-02-21 11:04:00,0.0751,4.9843,0.1094,4.0715,0.3805,0.1052
2013-02-21 11:14:00,0.0653,4.2789,0.0558,2.6588,0.3683,0.1208
2013-02-21 11:24:00,0.0316,15.6561,0.0128,4.2759,0.4114,0.9701
2013-02-21 11:34:00,0.0518,15.8119,0.0566,3.5683,0.4034,0.1568
2013-02-21 11:44:00,0.0512,15.938,0.0376,4.5024,0.4568,2.0458
2013-02-21 11:54:00,0.0402,16.0434,0.0598,15.0034,0.4981,11.4329
2013-02-21 12:04:00,0.016,16.1634,0.0256,4.6811,0.4691,11.439
2013-02-21 12:14:00,0.0264,16.2783,0.01,4.7701,0.4656,11.4388
2013-02-21 12:24:00,0.0012,5.2832,0.046,4.2386,0.5408,0.6729
2013-02-21 12:34:00,0.0072,6.1927,0.0567,5.1309,0.5379,0.6724
2013-02-21 12:44:00,0.02,3.7135,0.0285,4.3634,0.5559,11.922
2013-02-21 12:54:00,0.0367,6.3509,0.0238,5.2535,0.574,0.6715
2013-02-21 13:04:00,0.0093,16.82,0.0479,15.7096,0.5665,1.4991
2013-02-21 13:14:00,0.0108,16.8745,0.0002,4.4992,0.4839,11.9032
2013-02-21 13:24:00,0.0351,5.6624,0.0083,5.3594,0.5374,0.6412
2013-02-21 13:34:00,0.0796,16.9328,0.0566,15.7895,0.4374,0.6298
2013-02-21 13:44:00,0.09,16.9374,0.0514,5.3741,0.4892,0.0628
2013-02-21 13:54:00,0.0549,5.7026,0.0617,15.8004,0.4526,0.6087
2013-02-21 14:04:00,0.114,6.5117,0.0904,5.3501,0.2783,0.5278
2013-02-21 14:14:00,0.0997,6.4987,0.0997,5.3383,0.3097,1.3533
2013-02-21 14:24:00,0.0856,5.6535,0.0796,5.3274,0.3275,0.1702
2013-02-21 14:34:00,0.117,7.4888,0.0767,5.2949,0.3188,0.5033
2013-02-21 14:44:00,0.0837,16.8293,0.1182,15.6831,0.3325,1.3282
2013-02-21 14:54:00,0.1018,6.3592,0.0535,15.6402,0.2011,1.3201
2013-02-21 15:04:00,0.053,16.7094,0.0609,15.5872,0.392,11.7293
2013-02-21 15:14:00,0.1126,16.5133,0.0771,4.0911,0.2799,11.2979
2013-02-21 15:24:00,0.0569,16.4313,0.069,15.2769,0.2915,0.8774
2013-02-21 15:34:00,0.0729,16.3508,0.0082,15.2138,0.3529,0.8731
2013-02-21 15:44:00,0.0585,5.8438,0.0763,15.1431,0.2931,0.8687
2013-02-21 15:54:00,0.0011,5.7426,0.0103,4.6507,0.4129,11.2892
2013-02-21 16:04:00,0.0173,5.6369,0.0024,4.5702,0.3513,0.0427
2013-02-21 16:14:00,0.0388,4.6882,0.0187,5.5242,0.3403,0.6347
2013-02-21 16:24:00,0.0037,15.8177,0.1173,14.8079,0.2709,0.0527
2013-02-21 16:34:00,0.007,15.6992,0.0028,14.7184,0.2406,11.3094
2013-02-21 16:44:00,0.0125,5.1564,0.0436,14.6234,0.1528,0.9011
2013-02-21 16:54:00,0.016,5.0377,0.0829,4.1177,0.2668,0.9101
2013-02-21 17:04:00,0.0766,5.9435,0.0398,1.4514,0.2633,0.0865
2013-02-21 17:14:00,0.0074,4.7542,0.027,3.9045,0.2677,0.9301
2013-02-21 17:24:00,0.0206,15.045,0.0113,2.9769,0.181,11.3571
2013-02-21 17:34:00,0.0776,11.1659,0.0306,2.8803,0.3053,11.3675
2013-02-21 17:44:00,0.0907,1.3871,0.0755,3.6118,0.3162,0.1282
2013-02-21 17:54:00,0.1125,14.6506,0.1207,2.6818,0.2627,0.1389
2013-02-21 22:34:00,0.0384,4.6194,0.0231,3.1549,0.1791,0.8521
2013-02-21 22:44:00,0.0418,5.7939,0.055,5.1331,0.197,1.6912
2013-02-21 22:54:00,0.0265,15.314,0.0386,4.2056,0.09,1.7026
2013-02-21 23:04:00,0.0219,5.9165,0.0544,4.1086,0.2455,2.4159
2013-02-21 23:14:00,0.0203,5.038,0.094,4.2375,0.1935,0.5556
2013-02-21 23:24:00,0.0771,5.1873,0.1256,3.5215,0.0571,0.5679
2013-02-21 23:34:00,0.0376,5.3332,0.0593,3.6354,0.1238,0.5776
2013-02-21 23:44:00,0.1009,5.4195,0.1359,4.4877,0.1184,1.2367
2013-02-22 00:04:00,0.1558,5.7391,0.1731,4.7367,0.1023,2.2939
2013-02-22 00:14:00,0.2145,5.8821,0.2772,4.8467,0.0527,11.6714
2013-02-22 00:24:00,0.2018,6.027,0.2668,4.1239,0.03,1.253
2013-02-22 00:34:00,0.1386,5.2501,0.1767,4.9517,0.199,1.0357
2013-02-22 00:44:00,0.1924,7.3677,0.1618,6.271,0.1223,1.4533
2013-02-22 00:54:00,0.2154,7.4748,0.2677,6.3498,0.0866,1.4389
2013-02-22 01:04:00,0.1966,7.5138,0.2245,6.3263,0.1791,1.203
2013-02-22 01:14:00,0.2363,6.563,0.1948,5.3526,0.0999,11.6117
2013-02-22 01:24:00,0.2438,6.6421,0.2709,5.4116,0.0792,1.1873
2013-02-22 01:34:00,0.2403,17.1201,0.2538,12.1237,0.1021,1.1799
2013-02-22 01:44:00,0.252,6.7575,0.2977,5.497,0.0942,2.2143
2013-02-22 01:54:00,0.2471,7.8334,0.2759,15.9385,0.2392,1.1659
2013-02-22 02:04:00,0.26,13.4865,0.3543,5.5429,0.168,0.3305
2013-02-22 02:14:00,0.2149,17.2568,0.2018,5.5595,0.2307,0.3355
2013-02-22 02:24:00,0.2866,6.8382,0.2842,12.2258,0.1535,11.591
2013-02-22 02:34:00,0.2755,6.7969,0.2469,12.1498,0.0955,7.6388
2013-02-22 02:44:00,0.2382,7.8192,0.2893,5.4694,0.0863,0.9776
2013-02-22 02:54:00,0.2404,7.7776,0.262,6.4804,0.0458,0.9836
2013-02-22 03:04:00,0.228,7.7507,0.2663,6.4685,0.0461,11.4335
2013-02-22 03:14:00,0.2653,7.7562,0.3072,6.5259,0.0165,0.4254
2013-02-22 03:24:00,0.2235,17.0511,0.2538,4.5926,0.0149,1.2722
2013-02-22 03:34:00,0.2329,6.5651,0.2867,5.3749,0.0803,0.2346
2013-02-22 03:44:00,0.2525,7.5171,0.2866,15.7239,0.0747,0.4508
2013-02-22 03:54:00,0.1695,16.7892,0.2676,5.2284,0.0347,0.4495
2013-02-22 04:04:00,0.2554,7.315,0.2187,5.1517,0.0478,1.2786
2013-02-22 04:14:00,0.1806,3.5912,0.2625,11.7266,0.1089,0.4384
2013-02-22 04:24:00,0.2988,6.0849,0.275,5.0484,0.0301,0.0787
2013-02-22 04:34:00,0.2102,16.3709,0.1936,11.6111,0.0911,1.4187
2013-02-22 04:44:00,0.2246,5.9685,0.237,4.2204,0.1975,0.259
2013-02-22 04:54:00,0.2607,16.3178,0.3455,5.0501,0.2183,2.0071
2013-02-22 05:04:00,0.1907,12.2912,0.2698,4.7515,0.2011,1.6349
2013-02-22 05:14:00,0.1614,15.583,0.2818,4.2228,0.1626,0.0274
2013-02-22 05:24:00,0.0867,4.3745,0.188,4.3286,0.0571,1.3407
2013-02-22 05:34:00,0.0709,3.961,0.1258,2.8512,0.0179,1.8226
2013-02-22 05:44:00,0.0734,4.021,0.1033,3.0186,0.1187,0.4518
2013-02-22 05:54:00,0.0695,14.2493,0.11,9.5435,0.0614,0.4343
2013-02-22 06:04:00,0.0627,13.5725,0.0676,1.3197,0.2282,2.1643
2013-02-22 06:14:00,0.1673,3.4729,0.2327,0.5528,0.3401,2.2255
2013-02-22 11:14:00,0.1397,9.8021,0.1478,2.2029,0.2712,1.023
2013-02-22 11:24:00,0.0874,0.3794,0.1127,1.5388,0.3779,1.0302
2013-02-22 11:34:00,0.067,3.588,0.0416,1.7174,0.2899,1.8708
2013-02-22 11:44:00,0.0052,3.8214,0.0301,2.7301,0.2857,9.372
2013-02-22 11:54:00,0.004,4.0462,0.0116,2.9029,0.3167,1.0518
2013-02-22 12:04:00,0.0098,10.9491,0.0199,3.0847,0.2875,5.6084
2013-02-22 12:14:00,0.0074,4.5195,0.0033,3.2674,0.2129,1.0635
2013-02-22 12:24:00,0.0664,11.4011,0.0223,3.433,0.185,1.0685
2013-02-22 12:34:00,0.0544,11.4046,0.0091,3.3058,0.4317,3.1712
2013-02-22 12:44:00,0.0068,4.9611,0.0367,3.4786,0.4496,1.6586
2013-02-22 12:54:00,0.0455,15.5903,0.0171,14.0598,0.3794,1.6612
2013-02-22 13:04:00,0.096,6.4051,0.0066,14.2062,0.4916,5.0027
2013-02-22 13:14:00,0.1145,12.2164,0.0584,10.6005,0.2854,1.666
2013-02-22 13:24:00,0.1181,12.3972,0.0927,10.7405,0.4078,2.5015
2013-02-22 13:34:00,0.1604,5.8837,0.08,10.859,0.3625,8.7463
2013-02-22 13:44:00,0.129,12.6775,0.1388,10.9573,0.4283,2.5059
2013-02-22 13:54:00,0.1491,12.7849,0.1545,5.4153,0.3284,4.9919
2013-02-22 14:04:00,0.2313,12.8786,0.1902,4.4462,0.4092,1.6759
2013-02-22 14:14:00,0.2585,6.2815,0.2671,11.167,0.1864,1.6753
2013-02-22 14:24:00,0.2725,7.3773,0.1531,5.5842,0.3148,1.6747
2013-02-22 14:34:00,0.2174,13.0299,0.2479,11.2308,0.242,0.6324
2013-02-22 14:44:00,0.211,13.0423,0.1907,4.5739,0.3619,1.6733
2013-02-22 14:54:00,0.2275,6.3797,0.2082,4.5772,0.3317,2.506
2013-02-22 15:04:00,0.2688,6.337,0.1916,11.2111,0.3013,1.671
2013-02-22 15:14:00,0.2382,6.2921,0.2049,11.1768,0.3215,1.6681
2013-02-22 15:24:00,0.218,16.7804,0.2145,15.1059,0.2154,5.5747
2013-02-22 15:34:00,0.1984,6.3032,0.2633,11.3095,0.1354,1.9229
2013-02-22 15:44:00,0.2241,12.8931,0.1689,11.2504,0.2269,5.5796
2013-02-22 15:54:00,0.2303,16.5415,0.163,14.9221,0.1766,1.0845
2013-02-22 16:04:00,0.1477,16.4119,0.132,14.8222,0.1263,2.5968
2013-02-22 16:14:00,0.2167,5.876,0.189,10.9804,0.1569,5.5884
2013-02-22 16:24:00,0.2132,16.1554,0.1658,10.8746,0.1487,3.1583
2013-02-22 16:34:00,0.1481,12.2567,0.1723,4.0933,0.1531,1.9049
2013-02-22 16:44:00,0.1446,5.4318,0.1896,3.1379,0.2105,5.5984
2013-02-22 16:54:00,0.1894,12.1071,0.2406,3.2753,0.1582,1.3084
2013-02-22 17:04:00,0.0919,11.5227,0.0686,2.5632,0.2564,3.1759
2013-02-22 17:14:00,0.0479,11.1084,0.0383,9.6162,0.356,2.2296
2013-02-22 17:24:00,0.143,13.6138,0.1922,8.0616,0.6758,5.7202
2013-02-22 17:34:00,0.1638,13.4169,0.2586,7.9649,0.705,4.6339
2013-02-22 17:44:00,0.0511,8.7,0.0975,0.6299,0.2815,0.4969
2013-02-22 17:54:00,0.2138,11.8234,0.2593,9.9921,0.4624,6.8091
2013-02-22 18:04:00,0.2629,7.918,0.4636,0.5956,0.7052,6.3638
2013-02-22 18:14:00,0.3539,11.2857,0.4316,0.749,0.7146,7.2216
2013-02-22 18:24:00,0.3751,0.3278,0.4907,1.0362,0.6308,7.2413
2013-02-22 18:34:00,0.4333,6.8149,0.5912,1.3172,0.6864,7.9363
2013-02-22 23:34:00,0.4338,10.1978,0.6346,4.891,0.7642,8.0331
2013-02-22 23:44:00,0.3775,6.8552,0.5597,2.2938,0.8021,8.0399
2013-02-23 00:04:00,0.2173,1.2901,0.3479,0.5147,0.5548,6.806
2013-02-23 00:14:00,0.0315,8.6357,0.1712,0.1519,0.1985,6.1801
2013-02-23 00:24:00,0.1364,9.2148,0.3008,7.3505,0.857,5.8118
2013-02-23 00:34:00,0.1477,13.5583,0.1964,7.9279,0.8245,5.2911
2013-02-23 00:44:00,0.0373,14.9954,0.0634,0.0797,0.3694,4.4351
2013-02-23 00:54:00,0.1192,11.8098,0.1724,10.3504,0.1648,5.2996
2013-02-23 01:04:00,0.2533,12.1416,0.2776,3.1739,0.1211,1.886
2013-02-23 01:14:00,0.281,16.1186,0.2412,10.8496,0.1486,5.6121
2013-02-23 01:24:00,0.2898,5.0681,0.2542,11.0041,0.0668,0.0146
2013-02-23 01:34:00,0.3502,1.1773,0.3903,4.4923,0.0266,1.0581
2013-02-23 01:44:00,0.3637,12.9604,0.3566,4.641,0.014,1.8932
2013-02-23 01:54:00,0.3599,5.6318,0.3593,11.4404,0.0733,1.0617
2013-02-23 02:04:00,0.2967,13.2503,0.3518,4.8655,0.0149,5.6046
2013-02-23 02:14:00,0.4133,6.7099,0.3719,4.9639,0.084,5.6061
2013-02-23 02:24:00,0.3946,13.4772,0.4403,4.2089,0.0847,1.8923
2013-02-23 02:34:00,0.4157,13.5495,0.3483,5.0987,0.1519,4.3907
2013-02-23 02:44:00,0.4296,13.6004,0.4159,11.8052,0.0186,9.3609
2013-02-23 02:54:00,0.4325,13.6217,0.4711,15.5727,0.0615,5.6127
2013-02-23 03:04:00,0.401,6.1263,0.3637,5.1532,0.0073,1.0844
2013-02-23 03:14:00,0.4465,13.4917,0.448,4.0237,0.0279,3.4959
2013-02-23 03:24:00,0.3769,12.9359,0.2992,10.309,0.4568,1.1386
2013-02-23 03:34:00,0.3935,12.9098,0.2825,10.358,0.5457,1.4499
2013-02-23 03:44:00,0.3351,6.0112,0.2816,3.3113,0.0691,0.5572
2013-02-23 03:54:00,0.2891,16.1717,0.274,13.3747,0.2637,0.145
2013-02-23 04:04:00,0.2879,12.2961,0.2392,9.584,0.3159,0.1091
2013-02-23 04:14:00,0.2648,12.1036,0.1644,13.1825,0.4175,0.1014
2013-02-23 04:24:00,0.2536,5.275,0.141,13.1034,0.3433,0.3118
2013-02-23 04:34:00,0.1883,5.0371,0.1451,2.4984,0.2599,7.2033
2013-02-23 04:44:00,0.2466,15.1273,0.248,12.6101,0.313,0.0684
2013-02-23 04:54:00,0.1207,14.8442,0.1565,8.6383,0.3097,7.4386
2013-02-23 05:04:00,0.0582,4.1102,0.0703,1.7231,0.3312,8.1277
2013-02-23 05:14:00,0.052,10.449,0.0455,8.133,0.4265,0.0468
2013-02-23 05:24:00,0.0185,3.4435,0.0334,11.6176,0.4752,3.7892
2013-02-23 05:34:00,0.0437,9.689,0.0438,7.4993,0.3109,7.6423
2013-02-23 05:44:00,0.0728,9.3036,0.081,7.1994,0.4027,9.7852
2013-02-23 05:54:00,0.0121,8.9042,0.0751,10.6386,0.3898,3.6076
2013-02-23 06:04:00,0.2052,8.5173,0.3114,0.0791,0.5022,0.1424
2013-02-23 06:14:00,0.1924,1.5451,0.263,0.4056,0.4047,8.3243
2013-02-23 06:24:00,0.104,7.6779,0.2706,5.9343,0.5594,3.6075
2013-02-23 06:34:00,0.2513,7.2542,0.4078,5.6046,0.5666,9.3734
2013-02-23 06:44:00,0.2964,10.5954,0.4429,1.3802,0.5359,3.6073
2013-02-23 12:14:00,0.3588,5.0275,0.4238,5.4088,0.6188,8.2187
2013-02-23 12:24:00,0.2231,2.5585,0.3765,5.7797,0.4997,0.01
2013-02-23 12:34:00,0.1164,4.2003,0.3241,2.0295,0.3817,0.0087
2013-02-23 12:44:00,0.1252,8.3033,0.329,6.4208,0.5472,0.1431
2013-02-23 12:54:00,0.1145,8.7506,0.2579,6.7689,0.5387,0.1429
2013-02-23 13:04:00,0.1181,4.9975,0.1933,7.2226,0.3433,0.0324
2013-02-23 13:14:00,0.0167,9.712,0.1327,7.5573,0.6008,9.1935
2013-02-23 13:24:00,0.0418,10.1316,0.0914,5.385,0.4223,0.0425
2013-02-23 13:34:00,0.0833,10.5264,0.067,8.1938,0.5035,0.05
2013-02-23 13:44:00,0.1137,10.9075,0.0799,8.4928,0.4723,9.939
2013-02-23 13:54:00,0.1686,3.7637,0.0324,8.7731,0.469,9.568
2013-02-23 14:04:00,0.2107,11.6119,0.1765,9.0867,0.4679,0.2667
2013-02-23 14:14:00,0.3616,11.8656,0.179,9.2411,0.3646,0.0735
2013-02-23 14:24:00,0.3018,4.6287,0.1915,9.4441,0.4004,2.4341
2013-02-23 14:34:00,0.2169,12.3265,0.1812,9.5965,0.4067,0.059
2013-02-23 14:44:00,0.373,12.4714,0.3507,9.708,0.3349,0.0534
2013-02-23 14:54:00,0.4234,12.6142,0.3967,9.8182,0.3853,2.4503
2013-02-23 15:04:00,0.4209,12.7197,0.3711,9.9016,0.3983,0.0555
2013-02-23 15:14:00,0.3306,12.7643,0.2214,9.9406,0.3679,0.0748
2013-02-23 15:24:00,0.4603,12.8079,0.2807,7.4786,0.2974,0.0933
2013-02-23 15:34:00,0.37,1.1001,0.3227,7.5561,0.2106,2.1667
2013-02-23 15:44:00,0.3236,5.3021,0.4273,10.033,0.2191,0.3593
2013-02-23 15:54:00,0.3617,12.7186,0.325,9.9731,0.3687,0.3819
2013-02-23 16:04:00,0.3163,12.6146,0.2837,1.7133,0.3927,0.3952
2013-02-23 16:14:00,0.3536,12.4366,0.3449,9.6982,0.2259,7.3673
2013-02-23 16:24:00,0.4104,12.2827,0.3041,0.7341,0.2356,0.1328
2013-02-23 16:34:00,0.2124,12.1002,0.2155,9.4362,0.3576,2.3686
2013-02-23 16:44:00,0.3441,11.8352,0.3051,9.1682,0.1269,0.1432
2013-02-23 16:54:00,0.2418,11.5735,0.2605,8.9646,0.0554,0.1425
2013-02-23 17:04:00,0.179,11.3675,0.1645,8.8648,0.0344,0.1298
2013-02-23 17:14:00,0.1133,11.043,0.0863,6.1126,0.244,4.1547
2013-02-23 17:24:00,0.1161,10.7349,0.1252,8.3726,0.2136,9.87
2013-02-23 17:34:00,0.0314,10.4308,0.0849,8.1351,0.242,0.1263
2013-02-23 17:44:00,0.0264,10.1287,0.0051,7.9566,0.1674,0.3805
2013-02-23 17:54:00,0.0428,2.2521,0.107,2.6512,0.0999,0.3702
2013-02-23 18:04:00,0.0532,5.0713,0.0517,7.3539,0.0824,0.3694
2013-02-23 18:14:00,0.016,8.9642,0.0898,7.0517,0.2354,0.3843
2013-02-23 18:24:00,0.0821,6.0888,0.1515,6.7633,0.2376,0.4009
2013-02-23 18:34:00,0.0029,8.1738,0.0239,6.4453,0.1611,0.4211
2013-02-23 18:44:00,0.1455,2.2382,0.1191,6.1309,0.2158,0.4484
2013-02-23 18:54:00,0.0976,7.3876,0.1606,5.8465,0.2156,0.4778
2013-02-23 19:04:00,0.2379,66.9625,0.2242,3.0228,0.2894,0.5085
2013-02-24 00:24:00,0.2463,1.7682,0.2372,6.51,0.293,1.7529
2013-02-24 00:34:00,0.157,5.7846,0.2404,6.824,0.3439,0.7686
2013-02-24 00:44:00,0.137,8.7355,0.2387,4.6712,0.2802,1.7161
2013-02-24 00:54:00,0.0332,9.1842,0.1596,7.5175,0.3232,8.2954
2013-02-24 01:04:00,0.0815,1.426,0.1253,5.3439,0.2962,7.9517
2013-02-24 01:14:00,0.0091,7.5494,0.0735,5.6835,0.2504,1.6742
2013-02-24 01:24:00,0.0465,8.0004,0.0467,6.0305,0.1248,1.6576
2013-02-24 01:34:00,0.1687,10.9084,0.0208,6.3435,0.1749,0.8614
2013-02-24 01:44:00,0.1491,11.2942,0.087,9.1382,0.0962,1.6148
2013-02-24 01:54:00,0.4403,11.6727,0.2306,9.4258,0.094,1.5845
2013-02-24 02:04:00,0.2133,3.8434,0.2762,7.1945,0.0289,6.6219
2013-02-24 02:14:00,0.4033,3.6042,0.2504,7.4511,0.0384,1.5637
2013-02-24 02:24:00,0.3506,12.6607,0.2153,10.1927,0.0707,0.9221
2013-02-24 02:34:00,0.4859,10.4592,0.4851,10.4283,0.0362,2.6923
2013-02-24 02:44:00,0.3482,13.1769,0.2852,8.1005,0.0487,6.5758
2013-02-24 02:54:00,0.3434,13.3828,0.4002,10.7872,0.1342,1.7263
2013-02-24 03:04:00,0.5246,11.0718,0.5363,10.9382,0.0159,1.7443
2013-02-24 03:14:00,0.5173,11.166,0.3339,8.5144,0.074,2.5279
2013-02-24 03:24:00,0.4708,13.7317,0.4608,8.5394,0.0776,1.6401
2013-02-24 03:34:00,0.4531,13.768,0.3837,11.0691,0.0828,2.6388
2013-02-24 03:44:00,0.5995,13.7764,0.5471,11.077,0.0045,1.6534
2013-02-24 03:54:00,0.4416,13.7852,0.3967,11.0852,0.055,1.6594
2013-02-24 04:04:00,0.5099,11.2116,0.5022,2.8476,0.0684,0.834
2013-02-24 04:14:00,0.5131,13.6201,0.519,8.46,0.0191,0.8267
2013-02-24 04:24:00,0.4965,13.5046,0.4862,8.3716,0.0103,1.68
2013-02-24 04:34:00,0.3917,13.3539,0.3643,10.7558,0.031,1.686
2013-02-24 04:44:00,0.3744,8.8751,0.3613,6.3211,0.1141,7.0588
2013-02-24 04:54:00,0.2351,10.4487,0.2745,10.4428,0.1432,1.6959
2013-02-24 05:04:00,0.3446,12.7133,0.299,10.2085,0.0458,1.0358
2013-02-24 05:14:00,0.3568,12.4608,0.3449,10.0122,0.0698,1.4642
2013-02-24 05:24:00,0.2231,12.1481,0.1955,9.769,0.0251,1.4642
2013-02-24 05:34:00,0.2035,7.5648,0.1402,7.0376,0.0445,6.7176
2013-02-24 05:44:00,0.1922,11.5216,0.2156,9.2818,0.1226,1.4642
2013-02-24 05:54:00,0.0762,5.5355,0.1496,9.001,0.0368,7.7665
2013-02-24 06:04:00,0.0787,10.79,0.0861,8.7129,0.1876,8.1786
2013-02-24 06:14:00,0.0138,6.1339,0.0091,5.9248,0.0873,1.0353
2013-02-24 06:24:00,0.0556,1.8185,0.0214,5.5987,0.1185,1.0353
2013-02-24 06:34:00,0.0143,7.0815,0.0696,5.2731,0.05,7.766
2013-02-24 06:44:00,0.041,6.7808,0.1069,5.1011,0.1925,7.0064
2013-02-24 06:54:00,0.1041,6.4894,0.24,7.4408,0.2356,0.4579
2013-02-24 07:04:00,0.0634,6.0796,0.2311,7.1273,0.2526,6.6846
2013-02-24 07:14:00,0.1966,8.1567,0.2626,6.8017,0.3542,2.0803
2013-02-24 07:24:00,0.3154,7.7599,0.3395,2.7342,0.3911,2.0961
2013-02-24 12:54:00,0.3996,4.1592,0.5038,4.6844,0.6811,0.293
2013-02-24 13:04:00,0.2403,6.4071,0.2713,3.2624,0.4108,6.4169
2013-02-24 13:14:00,0.0426,7.2824,0.1024,5.9458,0.3228,5.4493
2013-02-24 13:24:00,0.1112,7.874,0.2298,6.4969,0.6841,1.6954
2013-02-24 13:34:00,0.1302,8.4634,0.1357,7.0565,0.2843,2.1968
2013-02-24 13:44:00,0.1852,8.7265,0.097,7.2082,0.447,1.1826
2013-02-24 13:54:00,0.1229,1.5382,0.1213,7.8729,0.3145,4.7528
2013-02-24 14:04:00,0.3199,9.9525,0.3428,8.5477,0.0389,3.7004
2013-02-24 14:14:00,0.3361,10.2201,0.2957,8.752,0.0766,3.6872
2013-02-24 14:24:00,0.2888,8.6936,0.3041,2.6996,0.0097,3.4698
2013-02-24 14:34:00,0.3122,10.7139,0.3518,9.1279,0.0178,3.6582
2013-02-24 14:44:00,0.3316,10.8514,0.3759,9.1311,0.0844,3.5421
2013-02-24 14:54:00,0.359,2.9682,0.3087,9.2864,0.0855,1.3855
2013-02-24 15:04:00,0.4251,11.2238,0.4307,9.4141,0.0317,3.5689
2013-02-24 15:14:00,0.4045,11.3749,0.4234,7.7466,0.1102,3.1659
2013-02-24 15:24:00,0.4661,9.7097,0.4985,9.6267,0.0102,3.1703
2013-02-24 15:34:00,0.4643,11.632,0.5141,8.0498,0.1348,1.8575
2013-02-24 15:44:00,0.5417,11.698,0.5107,9.8886,0.0766,3.8476
2013-02-24 15:54:00,0.4533,9.9442,0.4465,9.9154,0.1125,0.5046
2013-02-24 16:04:00,0.4853,8.6156,0.4736,0.9987,0.1555,2.5717
2013-02-24 16:14:00,0.5627,5.4815,0.4697,8.1403,0.139,3.7049
2013-02-24 16:24:00,0.452,11.7096,0.4977,9.9152,0.0131,3.4098
2013-02-24 16:34:00,0.4227,11.6276,0.4809,9.8116,0.0255,3.5443
2013-02-24 16:44:00,0.5171,4.8158,0.5453,9.7545,0.0295,3.5701
2013-02-24 16:54:00,0.4782,11.4539,0.4837,9.6883,0.0381,3.5956
2013-02-24 17:04:00,0.3572,2.9324,0.3685,9.433,0.0834,3.1623
2013-02-24 17:14:00,0.2942,13.4383,0.2844,7.142,0.1837,1.9462
2013-02-24 17:24:00,0.346,13.2926,0.3744,8.8671,0.2798,2.1935
2013-02-24 17:34:00,0.2214,2.9464,0.2797,9.0622,0.2921,3.5733
2013-02-24 17:44:00,0.2497,8.4342,0.2156,0.9665,0.1212,0.3159
2013-02-24 17:54:00,0.1434,7.9504,0.1258,7.6817,0.3006,5.171
2013-02-24 18:04:00,0.0854,9.4676,0.0176,4.3966,0.4758,6.4167
2013-02-24 18:14:00,0.0597,0.2387,0.009,7.2885,0.5169,4.9532
2013-02-24 18:24:00,0.0288,0.2634,0.0624,5.2388,0.4118,0.7302
2013-02-24 18:34:00,0.0406,5.346,0.0843,6.7479,0.4495,0.7338
2013-02-24 18:44:00,0.0804,8.1142,0.1313,0.7911,0.4389,7.0679
2013-02-24 18:54:00,0.0835,5.9528,0.1425,1.6281,0.4529,5.9688
2013-02-24 19:04:00,0.1634,7.342,0.2341,5.8795,0.5534,7.5554
2013-02-24 19:14:00,0.1878,0.2108,0.2967,4.0448,0.5117,6.71
2013-02-24 19:24:00,0.2857,6.5626,0.296,5.2774,0.4922,7.0154
2013-02-24 19:34:00,0.283,0.4742,0.3696,4.9629,0.378,0.8051
2013-02-25 01:04:00,0.4188,6.4923,0.4796,5.3601,0.633,4.8319
2013-02-25 01:14:00,0.2204,7.3427,0.2893,1.8758,0.4848,4.4453
2013-02-25 01:24:00,0.2004,0.1932,0.2791,4.1681,0.5809,4.4925
2013-02-25 01:34:00,0.0182,0.62,0.0304,6.7929,0.3915,0.9114
2013-02-25 01:44:00,0.064,0.4375,0.0148,1.2667,0.4493,0.9797
2013-02-25 01:54:00,0.0099,8.8209,0.0679,4.159,0.5618,1.1788
2013-02-25 02:04:00,0.1897,7.8949,0.1293,6.4892,0.1738,3.7397
2013-02-25 02:14:00,0.2789,1.3365,0.1914,5.8061,0.1597,1.166
2013-02-25 02:24:00,0.28,9.0733,0.2888,9.6838,0.0385,0.6452
2013-02-25 02:34:00,0.2699,3.0719,0.3064,5.8387,0.007,6.0082
2013-02-25 02:44:00,0.3144,3.3976,0.3252,1.3229,0.1447,1.4764
2013-02-25 02:54:00,0.3955,3.1926,0.3845,9.7283,0.0587,4.3637
2013-02-25 03:04:00,0.3898,9.7267,0.4215,9.9646,0.0686,4.6249
2013-02-25 03:14:00,0.402,2.9402,0.4331,0.8403,0.1229,2.2055
2013-02-25 03:24:00,0.4107,11.8386,0.4423,10.173,0.1704,2.6462
2013-02-25 03:34:00,0.4626,11.9171,0.4823,3.8652,0.0833,1.7746
2013-02-25 03:44:00,0.5182,4.5146,0.5075,1.4318,0.1938,3.6324
2013-02-25 03:54:00,0.5189,3.5238,0.4555,1.2959,0.2299,2.405
2013-02-25 04:04:00,0.5558,12.1172,0.5053,7.1354,0.2915,3.865
2013-02-25 04:14:00,0.5155,12.135,0.4638,10.2911,0.1826,3.2015
2013-02-25 04:24:00,0.5593,10.3487,0.5183,2.4631,0.1715,3.278
2013-02-25 04:34:00,0.532,12.104,0.4909,2.1737,0.1247,2.822
2013-02-25 04:44:00,0.5908,4.5552,0.4977,8.445,0.0981,1.7443
2013-02-25 04:54:00,0.5277,4.8155,0.4854,8.2041,0.1245,3.5462
2013-02-25 05:04:00,0.511,11.8546,0.5157,9.9072,0.0955,3.1749
2013-02-25 05:14:00,0.4823,8.5817,0.455,2.2904,0.1209,3.0849
2013-02-25 05:24:00,0.5023,9.8281,0.5512,9.8046,0.2606,2.7108
2013-02-25 05:34:00,0.4481,11.4581,0.4847,1.1347,0.2161,3.5544
2013-02-25 05:44:00,0.4412,11.2715,0.4415,6.4208,0.1493,3.9316
2013-02-25 05:54:00,0.3989,11.0719,0.4287,1.5815,0.1954,3.5815
2013-02-25 06:04:00,0.3937,3.0955,0.358,7.5293,0.0571,2.032
2013-02-25 06:14:00,0.3369,3.6822,0.3129,10.0202,0.0138,6.0338
2013-02-25 06:24:00,0.3068,7.8831,0.3253,0.5434,0.1328,1.0024
2013-02-25 06:34:00,0.1893,11.3058,0.1818,10.5792,0.1704,8.064
2013-02-25 06:44:00,0.2163,1.6567,0.2728,2.2116,0.0355,0.0856
2013-02-25 06:54:00,0.0436,8.7798,0.0755,9.6939,0.2366,0.8351
2013-02-25 07:04:00,0.0226,10.1529,0.0059,1.4426,0.5672,1.0024
2013-02-25 07:14:00,0.0533,7.8593,0.1173,0.3683,0.5931,1.7195
2013-02-25 07:24:00,0.1964,8.9786,0.1872,0.4839,0.5591,2.205
2013-02-25 07:34:00,0.2313,8.2737,0.2559,7.2509,0.5499,3.7011
2013-02-25 07:44:00,0.3199,7.5293,0.3541,0.2387,0.5438,3.854
2013-02-25 07:54:00,0.4332,9.281,0.4823,2.5825,0.6749,4.6691
2013-02-25 13:34:00,0.2478,3.3856,0.3185,10.8949,0.7593,0.6681
2013-02-25 13:44:00,0.042,8.9465,0.0527,8.1247,0.3395,0.4136
2013-02-25 13:54:00,0.0086,9.6726,0.1042,3.9041,0.4161,0.575
2013-02-25 14:04:00,0.237,4.1989,0.2726,3.3903,0.2184,1.3081
2013-02-25 14:14:00,0.2382,8.5471,0.3073,2.0286,0.1767,3.5589
2013-02-25 14:24:00,0.2661,2.4951,0.2863,0.4889,0.1847,0.0068
2013-02-25 14:34:00,0.278,9.0223,0.3254,12.401,0.2459,1.738
2013-02-25 14:44:00,0.3305,9.2362,0.3093,10.0573,0.2564,0.4698
2013-02-25 14:54:00,0.2926,4.0125,0.3082,10.0832,0.1594,6.3486
2013-02-25 15:04:00,0.346,9.552,0.3383,10.2076,0.1435,6.2917
2013-02-25 15:14:00,0.324,11.5159,0.3775,10.3298,0.0992,6.2346
2013-02-25 15:24:00,0.3629,11.6786,0.4548,10.4397,0.2043,6.1753
2013-02-25 15:34:00,0.4107,11.8249,0.4172,13.037,0.1623,0.1351
2013-02-25 15:44:00,0.4557,11.9667,0.4333,10.6775,0.1922,0.4558
2013-02-25 15:54:00,0.4436,12.0556,0.4814,10.7321,0.2437,1.219
2013-02-25 16:04:00,0.4757,4.0263,0.5468,6.5447,0.2287,8.4125
2013-02-25 16:14:00,0.4553,9.0547,0.5218,2.9263,0.2259,5.8127
2013-02-25 16:24:00,0.461,9.0852,0.4821,10.739,0.1821,1.0233
2013-02-25 16:34:00,0.4878,9.1003,0.4955,8.9416,0.2537,8.1029
2013-02-25 16:44:00,0.4839,10.4403,0.575,10.7044,0.2021,0.4974
2013-02-25 16:54:00,0.5258,3.2526,0.5302,13.0434,0.3217,1.8111
2013-02-25 17:04:00,0.4799,12.1274,0.4833,4.2311,0.2334,1.4251
2013-02-25 17:14:00,0.4623,12.0629,0.5127,10.482,0.2181,1.2429
2013-02-25 17:24:00,0.4542,8.8654,0.4716,10.4227,0.2424,1.2573
2013-02-25 17:34:00,0.4301,11.891,0.4734,2.2592,0.2545,1.7316
2013-02-25 17:44:00,0.4238,6.7654,0.4297,2.4409,0.1985,5.0122
2013-02-25 17:54:00,0.4074,8.4015,0.3839,9.9077,0.1856,0.6966
2013-02-25 18:04:00,0.3276,4.3052,0.2979,3.2452,0.0549,1.823
2013-02-25 18:14:00,0.3537,13.7986,0.3638,12.3789,0.024,2.5
2013-02-25 18:24:00,0.2863,10.914,0.2517,0.8169,0.1475,2.1838
2013-02-25 18:34:00,0.1726,11.0448,0.2164,0.4651,0.2023,1.0837
2013-02-25 18:44:00,0.1369,8.4966,0.1272,0.0285,0.2156,2.3922
2013-02-25 18:54:00,0.0678,2.8949,0.0182,0.4195,0.2875,5.1831
2013-02-25 19:04:00,0.0002,7.3129,0.0129,0.2329,0.5079,1.3614
2013-02-25 19:14:00,0.0374,3.0433,0.0961,0.0571,0.4992,0.4212
2013-02-25 19:24:00,0.0474,8.3254,0.1383,0.3673,0.5381,6.1315
2013-02-25 19:34:00,0.1214,7.9321,0.2348,0.2205,0.5605,5.3576
2013-02-25 19:44:00,0.1869,0.0139,0.2883,2.6038,0.5409,1.3785
2013-02-25 19:54:00,0.2665,0.8456,0.3723,2.7307,0.5596,6.1158
2013-02-25 20:04:00,0.3651,1.425,0.4634,5.4859,0.6545,4.296
2013-02-25 20:14:00,0.4496,8.7368,0.5226,5.1537,0.7242,3.8839
2013-02-26 01:44:00,0.4483,8.6844,0.5661,7.4606,0.8172,6.0326
2013-02-26 01:54:00,0.3573,6.527,0.498,3.3597,0.7924,7.4831
2013-02-26 02:04:00,0.2757,9.6443,0.3792,3.8812,0.699,1.2713
2013-02-26 02:14:00,0.079,6.5394,0.0711,1.598,0.2398,0.9459
2013-02-26 02:24:00,0.0904,7.9351,0.157,8.6208,0.7651,3.0198
2013-02-26 02:34:00,0.1039,2.4088,0.0869,5.5435,0.4108,2.6234
2013-02-26 02:44:00,0.1659,8.5782,0.1852,1.0169,0.2476,3.0358
2013-02-26 02:54:00,0.2714,3.2629,0.2379,12.5493,0.2403,4.7387
2013-02-26 03:04:00,0.3803,2.4456,0.4155,2.5868,0.3576,2.0832
2013-02-26 03:14:00,0.387,9.8482,0.4307,1.2594,0.3871,0.2022
2013-02-26 03:24:00,0.3856,11.81,0.4979,8.9805,0.3434,9.7874
2013-02-26 03:34:00,0.4469,10.1842,0.5637,10.8861,0.4387,7.2781
2013-02-26 03:44:00,0.4806,12.0801,0.5875,13.367,0.4404,0.5806
2013-02-26 03:54:00,0.4935,5.0743,0.5028,4.2401,0.4132,1.1485
2013-02-26 04:04:00,0.4916,10.5372,0.5867,2.1141,0.4332,9.3031
2013-02-26 04:14:00,0.5481,3.859,0.5352,9.3067,0.4566,9.2484
2013-02-26 04:24:00,0.5002,9.3477,0.6099,9.3385,0.5083,0.439
2013-02-26 04:34:00,0.5346,3.9474,0.4978,2.5806,0.4309,0.0622
2013-02-26 04:44:00,0.5569,5.0,0.5443,9.3384,0.489,4.8551
2013-02-26 04:54:00,0.5444,9.375,0.5883,2.1878,0.4907,0.3678
2013-02-26 05:04:00,0.579,9.375,0.5254,11.1096,0.3886,6.6007
2013-02-26 05:14:00,0.564,10.6981,0.5878,11.0856,0.456,0.3137
2013-02-26 05:24:00,0.5647,10.6549,0.5934,13.5433,0.4987,0.8481
2013-02-26 05:34:00,0.5384,9.2511,0.5377,2.6523,0.3842,6.4936
2013-02-26 05:44:00,0.5674,6.0563,0.5318,3.8488,0.4331,0.4544
2013-02-26 05:54:00,0.5003,9.0854,0.5152,9.1263,0.4468,0.4138
2013-02-26 06:04:00,0.501,8.9184,0.4997,13.1296,0.2726,8.3284
2013-02-26 06:14:00,0.4377,6.0891,0.4378,2.3087,0.1585,6.94
2013-02-26 06:24:00,0.4187,9.6404,0.3656,7.7803,0.1345,3.593
2013-02-26 06:34:00,0.2784,8.2208,0.2521,4.0669,0.4726,1.495
2013-02-26 06:44:00,0.2761,13.2429,0.2323,0.6027,0.2714,3.7795
2013-02-26 06:54:00,0.1802,1.1579,0.2171,10.385,0.2949,2.6955
2013-02-26 07:04:00,0.1212,3.7813,0.0739,1.4921,0.3779,6.5041
2013-02-26 07:14:00,0.084,11.5075,0.0148,1.1357,0.4528,5.8307
2013-02-26 07:24:00,0.0757,6.7507,0.0665,0.7675,0.4799,8.3383
2013-02-26 07:34:00,0.0281,0.5651,0.0866,0.2967,0.5414,8.1772
2013-02-26 07:44:00,0.1189,7.4484,0.2156,3.3694,0.5524,6.716
2013-02-26 07:54:00,0.1795,1.909,0.27,0.5423,0.54,1.4659
2013-02-26 08:04:00,0.2929,2.2016,0.3357,2.7812,0.6491,6.7158
2013-02-26 08:14:00,0.355,2.7485,0.4244,4.28,0.5914,6.0338
2013-02-26 08:24:00,0.421,5.2601,0.5607,1.8251,0.8219,8.8463
2013-02-26 14:14:00,0.2492,7.594,0.2958,2.1495,0.3153,6.9026
2013-02-26 14:24:00,0.2728,1.3813,0.4548,7.0141,0.7542,1.4244
2013-02-26 14:34:00,0.1266,6.7467,0.2471,7.5075,0.6913,1.0548
2013-02-26 14:44:00,0.1647,8.477,0.0741,13.2639,0.4159,4.435
2013-02-26 14:54:00,0.1742,9.1256,0.0917,5.8541,0.2879,4.9927
2013-02-26 15:04:00,0.3131,12.2307,0.2367,6.4578,0.0886,1.054
2013-02-26 15:14:00,0.3594,5.1251,0.292,6.7628,0.0529,5.6081
2013-02-26 15:24:00,0.3765,5.4919,0.3476,4.6655,0.0101,5.6035
2013-02-26 15:34:00,0.4952,13.3263,0.3789,11.5906,0.0018,5.599
2013-02-26 15:44:00,0.4878,13.6474,0.4763,11.8388,0.063,5.5944
2013-02-26 15:54:00,0.5351,13.9492,0.5784,12.0719,0.0654,5.5897
2013-02-26 16:04:00,0.5805,6.0174,0.6532,12.2653,0.0938,5.5867
2013-02-26 16:14:00,0.6731,5.1995,0.7038,9.9445,0.1912,5.5863
2013-02-26 16:24:00,0.6684,12.1136,0.7502,10.0866,0.1947,5.586
2013-02-26 16:34:00,0.7617,12.2596,0.9032,10.1999,0.2543,3.086
2013-02-26 16:44:00,0.7927,14.8695,0.6628,10.2852,0.2399,3.086
2013-02-26 16:54:00,0.7432,10.6579,0.8081,10.3427,0.207,5.5863
2013-02-26 17:04:00,0.7172,14.9834,0.715,4.5686,0.0115,2.5003
2013-02-26 17:14:00,0.7888,15.0,0.7419,12.6426,0.0092,4.441
2013-02-26 17:24:00,0.9255,14.9963,0.774,3.9973,0.106,0.1597
2013-02-26 17:34:00,0.7691,14.9267,0.7183,12.0557,0.25,2.0287
2013-02-26 17:44:00,0.7358,14.8071,0.8386,11.5955,0.3812,0.386
2013-02-26 17:54:00,0.6976,14.6342,0.7052,11.3933,0.0707,0.0653
2013-02-26 18:04:00,0.6701,14.4585,0.6941,11.3141,0.173,2.1795
2013-02-26 18:14:00,0.7073,14.2091,0.8259,11.1078,0.1357,0.2651
2013-02-26 18:24:00,0.6064,9.6597,0.6873,8.3949,0.0702,2.2694
2013-02-26 18:34:00,0.6613,9.3749,0.6497,8.1774,0.1245,2.2509
2013-02-26 18:44:00,0.6132,13.311,0.6169,10.4134,0.1127,0.2863
2013-02-26 18:54:00,0.3423,10.4353,0.4573,10.1264,0.1845,0.3107
2013-02-26 19:04:00,0.3388,12.4912,0.3399,9.7321,0.2795,0.0919
2013-02-26 19:14:00,0.1795,11.9791,0.2442,9.2819,0.2334,2.6404
2013-02-26 19:24:00,0.2337,11.4935,0.1853,8.904,0.1899,0.1403
2013-02-26 19:34:00,0.1655,10.9839,0.1351,8.5074,0.2939,0.1401
2013-02-26 19:44:00,0.0756,7.9579,0.0688,8.0979,0.3394,0.1413
2013-02-26 19:54:00,0.0952,9.8954,0.0851,7.6601,0.2764,2.6414
2013-02-26 20:04:00,0.0723,9.2908,0.0014,7.1895,0.3414,7.6399
2013-02-26 20:14:00,0.0606,6.1777,0.0585,6.7126,0.2684,0.1397
2013-02-26 20:24:00,0.0045,8.0663,0.0242,6.237,0.2736,0.1395
2013-02-26 20:34:00,0.1097,4.1659,0.224,5.9096,0.3884,0.114
2013-02-26 20:44:00,0.2106,6.9548,0.4145,5.4305,0.3782,0.1231
2013-02-27 02:14:00,0.3625,8.4204,0.4317,7.2171,0.6843,3.0267
2013-02-27 02:24:00,0.2787,6.4609,0.396,5.1289,0.8123,2.9919
2013-02-27 02:34:00,0.1259,5.4952,0.2935,5.9005,0.6849,1.1026
2013-02-27 02:44:00,0.0691,8.135,0.0022,6.7484,0.3567,1.9422
2013-02-27 02:54:00,0.1816,8.8257,0.0413,7.4061,0.1833,4.993
2013-02-27 03:04:00,0.2535,12.0016,0.1864,8.0774,0.1147,3.1534
2013-02-27 03:14:00,0.2472,12.4158,0.2483,8.3961,0.0248,3.1414
2013-02-27 03:24:00,0.2982,12.8099,0.2487,11.199,0.04,5.6289
2013-02-27 03:34:00,0.4688,13.1934,0.387,11.4935,0.0367,5.6158
2013-02-27 03:44:00,0.3329,13.56,0.4259,9.2749,0.0078,5.6023
2013-02-27 03:54:00,0.4528,13.8905,0.4886,12.0283,0.0258,5.5885
2013-02-27 04:04:00,0.5614,11.7086,0.4852,12.2731,0.0311,5.5794
2013-02-27 04:14:00,0.5245,11.9889,0.5354,9.9901,0.0438,3.0779
2013-02-27 04:24:00,0.6183,12.2235,0.7119,10.1718,0.0008,5.5766
2013-02-27 04:34:00,0.7325,14.9327,0.7699,12.8338,0.1759,3.0753
2013-02-27 04:44:00,0.6782,15.0,0.7553,12.8858,0.1388,3.0746
2013-02-27 04:54:00,0.5474,12.5,0.7033,10.3857,0.1426,5.5741
2013-02-27 05:04:00,0.6218,15.0,0.5597,8.6004,0.0986,3.076
2013-02-27 05:14:00,0.6533,15.0,0.7794,12.8873,0.1552,5.5816
2013-02-27 05:24:00,0.6562,15.0,0.7939,12.8886,0.1406,5.5874
2013-02-27 05:34:00,0.6461,15.0,0.7025,12.8899,0.1434,5.5934
2013-02-27 05:44:00,0.7348,15.0,0.7495,12.8908,0.1108,5.6015
2013-02-27 05:54:00,0.6843,12.5,0.631,8.606,0.27,1.32
2013-02-27 06:04:00,0.6165,15.0,0.6276,12.8932,0.1773,2.5692
2013-02-27 06:14:00,0.7251,15.0,0.7373,12.8955,0.3011,3.1233
2013-02-27 06:24:00,0.6096,12.4054,0.7145,4.6427,0.2994,2.5473
2013-02-27 06:34:00,0.7081,14.757,0.5811,12.8275,0.3716,6.1816
2013-02-27 06:44:00,0.5027,14.5739,0.5792,10.1895,0.2226,3.6982
2013-02-27 06:54:00,0.5037,11.867,0.5514,3.783,0.3145,6.2154
2013-02-27 07:04:00,0.3829,14.0546,0.4951,9.5957,0.1169,5.3093
2013-02-27 07:14:00,0.34,11.1797,0.3372,11.6156,0.1512,3.7355
2013-02-27 07:24:00,0.3778,13.3716,0.3528,11.3767,0.1067,4.4448
2013-02-27 07:34:00,0.2462,10.4757,0.2538,8.5191,0.2934,1.6906
2013-02-27 07:44:00,0.157,9.871,0.1656,1.5766,0.3613,0.6888
2013-02-27 07:54:00,0.1895,11.5397,0.1339,9.343,0.1122,1.6764
2013-02-27 08:04:00,0.1693,11.0291,0.068,8.9549,0.4187,1.7108
2013-02-27 08:14:00,0.0287,10.4985,0.1084,8.5439,0.4035,0.7813
2013-02-27 08:24:00,0.0552,1.7748,0.132,8.1247,0.5039,0.7718
2013-02-27 08:34:00,0.0123,9.3997,0.1228,7.6958,0.5619,6.4343
2013-02-27 08:44:00,0.1879,8.9683,0.269,7.4234,0.5351,6.1489
2013-02-27 08:54:00,0.2205,8.4426,0.4254,7.0221,0.6319,6.6826
2013-02-27 09:04:00,0.3409,0.3012,0.4361,6.5887,0.5906,8.2278
2013-02-27 14:44:00,0.1415,6.9425,0.1601,0.8194,0.4168,3.7401
2013-02-27 14:54:00,0.1366,1.787,0.2099,2.1148,0.6545,3.7389
2013-02-27 15:04:00,0.011,8.3139,0.0343,0.3513,0.3603,0.3178
2013-02-27 15:14:00,0.1106,8.7167,0.0697,2.3673,0.3147,0.8993
2013-02-27 15:24:00,0.2629,9.481,0.1442,8.1644,0.0636,3.5793
2013-02-27 15:34:00,0.2829,8.4538,0.2418,7.2374,0.0606,3.0207
2013-02-27 15:44:00,0.3275,10.7535,0.3309,9.5819,0.0474,5.54
2013-02-27 15:54:00,0.2968,9.3816,0.2784,10.0369,0.1317,4.3649
2013-02-27 16:04:00,0.3419,8.3456,0.3689,10.341,0.0156,0.2705
2013-02-27 16:14:00,0.3745,11.6376,0.3551,7.2642,0.0703,4.3147
2013-02-27 16:24:00,0.4227,8.7333,0.405,8.7761,0.015,6.1135
2013-02-27 16:34:00,0.4639,12.0489,0.5265,10.7105,0.0045,0.1265
2013-02-27 16:44:00,0.5332,12.2211,0.64,9.0586,0.0164,6.13
2013-02-27 16:54:00,0.4952,12.357,0.5849,10.9495,0.0737,6.1331
2013-02-27 17:04:00,0.6258,10.6857,0.5124,9.25,0.0702,0.1255
2013-02-27 17:14:00,0.5961,12.5,0.5814,11.0533,0.0042,0.422
2013-02-27 17:24:00,0.5533,12.5,0.6399,11.049,0.1044,0.6475
2013-02-27 17:34:00,0.5729,12.5,0.6103,11.0445,0.2008,0.3808
2013-02-27 17:44:00,0.5228,10.7143,0.6095,11.04,0.0714,0.36
2013-02-27 17:54:00,0.6108,12.5,0.635,11.0355,0.1908,0.3391
2013-02-27 18:04:00,0.5663,12.5,0.6061,11.0276,0.1517,5.9849
2013-02-27 18:14:00,0.5201,12.5,0.6011,11.0129,0.1956,5.9173
2013-02-27 18:24:00,0.5723,12.5,0.6814,10.9942,0.1144,5.8323
2013-02-27 18:34:00,0.5975,12.4359,0.7037,10.8715,0.1533,5.4843
2013-02-27 18:44:00,0.4785,12.3159,0.6339,10.7642,0.2127,0.8315
2013-02-27 18:54:00,0.5086,12.185,0.5541,10.6498,0.1949,5.3584
2013-02-27 19:04:00,0.4742,12.0204,0.5594,10.4429,0.2468,5.0495
2013-02-27 19:14:00,0.4168,10.0585,0.4446,8.5137,0.1274,1.2388
2013-02-27 19:24:00,0.3526,9.8806,0.3932,8.4318,0.0282,5.2191
2013-02-27 19:34:00,0.4001,9.6147,0.3438,9.9174,0.113,4.7874
2013-02-27 19:44:00,0.3372,9.3861,0.3735,3.4995,0.0585,4.8255
2013-02-27 19:54:00,0.3591,10.9279,0.3956,7.7849,0.1026,4.8687
2013-02-27 20:04:00,0.2787,10.7263,0.3056,9.4709,0.0504,1.1318
2013-02-27 20:14:00,0.2393,13.2337,0.302,12.1971,0.0099,0.3957
2013-02-27 20:24:00,0.2835,4.2708,0.338,12.0523,0.2018,0.4495
2013-02-27 20:34:00,0.1773,2.8747,0.1522,2.1836,0.0328,4.3198
2013-02-27 20:44:00,0.1704,8.9474,0.1328,2.0542,0.0838,2.7121
2013-02-27 20:54:00,0.119,8.5762,0.1014,7.4516,0.087,3.1782
2013-02-27 21:04:00,0.0035,1.8495,0.1185,8.8416,0.3626,3.4772
2013-02-27 21:14:00,0.1195,0.5506,0.132,0.4255,0.38,1.9438
2013-02-27 21:24:00,0.1535,8.9918,0.1389,0.213,0.3113,5.2019
2013-02-28 02:54:00,0.1233,0.6537,0.2067,6.4213,0.3543,1.2821
2013-02-28 03:04:00,0.1666,1.2028,0.2092,0.1636,0.5041,2.5213
2013-02-28 03:14:00,0.1139,6.3553,0.1846,1.9823,0.4991,0.9828
2013-02-28 03:24:00,0.0774,7.4068,0.0677,6.3228,0.2256,2.4732
2013-02-28 03:34:00,0.1235,8.1592,0.081,7.1238,0.1229,0.4121
2013-02-28 03:44:00,0.1869,10.2589,0.0975,9.1228,0.2957,1.5431
2013-02-28 03:54:00,0.18,10.6363,0.1526,9.4425,0.3289,0.3564
2013-02-28 04:04:00,0.2057,11.0031,0.1997,7.9913,0.3406,3.8088
2013-02-28 04:14:00,0.2631,9.5057,0.2446,8.2203,0.304,0.0607
2013-02-28 04:24:00,0.3136,9.7733,0.3062,8.4317,0.2593,5.6405
2013-02-28 04:34:00,0.3251,11.8054,0.3281,10.4107,0.2431,5.6523
2013-02-28 04:44:00,0.3768,7.8637,0.3541,10.5859,0.222,5.6568
2013-02-28 04:54:00,0.4297,12.2308,0.4257,10.7407,0.105,0.0272
2013-02-28 05:04:00,0.4306,12.3949,0.4989,10.8631,0.1462,3.8465
2013-02-28 05:14:00,0.4261,10.7143,0.5225,9.1486,0.1392,0.5846
2013-02-28 05:24:00,0.4819,12.5,0.4171,9.1388,0.119,1.1931
2013-02-28 05:34:00,0.4812,10.7143,0.4464,9.1293,0.0759,5.4928
2013-02-28 05:44:00,0.4802,10.7143,0.5152,10.9065,0.0743,5.4515
2013-02-28 05:54:00,0.4719,12.5,0.5463,10.9004,0.1119,0.2597
2013-02-28 06:04:00,0.5307,12.5,0.5317,9.067,0.0811,5.1936
2013-02-28 06:14:00,0.4574,12.5,0.4673,9.0592,0.0812,5.1572
2013-02-28 06:24:00,0.4629,12.5,0.4954,9.0519,0.0758,0.1236
2013-02-28 06:34:00,0.4342,12.5,0.4948,7.7063,0.0495,5.0938
2013-02-28 06:44:00,0.4998,9.375,0.4957,5.144,0.0683,0.6135
2013-02-28 06:54:00,0.5742,10.7113,0.5664,10.8205,0.0335,5.0537
2013-02-28 07:04:00,0.4021,12.3699,0.4511,10.7181,0.1622,5.0349
2013-02-28 07:14:00,0.3974,9.0721,0.3923,6.2386,0.0873,2.4264
2013-02-28 07:24:00,0.3942,8.8837,0.4362,10.2561,0.0241,0.8024
2013-02-28 07:34:00,0.3663,2.4222,0.3376,10.091,0.1125,2.4067
2013-02-28 07:44:00,0.2797,9.8087,0.3367,6.8454,0.0384,4.3696
2013-02-28 07:54:00,0.2918,9.5837,0.2998,6.6778,0.0057,1.286
2013-02-28 08:04:00,0.2214,8.1164,0.2293,4.1893,0.0408,5.1277
2013-02-28 08:14:00,0.2643,4.7405,0.2186,9.6887,0.04,3.3889
2013-02-28 08:24:00,0.2246,10.7445,0.1787,9.5137,0.0379,5.237
2013-02-28 08:34:00,0.232,1.6078,0.1801,11.6209,0.0299,4.8111
2013-02-28 08:44:00,0.2501,8.2846,0.1629,8.9142,0.0032,3.0889
2013-02-28 08:54:00,0.2217,9.8018,0.1421,8.7205,0.0008,0.7393
2013-02-28 09:04:00,0.0991,9.469,0.0756,6.6848,0.2388,4.9872
2013-02-28 09:14:00,0.0479,8.9589,0.0121,7.9624,0.23,4.5529
2013-02-28 09:24:00,0.0366,8.3694,0.0329,5.6056,0.2744,4.0642
2013-02-28 09:34:00,0.1641,8.5961,0.1951,1.0975,0.2613,2.6565
2013-02-28 15:14:00,0.1021,5.7161,0.1551,4.8249,0.2676,3.5152
2013-02-28 15:24:00,0.0657,0.4048,0.0627,1.9355,0.2918,1.5097
2013-02-28 15:34:00,0.0048,5.2098,0.0357,2.2491,0.2554,3.4622
2013-02-28 15:44:00,0.0045,8.6492,0.0465,7.4257,0.2856,1.3909
2013-02-28 15:54:00,0.0976,7.29,0.0545,5.9615,0.2713,3.5932
2013-02-28 16:04:00,0.1559,6.186,0.0594,6.0102,0.3869,0.5861
2013-02-28 16:14:00,0.0925,9.7403,0.0182,3.1108,0.2879,2.4552
2013-02-28 16:24:00,0.1823,8.4472,0.1161,11.0615,0.3886,5.2546
2013-02-28 16:34:00,0.267,7.9529,0.2969,12.2371,0.0211,7.6192
2013-02-28 16:44:00,0.2319,9.5612,0.2033,8.1492,0.2186,3.2884
2013-02-28 16:54:00,0.3038,9.7642,0.375,12.4721,0.062,2.7543
2013-02-28 17:04:00,0.3801,14.3718,0.4272,7.2655,0.0125,3.5266
2013-02-28 17:14:00,0.4509,5.8204,0.3728,10.5334,0.1388,1.4645
2013-02-28 17:24:00,0.4156,12.2623,0.4819,8.9768,0.0722,5.6326
2013-02-28 17:34:00,0.4312,14.8846,0.4945,8.8996,0.0995,1.8779
2013-02-28 17:44:00,0.4702,10.7143,0.596,8.9057,0.1647,2.6873
2013-02-28 17:54:00,0.432,10.7143,0.4921,7.5672,0.0966,4.4759
2013-02-28 18:04:00,0.4357,5.7692,0.497,8.9008,0.0022,4.4493
2013-02-28 18:14:00,0.4588,15.0,0.514,8.8865,0.085,2.3472
2013-02-28 18:24:00,0.5076,12.5,0.496,10.6603,0.0177,6.8288
2013-02-28 18:34:00,0.4226,10.7143,0.5012,10.651,0.1434,2.4997
2013-02-28 18:44:00,0.4559,5.7692,0.5277,10.644,0.1848,2.4672
2013-02-28 18:54:00,0.4923,5.7692,0.4766,10.6391,0.1257,4.2297
2013-02-28 19:04:00,0.4762,12.4535,0.4468,8.8107,0.0193,4.1986
2013-02-28 19:14:00,0.4576,6.0843,0.5619,10.4986,0.1112,2.3862
2013-02-28 19:24:00,0.3858,12.1902,0.4443,8.5972,0.0984,2.579
2013-02-28 19:34:00,0.3546,10.2132,0.4194,10.1307,0.0388,3.6745
2013-02-28 19:44:00,0.3695,6.1257,0.4793,8.1968,0.0758,3.4686
2013-02-28 19:54:00,0.3212,3.5045,0.3963,9.816,0.0493,2.5764
2013-02-28 20:04:00,0.3293,5.8033,0.3687,9.9609,0.0138,4.6751
2013-02-28 20:14:00,0.2958,14.0248,0.2952,10.3699,0.1524,6.3629
2013-02-28 20:24:00,0.3541,13.8032,0.4445,10.1178,0.3456,0.1949
2013-02-28 20:34:00,0.3002,13.2938,0.3145,11.9518,0.1223,1.4353
2013-02-28 20:44:00,0.2193,3.928,0.1781,11.1962,0.0851,2.6769
2013-02-28 20:54:00,0.218,8.0555,0.192,8.4265,0.0024,2.7155
2013-02-28 21:04:00,0.0982,3.5652,0.1209,1.4339,0.1493,5.2938
2013-02-28 21:14:00,0.1309,6.7381,0.0893,0.3195,0.2069,4.3052
2013-02-28 21:24:00,0.1146,2.3917,0.1469,6.6991,0.0665,4.7854
2013-02-28 21:34:00,0.0747,7.6523,0.1357,0.6992,0.1603,5.1939
2013-02-28 21:44:00,0.0751,6.7833,0.1074,5.5169,0.0427,1.0978
2013-02-28 21:54:00,0.283,2.1371,0.3287,4.739,0.314,4.4857
2013-03-01 03:34:00,0.0393,7.0322,0.0597,4.1574,0.3268,2.1999
2013-03-01 03:44:00,0.0588,7.4083,0.0654,6.1813,0.3439,1.9439
2013-03-01 03:54:00,0.0192,8.0044,0.0284,6.7014,0.3744,2.1728
2013-03-01 04:04:00,0.1535,9.0069,0.1428,7.7776,0.1041,1.7337
2013-03-01 04:14:00,0.2244,9.3965,0.206,6.277,0.0932,3.4303
2013-03-01 04:24:00,0.2473,9.7808,0.2106,8.3404,0.1156,3.343
2013-03-01 04:34:00,0.2426,10.0871,0.1834,6.7262,0.1175,1.2653
2013-03-01 04:44:00,0.1983,8.67,0.1648,6.9924,0.2055,5.4632
2013-03-01 04:54:00,0.2332,10.7291,0.2143,8.8744,0.2103,2.4365
2013-03-01 05:04:00,0.2646,4.3459,0.322,9.1379,0.288,4.7353
2013-03-01 05:14:00,0.4032,9.6288,0.4233,7.6122,0.1627,0.6114
2013-03-01 05:24:00,0.3691,11.7192,0.3773,9.6323,0.1239,2.3873
2013-03-01 05:34:00,0.4271,8.8556,0.4043,9.8333,0.1711,0.5923
2013-03-01 05:44:00,0.3958,10.4118,0.3533,9.9998,0.0809,2.3694
2013-03-01 05:54:00,0.4253,10.5915,0.5341,10.1375,0.027,2.6388
2013-03-01 06:04:00,0.4594,6.25,0.4802,8.4384,0.0725,2.3203
2013-03-01 06:14:00,0.4878,10.7143,0.4801,10.2822,0.0976,4.1173
2013-03-01 06:24:00,0.587,18.75,0.5671,10.6639,0.0516,4.4264
2013-03-01 06:34:00,0.4405,12.5,0.4682,8.9988,0.1231,3.1879
2013-03-01 06:44:00,0.5152,15.0,0.5206,13.3696,0.0198,3.4933
2013-03-01 06:54:00,0.4576,10.7143,0.5543,8.8516,0.0309,2.4147
2013-03-01 07:04:00,0.4771,15.0,0.4472,13.1926,0.1661,2.6987
2013-03-01 07:14:00,0.3766,12.4819,0.4517,16.8673,0.09,0.8087
2013-03-01 07:24:00,0.3893,12.3756,0.4584,10.527,0.1119,4.1537
2013-03-01 07:34:00,0.3877,10.4654,0.4693,10.4238,0.1023,4.1214
2013-03-01 07:44:00,0.4199,5.8555,0.4767,8.5212,0.0932,1.5792
2013-03-01 07:54:00,0.4262,11.9536,0.4558,8.4491,0.1201,2.494
2013-03-01 08:04:00,0.3191,11.7652,0.3753,10.0921,0.0967,4.2931
2013-03-01 08:14:00,0.3558,11.4635,0.3267,3.9737,0.04,2.2885
2013-03-01 08:24:00,0.2719,13.7147,0.2974,9.4592,0.0337,5.8772
2013-03-01 08:34:00,0.2881,13.5146,0.2765,6.2768,0.1198,1.8806
2013-03-01 08:44:00,0.287,10.7544,0.3085,9.2077,0.0484,2.0483
2013-03-01 08:54:00,0.269,4.9686,0.2951,9.3041,0.1804,2.8277
2013-03-01 09:04:00,0.2596,12.8708,0.2629,11.5968,0.1263,0.3449
2013-03-01 09:14:00,0.2671,12.6,0.2448,3.9042,0.1479,0.2737
2013-03-01 09:24:00,0.2467,12.3232,0.184,11.2116,0.1277,0.8607
2013-03-01 09:34:00,0.2102,6.4313,0.2098,8.5283,0.128,4.9231
2013-03-01 09:44:00,0.2252,9.6182,0.1318,8.7668,0.1034,0.0731
2013-03-01 09:54:00,0.1543,15.6165,0.1179,2.9088,0.0681,12.0798
2013-03-01 10:04:00,0.0709,8.9635,0.0362,10.7416,0.0407,0.0271
2013-03-01 10:14:00,0.0264,14.3893,0.0047,7.3511,0.2157,1.0208
2013-03-01 15:54:00,0.2316,1.0972,0.3005,3.9117,0.5923,4.3029
2013-03-01 16:04:00,0.0062,8.0256,0.0789,7.0075,0.2395,1.5229
2013-03-01 16:14:00,0.0605,2.1868,0.0057,2.3274,0.2364,2.2225
2013-03-01 16:24:00,0.0411,2.4749,0.0308,5.6916,0.2698,1.3594
2013-03-01 16:34:00,0.0804,9.102,0.0153,7.7537,0.359,3.6816
2013-03-01 16:44:00,0.2346,8.551,0.215,9.3033,0.0432,8.1642
2013-03-01 16:54:00,0.1873,8.6332,0.1056,7.3994,0.2122,0.0642
2013-03-01 17:04:00,0.2462,8.9524,0.2481,9.4436,0.0301,1.2706
2013-03-01 17:14:00,0.2853,11.035,0.2929,9.6895,0.0071,5.0576
2013-03-01 17:24:00,0.304,13.8718,0.3426,8.2724,0.0666,0.1506
2013-03-01 17:34:00,0.3122,14.1126,0.331,10.266,0.0042,3.8475
2013-03-01 17:44:00,0.3536,11.7834,0.4144,10.3363,0.008,3.5714
2013-03-01 17:54:00,0.4122,14.4599,0.4225,10.4541,0.0336,1.4275
2013-03-01 18:04:00,0.3674,12.1227,0.3834,10.5899,0.0609,1.7949
2013-03-01 18:14:00,0.4218,3.158,0.5118,13.1831,0.0243,7.8266
2013-03-01 18:24:00,0.5591,12.3526,0.4721,7.634,0.059,7.8063
2013-03-01 18:34:00,0.4638,12.4193,0.5007,10.8066,0.0426,3.5018
2013-03-01 18:44:00,0.5079,6.2039,0.5066,9.0441,0.0208,1.4602
2013-03-01 18:54:00,0.4681,12.4749,0.4456,5.843,0.0533,1.8873
2013-03-01 19:04:00,0.4682,12.472,0.4464,5.1893,0.1274,7.8684
2013-03-01 19:14:00,0.4725,7.4489,0.4286,9.0554,0.0866,5.3125
2013-03-01 19:24:00,0.5636,14.8823,0.4884,10.6148,0.1119,1.1491
2013-03-01 19:34:00,0.4662,12.3101,0.5049,10.5498,0.0558,1.1914
2013-03-01 19:44:00,0.4128,12.2131,0.361,4.7859,0.0336,4.4575
2013-03-01 19:54:00,0.4159,6.4102,0.4594,10.3687,0.1534,4.4329
2013-03-01 20:04:00,0.4207,11.9577,0.3921,10.2585,0.0688,4.4034
2013-03-01 20:14:00,0.3492,11.7856,0.3222,10.117,0.0202,1.3167
2013-03-01 20:24:00,0.348,11.6065,0.3962,9.9757,0.0202,4.3515
2013-03-01 20:34:00,0.3378,5.7629,0.3253,3.6431,0.0406,4.5146
2013-03-01 20:44:00,0.2658,11.2308,0.2617,12.2361,0.0121,7.0516
2013-03-01 20:54:00,0.2939,13.5067,0.2259,12.0714,0.0158,1.0924
2013-03-01 21:04:00,0.2528,5.3559,0.2411,9.8718,0.0297,0.1325
2013-03-01 21:14:00,0.2404,13.4134,0.2694,12.3348,0.1149,6.0864
2013-03-01 21:24:00,0.1855,10.0419,0.1754,8.6723,0.0702,2.3401
2013-03-01 21:34:00,0.1539,7.8026,0.1617,8.216,0.1965,2.7976
2013-03-01 21:44:00,0.1398,11.7597,0.1607,1.7146,0.1042,5.9822
2013-03-01 21:54:00,0.1508,11.4029,0.1205,10.1883,0.1142,2.7668
2013-03-01 22:04:00,0.0274,8.2549,0.0561,7.046,0.2629,3.4136
2013-03-01 22:14:00,0.0027,2.4295,0.0626,1.1993,0.3959,0.1583
2013-03-01 22:24:00,0.2328,4.2915,0.3598,4.7516,0.5996,6.5901
2013-03-01 22:34:00,0.3393,3.5393,0.3996,2.5484,0.6177,5.5799
2013-03-02 04:14:00,0.1477,8.347,0.1904,6.9531,0.3101,2.0963
2013-03-02 04:24:00,0.1954,5.3953,0.3431,8.3532,0.6434,0.5551
2013-03-02 04:34:00,0.1285,7.4945,0.2232,4.2133,0.6206,0.7928
2013-03-02 04:44:00,0.0276,6.658,0.0053,6.9872,0.234,1.945
2013-03-02 04:54:00,0.1067,8.9043,0.0243,5.5607,0.4676,1.9451
2013-03-02 05:04:00,0.1169,7.638,0.0066,7.8125,0.3146,2.2129
2013-03-02 05:14:00,0.1158,8.0485,0.082,6.3447,0.3004,0.9153
2013-03-02 05:24:00,0.1684,12.7378,0.1261,8.443,0.2689,4.7066
2013-03-02 05:34:00,0.169,8.8304,0.1719,11.236,0.1779,4.5273
2013-03-02 05:44:00,0.2076,10.9494,0.1891,8.994,0.2176,4.7005
2013-03-02 05:54:00,0.2535,13.7691,0.2401,9.2416,0.2847,4.0524
2013-03-02 06:04:00,0.2866,11.5562,0.3004,9.464,0.1838,2.1957
2013-03-02 06:14:00,0.2635,11.7939,0.4001,12.1485,0.2062,4.6956
2013-03-02 06:24:00,0.3866,10.2259,0.4346,9.8176,0.1037,2.1955
2013-03-02 06:34:00,0.405,10.3938,0.3898,9.9479,0.158,2.1956
2013-03-02 06:44:00,0.3952,12.2955,0.3669,10.038,0.1599,2.196
2013-03-02 06:54:00,0.4504,12.3776,0.4548,4.42,0.183,4.6964
2013-03-02 07:04:00,0.3673,14.9214,0.3737,12.6361,0.235,4.9453
2013-03-02 07:14:00,0.4444,12.4194,0.4617,10.135,0.1579,2.1997
2013-03-02 07:24:00,0.3612,12.4105,0.4435,10.1286,0.2185,4.7021
2013-03-02 07:34:00,0.3991,5.6493,0.3752,10.1055,0.1556,0.4189
2013-03-02 07:44:00,0.3831,14.8082,0.4102,10.0503,0.1678,2.2074
2013-03-02 07:54:00,0.3459,12.1988,0.3761,9.9661,0.1468,4.7105
2013-03-02 08:04:00,0.3438,12.0907,0.334,12.3834,0.1875,2.2121
2013-03-02 08:14:00,0.3141,14.4387,0.3367,12.2663,0.1483,4.7165
2013-03-02 08:24:00,0.2891,11.7967,0.3323,9.7827,0.0796,5.3035
2013-03-02 08:34:00,0.2789,14.104,0.268,9.6365,0.1099,5.3178
2013-03-02 08:44:00,0.2799,11.4337,0.2608,12.0643,0.0397,5.5996
2013-03-02 08:54:00,0.2347,11.2162,0.2532,9.3984,0.0561,3.1075
2013-03-02 09:04:00,0.1804,10.9743,0.2427,3.531,0.0077,3.1161
2013-03-02 09:14:00,0.2053,13.2293,0.1821,9.0254,0.0415,3.1268
2013-03-02 09:24:00,0.1627,10.448,0.1674,8.81,0.1258,2.5435
2013-03-02 09:34:00,0.1501,10.2984,0.1717,8.8248,0.0348,2.9981
2013-03-02 09:44:00,0.1848,12.5266,0.1729,8.6185,0.017,3.7505
2013-03-02 09:54:00,0.1699,12.2359,0.1038,10.8978,0.0558,6.2687
2013-03-02 10:04:00,0.0895,9.1722,0.0964,7.8127,0.1309,3.0964
2013-03-02 10:14:00,0.0215,8.3568,0.0301,6.9214,0.3651,1.9464
2013-03-02 10:24:00,0.1226,7.9488,0.0208,9.1023,0.2722,4.785
2013-03-02 10:34:00,0.1172,7.564,0.1701,6.3118,0.3886,1.9508
2013-03-02 10:44:00,0.1618,0.8844,0.2717,5.2792,0.3927,5.94
2013-03-02 10:54:00,0.2291,7.9367,0.2639,4.1218,0.2682,0.4648
2013-03-02 16:34:00,0.2561,6.9878,0.3086,5.8645,0.4328,1.9515
2013-03-02 16:44:00,0.0501,5.6363,0.0973,6.1925,0.3984,0.1596
2013-03-02 16:54:00,0.0958,6.0692,0.1358,4.7458,0.4238,5.195
2013-03-02 17:04:00,0.0392,8.4298,0.1028,5.2662,0.4073,2.2538
2013-03-02 17:14:00,0.0269,8.8533,0.0594,5.5935,0.3718,4.8948
2013-03-02 17:24:00,0.0189,9.2581,0.0338,5.9062,0.3825,4.9011
2013-03-02 17:34:00,0.0414,7.8836,0.0135,6.2236,0.3637,2.2349
2013-03-02 17:44:00,0.0495,10.0483,0.0361,8.3018,0.328,4.5031
2013-03-02 17:54:00,0.0921,8.616,0.0764,8.5735,0.3061,2.2206
2013-03-02 18:04:00,0.1696,8.9372,0.1432,8.8206,0.2978,0.4246
2013-03-02 18:14:00,0.1729,9.2291,0.1082,7.2518,0.3215,4.565
2013-03-02 18:24:00,0.2043,3.6816,0.1744,0.8561,0.186,2.1117
2013-03-02 18:34:00,0.2386,11.75,0.1929,10.1257,0.2104,4.5356
2013-03-02 18:44:00,0.2552,8.858,0.2302,7.4003,0.1929,3.7454
2013-03-02 18:54:00,0.2993,12.137,0.3198,10.7852,0.1164,0.0695
2013-03-02 19:04:00,0.2639,10.4837,0.2491,9.3862,0.1613,0.0452
2013-03-02 19:14:00,0.3227,12.307,0.2719,11.1934,0.0875,4.2813
2013-03-02 19:24:00,0.2967,9.2089,0.2595,13.709,0.1079,0.2414
2013-03-02 19:34:00,0.283,9.2205,0.262,9.4275,0.0936,0.1365
2013-03-02 19:44:00,0.2677,10.5521,0.2483,9.4171,0.1163,5.5585
2013-03-02 19:54:00,0.2638,10.5345,0.2962,4.4545,0.0792,5.5406
2013-03-02 20:04:00,0.2556,12.2763,0.2399,11.1016,0.1643,7.1152
2013-03-02 20:14:00,0.2713,10.448,0.2734,13.572,0.1274,0.3964
2013-03-02 20:24:00,0.2449,12.1098,0.2182,10.7564,0.0407,0.6012
2013-03-02 20:34:00,0.2212,12.0209,0.224,8.905,0.1505,3.0138
2013-03-02 20:44:00,0.2345,11.8483,0.219,7.2591,0.0267,3.5523
2013-03-02 20:54:00,0.2011,5.466,0.1904,10.2804,0.022,5.3278
2013-03-02 21:04:00,0.2092,14.0629,0.1979,8.3743,0.0186,3.5275
2013-03-02 21:14:00,0.1539,11.4109,0.1508,10.0385,0.0168,0.9611
2013-03-02 21:24:00,0.1864,13.8011,0.1502,8.2558,0.0795,3.8755
2013-03-02 21:34:00,0.1874,4.3916,0.1459,3.6683,0.0519,1.0137
2013-03-02 21:44:00,0.1658,9.1161,0.1358,9.7108,0.1069,0.7064
2013-03-02 21:54:00,0.1445,13.0869,0.1309,9.3817,0.031,1.5625
2013-03-02 22:04:00,0.1668,10.2684,0.1337,9.0679,0.0434,2.2838
2013-03-02 22:14:00,0.1177,10.4684,0.0922,7.7395,0.0944,6.2175
2013-03-02 22:24:00,0.1168,8.4272,0.0611,9.3184,0.0708,0.9827
2013-03-02 22:34:00,0.145,8.059,0.0356,1.793,0.0526,5.7314
2013-03-02 22:44:00,0.0521,1.9102,0.0131,5.7109,0.1554,3.6086
2013-03-02 22:54:00,0.0125,8.3002,0.0327,7.2274,0.155,3.5132
2013-03-02 23:04:00,0.019,7.743,0.0924,9.2074,0.1987,1.296
2013-03-02 23:14:00,0.1307,1.1011,0.1805,2.5737,0.3398,5.193
2013-03-03 04:44:00,0.116,0.8597,0.1478,1.1429,0.2921,0.1627
2013-03-03 04:54:00,0.1324,5.4249,0.1835,6.1047,0.385,0.462
2013-03-03 05:04:00,0.0171,1.4491,0.0729,2.2586,0.2188,2.8189
2013-03-03 05:14:00,0.0049,0.3857,0.0384,5.6071,0.157,1.6029
2013-03-03 05:24:00,0.0244,2.6335,0.0049,5.8626,0.1491,0.2273
2013-03-03 05:34:00,0.0209,5.8207,0.036,7.5138,0.2219,4.2049
2013-03-03 05:44:00,0.0239,9.338,0.0203,6.027,0.2465,4.9958
2013-03-03 05:54:00,0.0396,2.9609,0.018,6.296,0.2188,4.6611
2013-03-03 06:04:00,0.0492,9.9647,0.0073,5.1091,0.2703,2.2143
2013-03-03 06:14:00,0.0527,0.9342,0.0158,6.7141,0.2853,0.4217
2013-03-03 06:24:00,0.068,10.6198,0.061,8.7394,0.2375,5.2991
2013-03-03 06:34:00,0.0942,10.8939,0.078,5.8258,0.2838,0.409
2013-03-03 06:44:00,0.1223,11.1608,0.076,9.1566,0.2908,4.9539
2013-03-03 06:54:00,0.1368,11.3776,0.099,9.3237,0.2608,4.9591
2013-03-03 07:04:00,0.1375,9.7579,0.1144,2.2578,0.2749,5.1983
2013-03-03 07:14:00,0.1662,11.6971,0.1484,9.52,0.2631,0.1588
2013-03-03 07:24:00,0.1986,11.8037,0.178,9.6028,0.2514,0.1587
2013-03-03 07:34:00,0.1874,11.8738,0.1389,0.7287,0.2848,1.9444
2013-03-03 07:44:00,0.1657,10.1304,0.1424,0.7616,0.2965,0.1587
2013-03-03 07:54:00,0.1911,8.801,0.1252,1.3645,0.2779,1.9444
2013-03-03 08:04:00,0.1933,11.9325,0.1578,9.7528,0.2336,4.5543
2013-03-03 08:14:00,0.2037,4.3964,0.1506,6.6003,0.2327,5.3213
2013-03-03 08:24:00,0.1621,11.8369,0.1376,9.6796,0.2237,5.3189
2013-03-03 08:34:00,0.1577,4.252,0.1569,7.8285,0.2288,2.1837
2013-03-03 08:44:00,0.1521,8.5329,0.1009,2.3989,0.2281,4.9565
2013-03-03 08:54:00,0.139,3.7059,0.1105,0.8816,0.2544,4.5414
2013-03-03 09:04:00,0.1181,4.6345,0.08,9.3133,0.2743,4.551
2013-03-03 09:14:00,0.1031,9.3956,0.0674,2.0175,0.2638,5.0086
2013-03-03 09:24:00,0.098,4.5416,0.0797,6.5468,0.2009,3.3361
2013-03-03 09:34:00,0.0783,13.6695,0.0468,7.8778,0.2598,2.6797
2013-03-03 09:44:00,0.0802,9.4259,0.0526,8.1646,0.1915,1.1073
2013-03-03 09:54:00,0.0885,2.802,0.0752,9.999,0.0984,6.0832
2013-03-03 10:04:00,0.0917,4.304,0.0572,12.4794,0.0928,0.7966
2013-03-03 10:14:00,0.0763,8.8214,0.0493,9.4376,0.0986,3.5895
2013-03-03 10:24:00,0.0364,8.6418,0.0135,2.18,0.1782,1.997
2013-03-03 10:34:00,0.0569,8.2541,0.0349,1.0949,0.1059,2.1668
2013-03-03 10:44:00,0.0171,7.4856,0.0153,7.9847,0.1757,3.4882
2013-03-03 10:54:00,0.0187,8.6307,0.0721,0.2174,0.2341,4.1499
2013-03-03 11:04:00,0.0263,8.3844,0.0691,7.1369,0.2484,4.352
2013-03-03 11:14:00,0.0173,1.1688,0.0609,9.7043,0.1868,3.3874
2013-03-03 11:24:00,0.0375,8.0199,0.0836,6.9823,0.2097,3.3598
2013-03-03 11:34:00,0.0487,7.7065,0.0914,6.7439,0.2283,4.122
2013-03-03 11:44:00,0.0719,9.9062,0.1208,6.5159,0.2346,3.3335
2013-03-03 17:04:00,0.0919,7.1938,0.1318,3.1514,0.2516,4.6786
2013-03-03 17:14:00,0.0594,0.1733,0.0896,0.099,0.186,3.0299
2013-03-03 17:24:00,0.013,8.9342,0.0423,8.0696,0.176,1.7225
2013-03-03 17:34:00,0.0266,9.4784,0.0707,8.6308,0.2474,5.6477
2013-03-03 17:44:00,0.0245,9.742,0.0697,8.8327,0.3043,0.5609
2013-03-03 17:54:00,0.0231,10.1332,0.039,2.0672,0.2654,1.4478
2013-03-03 18:04:00,0.0116,4.1132,0.0412,2.9461,0.3172,0.0021
2013-03-03 18:14:00,0.0208,1.7727,0.0191,10.2163,0.2979,0.3491
2013-03-03 18:24:00,0.0272,1.7923,0.0325,8.5482,0.352,0.7536
2013-03-03 18:34:00,0.0346,2.1734,0.0107,0.9761,0.2831,0.1004
2013-03-03 18:44:00,0.0659,5.1607,0.0209,10.462,0.3124,0.0944
2013-03-03 18:54:00,0.0734,2.1663,0.0502,3.4179,0.2696,0.9811
2013-03-03 19:04:00,0.1007,9.8803,0.0551,10.6537,0.2802,0.4884
2013-03-03 19:14:00,0.1104,11.7759,0.0757,4.4833,0.2574,0.0561
2013-03-03 19:24:00,0.1233,11.8645,0.095,10.7968,0.242,0.4489
2013-03-03 19:34:00,0.141,3.1902,0.1151,7.7255,0.2246,1.4793
2013-03-03 19:44:00,0.1442,5.2744,0.1038,1.5212,0.1854,0.0005
2013-03-03 19:54:00,0.1657,4.9012,0.1387,9.1364,0.1843,0.0162
2013-03-03 20:04:00,0.1651,12.0697,0.1367,4.2065,0.2265,1.4256
2013-03-03 20:14:00,0.161,7.9081,0.1439,4.6855,0.2054,0.0592
2013-03-03 20:24:00,0.1684,5.345,0.1105,9.145,0.2379,0.8102
2013-03-03 20:34:00,0.1689,10.2811,0.1885,4.1877,0.1689,0.3067
2013-03-03 20:44:00,0.1637,10.2569,0.1358,9.1089,0.2039,1.334
2013-03-03 20:54:00,0.1591,10.204,0.1292,9.0238,0.2397,5.0411
2013-03-03 21:04:00,0.1435,5.2119,0.1226,3.6281,0.2409,0.0869
2013-03-03 21:14:00,0.1231,6.2052,0.1139,3.9956,0.2322,0.5606
2013-03-03 21:24:00,0.1289,9.9482,0.1001,10.4672,0.2965,1.3206
2013-03-03 21:34:00,0.1025,11.6314,0.0611,3.6533,0.2721,0.9822
2013-03-03 21:44:00,0.1173,4.8157,0.0664,4.0959,0.2088,1.549
2013-03-03 21:54:00,0.0874,4.6902,0.0535,1.4918,0.1956,0.502
2013-03-03 22:04:00,0.0572,9.496,0.0466,10.1233,0.2153,1.3239
2013-03-03 22:14:00,0.0514,3.9835,0.0382,3.2566,0.1975,0.6303
2013-03-03 22:24:00,0.059,5.2663,0.0248,3.1002,0.2058,0.3296
2013-03-03 22:34:00,0.0529,4.5038,0.0228,3.4088,0.1934,1.2348
2013-03-03 22:44:00,0.0319,8.7642,0.0165,2.7447,0.1891,1.7123
2013-03-03 22:54:00,0.0544,8.5992,0.023,2.6401,0.1398,0.3883
2013-03-03 23:04:00,0.0451,10.1376,0.0179,9.1527,0.1445,0.5133
2013-03-03 23:14:00,0.0446,3.6514,0.0342,2.2154,0.0731,0.6233
2013-03-03 23:24:00,0.0391,9.6519,0.0052,1.5893,0.1195,0.7201
2013-03-03 23:34:00,0.0271,9.4014,0.0061,3.5237,0.0993,2.0381
2013-03-03 23:44:00,0.0204,2.4422,0.0221,6.5577,0.0968,1.2868
2013-03-04 00:04:00,0.0245,2.3232,0.0557,0.2223,0.1434,2.1243
2013-03-04 05:34:00,0.0108,3.967,0.0158,0.9778,0.1281,0.7944
2013-03-04 05:44:00,0.0065,3.5596,0.0098,2.242,0.1347,0.8817
2013-03-04 05:54:00,0.0339,1.6168,0.0472,0.8895,0.243,1.6263
2013-03-04 06:04:00,0.0292,4.0309,0.0506,3.1749,0.2376,0.9215
2013-03-04 06:14:00,0.0102,4.3163,0.0398,2.8609,0.254,1.0751
2013-03-04 06:24:00,0.0088,8.4675,0.0532,0.2455,0.2895,1.2086
2013-03-04 06:34:00,0.0195,5.4755,0.0231,4.5257,0.2747,0.4392
2013-03-04 06:44:00,0.0033,8.8612,0.0429,4.6375,0.347,0.5386
2013-03-04 06:54:00,0.007,9.1569,0.0354,2.8193,0.3832,1.654
2013-03-04 07:04:00,0.0237,5.4193,0.0226,4.3973,0.3704,1.6253
2013-03-04 07:14:00,0.0283,11.2523,0.0138,10.1941,0.3626,1.6203
2013-03-04 07:24:00,0.0747,7.2119,0.014,8.5042,0.3598,3.4892
2013-03-04 07:34:00,0.0583,2.1179,0.0332,2.2879,0.342,0.3568
2013-03-04 07:44:00,0.085,5.345,0.0402,6.2862,0.3653,1.5988
2013-03-04 07:54:00,0.0782,9.8854,0.0531,3.7781,0.3479,0.902
2013-03-04 08:04:00,0.1086,9.9467,0.0783,8.7689,0.3177,0.896
2013-03-04 08:14:00,0.1021,6.1059,0.0667,10.5969,0.3534,0.5658
2013-03-04 08:24:00,0.1314,6.822,0.0744,10.6232,0.3248,0.327
2013-03-04 08:34:00,0.1059,10.0457,0.0749,5.6305,0.3177,0.8957
2013-03-04 08:44:00,0.1313,7.6775,0.0924,8.8547,0.3224,0.9221
2013-03-04 08:54:00,0.1202,10.0587,0.0926,10.6407,0.2825,0.9214
2013-03-04 09:04:00,0.119,11.8177,0.074,10.621,0.3356,0.3324
2013-03-04 09:14:00,0.1086,6.1082,0.0761,4.9194,0.3101,1.5895
2013-03-04 09:24:00,0.1008,3.6678,0.0892,10.577,0.3216,0.899
2013-03-04 09:34:00,0.1019,4.1769,0.0536,8.7064,0.3557,4.7002
2013-03-04 09:44:00,0.0801,11.6099,0.0557,2.1088,0.3343,0.6491
2013-03-04 09:54:00,0.0698,6.537,0.0287,2.8871,0.3785,0.2489
2013-03-04 10:04:00,0.0661,5.7763,0.0181,3.5961,0.41,1.5016
2013-03-04 10:14:00,0.0351,6.3527,0.0025,3.9953,0.3544,0.2498
2013-03-04 10:24:00,0.0454,5.0008,0.011,3.9206,0.3833,0.2085
2013-03-04 10:34:00,0.0216,4.9565,0.0056,2.7034,0.3217,0.0806
2013-03-04 10:44:00,0.0275,9.2959,0.0072,3.3795,0.3085,0.0936
2013-03-04 10:54:00,0.0279,4.5547,0.0001,4.0874,0.2464,0.903
2013-03-04 11:04:00,0.0251,4.9617,0.0048,2.1357,0.2289,0.5152
2013-03-04 11:14:00,0.0112,7.3488,0.0077,7.7083,0.1982,0.465
2013-03-04 11:24:00,0.0061,4.6198,0.0237,3.6662,0.2301,0.1639
2013-03-04 11:34:00,0.0178,3.858,0.0266,4.183,0.2402,1.0142
2013-03-04 11:44:00,0.0028,9.893,0.0355,3.3172,0.2399,1.2116
2013-03-04 11:54:00,0.0158,9.676,0.0685,3.8112,0.2209,1.3049
2013-03-04 12:04:00,0.0291,3.7824,0.0581,1.9018,0.24,1.7282
2013-03-04 12:14:00,0.0044,2.219,0.0376,2.9106,0.1428,0.8142
2013-03-04 12:24:00,0.0096,2.4263,0.0258,0.9509,0.1401,0.8614
2013-03-04 12:34:00,0.0175,3.2621,0.0469,2.0026,0.1563,0.4135
2013-03-04 12:44:00,0.0256,1.6163,0.0646,2.4262,0.1082,0.9047
2013-03-04 17:44:00,0.0075,0.1018,0.0683,1.26,0.1358,0.4487
2013-03-04 17:54:00,0.0359,2.1575,0.1001,1.2599,0.2515,0.7606
2013-03-04 18:04:00,0.0434,8.6004,0.102,3.6412,0.2816,0.6513
2013-03-04 18:14:00,0.0659,8.5769,0.1489,3.0648,0.3716,0.3101
2013-03-04 18:24:00,0.0612,1.2621,0.1304,8.1176,0.3999,1.5652
2013-03-04 18:34:00,0.0427,1.2678,0.0965,3.7639,0.375,4.6979
2013-03-04 18:44:00,0.0347,9.0046,0.0853,0.8903,0.3588,0.3327
2013-03-04 18:54:00,0.0105,3.357,0.0718,3.406,0.3587,1.9689
2013-03-04 19:04:00,0.0092,2.6589,0.0464,3.0985,0.3488,1.4047
2013-03-04 19:14:00,0.0088,6.9487,0.0305,2.8311,0.332,0.4937
2013-03-04 19:24:00,0.0183,2.1436,0.0387,8.6318,0.3208,5.831
2013-03-04 19:34:00,0.0309,2.4129,0.0239,3.7626,0.2909,1.9035
2013-03-04 19:44:00,0.0381,2.5105,0.0066,3.0634,0.307,5.7798
2013-03-04 19:54:00,0.0592,4.0288,0.0205,7.5022,0.303,0.4024
2013-03-04 20:04:00,0.0642,4.8843,0.0272,4.4387,0.2867,0.383
2013-03-04 20:14:00,0.0806,5.4363,0.0415,1.6481,0.281,0.7772
2013-03-04 20:24:00,0.0803,9.9585,0.0505,7.6542,0.2796,1.2403
2013-03-04 20:34:00,0.0866,6.1092,0.0548,4.0802,0.2289,0.33
2013-03-04 20:44:00,0.1019,8.6901,0.0659,7.7003,0.26,1.2057
2013-03-04 20:54:00,0.1014,2.6012,0.0479,3.6977,0.2386,0.2958
2013-03-04 21:04:00,0.0846,2.448,0.0618,1.6901,0.2939,0.2533
2013-03-04 21:14:00,0.1033,4.6879,0.0664,7.6592,0.2714,4.1106
2013-03-04 21:24:00,0.096,4.0149,0.0683,3.2784,0.269,1.5405
2013-03-04 21:34:00,0.1006,11.7938,0.0593,4.4995,0.2663,0.4785
2013-03-04 21:44:00,0.1027,5.0356,0.0412,4.4752,0.2766,0.0529
2013-03-04 21:54:00,0.093,9.9486,0.0601,2.6091,0.2954,0.3178
2013-03-04 22:04:00,0.0833,6.0071,0.0481,7.5342,0.2668,0.438
2013-03-04 22:14:00,0.0924,3.8178,0.0403,2.0583,0.2927,0.3445
2013-03-04 22:24:00,0.0739,4.4213,0.0209,3.4141,0.2834,0.4117
2013-03-04 22:34:00,0.0507,8.3654,0.0178,7.3723,0.2779,0.3996
2013-03-04 22:44:00,0.0422,4.683,0.0082,3.2937,0.2716,0.3761
2013-03-04 22:54:00,0.0304,2.5663,0.0011,1.6111,0.2735,0.3778
2013-03-04 23:04:00,0.0265,4.9679,0.025,1.1953,0.284,0.0174
2013-03-04 23:14:00,0.0089,7.9892,0.0339,7.0838,0.3089,0.0077
2013-03-04 23:24:00,0.0062,9.2051,0.0586,2.9735,0.3171,0.0025
2013-03-04 23:34:00,0.0136,3.9162,0.026,1.5968,0.2306,0.3443
2013-03-04 23:44:00,0.0011,7.3705,0.0486,2.4166,0.1988,1.1542
2013-03-05 00:04:00,0.0061,8.2949,0.0354,1.4203,0.2217,0.418
2013-03-05 00:14:00,0.0061,2.4279,0.0501,1.9743,0.2451,1.1791
2013-03-05 00:24:00,0.0221,9.7642,0.0653,2.2631,0.2475,0.8102
2013-03-05 00:34:00,0.0356,2.1136,0.0715,1.3815,0.2158,0.7951
2013-03-05 00:44:00,0.005,1.8259,0.0516,2.2473,0.1589,3.5638
2013-03-05 00:54:00,0.0119,1.1619,0.0604,1.0638,0.2102,3.6008
2013-03-05 01:04:00,0.0233,1.5508,0.0559,6.9972,0.1986,0.7382
2013-03-05 06:14:00,0.0565,2.9334,0.1098,2.1525,0.2401,0.9968
2013-03-05 06:24:00,0.0547,0.8077,0.0934,3.0009,0.2379,0.9863
2013-03-05 06:34:00,0.041,1.3736,0.0925,2.6781,0.2598,1.3888
2013-03-05 06:44:00,0.0374,8.6342,0.0823,3.6592,0.2592,2.4292
2013-03-05 06:54:00,0.0354,3.3844,0.077,1.6564,0.2421,1.373
2013-03-05 07:04:00,0.0273,3.8144,0.0867,0.7087,0.2666,1.1211
2013-03-05 07:14:00,0.0188,4.9803,0.0699,5.8729,0.2653,0.7182
2013-03-05 07:24:00,0.0061,8.9883,0.0629,2.314,0.2407,0.3667
2013-03-05 07:34:00,0.0071,2.1513,0.0579,8.4388,0.2295,0.3682
2013-03-05 07:44:00,0.0009,6.0095,0.0357,2.8072,0.258,0.718
2013-03-05 07:54:00,0.0143,1.6074,0.0256,3.2397,0.2318,4.7349
2013-03-05 08:04:00,0.0195,3.7,0.0258,2.9537,0.2107,0.7162
2013-03-05 08:14:00,0.0414,3.4742,0.0192,2.7076,0.1984,4.7335
2013-03-05 08:24:00,0.0499,8.2417,0.0037,13.0817,0.1743,10.3585
2013-03-05 08:34:00,0.0509,3.0984,0.0112,8.8462,0.1827,0.3594
2013-03-05 08:44:00,0.0646,8.3619,0.0284,13.1691,0.1395,1.5814
2013-03-05 08:54:00,0.0653,8.4067,0.0214,7.5783,0.1409,1.0995
2013-03-05 09:04:00,0.0661,7.4013,0.0309,13.2308,0.1267,0.6865
2013-03-05 09:14:00,0.078,2.5182,0.0353,8.9758,0.1407,1.096
2013-03-05 09:24:00,0.0945,8.5027,0.054,2.9627,0.1327,10.3246
2013-03-05 09:34:00,0.0775,3.5496,0.0317,8.9966,0.1502,1.0917
2013-03-05 09:44:00,0.0854,3.3131,0.0296,2.9758,0.1359,10.3204
2013-03-05 09:54:00,0.0793,2.5492,0.0323,4.0523,0.1425,4.6936
2013-03-05 10:04:00,0.0819,3.0728,0.0333,2.6832,0.1328,1.5672
2013-03-05 10:14:00,0.0712,5.359,0.0234,3.6157,0.1447,0.3167
2013-03-05 10:24:00,0.0759,2.8366,0.0259,2.4141,0.1745,1.5975
2013-03-05 10:34:00,0.0581,2.3106,0.0218,3.5757,0.1743,10.3452
2013-03-05 10:44:00,0.064,8.3905,0.0214,2.6033,0.1801,1.1122
2013-03-05 10:54:00,0.0598,7.3064,0.0116,8.8727,0.1684,1.1103
2013-03-05 11:04:00,0.0688,8.3294,0.0213,6.523,0.1455,1.293
2013-03-05 11:14:00,0.0523,8.2816,0.012,2.5651,0.1486,1.2953
2013-03-05 11:24:00,0.0364,2.9692,0.0043,2.4386,0.1954,10.3452
2013-03-05 11:34:00,0.0262,4.0803,0.0161,2.1326,0.2021,0.7022
2013-03-05 11:44:00,0.0237,9.3643,0.0177,3.2667,0.2166,2.1623
2013-03-05 11:54:00,0.026,7.9467,0.0294,3.6183,0.2128,1.1114
2013-03-05 12:04:00,0.0137,6.8202,0.0561,12.7832,0.2135,1.1076
2013-03-05 12:14:00,0.0071,6.735,0.0469,3.0736,0.2388,0.3318
2013-03-05 12:24:00,0.0112,7.7815,0.0324,6.1113,0.2094,0.2815
2013-03-05 12:34:00,0.0059,9.0406,0.039,8.4333,0.2175,0.2923
2013-03-05 12:44:00,0.0026,10.7423,0.0502,2.0694,0.2194,1.8674
2013-03-05 12:54:00,0.0017,10.6587,0.0623,6.972,0.2207,0.3194
2013-03-05 13:04:00,0.0097,2.0201,0.0538,1.9466,0.2186,6.3623
2013-03-05 13:14:00,0.0118,10.4856,0.0467,12.471,0.1811,0.3591
2013-03-05 13:24:00,0.019,22.8969,0.058,2.0943,0.198,5.0628
2013-03-05 13:34:00,0.0184,1.5605,0.0676,5.6777,0.1916,10.7041
2013-03-05 13:44:00,0.0359,12.7306,0.0695,5.6203,0.1977,0.1321
2013-03-05 13:54:00,0.0344,12.6492,0.0677,7.9425,0.1744,0.4238
2013-03-05 18:44:00,0.1148,13.0509,0.1466,11.9637,0.2806,8.2009
2013-03-05 18:54:00,0.104,13.2757,0.1312,12.1383,0.2679,8.2008
2013-03-05 19:04:00,0.0973,7.2728,0.1266,8.5804,0.2824,8.2007
2013-03-05 19:14:00,0.0847,13.7786,0.1174,12.5292,0.2667,5.5494
2013-03-05 19:24:00,0.0705,0.31,0.0993,2.0794,0.2643,8.2004
2013-03-05 19:34:00,0.0568,8.0131,0.0965,12.9057,0.256,8.2003
2013-03-05 19:44:00,0.0456,14.4976,0.0788,0.3048,0.2525,1.9502
2013-03-05 19:54:00,0.032,14.7402,0.0747,13.2766,0.2498,8.2001
2013-03-05 20:04:00,0.0211,8.7264,0.06,7.21,0.216,5.1941
2013-03-05 20:14:00,0.0121,5.8275,0.0434,4.2608,0.2319,4.4487
2013-03-05 20:24:00,0.0037,7.386,0.0374,10.0561,0.2156,1.1764
2013-03-05 20:34:00,0.02,0.1317,0.0283,13.9589,0.2122,3.7332
2013-03-05 20:44:00,0.0082,4.5629,0.0436,3.6934,0.2848,1.1766
2013-03-05 20:54:00,0.0132,12.2269,0.0448,4.8626,0.2719,2.2183
2013-03-05 21:04:00,0.0198,5.7192,0.0157,3.9444,0.2605,3.0516
2013-03-05 21:14:00,0.0379,16.2884,0.0094,14.4797,0.2506,8.1983
2013-03-05 21:24:00,0.0453,7.02,0.002,4.1459,0.2566,2.2183
2013-03-05 21:34:00,0.0385,5.234,0.0003,5.2567,0.2624,4.3017
2013-03-05 21:44:00,0.0534,12.8218,0.0188,14.7,0.2498,5.1946
2013-03-05 21:54:00,0.0536,16.6395,0.0179,1.7718,0.2238,4.7825
2013-03-05 22:04:00,0.0768,8.6318,0.0291,11.0244,0.2486,4.4483
2013-03-05 22:14:00,0.0574,16.6934,0.0276,5.4195,0.2334,5.1946
2013-03-05 22:24:00,0.0652,10.4562,0.0251,14.8045,0.241,4.7825
2013-03-05 22:34:00,0.0936,10.4415,0.0432,8.543,0.1621,1.9484
2013-03-05 22:44:00,0.0652,2.905,0.0403,14.7648,0.1599,8.1991
2013-03-05 22:54:00,0.0842,4.1327,0.0378,5.3724,0.1535,4.4491
2013-03-05 23:04:00,0.0853,6.1542,0.0599,8.4493,0.1358,4.3009
2013-03-05 23:14:00,0.0713,8.448,0.0315,6.596,0.149,2.2175
2013-03-05 23:24:00,0.0709,7.0426,0.0448,1.1874,0.1582,2.2175
2013-03-05 23:34:00,0.0594,8.3264,0.0263,14.598,0.1726,5.2785
2013-03-05 23:44:00,0.0591,16.266,0.0307,8.2737,0.1556,8.4732
2013-03-06 00:04:00,0.0477,12.136,0.0219,6.1946,0.1183,5.2742
2013-03-06 00:14:00,0.0745,4.4895,0.0044,14.1172,0.1401,2.7715
2013-03-06 00:24:00,0.063,5.156,0.0178,13.9891,0.1295,8.479
2013-03-06 00:34:00,0.0492,9.1545,0.0085,10.109,0.1498,4.7311
2013-03-06 00:44:00,0.0256,11.5756,0.0193,10.1089,0.1883,2.4862
2013-03-06 00:54:00,0.0445,3.4316,0.0119,7.7762,0.1095,4.3645
2013-03-06 01:04:00,0.0196,2.9036,0.0161,1.4862,0.1527,2.7672
2013-03-06 01:14:00,0.0095,4.1066,0.0207,1.176,0.192,3.733
2013-03-06 01:24:00,0.0755,4.7764,0.1126,1.5249,0.2637,5.8433
2013-03-06 01:34:00,0.1004,4.4842,0.1293,2.7161,0.2475,3.4448
2013-03-06 01:44:00,0.1328,6.136,0.1918,3.8584,0.3233,1.1881
2013-03-06 01:54:00,0.0539,11.4639,0.0726,9.7141,0.091,6.8
2013-03-06 02:04:00,0.1172,7.3698,0.159,9.4447,0.2062,0.14
2013-03-06 02:14:00,0.1454,4.5405,0.1658,2.9387,0.1957,4.4257
2013-03-06 02:24:00,0.1371,6.7224,0.1725,5.6419,0.1854,8.3218
2013-03-06 07:34:00,0.1396,6.7187,0.1641,5.1905,0.1656,4.4225
2013-03-06 07:44:00,0.167,7.1047,0.1822,3.0165,0.2204,2.5215
2013-03-06 07:54:00,0.1469,4.9238,0.1681,3.2657,0.1935,2.516
2013-03-06 08:04:00,0.1112,7.7621,0.1506,6.0309,0.2024,0.0059
2013-03-06 08:14:00,0.0924,5.5905,0.14,6.2895,0.1907,0.0088
2013-03-06 08:24:00,0.0782,8.4322,0.135,6.5584,0.1446,0.0238
2013-03-06 08:34:00,0.0701,4.4522,0.1012,6.7993,0.1664,0.0383
2013-03-06 08:44:00,0.0788,6.4686,0.0819,6.9395,0.1544,0.137
2013-03-06 08:54:00,0.0424,6.7804,0.0908,7.1818,0.131,0.137
2013-03-06 09:04:00,0.0386,5.2898,0.0478,7.4112,0.1085,0.1369
2013-03-06 09:14:00,0.0031,1.6705,0.0213,7.6265,0.1434,0.1368
2013-03-06 09:24:00,0.0005,2.6695,0.0567,7.9258,0.159,0.0992
2013-03-06 09:34:00,0.0027,7.9225,0.0339,8.125,0.1387,0.111
2013-03-06 09:44:00,0.0312,8.1415,0.0145,8.2979,0.112,0.1226
2013-03-06 09:54:00,0.0388,8.3273,0.0144,5.9449,0.1622,2.3662
2013-03-06 10:04:00,0.0636,10.9901,0.0233,8.5736,0.1043,0.1437
2013-03-06 10:14:00,0.0357,11.1142,0.0007,8.6719,0.0956,0.1517
2013-03-06 10:24:00,0.0645,11.2346,0.0254,6.2672,0.119,0.1593
2013-03-06 10:34:00,0.0643,11.3068,0.0129,8.8248,0.0734,0.1664
2013-03-06 10:44:00,0.0487,7.0988,0.0112,8.8867,0.1041,0.1728
2013-03-06 10:54:00,0.1191,11.4487,0.0681,8.9379,0.1343,0.1787
2013-03-06 11:04:00,0.078,11.4851,0.0367,8.9678,0.109,0.1852
2013-03-06 11:14:00,0.0565,8.9864,0.0662,8.9696,0.1096,0.1891
2013-03-06 11:24:00,0.089,11.4801,0.0456,8.9654,0.0775,2.3075
2013-03-06 11:34:00,0.0584,11.4333,0.0854,6.4298,0.0847,2.3045
2013-03-06 11:44:00,0.0717,8.9532,0.0525,9.009,0.1249,0.4812
2013-03-06 11:54:00,0.0537,11.3946,0.022,6.4671,0.1979,2.0028
2013-03-06 12:04:00,0.0476,11.4621,0.0012,9.1572,0.1998,1.116
2013-03-06 12:14:00,0.0434,8.9335,0.0273,9.2088,0.1967,1.4477
2013-03-06 12:24:00,0.0563,11.333,0.0217,4.8505,0.1993,1.4726
2013-03-06 12:34:00,0.0519,11.2175,0.0477,9.0522,0.1459,1.4992
2013-03-06 12:44:00,0.1282,11.0708,0.0957,8.9438,0.1233,1.5245
2013-03-06 12:54:00,0.0383,10.996,0.0011,12.7012,0.1437,1.8178
2013-03-06 13:04:00,0.0478,10.8388,0.0009,8.8308,0.179,1.8275
2013-03-06 13:14:00,0.0261,10.6524,0.0583,8.6882,0.142,1.8383
2013-03-06 13:24:00,0.0278,10.4841,0.0007,8.5601,0.1494,1.8506
2013-03-06 13:34:00,0.0318,10.2905,0.0153,8.4127,0.0934,1.8649
2013-03-06 13:44:00,0.0001,10.0796,0.0364,8.2524,0.2143,1.8815
2013-03-06 13:54:00,0.0062,2.3639,0.044,8.0889,0.1592,1.9009
2013-03-06 14:04:00,0.0452,7.1362,0.0764,7.916,0.2171,0.5807
2013-03-06 14:14:00,0.0176,9.4179,0.0747,7.7489,0.2031,1.9313
2013-03-06 14:24:00,0.0765,9.1847,0.062,7.5699,0.2183,0.5581
2013-03-06 14:34:00,0.0917,6.5339,0.1734,7.5002,0.3085,2.1569
2013-03-06 14:44:00,0.031,8.7785,0.0665,7.3034,0.226,2.1649
2013-03-06 14:54:00,0.0381,8.5418,0.1805,7.1208,0.2926,2.1711
2013-03-06 15:04:00,0.0194,8.3075,0.1407,6.9408,0.2447,2.1809
2013-03-06 15:14:00,0.1165,5.5566,0.1994,6.7488,0.2917,2.1952
2013-03-06 15:24:00,0.1844,2.4907,0.2211,6.5685,0.3572,2.2058
2013-03-06 20:04:00,0.1978,7.9293,0.2423,2.3685,0.3375,2.0703
2013-03-06 20:14:00,0.1522,5.6775,0.2124,2.5636,0.2664,0.2752
2013-03-06 20:24:00,0.0583,5.9167,0.1522,4.5374,0.2763,0.2655
2013-03-06 20:34:00,0.0442,8.7083,0.1187,4.7664,0.2743,0.2555
2013-03-06 20:44:00,0.0037,6.4989,0.119,4.9946,0.2536,0.2452
2013-03-06 20:54:00,0.0655,1.0744,0.0678,5.197,0.1754,2.2653
2013-03-06 21:04:00,0.0166,7.0348,0.1638,5.4156,0.2648,0.2259
2013-03-06 21:14:00,0.0747,7.3138,0.0263,5.6332,0.1444,0.2229
2013-03-06 21:24:00,0.0092,7.5732,0.0436,8.3346,0.2217,0.224
2013-03-06 21:34:00,0.0388,7.8306,0.0694,8.5337,0.2057,0.2287
2013-03-06 21:44:00,0.0002,8.0751,0.0322,6.2221,0.2433,2.2636
2013-03-06 21:54:00,0.0348,8.3142,0.0093,6.4053,0.1268,2.2505
2013-03-06 22:04:00,0.0204,8.5408,0.0336,6.5798,0.1773,2.2428
2013-03-06 22:14:00,0.0884,11.2691,0.0261,9.2573,0.2096,0.2571
2013-03-06 22:24:00,0.1161,8.9666,0.0757,5.1252,0.0828,2.2431
2013-03-06 22:34:00,0.1095,9.1519,0.1618,9.5551,0.1224,2.2432
2013-03-06 22:44:00,0.1886,9.3237,0.136,9.6887,0.1978,2.0424
2013-03-06 22:54:00,0.1653,9.4572,0.1785,7.2925,0.1188,2.2433
2013-03-06 23:04:00,0.1623,7.7839,0.1588,5.5933,0.0698,2.2392
2013-03-06 23:14:00,0.1767,9.6684,0.1194,5.6678,0.1593,0.2714
2013-03-06 23:24:00,0.1815,9.7334,0.1719,7.5017,0.0836,2.218
2013-03-06 23:34:00,0.1559,9.7778,0.0989,10.0339,0.167,2.2077
2013-03-06 23:44:00,0.1168,9.8222,0.1224,7.5663,0.1973,0.302
2013-03-07 00:04:00,0.1894,9.7971,0.2227,7.5429,0.118,2.1806
2013-03-07 00:14:00,0.221,12.2803,0.1784,7.5282,0.2103,2.173
2013-03-07 00:24:00,0.1929,9.7252,0.1462,7.4839,0.12,0.3336
2013-03-07 00:34:00,0.2297,3.9903,0.176,5.6556,0.0293,0.3395
2013-03-07 00:44:00,0.2189,7.8027,0.2573,7.375,0.1435,0.3447
2013-03-07 00:54:00,0.1972,9.4999,0.0654,9.8052,0.1279,0.3494
2013-03-07 01:04:00,0.1639,9.392,0.1824,7.2208,0.1567,0.3516
2013-03-07 01:14:00,0.1983,9.2613,0.102,5.3336,0.0862,0.3509
2013-03-07 01:24:00,0.1542,11.6138,0.2122,9.505,0.0778,2.1516
2013-03-07 01:34:00,0.0992,7.1613,0.0738,6.8753,0.1364,0.3487
2013-03-07 01:44:00,0.0842,11.2704,0.034,6.7379,0.1317,2.1348
2013-03-07 01:54:00,0.0777,11.0606,0.0612,9.0746,0.1452,0.3495
2013-03-07 02:04:00,0.0654,8.3575,0.0001,6.4162,0.1673,0.3519
2013-03-07 02:14:00,0.0892,8.1444,0.0338,6.2494,0.1896,0.357
2013-03-07 02:24:00,0.0004,7.9093,0.0012,8.5655,0.1392,2.1381
2013-03-07 02:34:00,0.0207,5.8798,0.0917,5.8749,0.1852,2.1335
2013-03-07 02:44:00,0.0016,1.165,0.046,8.1791,0.0733,2.1291
2013-03-07 02:54:00,0.009,7.2827,0.0119,5.637,0.0644,0.0978
2013-03-07 03:04:00,0.0032,5.2213,0.0765,3.6364,0.176,2.3996
2013-03-07 03:14:00,0.038,9.2434,0.0836,5.2157,0.1865,1.8925
2013-03-07 03:24:00,0.0099,6.4765,0.0651,5.0069,0.2362,0.1133
2013-03-07 03:34:00,0.0033,0.5189,0.1184,4.7914,0.2135,2.3817
2013-03-07 03:44:00,0.0676,5.9206,0.0931,7.0724,0.1826,0.1237
2013-03-07 03:54:00,0.0306,0.0426,0.1265,4.3527,0.207,0.1274
2013-03-07 04:04:00,0.1124,7.8853,0.1394,6.6553,0.2356,0.1275
2013-03-07 09:14:00,0.0719,6.0073,0.0802,4.783,0.0418,6.2145
2013-03-07 09:24:00,0.0054,0.0097,0.1132,3.1937,0.0061,0.5166
2013-03-07 09:34:00,0.004,6.5406,0.0348,5.1978,0.0202,2.6081
2013-03-07 09:44:00,0.0154,6.8051,0.0438,7.9036,0.0739,0.5172
2013-03-07 09:54:00,0.0441,7.0595,0.0432,3.8157,0.0097,0.5174
2013-03-07 10:04:00,0.0568,7.3354,0.0332,4.0303,0.0281,0.5177
2013-03-07 10:14:00,0.1052,7.6043,0.007,4.2395,0.0089,0.5179
2013-03-07 10:24:00,0.1804,6.0543,0.1331,4.4228,0.0153,0.5182
2013-03-07 10:34:00,0.0967,6.3007,0.0905,6.4001,0.0345,0.5184
2013-03-07 10:44:00,0.1043,6.5525,0.0655,6.5959,0.0022,1.2671
2013-03-07 10:54:00,0.1142,8.5828,0.0751,5.0005,0.0657,0.5188
2013-03-07 11:04:00,0.1014,8.789,0.0774,6.9466,0.0323,2.606
2013-03-07 11:14:00,0.1512,8.9665,0.1096,7.0846,0.0412,0.5191
2013-03-07 11:24:00,0.1277,9.1617,0.1345,7.2364,0.016,1.2664
2013-03-07 11:34:00,0.1484,7.5344,0.1329,5.5739,0.0077,1.2662
2013-03-07 11:44:00,0.1499,9.4451,0.1401,7.4568,0.0937,0.5196
2013-03-07 11:54:00,0.1518,9.5638,0.2056,7.5491,0.0941,0.5197
2013-03-07 12:04:00,0.1391,9.6627,0.1161,10.126,0.051,0.5198
2013-03-07 12:14:00,0.2197,9.7265,0.2817,7.6757,0.0388,1.2658
2013-03-07 12:24:00,0.1953,8.0209,0.1739,5.9523,0.0065,0.52
2013-03-07 12:34:00,0.1776,9.8524,0.1833,5.9879,0.0528,1.2656
2013-03-07 12:44:00,0.1575,9.864,0.2304,7.7827,0.0799,1.2655
2013-03-07 12:54:00,0.2536,9.8839,0.2669,7.7981,0.0869,1.2654
2013-03-07 13:04:00,0.1939,9.8762,0.1711,7.7921,0.0437,0.5203
2013-03-07 13:14:00,0.229,9.8373,0.1671,7.7619,0.0443,3.0203
2013-03-07 13:24:00,0.2156,9.8144,0.179,5.9584,0.0565,0.5204
2013-03-07 13:34:00,0.2376,9.7645,0.1534,7.7052,0.0084,0.5204
2013-03-07 13:44:00,0.2079,7.8755,0.1884,5.8392,0.029,2.6046
2013-03-07 13:54:00,0.1613,9.5557,0.1189,5.7572,0.0744,0.5203
2013-03-07 14:04:00,0.2,9.431,0.1443,5.6601,0.0586,0.5202
2013-03-07 14:14:00,0.1805,9.3526,0.1837,7.4245,0.0223,1.0885
2013-03-07 14:24:00,0.1608,9.1922,0.1019,7.3011,0.0282,0.703
2013-03-07 14:34:00,0.1131,9.0263,0.094,7.1735,0.0288,1.0764
2013-03-07 14:44:00,0.1205,8.8579,0.0989,7.0441,0.0691,0.716
2013-03-07 14:54:00,0.1504,8.6798,0.0246,6.9071,0.0169,0.7228
2013-03-07 15:04:00,0.043,6.71,0.0643,6.7657,0.0687,0.7302
2013-03-07 15:14:00,0.067,6.5109,0.0238,6.6127,0.0185,0.7386
2013-03-07 15:24:00,0.0916,6.2994,0.0924,4.6643,0.0433,0.7462
2013-03-07 15:34:00,0.0459,7.9524,0.0296,6.4011,0.1173,0.7973
2013-03-07 15:44:00,0.07,7.712,0.0511,6.2183,0.0636,1.0067
2013-03-07 15:54:00,0.0215,7.4835,0.0519,6.0453,0.0655,1.0275
2013-03-07 16:04:00,0.1007,7.257,0.0833,5.8746,0.1297,1.0518
2013-03-07 16:14:00,0.0178,7.0279,0.1002,5.7029,0.1332,5.1696
2013-03-07 16:24:00,0.0532,6.7926,0.1307,5.5278,0.1328,1.115
2013-03-07 16:34:00,0.0639,6.5818,0.17,3.5872,0.221,0.6299
2013-03-07 16:44:00,0.1767,4.5631,0.2163,3.4164,0.2411,1.2018
2013-03-07 21:44:00,0.1557,6.1501,0.1744,5.0008,0.1853,0.9931
2013-03-07 21:54:00,0.0335,6.3046,0.1395,5.0736,0.1203,0.7815
2013-03-07 22:04:00,0.0536,6.5865,0.1345,3.5052,0.12,0.7736
2013-03-07 22:14:00,0.037,6.8701,0.1011,3.7241,0.125,3.2661
2013-03-07 22:24:00,0.0666,7.1506,0.111,3.9406,0.0909,1.0267
2013-03-07 22:34:00,0.033,5.6596,0.0534,4.1683,0.0455,1.0332
2013-03-07 22:44:00,0.0206,5.97,0.0378,6.1936,0.0922,2.3787
2013-03-07 22:54:00,0.1349,6.2478,0.0568,6.4084,0.0134,0.7407
2013-03-07 23:04:00,0.1375,6.5387,0.0724,4.8481,0.0318,0.7363
2013-03-07 23:14:00,0.1367,6.8293,0.0182,6.8589,0.0215,0.7324
2013-03-07 23:24:00,0.1059,8.8652,0.1155,7.0526,0.0285,1.057
2013-03-07 23:34:00,0.0781,5.9857,0.0758,7.2427,0.0406,0.7252
2013-03-07 23:44:00,0.1508,7.5216,0.0964,7.3497,0.0486,3.0198
2013-03-08 00:04:00,0.1968,7.9354,0.2305,7.6715,0.0318,0.5202
2013-03-08 00:14:00,0.1254,8.131,0.1568,6.0379,0.0298,0.5204
2013-03-08 00:24:00,0.1831,10.0786,0.168,7.9495,0.0183,0.5205
2013-03-08 00:34:00,0.1793,10.1977,0.1377,6.2565,0.0357,1.2652
2013-03-08 00:44:00,0.2666,10.3182,0.2189,6.3502,0.0556,0.5206
2013-03-08 00:54:00,0.2035,10.4035,0.2132,8.2023,0.0925,0.5207
2013-03-08 01:04:00,0.239,10.4537,0.2125,8.2413,0.0724,0.5207
2013-03-08 01:14:00,0.2169,10.5006,0.2036,8.2777,0.0324,0.5207
2013-03-08 01:24:00,0.2137,10.542,0.1885,8.3099,0.1045,0.5208
2013-03-08 01:34:00,0.2904,10.531,0.2926,8.3014,0.0951,0.5208
2013-03-08 01:44:00,0.2411,8.7079,0.1755,6.4866,0.0822,3.0206
2013-03-08 01:54:00,0.1924,10.5011,0.2068,8.3309,0.0606,0.7596
2013-03-08 02:04:00,0.2251,10.433,0.2102,8.2803,0.0692,0.7704
2013-03-08 02:14:00,0.1951,10.3368,0.1885,8.2081,0.0389,2.3428
2013-03-08 02:24:00,0.2096,8.5469,0.1706,6.5405,0.0144,7.5861
2013-03-08 02:34:00,0.1944,10.2282,0.2209,8.2506,0.0131,1.3612
2013-03-08 02:44:00,0.2017,8.2944,0.1938,8.1412,0.0373,1.387
2013-03-08 02:54:00,0.178,9.9691,0.1314,10.6146,0.0861,4.1566
2013-03-08 03:04:00,0.1511,8.02,0.1294,7.9898,0.0491,0.1188
2013-03-08 03:14:00,0.1054,7.8255,0.0975,6.052,0.0784,1.6625
2013-03-08 03:24:00,0.158,11.9039,0.122,7.6756,0.0897,0.1276
2013-03-08 03:34:00,0.1346,9.1854,0.1205,7.505,0.0703,1.4703
2013-03-08 03:44:00,0.0951,11.4518,0.0471,7.3233,0.0551,1.654
2013-03-08 03:54:00,0.0458,8.7102,0.0383,7.1355,0.0811,0.1319
2013-03-08 04:04:00,0.0597,6.6589,0.0301,6.9308,0.1265,0.1242
2013-03-08 04:14:00,0.0934,5.0789,0.014,4.9619,0.1229,4.1792
2013-03-08 04:24:00,0.1043,6.1643,0.0206,4.7657,0.0977,0.1013
2013-03-08 04:34:00,0.0177,7.9045,0.0922,6.6366,0.1791,2.2279
2013-03-08 04:44:00,0.043,7.6476,0.1599,3.3208,0.2765,2.2636
2013-03-08 04:54:00,0.1444,7.381,0.1706,6.2428,0.2849,2.2838
2013-03-08 05:04:00,0.1653,7.3794,0.2882,6.3561,0.4576,1.0212
2013-03-08 05:14:00,0.21,7.1305,0.3097,6.1652,0.4501,2.8195
2013-03-08 10:44:00,0.2116,7.288,0.2735,6.2844,0.3886,1.0186
2013-03-08 10:54:00,0.1935,1.3592,0.2145,4.7157,0.3883,2.7954
2013-03-08 11:04:00,0.1307,7.8351,0.129,6.7064,0.3755,2.7876
2013-03-08 11:14:00,0.0715,8.1035,0.1802,6.9136,0.3652,0.9947
2013-03-08 11:24:00,0.0511,6.5846,0.1095,5.334,0.2837,2.774
2013-03-08 11:34:00,0.0334,6.8604,0.0535,5.5442,0.2841,0.9746
2013-03-08 11:44:00,0.0434,8.9128,0.0281,5.7517,0.2851,0.9751
2013-03-08 11:54:00,0.059,8.9823,0.0209,9.9782,0.1538,0.466
2013-03-08 12:04:00,0.121,7.4635,0.0391,5.9021,0.1095,0.4756
2013-03-08 12:14:00,0.0712,9.6621,0.0369,8.1195,0.2624,2.7593
2013-03-08 12:24:00,0.0454,9.8726,0.0645,6.497,0.2327,0.9716
2013-03-08 12:34:00,0.1077,5.8975,0.0522,5.3063,0.2455,0.9701
2013-03-08 12:44:00,0.1088,10.255,0.102,11.0794,0.2049,0.3701
2013-03-08 12:54:00,0.1662,8.6346,0.1121,5.5827,0.1954,0.3705
2013-03-08 13:04:00,0.1467,8.7592,0.137,11.3045,0.1651,5.254
2013-03-08 13:14:00,0.1722,10.6329,0.1611,11.3249,0.0892,0.7528
2013-03-08 13:24:00,0.2234,7.6145,0.1948,5.7832,0.1413,0.5843
2013-03-08 13:34:00,0.2233,7.6843,0.2217,5.838,0.0752,0.7574
2013-03-08 13:44:00,0.249,10.8805,0.1782,4.8522,0.1475,1.6208
2013-03-08 13:54:00,0.2627,10.9208,0.2342,7.2652,0.1295,0.5762
2013-03-08 14:04:00,0.2043,10.9412,0.2609,5.942,0.1266,5.0502
2013-03-08 14:14:00,0.2663,10.9467,0.226,5.946,0.1134,0.5758
2013-03-08 14:24:00,0.259,10.9351,0.1693,4.8951,0.0704,0.7625
2013-03-08 14:34:00,0.2157,10.8893,0.2271,9.0259,0.0754,2.547
2013-03-08 14:44:00,0.2617,10.8177,0.2252,8.9701,0.0694,2.5459
2013-03-08 14:54:00,0.2582,10.7566,0.2666,8.9223,0.0983,5.0445
2013-03-08 15:04:00,0.2246,10.6509,0.2516,5.7139,0.1113,0.753
2013-03-08 15:14:00,0.2241,8.7485,0.2199,6.9596,0.0665,2.5258
2013-03-08 15:24:00,0.2331,7.3108,0.2356,5.5843,0.1702,0.9218
2013-03-08 15:34:00,0.2221,8.5027,0.1368,6.8066,0.2124,2.696
2013-03-08 15:44:00,0.1555,8.3454,0.1603,6.6818,0.1624,2.6844
2013-03-08 15:54:00,0.1467,8.1492,0.1053,6.5268,0.2098,8.923
2013-03-08 16:04:00,0.1429,9.7401,0.0925,5.0321,0.1734,0.4708
2013-03-08 16:14:00,0.1441,12.0257,0.056,6.1986,0.1619,0.4993
2013-03-08 16:24:00,0.1048,6.1734,0.0245,6.0216,0.2032,2.6191
2013-03-08 16:34:00,0.1246,9.0764,0.0085,7.6386,0.2172,0.8507
2013-03-08 16:44:00,0.0397,7.0814,0.084,9.9851,0.181,0.4465
2013-03-08 16:54:00,0.0308,3.6373,0.1053,9.8185,0.2508,0.9476
2013-03-08 17:04:00,0.0634,6.5913,0.1348,5.3431,0.3497,0.3339
2013-03-08 17:14:00,0.0877,6.5285,0.1536,4.0542,0.4308,3.2421
2013-03-08 17:24:00,0.1574,6.3099,0.2573,2.8565,0.4963,5.806
2013-03-08 17:34:00,0.2238,7.8607,0.3431,5.0661,0.6141,3.36
2013-03-08 17:44:00,0.2774,10.1168,0.3926,9.1724,0.6551,3.407
2013-03-08 17:54:00,0.2662,5.4683,0.3883,4.5661,0.59,1.4427
2013-03-08 23:04:00,0.2763,5.3037,0.3248,4.3468,0.4184,1.0303
2013-03-08 23:14:00,0.1869,9.8869,0.2398,3.2334,0.375,2.7903
2013-03-08 23:24:00,0.1262,4.5723,0.1943,6.5954,0.3469,2.2296
2013-03-08 23:34:00,0.071,4.8782,0.1937,5.0444,0.3278,2.7555
2013-03-08 23:44:00,0.0688,6.5177,0.133,7.0612,0.3136,0.3803
2013-03-09 00:04:00,0.0901,7.2591,0.0465,7.6347,0.2464,2.7309
2013-03-09 00:14:00,0.0741,7.5426,0.0188,6.066,0.2119,5.2213
2013-03-09 00:24:00,0.0914,6.5222,0.0089,8.1004,0.1887,0.9393
2013-03-09 00:34:00,0.0819,3.1925,0.0669,8.316,0.2145,0.9442
2013-03-09 00:44:00,0.1375,7.0685,0.0838,6.7417,0.2228,2.7357
2013-03-09 00:54:00,0.185,8.6776,0.116,6.9527,0.1361,5.2419
2013-03-09 01:04:00,0.1899,5.696,0.1336,7.1347,0.2043,0.3781
2013-03-09 01:14:00,0.2484,7.7818,0.1732,7.2992,0.1762,0.9641
2013-03-09 01:24:00,0.3202,9.313,0.2376,7.4491,0.1918,5.2532
2013-03-09 01:34:00,0.2597,9.4704,0.2282,7.5722,0.1716,0.9712
2013-03-09 01:44:00,0.3161,9.5812,0.3114,7.6099,0.0673,0.5853
2013-03-09 01:54:00,0.3192,8.358,0.2779,7.7012,0.0618,5.0445
2013-03-09 02:04:00,0.3316,11.5662,0.3339,9.5524,0.0414,0.5768
2013-03-09 02:14:00,0.328,9.8335,0.2956,3.9123,0.0905,0.7647
2013-03-09 02:24:00,0.3218,8.5257,0.3173,3.9373,0.1122,0.5721
2013-03-09 02:34:00,0.3817,9.8767,0.2993,7.8431,0.0588,0.7701
2013-03-09 02:44:00,0.3609,9.8553,0.2883,9.6129,0.0625,5.0591
2013-03-09 02:54:00,0.3378,9.8287,0.3272,9.593,0.0721,5.0629
2013-03-09 03:04:00,0.3735,9.7688,0.3727,9.5468,0.0148,2.4356
2013-03-09 03:14:00,0.3132,8.3504,0.284,7.699,0.0443,0.5633
2013-03-09 03:24:00,0.4242,11.3729,0.3527,5.2378,0.0555,2.5589
2013-03-09 03:34:00,0.3818,9.469,0.3114,9.312,0.0589,1.6105
2013-03-09 03:44:00,0.2703,9.3275,0.2732,9.2014,0.0729,2.5533
2013-03-09 03:54:00,0.3497,9.1501,0.2487,7.2772,0.0369,0.5745
2013-03-09 04:04:00,0.3641,8.9524,0.2986,7.1223,0.1087,5.0445
2013-03-09 04:14:00,0.2481,6.3594,0.2505,8.7405,0.0311,2.4679
2013-03-09 04:24:00,0.2614,8.5097,0.2388,6.7722,0.0836,0.6081
2013-03-09 04:34:00,0.1876,10.0558,0.1519,6.5861,0.0573,0.7262
2013-03-09 04:44:00,0.1467,9.7994,0.1302,8.1701,0.0912,0.7151
2013-03-09 04:54:00,0.1572,9.5298,0.0927,4.8331,0.1095,2.4893
2013-03-09 05:04:00,0.1446,5.0516,0.0555,7.7124,0.0841,0.6521
2013-03-09 05:14:00,0.1579,7.142,0.0481,5.6965,0.1148,2.4535
2013-03-09 05:24:00,0.0886,6.8418,0.0222,5.4628,0.165,0.6734
2013-03-09 05:34:00,0.0005,10.8248,0.0314,9.5175,0.1807,0.6543
2013-03-09 05:44:00,0.0258,4.8901,0.0827,3.6591,0.2354,0.7188
2013-03-09 05:54:00,0.0516,0.5485,0.1054,9.0411,0.1948,5.0442
2013-03-09 06:04:00,0.1462,7.4695,0.1919,6.4158,0.3495,0.3652
2013-03-09 06:14:00,0.1658,7.2961,0.1849,4.5528,0.3912,3.0211
2013-03-09 11:44:00,0.1932,2.168,0.2384,4.397,0.3226,0.9797
2013-03-09 11:54:00,0.1017,5.6991,0.1544,6.4165,0.2114,0.922
2013-03-09 12:04:00,0.0324,10.226,0.0645,1.5532,0.1045,0.6491
2013-03-09 12:14:00,0.01,1.8237,0.0191,5.0296,0.0406,0.6535
2013-03-09 12:24:00,0.0575,6.6497,0.0412,5.3036,0.0414,1.7604
2013-03-09 12:34:00,0.0325,5.6578,0.0107,1.1039,0.0651,4.8819
2013-03-09 12:44:00,0.1405,9.1647,0.0778,7.6779,0.0151,0.6173
2013-03-09 12:54:00,0.1346,12.0009,0.1007,10.4414,0.0238,0.7318
2013-03-09 13:04:00,0.1771,2.6891,0.1632,5.0774,0.0287,0.59
2013-03-09 13:14:00,0.1792,7.0102,0.1567,6.6555,0.0058,5.0491
2013-03-09 13:24:00,0.2347,8.6321,0.2492,8.6652,0.0222,0.7832
2013-03-09 13:34:00,0.2076,13.1839,0.2153,5.7521,0.0391,0.5326
2013-03-09 13:44:00,0.2819,9.1302,0.2427,5.9379,0.0003,0.5071
2013-03-09 13:54:00,0.2429,8.007,0.2043,9.2366,0.0414,0.481
2013-03-09 14:04:00,0.3288,8.1658,0.2672,7.5406,0.0424,1.6729
2013-03-09 14:14:00,0.2741,11.4318,0.2819,9.4392,0.0272,0.6161
2013-03-09 14:24:00,0.3262,9.7718,0.2994,2.3974,0.0147,0.7386
2013-03-09 14:34:00,0.3633,8.5182,0.3692,6.4853,0.0351,5.0398
2013-03-09 14:44:00,0.3218,11.7149,0.3112,6.5444,0.099,3.1265
2013-03-09 14:54:00,0.3451,7.5844,0.3506,6.5758,0.011,5.0708
2013-03-09 15:04:00,0.3167,9.979,0.2942,9.7138,0.0018,0.5437
2013-03-09 15:14:00,0.357,8.6344,0.3718,9.7105,0.1148,2.5851
2013-03-09 15:24:00,0.3631,4.9872,0.3521,5.5125,0.087,1.5771
2013-03-09 15:34:00,0.3745,8.5254,0.3577,6.5028,0.0548,0.5302
2013-03-09 15:44:00,0.3571,6.5801,0.3167,7.7888,0.0081,3.6493
2013-03-09 15:54:00,0.3233,8.3545,0.3149,7.7121,0.0006,0.8217
2013-03-09 16:04:00,0.3096,8.2316,0.2962,11.9016,0.0624,5.1047
2013-03-09 16:14:00,0.3683,8.0861,0.3718,6.1577,0.0624,5.0778
2013-03-09 16:24:00,0.2803,11.0439,0.2655,7.3586,0.0225,2.5391
2013-03-09 16:34:00,0.2555,10.8457,0.275,8.9814,0.0581,0.7125
2013-03-09 16:44:00,0.2754,8.8458,0.2396,5.6837,0.0108,0.6839
2013-03-09 16:54:00,0.2195,12.9159,0.2083,6.8531,0.0014,4.9589
2013-03-09 17:04:00,0.2115,8.3709,0.15,14.6887,0.0469,8.7158
2013-03-09 17:14:00,0.1626,8.1564,0.1291,6.5285,0.0566,0.8696
2013-03-09 17:24:00,0.1395,6.5473,0.1,6.322,0.1669,2.6702
2013-03-09 17:34:00,0.1393,7.5908,0.0602,6.091,0.1249,0.8803
2013-03-09 17:44:00,0.0867,7.2907,0.0514,4.5138,0.1637,5.1441
2013-03-09 17:54:00,0.072,11.2492,0.0281,9.8726,0.1552,1.5771
2013-03-09 18:04:00,0.0667,8.4444,0.0136,7.1534,0.2165,0.4542
2013-03-09 18:14:00,0.0178,7.3827,0.0803,8.4645,0.1552,3.1493
2013-03-09 18:24:00,0.0207,6.8498,0.0676,7.9834,0.0637,0.7173
2013-03-09 18:34:00,0.2006,3.161,0.2653,4.9778,0.3153,0.4159
2013-03-09 18:44:00,0.1897,3.6161,0.2703,4.0997,0.2964,2.2245
2013-03-10 00:04:00,0.1414,7.8703,0.1626,6.5149,0.2466,1.7911
2013-03-10 00:14:00,0.1443,4.3825,0.2314,7.2598,0.444,1.9364
2013-03-10 00:24:00,0.0331,6.6784,0.1495,7.6561,0.2706,2.3479
2013-03-10 00:34:00,0.1313,7.0715,0.0261,7.9048,0.2428,2.0928
2013-03-10 00:44:00,0.0822,7.5832,0.0191,4.0171,0.2224,0.4063
2013-03-10 00:54:00,0.0842,6.3069,0.0052,6.1991,0.0945,2.0946
2013-03-10 01:04:00,0.1377,11.0924,0.1127,6.5879,0.1429,2.096
2013-03-10 01:14:00,0.2565,11.5847,0.1454,6.9711,0.1151,2.0977
2013-03-10 01:24:00,0.3324,9.5537,0.2955,9.8361,0.0436,5.4005
2013-03-10 01:34:00,0.4185,12.5146,0.2431,10.1948,0.0377,2.1011
2013-03-10 01:44:00,0.3469,7.2972,0.2531,10.5121,0.0702,2.1028
2013-03-10 01:54:00,0.404,13.3126,0.2832,10.8159,0.1245,2.1044
2013-03-10 02:04:00,0.5165,11.174,0.3453,8.5973,0.0222,0.394
2013-03-10 02:14:00,0.5314,9.7006,0.4512,11.3405,0.0248,2.1076
2013-03-10 02:24:00,0.4226,14.2683,0.6117,11.5601,0.0131,2.1092
2013-03-10 02:34:00,0.6233,14.4853,0.6151,11.7291,0.1354,2.1107
2013-03-10 02:44:00,0.6649,14.6522,0.7206,11.8592,0.1637,2.1122
2013-03-10 02:54:00,0.6356,12.2823,0.672,11.9607,0.0623,2.172
2013-03-10 03:04:00,0.7477,14.8808,0.727,9.5376,0.0652,2.1705
2013-03-10 03:14:00,0.7077,14.9416,0.6279,12.0852,0.0478,2.1166
2013-03-10 03:24:00,0.6869,14.9636,0.8223,12.1027,0.1339,2.1182
2013-03-10 03:34:00,0.7656,14.9425,0.6624,12.0867,0.1642,3.5053
2013-03-10 03:44:00,0.5758,14.8899,0.8077,12.0461,0.1992,4.5452
2013-03-10 03:54:00,0.6444,14.8225,0.6152,11.9941,0.0408,2.1232
2013-03-10 04:04:00,0.6363,10.4105,0.6894,9.3957,0.0751,2.1224
2013-03-10 04:14:00,0.5862,14.5442,0.6485,11.7772,0.132,2.1651
2013-03-10 04:24:00,0.5249,14.3569,0.5684,11.6312,0.0298,2.119
2013-03-10 04:34:00,0.4641,9.8495,0.5008,11.4586,0.1393,0.3825
2013-03-10 04:44:00,0.4823,9.5876,0.5413,11.2547,0.1418,2.1162
2013-03-10 04:54:00,0.4153,11.0981,0.3435,8.5404,0.101,2.1149
2013-03-10 05:04:00,0.431,10.7939,0.2922,10.8036,0.0218,2.1133
2013-03-10 05:14:00,0.3497,8.6671,0.3705,8.0379,0.0708,2.1746
2013-03-10 05:24:00,0.3075,12.5904,0.2383,10.2557,0.159,2.1092
2013-03-10 05:34:00,0.3304,12.1921,0.2757,9.9458,0.0277,2.1781
2013-03-10 05:44:00,0.2279,9.2803,0.1695,9.6252,0.2365,2.1063
2013-03-10 05:54:00,0.1917,11.3977,0.1837,9.3774,0.1746,2.3275
2013-03-10 06:04:00,0.2577,10.9416,0.0201,6.5215,0.3162,0.1783
2013-03-10 06:14:00,0.0588,10.4902,0.0324,8.6687,0.3337,2.3137
2013-03-10 06:24:00,0.0085,1.7602,0.0028,3.914,0.256,2.1208
2013-03-10 06:34:00,0.0119,9.455,0.1064,7.8213,0.4277,0.3781
2013-03-10 06:44:00,0.1059,6.4416,0.1465,7.4212,0.4599,2.1181
2013-03-10 06:54:00,0.217,4.1491,0.3086,7.0246,0.4487,2.1066
2013-03-10 07:04:00,0.2153,7.9283,0.2968,6.6253,0.4674,0.4184
2013-03-10 12:44:00,0.3105,5.5018,0.3945,4.0441,0.4733,6.7183
2013-03-10 12:54:00,0.2115,1.0681,0.2905,0.5101,0.4115,1.0361
2013-03-10 13:04:00,0.105,6.7792,0.1738,3.3198,0.2863,6.9801
2013-03-10 13:14:00,0.0883,8.0201,0.1685,6.4628,0.4736,3.9695
2013-03-10 13:24:00,0.0636,6.7467,0.1172,6.884,0.4706,3.8626
2013-03-10 13:34:00,0.0807,9.2254,0.0763,7.5979,0.2552,3.0576
2013-03-10 13:44:00,0.1161,7.8409,0.1122,7.9082,0.3689,0.1575
2013-03-10 13:54:00,0.1543,8.3075,0.1361,8.3302,0.2493,4.0452
2013-03-10 14:04:00,0.2969,10.6325,0.3145,8.9509,0.0744,2.5456
2013-03-10 14:14:00,0.2852,6.77,0.2821,2.4523,0.0186,1.0435
2013-03-10 14:24:00,0.3436,9.4315,0.3653,5.2304,0.0241,1.893
2013-03-10 14:34:00,0.3821,9.6822,0.3824,7.8023,0.0172,1.9091
2013-03-10 14:44:00,0.3868,6.6838,0.4115,1.1995,0.0192,1.9248
2013-03-10 14:54:00,0.4353,11.8704,0.3948,9.8368,0.0364,2.792
2013-03-10 15:04:00,0.4976,14.5074,0.4682,5.7093,0.0182,3.2
2013-03-10 15:14:00,0.4901,12.1368,0.4748,5.8117,0.014,3.1912
2013-03-10 15:24:00,0.5526,12.2334,0.5464,12.6135,0.089,2.7724
2013-03-10 15:34:00,0.5472,12.3344,0.4867,12.976,0.3097,0.0468
2013-03-10 15:44:00,0.5075,9.2561,0.6292,10.7256,0.3227,0.9705
2013-03-10 15:54:00,0.5347,10.603,0.5832,6.7283,0.2872,0.8387
2013-03-10 16:04:00,0.5547,14.8767,0.6276,13.4823,0.3853,2.0861
2013-03-10 16:14:00,0.5132,14.8549,0.5535,5.2765,0.3026,1.2262
2013-03-10 16:24:00,0.5032,12.3027,0.5469,3.7686,0.3751,2.035
2013-03-10 16:34:00,0.5019,8.0744,0.6302,6.6911,0.3267,3.0544
2013-03-10 16:44:00,0.4617,8.0004,0.5545,10.795,0.4953,1.9933
2013-03-10 16:54:00,0.4645,7.9008,0.5462,13.1974,0.4453,8.5742
2013-03-10 17:04:00,0.5411,7.7872,0.6535,10.6092,0.5941,2.9485
2013-03-10 17:14:00,0.49,6.8283,0.5689,4.2636,0.4566,1.9122
2013-03-10 17:24:00,0.4751,7.5171,0.4496,6.2385,0.5059,1.9219
2013-03-10 17:34:00,0.4413,11.5367,0.5191,6.1299,0.4109,1.9327
2013-03-10 17:44:00,0.4318,7.1707,0.4378,5.9279,0.4958,1.714
2013-03-10 17:54:00,0.3846,6.9759,0.4763,5.7781,0.4082,1.6914
2013-03-10 18:04:00,0.361,13.4252,0.5258,5.6068,0.3404,1.6512
2013-03-10 18:14:00,0.3593,6.5307,0.3633,5.427,0.3205,1.6117
2013-03-10 18:24:00,0.4246,4.7768,0.4606,5.2365,0.2778,0.5155
2013-03-10 18:34:00,0.3837,7.0811,0.3922,9.2071,0.2587,2.5873
2013-03-10 18:44:00,0.2689,5.7746,0.3971,4.8366,0.1753,0.6986
2013-03-10 18:54:00,0.2417,6.5533,0.3105,3.8019,0.3867,1.5236
2013-03-10 19:04:00,0.3313,5.4367,0.3892,4.6823,0.2604,1.114
2013-03-10 19:14:00,0.2698,4.3562,0.3558,3.6661,0.2994,1.9648
2013-03-10 19:24:00,0.1774,15.353,0.2275,4.3119,0.283,1.9827
2013-03-11 01:04:00,0.1452,4.5518,0.1971,4.8862,0.1741,2.2767
2013-03-11 01:14:00,0.194,5.9038,0.2547,4.0658,0.0279,2.2306
2013-03-11 01:24:00,0.1799,5.9707,0.2047,4.976,0.067,1.5423
2013-03-11 01:34:00,0.177,6.514,0.2013,5.5023,0.1718,2.036
2013-03-11 01:44:00,0.246,8.1039,0.4626,5.6518,0.3234,1.834
2013-03-11 01:54:00,0.4943,7.0931,0.5778,5.8994,0.1715,1.8092
2013-03-11 02:04:00,0.5252,7.4039,0.5654,6.1348,0.1592,1.791
2013-03-11 02:14:00,0.4974,7.7144,0.6865,6.3712,0.2599,1.778
2013-03-11 02:24:00,0.5021,7.9956,0.7414,6.5855,0.3631,3.1078
2013-03-11 02:34:00,0.5153,9.5685,0.7973,8.0463,0.1884,2.8384
2013-03-11 02:44:00,0.5675,4.1202,0.735,6.903,0.5547,2.7974
2013-03-11 02:54:00,0.5925,11.8458,0.8622,7.0702,0.3527,0.3851
2013-03-11 03:04:00,0.5952,8.9133,0.7252,8.5177,0.5332,1.2183
2013-03-11 03:14:00,0.59,10.4491,0.8378,8.6839,0.4268,2.6899
2013-03-11 03:24:00,0.7875,10.6003,0.8726,8.7987,0.6376,1.3431
2013-03-11 03:34:00,0.7986,10.7093,0.8989,8.8804,0.4705,2.6718
2013-03-11 03:44:00,0.8707,10.7143,0.8771,8.8288,0.4959,2.4136
2013-03-11 03:54:00,0.7968,10.7143,0.9305,8.8214,0.368,2.3773
2013-03-11 04:04:00,0.7639,10.7143,0.9829,8.7419,0.6283,1.9583
2013-03-11 04:14:00,0.8291,10.7143,0.9585,8.7388,0.307,1.9451
2013-03-11 04:24:00,0.8121,10.7143,0.9334,8.7357,0.6003,0.5923
2013-03-11 04:34:00,1.004,9.375,0.9649,8.7326,0.5422,1.9178
2013-03-11 04:44:00,0.9447,10.7143,1.1491,8.7294,0.5197,0.5644
2013-03-11 04:54:00,0.8004,10.6492,1.0723,8.62,0.8397,1.6375
2013-03-11 05:04:00,0.9966,10.517,1.0788,7.1768,0.5852,1.6313
2013-03-11 05:14:00,0.8114,10.3805,0.9837,8.4917,0.6888,2.0561
2013-03-11 05:24:00,0.8423,3.4445,1.0721,10.1573,0.7625,2.108
2013-03-11 05:34:00,0.945,7.6642,1.0412,8.3112,0.9318,2.4233
2013-03-11 05:44:00,1.0235,9.8107,1.2456,8.0193,0.8113,1.9048
2013-03-11 05:54:00,0.8638,9.5717,1.3287,7.8321,1.1928,1.8887
2013-03-11 06:04:00,1.0017,7.964,1.2869,6.2838,1.0454,0.5375
2013-03-11 06:14:00,1.02,7.7175,1.1783,6.1352,0.8189,2.0485
2013-03-11 06:24:00,1.0811,8.7546,1.2894,5.9064,1.0422,0.7209
2013-03-11 06:34:00,0.7547,7.1035,1.0994,5.6695,0.6409,0.7289
2013-03-11 06:44:00,0.9124,8.0583,1.1489,4.2948,0.8167,0.5745
2013-03-11 06:54:00,0.6112,7.7103,0.9261,6.4059,0.8011,0.5637
2013-03-11 07:04:00,0.584,7.3345,0.6705,6.1155,0.72,1.8956
2013-03-11 07:14:00,0.4093,8.763,0.6288,4.5055,0.868,0.5735
2013-03-11 07:24:00,0.3536,8.3928,0.4578,3.1836,0.6355,0.4493
2013-03-11 07:34:00,0.39,70.7244,0.7083,0.4886,0.9037,1.0082
2013-03-11 07:44:00,0.2477,70.3697,0.5975,5.2758,0.5944,2.3849
2013-03-11 13:24:00,0.2551,4.6448,0.6556,0.2252,0.8397,0.9093
2013-03-11 13:34:00,0.3788,0.2378,0.5844,5.3544,0.4599,0.7721
2013-03-11 13:44:00,0.4291,6.6717,0.5892,5.6168,0.6523,2.0274
2013-03-11 13:54:00,0.525,7.044,0.8954,4.555,0.5417,3.382
2013-03-11 14:04:00,0.5203,7.4224,0.8637,6.1813,0.8044,0.6051
2013-03-11 14:14:00,0.7477,7.8132,1.0096,6.4804,0.6164,1.9248
2013-03-11 14:24:00,0.8717,8.161,1.1249,6.7469,0.7322,1.9091
2013-03-11 14:34:00,0.6474,10.3081,0.9158,7.0246,0.8223,1.8961
2013-03-11 14:44:00,0.8481,8.8996,1.2063,1.991,0.802,2.0511
2013-03-11 14:54:00,0.779,9.2046,1.2357,7.5876,1.1631,2.0729
2013-03-11 15:04:00,0.8029,9.543,1.0317,7.9109,0.9676,2.3636
2013-03-11 15:14:00,0.8773,11.5389,1.0619,9.7938,1.0562,2.0646
2013-03-11 15:24:00,0.9719,9.9912,1.2591,8.1881,1.0501,2.049
2013-03-11 15:34:00,1.1206,10.1571,1.2962,2.8693,0.9647,1.5815
2013-03-11 15:44:00,1.0866,8.9856,1.348,8.2937,1.401,0.0486
2013-03-11 15:54:00,1.3105,10.4476,1.2193,8.3876,0.8852,4.073
2013-03-11 16:04:00,1.0011,10.5699,1.1589,8.4833,1.1313,3.0737
2013-03-11 16:14:00,1.0778,12.4108,1.3478,10.3165,1.2861,3.0918
2013-03-11 16:24:00,1.1968,10.6534,1.4018,8.6019,1.2825,3.3247
2013-03-11 16:34:00,1.0458,10.6851,1.356,10.4114,0.8293,3.3206
2013-03-11 16:44:00,1.0457,10.6704,1.2663,8.6133,1.3802,0.191
2013-03-11 16:54:00,1.1662,10.6298,1.4258,10.3663,1.042,1.5248
2013-03-11 17:04:00,1.0338,10.5645,1.2998,8.5288,1.6861,1.5195
2013-03-11 17:14:00,0.9694,12.2538,1.2548,10.2387,1.4176,1.5152
2013-03-11 17:24:00,1.1933,9.0298,1.3919,7.0359,1.2784,3.2967
2013-03-11 17:34:00,1.1275,10.2222,1.3742,8.2603,1.615,1.5076
2013-03-11 17:44:00,1.0351,10.0326,1.288,8.1126,1.3836,1.5053
2013-03-11 17:54:00,1.0067,9.853,1.5627,7.9729,1.3908,1.5039
2013-03-11 18:04:00,1.0734,9.6518,1.5065,7.8173,1.5547,1.5072
2013-03-11 18:14:00,1.2308,4.476,1.5569,9.4268,1.8495,1.5212
2013-03-11 18:24:00,1.4098,7.824,1.6765,7.445,1.5682,1.54
2013-03-11 18:34:00,1.188,8.8694,1.4575,7.2205,1.5226,1.5569
2013-03-11 18:44:00,1.1464,1.6074,1.331,6.9921,1.468,1.5693
2013-03-11 18:54:00,1.125,8.2748,1.6215,6.7635,1.5833,1.5775
2013-03-11 19:04:00,0.9517,7.8703,1.4307,5.0552,1.1203,0.0175
2013-03-11 19:14:00,0.9556,7.7312,1.4969,1.0822,1.3729,0.6726
2013-03-11 19:24:00,1.014,7.5214,1.4397,6.3459,1.448,0.9761
2013-03-11 19:34:00,0.8507,8.741,1.1296,5.7994,1.1583,1.8036
2013-03-11 19:44:00,0.6604,1.862,0.8138,0.4451,0.9148,2.278
2013-03-11 19:54:00,0.4414,70.7287,0.9433,5.5152,1.1833,2.2434
2013-03-11 20:04:00,0.2516,70.3424,0.695,2.83,0.7267,3.5056
2013-03-12 01:44:00,0.3707,7.1628,0.5631,0.6748,0.6476,3.9773
2013-03-12 01:54:00,0.5331,4.9867,0.5685,6.5478,0.5744,3.7215
2013-03-12 02:04:00,0.4198,7.5741,0.6992,6.6239,0.636,2.0349
2013-03-12 02:14:00,0.3967,7.8392,0.4917,5.4371,0.2963,2.5497
2013-03-12 02:24:00,0.4564,8.2047,0.6279,5.7133,0.5545,1.805
2013-03-12 02:34:00,0.5286,7.2135,0.6775,4.9334,0.813,3.1196
2013-03-12 02:44:00,0.6634,8.8774,0.716,7.5571,0.5628,3.0893
2013-03-12 02:54:00,0.7021,9.205,0.8239,7.8007,0.6263,1.7123
2013-03-12 03:04:00,0.7089,9.4651,0.9426,1.9195,0.5728,0.413
2013-03-12 03:14:00,0.7412,8.428,0.7941,2.8151,0.7561,1.4301
2013-03-12 03:24:00,0.7387,10.0396,0.9278,8.3754,0.6751,0.3571
2013-03-12 03:34:00,0.8418,12.0781,0.9371,8.5637,0.5149,0.5073
2013-03-12 03:44:00,0.9415,10.5152,0.8694,8.7292,0.7277,2.6765
2013-03-12 03:54:00,0.8707,10.708,0.9409,7.497,0.513,1.1384
2013-03-12 04:04:00,0.7665,10.7143,0.8804,7.4981,0.6131,1.1196
2013-03-12 04:14:00,0.8543,10.7143,0.9538,8.837,0.5157,2.4586
2013-03-12 04:24:00,0.8246,10.7143,0.8558,2.5335,0.5768,2.0092
2013-03-12 04:34:00,0.8113,9.375,0.9959,10.6649,0.5347,2.6611
2013-03-12 04:44:00,0.9647,10.7143,0.8948,8.82,0.6496,2.0733
2013-03-12 04:54:00,1.0081,9.375,1.1002,7.4861,0.917,0.0397
2013-03-12 05:04:00,0.9965,9.375,0.9913,8.7843,0.6041,0.8898
2013-03-12 05:14:00,0.8978,10.7143,0.8752,8.7349,0.4847,2.4559
2013-03-12 05:24:00,0.9356,8.3333,0.8853,5.5511,0.5033,2.3401
2013-03-12 05:34:00,0.846,9.375,1.0042,8.7868,0.5267,2.2275
2013-03-12 05:44:00,1.0025,10.7143,0.9469,8.8211,0.7589,1.0779
2013-03-12 05:54:00,0.7663,6.7573,0.9099,6.533,0.9233,1.7758
2013-03-12 06:04:00,0.8885,10.514,0.9636,7.5028,0.8317,1.954
2013-03-12 06:14:00,0.8431,3.7926,0.8096,7.3675,1.0177,1.9282
2013-03-12 06:24:00,0.8348,7.7629,0.9367,7.194,0.8258,1.7933
2013-03-12 06:34:00,0.7564,9.9114,0.8918,6.9987,0.6402,1.6912
2013-03-12 06:44:00,0.6341,8.3312,0.9425,6.8042,0.6981,2.7454
2013-03-12 06:54:00,0.767,9.4178,0.8363,6.6055,0.6811,0.5526
2013-03-12 07:04:00,0.7735,7.7858,0.9941,6.3799,0.4638,0.2963
2013-03-12 07:14:00,0.7054,2.8711,0.8652,6.2697,0.6279,1.8597
2013-03-12 07:24:00,0.6629,7.4122,0.8263,7.6137,0.74,2.3805
2013-03-12 07:34:00,0.7858,6.1413,0.8415,6.1401,0.9898,2.5409
2013-03-12 07:44:00,0.544,6.6851,0.738,6.9851,0.9239,0.1707
2013-03-12 07:54:00,0.5337,6.3633,0.7748,5.3989,0.8077,2.0384
2013-03-12 08:04:00,0.5033,2.9311,0.6654,0.4896,0.7493,2.0708
2013-03-12 08:14:00,0.4495,33.8538,0.5637,4.932,0.678,2.0911
2013-03-12 08:24:00,0.3981,1.3881,0.6049,4.6903,0.5215,2.1115
